2026-10-01T01:04:11-10:00job:automations_log_hourly_archive OK
2026-10-01T01:04:11-10:00job:security_timelapse_hourly_compile RUN  bash "/home/rootrecord/RootRecord-Ecosystem/1 - Servers/1 - RootRecord-Pacific-Solar-Server/Security/Cameras/timelapse_hourly.sh"
2026-10-01T01:04:11-10:00job:security_timelapse_hourly_compile | 01:04:11  🎬  a-eyes-timelapse  hour 00 is outside the 05:00-19:00 window, skipping
2026-10-01T01:04:11-10:00ENERGY  status=live  B2=1.0%  B1=65.9%  solar=0 W  ac=43 W  usbc=0 W  src=/home/rootrecord/RootRecord-Ecosystem/2 - RootRecord-Database/Energy  LAP=100%/Full/AC
2026-10-01T01:04:23-10:00  ✗  ecoflow_read_cycle  WAITING
2026-10-01T01:04:23-10:00job:sys_stats_cycle RUN  bash "/home/rootrecord/RootRecord-Ecosystem/1 - Servers/1 - RootRecord-Pacific-Solar-Server/System/scripts/sys-sample.sh"
2026-10-01T01:04:24-10:00job:sys_stats_cycle | SYSTEM  cpu=27%  load=5.27  mem=56%  src=sqlite
2026-10-01T01:04:24-10:00job:sys_stats_cycle | OK wrote /home/rootrecord/RootRecord-Ecosystem/2 - RootRecord-Database/System/samples/sys-20261001-010423.json
2026-10-01T01:05:17-10:00job:github_sync_all | ↑ [ecosystem] committed 48 local file(s)
2026-10-01T01:05:17-10:00job:github_sync_all | ↓ [ecosystem] fetching origin/main
2026-10-01T01:05:17-10:00job:github_sync_all | From github.com:RootRecord-Software-Solutions/RootRecord-Ecosystem
2026-10-01T01:05:17-10:00job:github_sync_all | * branch              main       -> FETCH_HEAD
2026-10-01T01:05:17-10:00job:github_sync_all | ↑ [ecosystem] local is ahead of GitHub
2026-10-01T01:05:17-10:00job:github_sync_all | To github.com:RootRecord-Software-Solutions/RootRecord-Ecosystem.git
2026-10-01T01:05:17-10:00job:github_sync_all | 92d7d4b2..9c417868  HEAD -> main
2026-10-01T01:05:17-10:00job:github_sync_all | branch 'main' set up to track 'origin/main'.
2026-10-01T01:05:17-10:00job:github_sync_all | ↑ [ecosystem] 48 files → RootRecord-Software-Solutions/RootRecord-Ecosystem (main)
2026-10-01T01:05:17-10:00job:github_sync_all | — [pacific] no local changes
2026-10-01T01:05:17-10:00job:github_sync_all | ↓ [pacific] fetching origin/main
2026-10-01T01:05:17-10:00job:github_sync_all | From github.com:RootRecord-Software-Solutions/RootRecord-Pacific-Solar-Server
2026-10-01T01:05:17-10:00job:github_sync_all | * branch            main       -> FETCH_HEAD
2026-10-01T01:05:17-10:00job:github_sync_all | — [pacific] local and GitHub already match
2026-10-01T01:05:17-10:00job:github_sync_all | — [pacific] nothing to push
2026-10-01T01:05:17-10:00job:github_sync_all | ↑ [database] committed 22 local file(s)
2026-10-01T01:05:17-10:00job:github_sync_all | ↓ [database] fetching origin/main
2026-10-01T01:05:17-10:00job:github_sync_all | From github.com:RootRecord-Software-Solutions/RootRecord-Database
2026-10-01T01:05:17-10:00job:github_sync_all | * branch              main       -> FETCH_HEAD
2026-10-01T01:05:17-10:00job:github_sync_all | ↑ [database] local is ahead of GitHub
2026-10-01T01:05:17-10:00job:github_sync_all | To github.com:RootRecord-Software-Solutions/RootRecord-Database.git
2026-10-01T01:05:17-10:00job:github_sync_all | 65790083..d2f5ceb4  HEAD -> main
2026-10-01T01:05:17-10:00job:github_sync_all | branch 'main' set up to track 'origin/main'.
2026-10-01T01:05:17-10:00job:github_sync_all | ↑ [database] 22 files → RootRecord-Software-Solutions/RootRecord-Database (main)
2026-10-01T01:05:17-10:00job:github_sync_all | — [library] no local changes
2026-10-01T01:05:17-10:00job:github_sync_all | ↓ [library] fetching origin/main
2026-10-01T01:05:17-10:00job:github_sync_all | From github.com:RootRecord-Software-Solutions/RootRecord-Library
2026-10-01T01:05:17-10:00job:github_sync_all | * branch            main       -> FETCH_HEAD
2026-10-01T01:05:17-10:00job:github_sync_all | — [library] local and GitHub already match
2026-10-01T01:05:17-10:00job:github_sync_all | — [library] nothing to push
2026-10-01T01:05:17-10:00job:github_sync_all | — [website] no local changes
2026-10-01T01:05:17-10:00job:github_sync_all | ↓ [website] fetching origin/main
2026-10-01T01:05:17-10:00job:github_sync_all | From github.com:RootRecord-Software-Solutions/RootRecord-Website
2026-10-01T01:05:17-10:00job:github_sync_all | * branch            main       -> FETCH_HEAD
2026-10-01T01:05:17-10:00job:github_sync_all | — [website] local and GitHub already match
2026-10-01T01:05:17-10:00job:github_sync_all | — [website] nothing to push
2026-10-01T01:05:17-10:00job:github_sync_all | — [website-personal] no local changes
2026-10-01T01:05:17-10:00job:github_sync_all | ↓ [website-personal] fetching origin/main
2026-10-01T01:05:17-10:00job:github_sync_all | From github.com:rootrecordsoftwaresolutions/RootRecord-Website
2026-10-01T01:05:17-10:00job:github_sync_all | * branch            main       -> FETCH_HEAD
2026-10-01T01:05:17-10:00job:worklog_scan RUN  bash "/home/rootrecord/RootRecord-Ecosystem/1 - Servers/1 - RootRecord-Pacific-Solar-Server/Reports/scripts/worklog_once.sh"
2026-10-01T01:05:28-10:00job:worklog_scan | OK wrote/updated /home/rootrecord/RootRecord-Ecosystem/2 - RootRecord-Database/Worklog/worklog_current.md
2026-10-01T01:05:28-10:00job:security_camera_frame_grab RUN  bash "/home/rootrecord/RootRecord-Ecosystem/1 - Servers/1 - RootRecord-Pacific-Solar-Server/Security/Cameras/grab_all.sh"
2026-10-01T01:05:47-10:00job:security_camera_frame_grab | 01:05:29  📷  a-eyes  ch1 → ch1-20261001T110529Z.jpg  (279.3 KB, 4.55s)
2026-10-01T01:05:47-10:00job:security_camera_frame_grab | 01:05:33  📷  a-eyes  ch2 → ch2-20261001T110533Z.jpg  (133.6 KB, 4.54s)
2026-10-01T01:05:47-10:00job:security_camera_frame_grab | 01:05:38  📷  a-eyes  ch3 → ch3-20261001T110538Z.jpg  (333.7 KB, 4.43s)
2026-10-01T01:05:47-10:00job:security_camera_frame_grab | 01:05:42  📷  a-eyes  ch4 → ch4-20261001T110542Z.jpg  (286.3 KB, 4.48s)
2026-10-01T01:05:47-10:00job:service_supervisor RUN  bash "/home/rootrecord/RootRecord-Ecosystem/1 - Servers/1 - RootRecord-Pacific-Solar-Server/Automations/scripts/supervise-services.sh"
2026-10-01T01:05:47-10:00job:service_supervisor | [supervisor] weather alive pid=30098 (act)
2026-10-01T01:05:47-10:00job:service_supervisor | [supervisor] relay alive pid=44115 (act)
2026-10-01T01:05:47-10:00job:geology_collect RUN  nice -n 10 python3 "/home/rootrecord/RootRecord-Ecosystem/1 - Servers/1 - RootRecord-Pacific-Solar-Server/Geology/scripts/geology_collect.py" all
2026-10-01T01:05:49-10:00job:geology_collect | {"ok": true, "at": "2026-10-01T01:05:47-10:00", "what": "all", "dry_run": false, "sources": {"hawaii": {"ok": true, "count": 43, "new": 1, "new_m2": 1, "ms": 910}, "global": {"ok": true, "count": 35, "new": 1, "ms": 292}, "hvo_notices": {"ok": true, "count": 44, "new": 0, "ms": 545}, "hvo_status": {"ok": true, "volcanoes": 8, "kilauea": "WATCH", "mauna_loa": "NORMAL", "ms": 386}}}
2026-10-01T01:05:49-10:00job:status_snapshot RUN  nice -n 10 python3 "/home/rootrecord/RootRecord-Ecosystem/1 - Servers/1 - RootRecord-Pacific-Solar-Server/Website/scripts/live_data_pages.py"
2026-10-01T01:05:49-10:00job:status_snapshot | live-data 5 pages
2026-10-01T01:05:49-10:00job:system_net_sample RUN  nice -n 10 python3 "/home/rootrecord/RootRecord-Ecosystem/1 - Servers/1 - RootRecord-Pacific-Solar-Server/System/scripts/host_desks.py" net-sample
2026-10-01T01:05:49-10:00job:system_net_sample | {"ok": true, "file": "/home/rootrecord/RootRecord-Ecosystem/2 - RootRecord-Database/System/network/Daily/net-20261001.jsonl", "iface": "wlo1", "hour": {"seconds": 3612, "rx": 1873262662, "tx": 60106432, "total": 1933369094, "iface": "wlo1", "link": "wireless"}, "day": null}
2026-10-01T01:05:50-10:00job:discord_report_relay RUN  nice -n 10 python3 "/home/rootrecord/RootRecord-Ecosystem/1 - Servers/1 - RootRecord-Pacific-Solar-Server/Communications/Discord/scripts/report_relay.py"
2026-10-01T01:06:06-10:00job:discord_report_relay | posted nws_weather
2026-10-01T01:06:06-10:00job:discord_report_relay | posted energy_report
2026-10-01T01:06:06-10:00job:discord_report_relay | posted remaining_tasks
2026-10-01T01:06:06-10:00job:discord_report_relay | posted morning_report
2026-10-01T01:06:06-10:00job:discord_report_relay | posted midday_report
2026-10-01T01:06:06-10:00job:discord_report_relay | posted late_report
2026-10-01T01:06:06-10:00job:discord_report_relay | posted earthquake_report
2026-10-01T01:06:06-10:00job:discord_report_relay | posted hurricane_desk
2026-10-01T01:06:06-10:00job:discord_report_relay | posted kilauea_report
2026-10-01T01:06:06-10:00job:discord_report_relay | posted solar_desk
2026-10-01T01:06:06-10:00job:discord_report_relay | posted security_desk
2026-10-01T01:06:06-10:00job:discord_report_relay | posted bandwidth_desk
2026-10-01T01:06:06-10:00job:discord_report_relay | posted boot_brief
2026-10-01T01:06:06-10:00job:discord_report_relay | posted system_perf
2026-10-01T01:06:07-10:00ENERGY  status=live  B2=1.0%  B1=65.9%  solar=0 W  ac=43 W  usbc=0 W  src=/home/rootrecord/RootRecord-Ecosystem/2 - RootRecord-Database/Energy  LAP=100%/Full/AC
2026-10-01T01:06:23-10:00  ▸  SUMMARY=river2pro soc=64.1% solar=0W ac_out=47W usbc=26W src=ble db=ok
2026-10-01T01:06:23-10:00job:sys_stats_cycle RUN  bash "/home/rootrecord/RootRecord-Ecosystem/1 - Servers/1 - RootRecord-Pacific-Solar-Server/System/scripts/sys-sample.sh"
2026-10-01T01:06:24-10:00job:sys_stats_cycle | SYSTEM  cpu=16%  load=2.57  mem=56%  src=sqlite
2026-10-01T01:06:24-10:00job:sys_stats_cycle | OK wrote /home/rootrecord/RootRecord-Ecosystem/2 - RootRecord-Database/System/samples/sys-20261001-010624.json
2026-10-01T01:07:33-10:00job:github_sync_all | ↑ [ecosystem] committed 23 local file(s)
2026-10-01T01:07:33-10:00job:github_sync_all | ↓ [ecosystem] fetching origin/main
2026-10-01T01:07:33-10:00job:github_sync_all | From github.com:RootRecord-Software-Solutions/RootRecord-Ecosystem
2026-10-01T01:07:33-10:00job:github_sync_all | * branch              main       -> FETCH_HEAD
2026-10-01T01:07:33-10:00job:github_sync_all | ↑ [ecosystem] local is ahead of GitHub
2026-10-01T01:07:33-10:00job:github_sync_all | To github.com:RootRecord-Software-Solutions/RootRecord-Ecosystem.git
2026-10-01T01:07:33-10:00job:github_sync_all | 9c417868..d5a4578e  HEAD -> main
2026-10-01T01:07:33-10:00job:github_sync_all | branch 'main' set up to track 'origin/main'.
2026-10-01T01:07:33-10:00job:github_sync_all | ↑ [ecosystem] 23 files → RootRecord-Software-Solutions/RootRecord-Ecosystem (main)
2026-10-01T01:07:33-10:00job:github_sync_all | ↑ [pacific] committed 10 local file(s)
2026-10-01T01:07:33-10:00job:github_sync_all | ↓ [pacific] fetching origin/main
2026-10-01T01:07:33-10:00job:github_sync_all | From github.com:RootRecord-Software-Solutions/RootRecord-Pacific-Solar-Server
2026-10-01T01:07:33-10:00job:github_sync_all | * branch            main       -> FETCH_HEAD
2026-10-01T01:07:33-10:00job:github_sync_all | ↑ [pacific] local is ahead of GitHub
2026-10-01T01:07:33-10:00job:github_sync_all | To github.com:RootRecord-Software-Solutions/RootRecord-Pacific-Solar-Server.git
2026-10-01T01:07:33-10:00job:github_sync_all | e10ee60..294541c  HEAD -> main
2026-10-01T01:07:33-10:00job:github_sync_all | branch 'main' set up to track 'origin/main'.
2026-10-01T01:07:33-10:00job:github_sync_all | ↑ [pacific] 10 files → RootRecord-Software-Solutions/RootRecord-Pacific-Solar-Server (main)
2026-10-01T01:07:33-10:00job:github_sync_all | ↑ [database] committed 30 local file(s)
2026-10-01T01:07:33-10:00job:github_sync_all | ↓ [database] fetching origin/main
2026-10-01T01:07:33-10:00job:github_sync_all | From github.com:RootRecord-Software-Solutions/RootRecord-Database
2026-10-01T01:07:33-10:00job:github_sync_all | * branch              main       -> FETCH_HEAD
2026-10-01T01:07:33-10:00job:github_sync_all | ↑ [database] local is ahead of GitHub
2026-10-01T01:07:33-10:00job:github_sync_all | To github.com:RootRecord-Software-Solutions/RootRecord-Database.git
2026-10-01T01:07:33-10:00job:github_sync_all | d2f5ceb4..eaedd8a9  HEAD -> main
2026-10-01T01:07:33-10:00job:github_sync_all | branch 'main' set up to track 'origin/main'.
2026-10-01T01:07:33-10:00job:github_sync_all | ↑ [database] 30 files → RootRecord-Software-Solutions/RootRecord-Database (main)
2026-10-01T01:07:33-10:00job:github_sync_all | — [library] no local changes
2026-10-01T01:07:33-10:00job:github_sync_all | ↓ [library] fetching origin/main
2026-10-01T01:07:33-10:00job:github_sync_all | From github.com:RootRecord-Software-Solutions/RootRecord-Library
2026-10-01T01:07:33-10:00job:github_sync_all | * branch            main       -> FETCH_HEAD
2026-10-01T01:07:33-10:00job:github_sync_all | — [library] local and GitHub already match
2026-10-01T01:07:33-10:00job:github_sync_all | — [library] nothing to push
2026-10-01T01:07:33-10:00job:github_sync_all | ↑ [website] committed 9 local file(s)
2026-10-01T01:07:33-10:00job:github_sync_all | ↓ [website] fetching origin/main
2026-10-01T01:07:33-10:00job:github_sync_all | From github.com:RootRecord-Software-Solutions/RootRecord-Website
2026-10-01T01:07:33-10:00job:github_sync_all | * branch            main       -> FETCH_HEAD
2026-10-01T01:07:33-10:00job:github_sync_all | ↑ [website] local is ahead of GitHub
2026-10-01T01:07:33-10:00job:github_sync_all | To github.com:RootRecord-Software-Solutions/RootRecord-Website.git
2026-10-01T01:07:33-10:00job:github_sync_all | ed241d0..ea8ea4c  HEAD -> main
2026-10-01T01:07:33-10:00job:security_camera_frame_grab RUN  bash "/home/rootrecord/RootRecord-Ecosystem/1 - Servers/1 - RootRecord-Pacific-Solar-Server/Security/Cameras/grab_all.sh"
2026-10-01T01:07:50-10:00job:security_camera_frame_grab | 01:07:33  📷  a-eyes  ch1 → ch1-20261001T110733Z.jpg  (278.6 KB, 4.34s)
2026-10-01T01:07:50-10:00job:security_camera_frame_grab | 01:07:37  📷  a-eyes  ch2 → ch2-20261001T110737Z.jpg  (133.5 KB, 4.47s)
2026-10-01T01:07:50-10:00job:security_camera_frame_grab | 01:07:42  📷  a-eyes  ch3 → ch3-20261001T110742Z.jpg  (351.3 KB, 4.29s)
2026-10-01T01:07:50-10:00job:security_camera_frame_grab | 01:07:46  📷  a-eyes  ch4 → ch4-20261001T110746Z.jpg  (280.4 KB, 4.17s)
2026-10-01T01:07:51-10:00ENERGY  status=live  B2=1.0%  B1=64.1%  solar=0 W  ac=43 W  usbc=0 W  src=/home/rootrecord/RootRecord-Ecosystem/2 - RootRecord-Database/Energy  LAP=100%/Full/AC
2026-10-01T01:08:02-10:00  ✗  ecoflow_read_cycle  WAITING
2026-10-01T01:08:02-10:00job:sys_stats_cycle RUN  bash "/home/rootrecord/RootRecord-Ecosystem/1 - Servers/1 - RootRecord-Pacific-Solar-Server/System/scripts/sys-sample.sh"
2026-10-01T01:08:03-10:00job:sys_stats_cycle | SYSTEM  cpu=21%  load=1.03  mem=55%  src=sqlite
2026-10-01T01:08:03-10:00job:sys_stats_cycle | OK wrote /home/rootrecord/RootRecord-Ecosystem/2 - RootRecord-Database/System/samples/sys-20261001-010803.json
2026-10-01T01:08:52-10:00job:github_sync_all | — [ecosystem] no committable local changes
2026-10-01T01:08:52-10:00job:github_sync_all | ↓ [ecosystem] fetching origin/main
2026-10-01T01:08:52-10:00job:github_sync_all | From github.com:RootRecord-Software-Solutions/RootRecord-Ecosystem
2026-10-01T01:08:52-10:00job:github_sync_all | * branch              main       -> FETCH_HEAD
2026-10-01T01:08:52-10:00job:github_sync_all | — [ecosystem] local and GitHub already match
2026-10-01T01:08:52-10:00job:github_sync_all | — [ecosystem] nothing to push
2026-10-01T01:08:52-10:00job:github_sync_all | — [pacific] no local changes
2026-10-01T01:08:52-10:00job:github_sync_all | ↓ [pacific] fetching origin/main
2026-10-01T01:08:52-10:00job:github_sync_all | From github.com:RootRecord-Software-Solutions/RootRecord-Pacific-Solar-Server
2026-10-01T01:08:52-10:00job:github_sync_all | * branch            main       -> FETCH_HEAD
2026-10-01T01:08:52-10:00job:github_sync_all | — [pacific] local and GitHub already match
2026-10-01T01:08:52-10:00job:github_sync_all | — [pacific] nothing to push
2026-10-01T01:08:52-10:00job:github_sync_all | ↑ [database] committed 9 local file(s)
2026-10-01T01:08:52-10:00job:github_sync_all | ↓ [database] fetching origin/main
2026-10-01T01:08:52-10:00job:github_sync_all | From github.com:RootRecord-Software-Solutions/RootRecord-Database
2026-10-01T01:08:52-10:00job:github_sync_all | * branch              main       -> FETCH_HEAD
2026-10-01T01:08:52-10:00job:github_sync_all | ↑ [database] local is ahead of GitHub
2026-10-01T01:08:52-10:00job:github_sync_all | To github.com:RootRecord-Software-Solutions/RootRecord-Database.git
2026-10-01T01:08:52-10:00job:github_sync_all | eaedd8a9..e1b4413e  HEAD -> main
2026-10-01T01:08:52-10:00job:github_sync_all | branch 'main' set up to track 'origin/main'.
2026-10-01T01:08:52-10:00job:github_sync_all | ↑ [database] 9 files → RootRecord-Software-Solutions/RootRecord-Database (main)
2026-10-01T01:08:52-10:00job:github_sync_all | — [library] no local changes
2026-10-01T01:08:52-10:00job:github_sync_all | ↓ [library] fetching origin/main
2026-10-01T01:08:52-10:00job:github_sync_all | From github.com:RootRecord-Software-Solutions/RootRecord-Library
2026-10-01T01:08:52-10:00job:github_sync_all | * branch            main       -> FETCH_HEAD
2026-10-01T01:08:52-10:00job:github_sync_all | — [library] local and GitHub already match
2026-10-01T01:08:52-10:00job:github_sync_all | — [library] nothing to push
2026-10-01T01:08:52-10:00job:github_sync_all | — [website] no local changes
2026-10-01T01:08:52-10:00job:github_sync_all | ↓ [website] fetching origin/main
2026-10-01T01:08:52-10:00job:github_sync_all | From github.com:RootRecord-Software-Solutions/RootRecord-Website
2026-10-01T01:08:52-10:00job:github_sync_all | * branch            main       -> FETCH_HEAD
2026-10-01T01:08:52-10:00job:github_sync_all | — [website] local and GitHub already match
2026-10-01T01:08:52-10:00job:github_sync_all | — [website] nothing to push
2026-10-01T01:08:52-10:00job:github_sync_all | — [website-personal] no local changes
2026-10-01T01:08:52-10:00job:github_sync_all | ↓ [website-personal] fetching origin/main
2026-10-01T01:08:52-10:00job:github_sync_all | From github.com:rootrecordsoftwaresolutions/RootRecord-Website
2026-10-01T01:08:52-10:00job:github_sync_all | * branch            main       -> FETCH_HEAD
2026-10-01T01:08:52-10:00job:github_sync_all | — [website-personal] local and GitHub already match
2026-10-01T01:08:52-10:00job:github_sync_all | — [website-personal] nothing to push
2026-10-01T01:08:52-10:00job:github_sync_all | — [mainland] no local changes
2026-10-01T01:08:52-10:00job:worklog_scan RUN  bash "/home/rootrecord/RootRecord-Ecosystem/1 - Servers/1 - RootRecord-Pacific-Solar-Server/Reports/scripts/worklog_once.sh"
2026-10-01T01:09:04-10:00job:worklog_scan | OK wrote/updated /home/rootrecord/RootRecord-Ecosystem/2 - RootRecord-Database/Worklog/worklog_current.md
2026-10-01T01:09:04-10:00job:status_snapshot RUN  nice -n 10 python3 "/home/rootrecord/RootRecord-Ecosystem/1 - Servers/1 - RootRecord-Pacific-Solar-Server/Website/scripts/live_data_pages.py"
2026-10-01T01:09:04-10:00job:status_snapshot | live-data 5 pages
2026-10-01T01:09:04-10:00ENERGY  status=live  B2=1.0%  B1=64.1%  solar=0 W  ac=43 W  usbc=0 W  src=/home/rootrecord/RootRecord-Ecosystem/2 - RootRecord-Database/Energy  LAP=100%/Full/AC
2026-10-01T01:09:15-10:00  ✗  ecoflow_read_cycle  WAITING
2026-10-01T01:09:15-10:00job:sys_stats_cycle RUN  bash "/home/rootrecord/RootRecord-Ecosystem/1 - Servers/1 - RootRecord-Pacific-Solar-Server/System/scripts/sys-sample.sh"
2026-10-01T01:09:16-10:00job:sys_stats_cycle | SYSTEM  cpu=6%  load=1.27  mem=54%  src=sqlite
2026-10-01T01:09:16-10:00job:sys_stats_cycle | OK wrote /home/rootrecord/RootRecord-Ecosystem/2 - RootRecord-Database/System/samples/sys-20261001-010915.json
2026-10-01T01:10:10-10:00job:github_sync_all | ↑ [ecosystem] committed 5 local file(s)
2026-10-01T01:10:10-10:00job:github_sync_all | ↓ [ecosystem] fetching origin/main
2026-10-01T01:10:10-10:00job:github_sync_all | From github.com:RootRecord-Software-Solutions/RootRecord-Ecosystem
2026-10-01T01:10:10-10:00job:github_sync_all | * branch              main       -> FETCH_HEAD
2026-10-01T01:10:10-10:00job:github_sync_all | ↑ [ecosystem] local is ahead of GitHub
2026-10-01T01:10:10-10:00job:github_sync_all | To github.com:RootRecord-Software-Solutions/RootRecord-Ecosystem.git
2026-10-01T01:10:10-10:00job:github_sync_all | d5a4578e..b2f5202f  HEAD -> main
2026-10-01T01:10:10-10:00job:github_sync_all | branch 'main' set up to track 'origin/main'.
2026-10-01T01:10:10-10:00job:github_sync_all | ↑ [ecosystem] 5 files → RootRecord-Software-Solutions/RootRecord-Ecosystem (main)
2026-10-01T01:10:10-10:00job:github_sync_all | ↑ [pacific] committed 1 local file(s)
2026-10-01T01:10:10-10:00job:github_sync_all | ↓ [pacific] fetching origin/main
2026-10-01T01:10:10-10:00job:github_sync_all | From github.com:RootRecord-Software-Solutions/RootRecord-Pacific-Solar-Server
2026-10-01T01:10:10-10:00job:github_sync_all | * branch            main       -> FETCH_HEAD
2026-10-01T01:10:10-10:00job:github_sync_all | ↑ [pacific] local is ahead of GitHub
2026-10-01T01:10:10-10:00job:github_sync_all | To github.com:RootRecord-Software-Solutions/RootRecord-Pacific-Solar-Server.git
2026-10-01T01:10:10-10:00job:github_sync_all | 294541c..6e7f913  HEAD -> main
2026-10-01T01:10:10-10:00job:github_sync_all | branch 'main' set up to track 'origin/main'.
2026-10-01T01:10:10-10:00job:github_sync_all | ↑ [pacific] 1 files → RootRecord-Software-Solutions/RootRecord-Pacific-Solar-Server (main)
2026-10-01T01:10:10-10:00job:github_sync_all | ↑ [database] committed 17 local file(s)
2026-10-01T01:10:10-10:00job:github_sync_all | ↓ [database] fetching origin/main
2026-10-01T01:10:10-10:00job:github_sync_all | From github.com:RootRecord-Software-Solutions/RootRecord-Database
2026-10-01T01:10:10-10:00job:github_sync_all | * branch              main       -> FETCH_HEAD
2026-10-01T01:10:10-10:00job:github_sync_all | ↑ [database] local is ahead of GitHub
2026-10-01T01:10:10-10:00job:github_sync_all | To github.com:RootRecord-Software-Solutions/RootRecord-Database.git
2026-10-01T01:10:10-10:00job:github_sync_all | e1b4413e..5417d7ac  HEAD -> main
2026-10-01T01:10:10-10:00job:github_sync_all | branch 'main' set up to track 'origin/main'.
2026-10-01T01:10:10-10:00job:github_sync_all | ↑ [database] 17 files → RootRecord-Software-Solutions/RootRecord-Database (main)
2026-10-01T01:10:10-10:00job:github_sync_all | — [library] no local changes
2026-10-01T01:10:10-10:00job:github_sync_all | ↓ [library] fetching origin/main
2026-10-01T01:10:10-10:00job:github_sync_all | From github.com:RootRecord-Software-Solutions/RootRecord-Library
2026-10-01T01:10:10-10:00job:github_sync_all | * branch            main       -> FETCH_HEAD
2026-10-01T01:10:10-10:00job:github_sync_all | — [library] local and GitHub already match
2026-10-01T01:10:10-10:00job:github_sync_all | — [library] nothing to push
2026-10-01T01:10:10-10:00job:github_sync_all | — [website] no local changes
2026-10-01T01:10:10-10:00job:github_sync_all | ↓ [website] fetching origin/main
2026-10-01T01:10:10-10:00job:github_sync_all | From github.com:RootRecord-Software-Solutions/RootRecord-Website
2026-10-01T01:10:10-10:00job:github_sync_all | * branch            main       -> FETCH_HEAD
2026-10-01T01:10:10-10:00job:github_sync_all | — [website] local and GitHub already match
2026-10-01T01:10:10-10:00job:github_sync_all | — [website] nothing to push
2026-10-01T01:10:10-10:00job:github_sync_all | — [website-personal] no local changes
2026-10-01T01:10:10-10:00job:security_camera_frame_grab RUN  bash "/home/rootrecord/RootRecord-Ecosystem/1 - Servers/1 - RootRecord-Pacific-Solar-Server/Security/Cameras/grab_all.sh"
2026-10-01T01:10:28-10:00job:security_camera_frame_grab | 01:10:10  📷  a-eyes  ch1 → ch1-20261001T111010Z.jpg  (278.2 KB, 4.53s)
2026-10-01T01:10:28-10:00job:security_camera_frame_grab | 01:10:15  📷  a-eyes  ch2 → ch2-20261001T111015Z.jpg  (133.5 KB, 4.37s)
2026-10-01T01:10:28-10:00job:security_camera_frame_grab | 01:10:19  📷  a-eyes  ch3 → ch3-20261001T111019Z.jpg  (361.8 KB, 4.29s)
2026-10-01T01:10:28-10:00job:security_camera_frame_grab | 01:10:24  📷  a-eyes  ch4 → ch4-20261001T111024Z.jpg  (288.7 KB, 4.57s)
2026-10-01T01:10:29-10:00ENERGY  status=live  B2=1.0%  B1=64.1%  solar=0 W  ac=43 W  usbc=0 W  src=/home/rootrecord/RootRecord-Ecosystem/2 - RootRecord-Database/Energy  LAP=100%/Full/AC
2026-10-01T01:10:44-10:00  ▸  SUMMARY=river2pro soc=63.15% solar=0W ac_out=38W usbc=20W src=ble db=ok
2026-10-01T01:10:44-10:00job:sys_stats_cycle RUN  bash "/home/rootrecord/RootRecord-Ecosystem/1 - Servers/1 - RootRecord-Pacific-Solar-Server/System/scripts/sys-sample.sh"
2026-10-01T01:10:45-10:00job:sys_stats_cycle | SYSTEM  cpu=6%  load=0.82  mem=55%  src=sqlite
2026-10-01T01:10:45-10:00job:sys_stats_cycle | OK wrote /home/rootrecord/RootRecord-Ecosystem/2 - RootRecord-Database/System/samples/sys-20261001-011044.json
2026-10-01T01:11:39-10:00job:github_sync_all | — [ecosystem] no committable local changes
2026-10-01T01:11:39-10:00job:github_sync_all | ↓ [ecosystem] fetching origin/main
2026-10-01T01:11:39-10:00job:github_sync_all | From github.com:RootRecord-Software-Solutions/RootRecord-Ecosystem
2026-10-01T01:11:39-10:00job:github_sync_all | * branch              main       -> FETCH_HEAD
2026-10-01T01:11:39-10:00job:github_sync_all | — [ecosystem] local and GitHub already match
2026-10-01T01:11:39-10:00job:github_sync_all | — [ecosystem] nothing to push
2026-10-01T01:11:39-10:00job:github_sync_all | — [pacific] no local changes
2026-10-01T01:11:39-10:00job:github_sync_all | ↓ [pacific] fetching origin/main
2026-10-01T01:11:39-10:00job:github_sync_all | From github.com:RootRecord-Software-Solutions/RootRecord-Pacific-Solar-Server
2026-10-01T01:11:39-10:00job:github_sync_all | * branch            main       -> FETCH_HEAD
2026-10-01T01:11:39-10:00job:github_sync_all | — [pacific] local and GitHub already match
2026-10-01T01:11:39-10:00job:github_sync_all | — [pacific] nothing to push
2026-10-01T01:11:39-10:00job:github_sync_all | ↑ [database] committed 13 local file(s)
2026-10-01T01:11:39-10:00job:github_sync_all | ↓ [database] fetching origin/main
2026-10-01T01:11:39-10:00job:github_sync_all | From github.com:RootRecord-Software-Solutions/RootRecord-Database
2026-10-01T01:11:39-10:00job:github_sync_all | * branch              main       -> FETCH_HEAD
2026-10-01T01:11:39-10:00job:github_sync_all | ↑ [database] local is ahead of GitHub
2026-10-01T01:11:39-10:00job:github_sync_all | To github.com:RootRecord-Software-Solutions/RootRecord-Database.git
2026-10-01T01:11:39-10:00job:github_sync_all | 5417d7ac..78b75d97  HEAD -> main
2026-10-01T01:11:39-10:00job:github_sync_all | branch 'main' set up to track 'origin/main'.
2026-10-01T01:11:39-10:00job:github_sync_all | ↑ [database] 13 files → RootRecord-Software-Solutions/RootRecord-Database (main)
2026-10-01T01:11:39-10:00job:github_sync_all | — [library] no local changes
2026-10-01T01:11:39-10:00job:github_sync_all | ↓ [library] fetching origin/main
2026-10-01T01:11:39-10:00job:github_sync_all | From github.com:RootRecord-Software-Solutions/RootRecord-Library
2026-10-01T01:11:39-10:00job:github_sync_all | * branch            main       -> FETCH_HEAD
2026-10-01T01:11:39-10:00job:github_sync_all | — [library] local and GitHub already match
2026-10-01T01:11:39-10:00job:github_sync_all | — [library] nothing to push
2026-10-01T01:11:39-10:00job:github_sync_all | — [website] no local changes
2026-10-01T01:11:39-10:00job:github_sync_all | ↓ [website] fetching origin/main
2026-10-01T01:11:39-10:00job:github_sync_all | From github.com:RootRecord-Software-Solutions/RootRecord-Website
2026-10-01T01:11:39-10:00job:github_sync_all | * branch            main       -> FETCH_HEAD
2026-10-01T01:11:39-10:00job:github_sync_all | — [website] local and GitHub already match
2026-10-01T01:11:39-10:00job:github_sync_all | — [website] nothing to push
2026-10-01T01:11:39-10:00job:github_sync_all | — [website-personal] no local changes
2026-10-01T01:11:39-10:00job:github_sync_all | ↓ [website-personal] fetching origin/main
2026-10-01T01:11:39-10:00job:github_sync_all | From github.com:rootrecordsoftwaresolutions/RootRecord-Website
2026-10-01T01:11:39-10:00job:github_sync_all | * branch            main       -> FETCH_HEAD
2026-10-01T01:11:39-10:00job:github_sync_all | — [website-personal] local and GitHub already match
2026-10-01T01:11:39-10:00job:github_sync_all | — [website-personal] nothing to push
2026-10-01T01:11:39-10:00job:github_sync_all | — [mainland] no local changes
2026-10-01T01:11:39-10:00job:status_snapshot RUN  nice -n 10 python3 "/home/rootrecord/RootRecord-Ecosystem/1 - Servers/1 - RootRecord-Pacific-Solar-Server/Website/scripts/live_data_pages.py"
2026-10-01T01:11:39-10:00job:status_snapshot | live-data 5 pages
2026-10-01T01:11:39-10:00ENERGY  status=live  B2=1.0%  B1=63.1%  solar=0 W  ac=43 W  usbc=0 W  src=/home/rootrecord/RootRecord-Ecosystem/2 - RootRecord-Database/Energy  LAP=100%/Full/AC
2026-10-01T01:11:55-10:00  ▸  SUMMARY=river2pro soc=62.9% solar=0W ac_out=44W usbc=23W src=ble db=ok
2026-10-01T01:11:55-10:00job:sys_stats_cycle RUN  bash "/home/rootrecord/RootRecord-Ecosystem/1 - Servers/1 - RootRecord-Pacific-Solar-Server/System/scripts/sys-sample.sh"
2026-10-01T01:11:56-10:00job:sys_stats_cycle | SYSTEM  cpu=16%  load=0.73  mem=58%  src=sqlite
2026-10-01T01:11:56-10:00job:sys_stats_cycle | OK wrote /home/rootrecord/RootRecord-Ecosystem/2 - RootRecord-Database/System/samples/sys-20261001-011155.json
2026-10-01T01:11:56-10:00job:worklog_scan RUN  bash "/home/rootrecord/RootRecord-Ecosystem/1 - Servers/1 - RootRecord-Pacific-Solar-Server/Reports/scripts/worklog_once.sh"
2026-10-01T01:12:02-10:00job:worklog_scan | OK wrote/updated /home/rootrecord/RootRecord-Ecosystem/2 - RootRecord-Database/Worklog/worklog_current.md
2026-10-01T01:12:02-10:00job:security_camera_frame_grab RUN  bash "/home/rootrecord/RootRecord-Ecosystem/1 - Servers/1 - RootRecord-Pacific-Solar-Server/Security/Cameras/grab_all.sh"
2026-10-01T01:12:20-10:00job:security_camera_frame_grab | 01:12:02  📷  a-eyes  ch1 → ch1-20261001T111202Z.jpg  (277.9 KB, 4.30s)
2026-10-01T01:12:20-10:00job:security_camera_frame_grab | 01:12:07  📷  a-eyes  ch2 → ch2-20261001T111207Z.jpg  (131.7 KB, 4.47s)
2026-10-01T01:12:20-10:00job:security_camera_frame_grab | 01:12:11  📷  a-eyes  ch3 → ch3-20261001T111211Z.jpg  (349.8 KB, 4.47s)
2026-10-01T01:12:20-10:00job:security_camera_frame_grab | 01:12:16  📷  a-eyes  ch4 → ch4-20261001T111216Z.jpg  (314.9 KB, 4.46s)
2026-10-01T01:12:20-10:00job:service_supervisor RUN  bash "/home/rootrecord/RootRecord-Ecosystem/1 - Servers/1 - RootRecord-Pacific-Solar-Server/Automations/scripts/supervise-services.sh"
2026-10-01T01:12:20-10:00job:service_supervisor | [supervisor] weather alive pid=30098 (act)
2026-10-01T01:12:20-10:00job:service_supervisor | [supervisor] relay alive pid=44115 (act)
2026-10-01T01:12:20-10:00job:geology_collect RUN  nice -n 10 python3 "/home/rootrecord/RootRecord-Ecosystem/1 - Servers/1 - RootRecord-Pacific-Solar-Server/Geology/scripts/geology_collect.py" all
2026-10-01T01:12:33-10:00job:geology_collect | {"ok": true, "at": "2026-10-01T01:12:20-10:00", "what": "all", "dry_run": false, "sources": {"hawaii": {"ok": true, "count": 44, "new": 1, "new_m2": 1, "ms": 856}, "global": {"ok": true, "count": 36, "new": 1, "ms": 288}, "hvo_notices": {"ok": true, "count": 44, "new": 0, "ms": 10747}, "hvo_status": {"ok": true, "volcanoes": 8, "kilauea": "WATCH", "mauna_loa": "NORMAL", "ms": 618}}}
2026-10-01T01:12:33-10:00job:system_net_sample RUN  nice -n 10 python3 "/home/rootrecord/RootRecord-Ecosystem/1 - Servers/1 - RootRecord-Pacific-Solar-Server/System/scripts/host_desks.py" net-sample
2026-10-01T01:12:33-10:00job:system_net_sample | {"ok": true, "file": "/home/rootrecord/RootRecord-Ecosystem/2 - RootRecord-Database/System/network/Daily/net-20261001.jsonl", "iface": "wlo1", "hour": {"seconds": 3771, "rx": 1969301069, "tx": 63809105, "total": 2033110174, "iface": "wlo1", "link": "wireless"}, "day": null}
2026-10-01T01:12:33-10:00job:discord_report_relay RUN  nice -n 10 python3 "/home/rootrecord/RootRecord-Ecosystem/1 - Servers/1 - RootRecord-Pacific-Solar-Server/Communications/Discord/scripts/report_relay.py"
2026-10-01T01:12:33-10:00job:discord_report_relay | same
2026-10-01T01:12:45-10:00  ✗  ecoflow_read_cycle  WAITING
2026-10-01T01:12:45-10:00job:sys_stats_cycle RUN  bash "/home/rootrecord/RootRecord-Ecosystem/1 - Servers/1 - RootRecord-Pacific-Solar-Server/System/scripts/sys-sample.sh"
2026-10-01T01:12:46-10:00job:sys_stats_cycle | SYSTEM  cpu=8%  load=0.93  mem=56%  src=sqlite
2026-10-01T01:12:46-10:00job:sys_stats_cycle | OK wrote /home/rootrecord/RootRecord-Ecosystem/2 - RootRecord-Database/System/samples/sys-20261001-011246.json
2026-10-01T01:13:42-10:00job:github_sync_all | ↑ [ecosystem] committed 15 local file(s)
2026-10-01T01:13:42-10:00job:github_sync_all | ↓ [ecosystem] fetching origin/main
2026-10-01T01:13:42-10:00job:github_sync_all | From github.com:RootRecord-Software-Solutions/RootRecord-Ecosystem
2026-10-01T01:13:42-10:00job:github_sync_all | * branch              main       -> FETCH_HEAD
2026-10-01T01:13:42-10:00job:github_sync_all | ↑ [ecosystem] local is ahead of GitHub
2026-10-01T01:13:42-10:00job:github_sync_all | To github.com:RootRecord-Software-Solutions/RootRecord-Ecosystem.git
2026-10-01T01:13:42-10:00job:github_sync_all | b2f5202f..5110e442  HEAD -> main
2026-10-01T01:13:42-10:00job:github_sync_all | branch 'main' set up to track 'origin/main'.
2026-10-01T01:13:42-10:00job:github_sync_all | ↑ [ecosystem] 15 files → RootRecord-Software-Solutions/RootRecord-Ecosystem (main)
2026-10-01T01:13:42-10:00job:github_sync_all | ↑ [pacific] committed 2 local file(s)
2026-10-01T01:13:42-10:00job:github_sync_all | ↓ [pacific] fetching origin/main
2026-10-01T01:13:42-10:00job:github_sync_all | From github.com:RootRecord-Software-Solutions/RootRecord-Pacific-Solar-Server
2026-10-01T01:13:42-10:00job:github_sync_all | * branch            main       -> FETCH_HEAD
2026-10-01T01:13:42-10:00job:github_sync_all | ↑ [pacific] local is ahead of GitHub
2026-10-01T01:13:42-10:00job:github_sync_all | To github.com:RootRecord-Software-Solutions/RootRecord-Pacific-Solar-Server.git
2026-10-01T01:13:42-10:00job:github_sync_all | 6e7f913..a80a707  HEAD -> main
2026-10-01T01:13:42-10:00job:github_sync_all | branch 'main' set up to track 'origin/main'.
2026-10-01T01:13:42-10:00job:github_sync_all | ↑ [pacific] 2 files → RootRecord-Software-Solutions/RootRecord-Pacific-Solar-Server (main)
2026-10-01T01:13:42-10:00job:github_sync_all | ↑ [database] committed 30 local file(s)
2026-10-01T01:13:42-10:00job:github_sync_all | ↓ [database] fetching origin/main
2026-10-01T01:13:42-10:00job:github_sync_all | From github.com:RootRecord-Software-Solutions/RootRecord-Database
2026-10-01T01:13:42-10:00job:github_sync_all | * branch              main       -> FETCH_HEAD
2026-10-01T01:13:42-10:00job:github_sync_all | ↑ [database] local is ahead of GitHub
2026-10-01T01:13:42-10:00job:github_sync_all | To github.com:RootRecord-Software-Solutions/RootRecord-Database.git
2026-10-01T01:13:42-10:00job:github_sync_all | 78b75d97..12a0cdc2  HEAD -> main
2026-10-01T01:13:42-10:00job:github_sync_all | branch 'main' set up to track 'origin/main'.
2026-10-01T01:13:42-10:00job:github_sync_all | ↑ [database] 30 files → RootRecord-Software-Solutions/RootRecord-Database (main)
2026-10-01T01:13:42-10:00job:github_sync_all | — [library] no local changes
2026-10-01T01:13:42-10:00job:github_sync_all | ↓ [library] fetching origin/main
2026-10-01T01:13:42-10:00job:github_sync_all | From github.com:RootRecord-Software-Solutions/RootRecord-Library
2026-10-01T01:13:42-10:00job:github_sync_all | * branch            main       -> FETCH_HEAD
2026-10-01T01:13:42-10:00job:github_sync_all | — [library] local and GitHub already match
2026-10-01T01:13:42-10:00job:github_sync_all | — [library] nothing to push
2026-10-01T01:13:42-10:00job:github_sync_all | — [website] no local changes
2026-10-01T01:13:42-10:00job:github_sync_all | ↓ [website] fetching origin/main
2026-10-01T01:13:42-10:00job:github_sync_all | From github.com:RootRecord-Software-Solutions/RootRecord-Website
2026-10-01T01:13:42-10:00job:github_sync_all | * branch            main       -> FETCH_HEAD
2026-10-01T01:13:42-10:00job:github_sync_all | — [website] local and GitHub already match
2026-10-01T01:13:42-10:00job:github_sync_all | — [website] nothing to push
2026-10-01T01:13:42-10:00job:github_sync_all | — [website-personal] no local changes
2026-10-01T01:13:42-10:00job:security_camera_frame_grab RUN  bash "/home/rootrecord/RootRecord-Ecosystem/1 - Servers/1 - RootRecord-Pacific-Solar-Server/Security/Cameras/grab_all.sh"
2026-10-01T01:14:00-10:00job:security_camera_frame_grab | 01:13:42  📷  a-eyes  ch1 → ch1-20261001T111342Z.jpg  (277.6 KB, 4.53s)
2026-10-01T01:14:00-10:00job:security_camera_frame_grab | 01:13:47  📷  a-eyes  ch2 → ch2-20261001T111347Z.jpg  (133.1 KB, 4.28s)
2026-10-01T01:14:00-10:00job:security_camera_frame_grab | 01:13:51  📷  a-eyes  ch3 → ch3-20261001T111351Z.jpg  (363.8 KB, 4.48s)
2026-10-01T01:14:00-10:00job:security_camera_frame_grab | 01:13:56  📷  a-eyes  ch4 → ch4-20261001T111356Z.jpg  (277.1 KB, 4.41s)
2026-10-01T01:14:00-10:00ENERGY  status=live  B2=1.0%  B1=62.9%  solar=0 W  ac=43 W  usbc=0 W  src=/home/rootrecord/RootRecord-Ecosystem/2 - RootRecord-Database/Energy  LAP=100%/Full/AC
2026-10-01T01:14:11-10:00  ✗  ecoflow_read_cycle  WAITING
2026-10-01T01:14:11-10:00job:sys_stats_cycle RUN  bash "/home/rootrecord/RootRecord-Ecosystem/1 - Servers/1 - RootRecord-Pacific-Solar-Server/System/scripts/sys-sample.sh"
2026-10-01T01:14:12-10:00job:sys_stats_cycle | SYSTEM  cpu=7%  load=1.32  mem=57%  src=sqlite
2026-10-01T01:14:12-10:00job:sys_stats_cycle | OK wrote /home/rootrecord/RootRecord-Ecosystem/2 - RootRecord-Database/System/samples/sys-20261001-011411.json
2026-10-01T01:15:05-10:00job:github_sync_all | — [ecosystem] no committable local changes
2026-10-01T01:15:05-10:00job:github_sync_all | ↓ [ecosystem] fetching origin/main
2026-10-01T01:15:05-10:00job:github_sync_all | From github.com:RootRecord-Software-Solutions/RootRecord-Ecosystem
2026-10-01T01:15:05-10:00job:github_sync_all | * branch              main       -> FETCH_HEAD
2026-10-01T01:15:05-10:00job:github_sync_all | — [ecosystem] local and GitHub already match
2026-10-01T01:15:05-10:00job:github_sync_all | — [ecosystem] nothing to push
2026-10-01T01:15:05-10:00job:github_sync_all | — [pacific] no local changes
2026-10-01T01:15:05-10:00job:github_sync_all | ↓ [pacific] fetching origin/main
2026-10-01T01:15:05-10:00job:github_sync_all | From github.com:RootRecord-Software-Solutions/RootRecord-Pacific-Solar-Server
2026-10-01T01:15:05-10:00job:github_sync_all | * branch            main       -> FETCH_HEAD
2026-10-01T01:15:05-10:00job:github_sync_all | — [pacific] local and GitHub already match
2026-10-01T01:15:05-10:00job:github_sync_all | — [pacific] nothing to push
2026-10-01T01:15:05-10:00job:github_sync_all | ↑ [database] committed 9 local file(s)
2026-10-01T01:15:05-10:00job:github_sync_all | ↓ [database] fetching origin/main
2026-10-01T01:15:05-10:00job:github_sync_all | From github.com:RootRecord-Software-Solutions/RootRecord-Database
2026-10-01T01:15:05-10:00job:github_sync_all | * branch              main       -> FETCH_HEAD
2026-10-01T01:15:05-10:00job:github_sync_all | ↑ [database] local is ahead of GitHub
2026-10-01T01:15:05-10:00job:github_sync_all | To github.com:RootRecord-Software-Solutions/RootRecord-Database.git
2026-10-01T01:15:05-10:00job:github_sync_all | 12a0cdc2..ece94fab  HEAD -> main
2026-10-01T01:15:05-10:00job:github_sync_all | branch 'main' set up to track 'origin/main'.
2026-10-01T01:15:05-10:00job:github_sync_all | ↑ [database] 9 files → RootRecord-Software-Solutions/RootRecord-Database (main)
2026-10-01T01:15:05-10:00job:github_sync_all | — [library] no local changes
2026-10-01T01:15:05-10:00job:github_sync_all | ↓ [library] fetching origin/main
2026-10-01T01:15:05-10:00job:github_sync_all | From github.com:RootRecord-Software-Solutions/RootRecord-Library
2026-10-01T01:15:05-10:00job:github_sync_all | * branch            main       -> FETCH_HEAD
2026-10-01T01:15:05-10:00job:github_sync_all | — [library] local and GitHub already match
2026-10-01T01:15:05-10:00job:github_sync_all | — [library] nothing to push
2026-10-01T01:15:05-10:00job:github_sync_all | — [website] no local changes
2026-10-01T01:15:05-10:00job:github_sync_all | ↓ [website] fetching origin/main
2026-10-01T01:15:05-10:00job:github_sync_all | From github.com:RootRecord-Software-Solutions/RootRecord-Website
2026-10-01T01:15:05-10:00job:github_sync_all | * branch            main       -> FETCH_HEAD
2026-10-01T01:15:05-10:00job:github_sync_all | — [website] local and GitHub already match
2026-10-01T01:15:05-10:00job:github_sync_all | — [website] nothing to push
2026-10-01T01:15:05-10:00job:github_sync_all | — [website-personal] no local changes
2026-10-01T01:15:05-10:00job:github_sync_all | ↓ [website-personal] fetching origin/main
2026-10-01T01:15:05-10:00job:github_sync_all | From github.com:rootrecordsoftwaresolutions/RootRecord-Website
2026-10-01T01:15:05-10:00job:github_sync_all | * branch            main       -> FETCH_HEAD
2026-10-01T01:15:05-10:00job:github_sync_all | — [website-personal] local and GitHub already match
2026-10-01T01:15:05-10:00job:github_sync_all | — [website-personal] nothing to push
2026-10-01T01:15:05-10:00job:github_sync_all | — [mainland] no local changes
2026-10-01T01:15:05-10:00job:worklog_scan RUN  bash "/home/rootrecord/RootRecord-Ecosystem/1 - Servers/1 - RootRecord-Pacific-Solar-Server/Reports/scripts/worklog_once.sh"
2026-10-01T01:15:09-10:00job:worklog_scan | OK wrote/updated /home/rootrecord/RootRecord-Ecosystem/2 - RootRecord-Database/Worklog/worklog_current.md
2026-10-01T01:15:09-10:00job:status_snapshot RUN  nice -n 10 python3 "/home/rootrecord/RootRecord-Ecosystem/1 - Servers/1 - RootRecord-Pacific-Solar-Server/Website/scripts/live_data_pages.py"
2026-10-01T01:15:09-10:00job:status_snapshot | live-data 5 pages
2026-10-01T01:15:09-10:00job:voice_nws_weather RUN  nice -n 10 python3 "/home/rootrecord/RootRecord-Ecosystem/1 - Servers/1 - RootRecord-Pacific-Solar-Server/Media/Voice/scripts/voice_reports.py" nws_weather
2026-10-01T01:15:21-10:00job:voice_nws_weather | {"ok": true, "report": "nws_weather", "md": "/home/rootrecord/RootRecord-Ecosystem/test-reports/Voice/nws_weather_current.md", "sentences": 4, "voice": {"ok": true, "mode": "stitch", "report": "nws_weather", "agent": "ava", "voice": "af_heart", "speed": 1.0, "wav": "/home/rootrecord/RootRecord-Ecosystem/2 - RootRecord-Database/Media/Audio/Voice/nws_weather_current.wav", "clips_used": 0, "live_sentences": 7, "model_loaded": true, "render_s": 10.45, "sample_rate": 24000, "channels": 1, "subtype": "PCM_16", "duration_s": 17.784, "peak_dbfs": -1.5, "rms_dbfs": -20.35, "lead_silence_ms": 113, "qc": "PASS", "wall_s": 10.49, "peak_rss_mb": 1418, "rc": 0}, "deliver": {"ok": true, "sent": false, "detail": "unchanged"}}
2026-10-01T01:15:21-10:00ENERGY  status=live  B2=1.0%  B1=62.9%  solar=0 W  ac=43 W  usbc=0 W  src=/home/rootrecord/RootRecord-Ecosystem/2 - RootRecord-Database/Energy  LAP=100%/Full/AC
2026-10-01T01:15:32-10:00  ✗  ecoflow_read_cycle  WAITING
2026-10-01T01:15:32-10:00job:sys_stats_cycle RUN  bash "/home/rootrecord/RootRecord-Ecosystem/1 - Servers/1 - RootRecord-Pacific-Solar-Server/System/scripts/sys-sample.sh"
2026-10-01T01:15:34-10:00job:sys_stats_cycle | SYSTEM  cpu=6%  load=1.53  mem=58%  src=sqlite
2026-10-01T01:15:34-10:00job:sys_stats_cycle | OK wrote /home/rootrecord/RootRecord-Ecosystem/2 - RootRecord-Database/System/samples/sys-20261001-011533.json
2026-10-01T01:16:31-10:00job:github_sync_all | ↑ [ecosystem] committed 11 local file(s)
2026-10-01T01:16:31-10:00job:github_sync_all | ↓ [ecosystem] fetching origin/main
2026-10-01T01:16:31-10:00job:github_sync_all | From github.com:RootRecord-Software-Solutions/RootRecord-Ecosystem
2026-10-01T01:16:31-10:00job:github_sync_all | * branch              main       -> FETCH_HEAD
2026-10-01T01:16:31-10:00job:github_sync_all | ↑ [ecosystem] local is ahead of GitHub
2026-10-01T01:16:31-10:00job:github_sync_all | To github.com:RootRecord-Software-Solutions/RootRecord-Ecosystem.git
2026-10-01T01:16:31-10:00job:github_sync_all | 5110e442..a34712ce  HEAD -> main
2026-10-01T01:16:31-10:00job:github_sync_all | branch 'main' set up to track 'origin/main'.
2026-10-01T01:16:31-10:00job:github_sync_all | ↑ [ecosystem] 11 files → RootRecord-Software-Solutions/RootRecord-Ecosystem (main)
2026-10-01T01:16:31-10:00job:github_sync_all | ↑ [pacific] committed 4 local file(s)
2026-10-01T01:16:31-10:00job:github_sync_all | ↓ [pacific] fetching origin/main
2026-10-01T01:16:31-10:00job:github_sync_all | From github.com:RootRecord-Software-Solutions/RootRecord-Pacific-Solar-Server
2026-10-01T01:16:31-10:00job:github_sync_all | * branch            main       -> FETCH_HEAD
2026-10-01T01:16:31-10:00job:github_sync_all | ↑ [pacific] local is ahead of GitHub
2026-10-01T01:16:31-10:00job:github_sync_all | To github.com:RootRecord-Software-Solutions/RootRecord-Pacific-Solar-Server.git
2026-10-01T01:16:31-10:00job:github_sync_all | a80a707..7126ac1  HEAD -> main
2026-10-01T01:16:31-10:00job:github_sync_all | branch 'main' set up to track 'origin/main'.
2026-10-01T01:16:31-10:00job:github_sync_all | ↑ [pacific] 4 files → RootRecord-Software-Solutions/RootRecord-Pacific-Solar-Server (main)
2026-10-01T01:16:31-10:00job:github_sync_all | ↑ [database] committed 19 local file(s)
2026-10-01T01:16:31-10:00job:github_sync_all | ↓ [database] fetching origin/main
2026-10-01T01:16:31-10:00job:github_sync_all | From github.com:RootRecord-Software-Solutions/RootRecord-Database
2026-10-01T01:16:31-10:00job:github_sync_all | * branch              main       -> FETCH_HEAD
2026-10-01T01:16:31-10:00job:github_sync_all | ↑ [database] local is ahead of GitHub
2026-10-01T01:16:31-10:00job:github_sync_all | To github.com:RootRecord-Software-Solutions/RootRecord-Database.git
2026-10-01T01:16:31-10:00job:github_sync_all | ece94fab..b886106d  HEAD -> main
2026-10-01T01:16:31-10:00job:github_sync_all | branch 'main' set up to track 'origin/main'.
2026-10-01T01:16:31-10:00job:github_sync_all | ↑ [database] 19 files → RootRecord-Software-Solutions/RootRecord-Database (main)
2026-10-01T01:16:31-10:00job:github_sync_all | — [library] no local changes
2026-10-01T01:16:31-10:00job:github_sync_all | ↓ [library] fetching origin/main
2026-10-01T01:16:31-10:00job:github_sync_all | From github.com:RootRecord-Software-Solutions/RootRecord-Library
2026-10-01T01:16:31-10:00job:github_sync_all | * branch            main       -> FETCH_HEAD
2026-10-01T01:16:31-10:00job:github_sync_all | — [library] local and GitHub already match
2026-10-01T01:16:31-10:00job:github_sync_all | — [library] nothing to push
2026-10-01T01:16:31-10:00job:github_sync_all | — [website] no local changes
2026-10-01T01:16:31-10:00job:github_sync_all | ↓ [website] fetching origin/main
2026-10-01T01:16:31-10:00job:github_sync_all | From github.com:RootRecord-Software-Solutions/RootRecord-Website
2026-10-01T01:16:31-10:00job:github_sync_all | * branch            main       -> FETCH_HEAD
2026-10-01T01:16:31-10:00job:github_sync_all | — [website] local and GitHub already match
2026-10-01T01:16:31-10:00job:github_sync_all | — [website] nothing to push
2026-10-01T01:16:31-10:00job:github_sync_all | — [website-personal] no local changes
2026-10-01T01:16:31-10:00job:security_camera_frame_grab RUN  bash "/home/rootrecord/RootRecord-Ecosystem/1 - Servers/1 - RootRecord-Pacific-Solar-Server/Security/Cameras/grab_all.sh"
2026-10-01T01:16:49-10:00job:security_camera_frame_grab | 01:16:31  📷  a-eyes  ch1 → ch1-20261001T111631Z.jpg  (277.3 KB, 4.35s)
2026-10-01T01:16:49-10:00job:security_camera_frame_grab | 01:16:36  📷  a-eyes  ch2 → ch2-20261001T111636Z.jpg  (127.8 KB, 4.20s)
2026-10-01T01:16:49-10:00job:security_camera_frame_grab | 01:16:40  📷  a-eyes  ch3 → ch3-20261001T111640Z.jpg  (399.6 KB, 4.71s)
2026-10-01T01:16:49-10:00job:security_camera_frame_grab | 01:16:45  📷  a-eyes  ch4 → ch4-20261001T111645Z.jpg  (328.5 KB, 4.28s)
2026-10-01T01:16:49-10:00ENERGY  status=live  B2=1.0%  B1=62.9%  solar=0 W  ac=43 W  usbc=0 W  src=/home/rootrecord/RootRecord-Ecosystem/2 - RootRecord-Database/Energy  LAP=100%/Full/AC
2026-10-01T01:17:00-10:00  ✗  ecoflow_read_cycle  WAITING
2026-10-01T01:17:00-10:00job:sys_stats_cycle RUN  bash "/home/rootrecord/RootRecord-Ecosystem/1 - Servers/1 - RootRecord-Pacific-Solar-Server/System/scripts/sys-sample.sh"
2026-10-01T01:17:01-10:00job:sys_stats_cycle | SYSTEM  cpu=7%  load=1.30  mem=57%  src=sqlite
2026-10-01T01:17:01-10:00job:sys_stats_cycle | OK wrote /home/rootrecord/RootRecord-Ecosystem/2 - RootRecord-Database/System/samples/sys-20261001-011700.json
2026-10-01T01:18:00-10:00job:github_sync_all | ↑ [ecosystem] committed 4 local file(s)
2026-10-01T01:18:00-10:00job:github_sync_all | ↓ [ecosystem] fetching origin/main
2026-10-01T01:18:00-10:00job:github_sync_all | From github.com:RootRecord-Software-Solutions/RootRecord-Ecosystem
2026-10-01T01:18:00-10:00job:github_sync_all | * branch              main       -> FETCH_HEAD
2026-10-01T01:18:00-10:00job:github_sync_all | ↑ [ecosystem] local is ahead of GitHub
2026-10-01T01:18:00-10:00job:github_sync_all | To github.com:RootRecord-Software-Solutions/RootRecord-Ecosystem.git
2026-10-01T01:18:00-10:00job:github_sync_all | a34712ce..a1cf04ae  HEAD -> main
2026-10-01T01:18:00-10:00job:github_sync_all | branch 'main' set up to track 'origin/main'.
2026-10-01T01:18:00-10:00job:github_sync_all | ↑ [ecosystem] 4 files → RootRecord-Software-Solutions/RootRecord-Ecosystem (main)
2026-10-01T01:18:00-10:00job:github_sync_all | ↑ [pacific] committed 4 local file(s)
2026-10-01T01:18:00-10:00job:github_sync_all | ↓ [pacific] fetching origin/main
2026-10-01T01:18:00-10:00job:github_sync_all | From github.com:RootRecord-Software-Solutions/RootRecord-Pacific-Solar-Server
2026-10-01T01:18:00-10:00job:github_sync_all | * branch            main       -> FETCH_HEAD
2026-10-01T01:18:00-10:00job:github_sync_all | ↑ [pacific] local is ahead of GitHub
2026-10-01T01:18:00-10:00job:github_sync_all | To github.com:RootRecord-Software-Solutions/RootRecord-Pacific-Solar-Server.git
2026-10-01T01:18:00-10:00job:github_sync_all | 7126ac1..efd5105  HEAD -> main
2026-10-01T01:18:00-10:00job:github_sync_all | branch 'main' set up to track 'origin/main'.
2026-10-01T01:18:00-10:00job:github_sync_all | ↑ [pacific] 4 files → RootRecord-Software-Solutions/RootRecord-Pacific-Solar-Server (main)
2026-10-01T01:18:00-10:00job:github_sync_all | ↑ [database] committed 9 local file(s)
2026-10-01T01:18:00-10:00job:github_sync_all | ↓ [database] fetching origin/main
2026-10-01T01:18:00-10:00job:github_sync_all | From github.com:RootRecord-Software-Solutions/RootRecord-Database
2026-10-01T01:18:00-10:00job:github_sync_all | * branch              main       -> FETCH_HEAD
2026-10-01T01:18:00-10:00job:github_sync_all | ↑ [database] local is ahead of GitHub
2026-10-01T01:18:00-10:00job:github_sync_all | To github.com:RootRecord-Software-Solutions/RootRecord-Database.git
2026-10-01T01:18:00-10:00job:github_sync_all | b886106d..88f871fd  HEAD -> main
2026-10-01T01:18:00-10:00job:github_sync_all | branch 'main' set up to track 'origin/main'.
2026-10-01T01:18:00-10:00job:github_sync_all | ↑ [database] 9 files → RootRecord-Software-Solutions/RootRecord-Database (main)
2026-10-01T01:18:00-10:00job:github_sync_all | — [library] no local changes
2026-10-01T01:18:00-10:00job:github_sync_all | ↓ [library] fetching origin/main
2026-10-01T01:18:00-10:00job:github_sync_all | From github.com:RootRecord-Software-Solutions/RootRecord-Library
2026-10-01T01:18:00-10:00job:github_sync_all | * branch            main       -> FETCH_HEAD
2026-10-01T01:18:00-10:00job:github_sync_all | — [library] local and GitHub already match
2026-10-01T01:18:00-10:00job:github_sync_all | — [library] nothing to push
2026-10-01T01:18:00-10:00job:github_sync_all | ↑ [website] committed 1 local file(s)
2026-10-01T01:18:00-10:00job:github_sync_all | ↓ [website] fetching origin/main
2026-10-01T01:18:00-10:00job:github_sync_all | From github.com:RootRecord-Software-Solutions/RootRecord-Website
2026-10-01T01:18:00-10:00job:github_sync_all | * branch            main       -> FETCH_HEAD
2026-10-01T01:18:00-10:00job:github_sync_all | ↑ [website] local is ahead of GitHub
2026-10-01T01:18:00-10:00job:github_sync_all | To github.com:RootRecord-Software-Solutions/RootRecord-Website.git
2026-10-01T01:18:00-10:00job:github_sync_all | ea8ea4c..703737a  HEAD -> main
2026-10-01T01:18:00-10:00job:worklog_scan RUN  bash "/home/rootrecord/RootRecord-Ecosystem/1 - Servers/1 - RootRecord-Pacific-Solar-Server/Reports/scripts/worklog_once.sh"
2026-10-01T01:18:11-10:00job:worklog_scan | OK wrote/updated /home/rootrecord/RootRecord-Ecosystem/2 - RootRecord-Database/Worklog/worklog_current.md
2026-10-01T01:18:11-10:00job:status_snapshot RUN  nice -n 10 python3 "/home/rootrecord/RootRecord-Ecosystem/1 - Servers/1 - RootRecord-Pacific-Solar-Server/Website/scripts/live_data_pages.py"
2026-10-01T01:18:11-10:00job:status_snapshot | live-data 5 pages
2026-10-01T01:18:12-10:00ENERGY  status=live  B2=1.0%  B1=62.9%  solar=0 W  ac=43 W  usbc=0 W  src=/home/rootrecord/RootRecord-Ecosystem/2 - RootRecord-Database/Energy  LAP=100%/Full/AC
2026-10-01T01:18:23-10:00  ✗  ecoflow_read_cycle  WAITING
2026-10-01T01:18:23-10:00job:sys_stats_cycle RUN  bash "/home/rootrecord/RootRecord-Ecosystem/1 - Servers/1 - RootRecord-Pacific-Solar-Server/System/scripts/sys-sample.sh"
2026-10-01T01:18:25-10:00job:sys_stats_cycle | SYSTEM  cpu=7%  load=1.57  mem=57%  src=sqlite
2026-10-01T01:18:25-10:00job:sys_stats_cycle | OK wrote /home/rootrecord/RootRecord-Ecosystem/2 - RootRecord-Database/System/samples/sys-20261001-011824.json
2026-10-01T01:19:26-10:00job:github_sync_all | ↑ [ecosystem] committed 9 local file(s)
2026-10-01T01:19:26-10:00job:github_sync_all | ↓ [ecosystem] fetching origin/main
2026-10-01T01:19:26-10:00job:github_sync_all | From github.com:RootRecord-Software-Solutions/RootRecord-Ecosystem
2026-10-01T01:19:26-10:00job:github_sync_all | * branch              main       -> FETCH_HEAD
2026-10-01T01:19:26-10:00job:github_sync_all | ↑ [ecosystem] local is ahead of GitHub
2026-10-01T01:19:26-10:00job:github_sync_all | To github.com:RootRecord-Software-Solutions/RootRecord-Ecosystem.git
2026-10-01T01:19:26-10:00job:github_sync_all | a1cf04ae..2ea97ca8  HEAD -> main
2026-10-01T01:19:26-10:00job:github_sync_all | branch 'main' set up to track 'origin/main'.
2026-10-01T01:19:26-10:00job:github_sync_all | ↑ [ecosystem] 9 files → RootRecord-Software-Solutions/RootRecord-Ecosystem (main)
2026-10-01T01:19:26-10:00job:github_sync_all | ↑ [pacific] committed 7 local file(s)
2026-10-01T01:19:26-10:00job:github_sync_all | ↓ [pacific] fetching origin/main
2026-10-01T01:19:26-10:00job:github_sync_all | From github.com:RootRecord-Software-Solutions/RootRecord-Pacific-Solar-Server
2026-10-01T01:19:26-10:00job:github_sync_all | * branch            main       -> FETCH_HEAD
2026-10-01T01:19:26-10:00job:github_sync_all | ↑ [pacific] local is ahead of GitHub
2026-10-01T01:19:26-10:00job:github_sync_all | To github.com:RootRecord-Software-Solutions/RootRecord-Pacific-Solar-Server.git
2026-10-01T01:19:26-10:00job:github_sync_all | efd5105..458d678  HEAD -> main
2026-10-01T01:19:26-10:00job:github_sync_all | branch 'main' set up to track 'origin/main'.
2026-10-01T01:19:26-10:00job:github_sync_all | ↑ [pacific] 7 files → RootRecord-Software-Solutions/RootRecord-Pacific-Solar-Server (main)
2026-10-01T01:19:26-10:00job:github_sync_all | ↑ [database] committed 17 local file(s)
2026-10-01T01:19:26-10:00job:github_sync_all | ↓ [database] fetching origin/main
2026-10-01T01:19:26-10:00job:github_sync_all | From github.com:RootRecord-Software-Solutions/RootRecord-Database
2026-10-01T01:19:26-10:00job:github_sync_all | * branch              main       -> FETCH_HEAD
2026-10-01T01:19:26-10:00job:github_sync_all | ↑ [database] local is ahead of GitHub
2026-10-01T01:19:26-10:00job:github_sync_all | To github.com:RootRecord-Software-Solutions/RootRecord-Database.git
2026-10-01T01:19:26-10:00job:github_sync_all | 88f871fd..301402d7  HEAD -> main
2026-10-01T01:19:26-10:00job:github_sync_all | branch 'main' set up to track 'origin/main'.
2026-10-01T01:19:26-10:00job:github_sync_all | ↑ [database] 17 files → RootRecord-Software-Solutions/RootRecord-Database (main)
2026-10-01T01:19:26-10:00job:github_sync_all | — [library] no local changes
2026-10-01T01:19:26-10:00job:github_sync_all | ↓ [library] fetching origin/main
2026-10-01T01:19:26-10:00job:github_sync_all | From github.com:RootRecord-Software-Solutions/RootRecord-Library
2026-10-01T01:19:26-10:00job:github_sync_all | * branch            main       -> FETCH_HEAD
2026-10-01T01:19:26-10:00job:github_sync_all | — [library] local and GitHub already match
2026-10-01T01:19:26-10:00job:github_sync_all | — [library] nothing to push
2026-10-01T01:19:26-10:00job:github_sync_all | ↑ [website] committed 4 local file(s)
2026-10-01T01:19:26-10:00job:github_sync_all | ↓ [website] fetching origin/main
2026-10-01T01:19:26-10:00job:github_sync_all | From github.com:RootRecord-Software-Solutions/RootRecord-Website
2026-10-01T01:19:26-10:00job:github_sync_all | * branch            main       -> FETCH_HEAD
2026-10-01T01:19:26-10:00job:github_sync_all | ↑ [website] local is ahead of GitHub
2026-10-01T01:19:26-10:00job:github_sync_all | To github.com:RootRecord-Software-Solutions/RootRecord-Website.git
2026-10-01T01:19:26-10:00job:github_sync_all | 703737a..912b61d  HEAD -> main
2026-10-01T01:19:26-10:00job:security_camera_frame_grab RUN  bash "/home/rootrecord/RootRecord-Ecosystem/1 - Servers/1 - RootRecord-Pacific-Solar-Server/Security/Cameras/grab_all.sh"
2026-10-01T01:19:44-10:00job:security_camera_frame_grab | 01:19:26  📷  a-eyes  ch1 → ch1-20261001T111926Z.jpg  (277.6 KB, 4.36s)
2026-10-01T01:19:44-10:00job:security_camera_frame_grab | 01:19:31  📷  a-eyes  ch2 → ch2-20261001T111931Z.jpg  (124.6 KB, 4.40s)
2026-10-01T01:19:44-10:00job:security_camera_frame_grab | 01:19:35  📷  a-eyes  ch3 → ch3-20261001T111935Z.jpg  (382.8 KB, 4.28s)
2026-10-01T01:19:44-10:00job:security_camera_frame_grab | 01:19:40  📷  a-eyes  ch4 → ch4-20261001T111940Z.jpg  (297.8 KB, 4.39s)
2026-10-01T01:19:44-10:00job:service_supervisor RUN  bash "/home/rootrecord/RootRecord-Ecosystem/1 - Servers/1 - RootRecord-Pacific-Solar-Server/Automations/scripts/supervise-services.sh"
2026-10-01T01:19:44-10:00job:service_supervisor | [supervisor] weather alive pid=30098 (act)
2026-10-01T01:19:44-10:00job:service_supervisor | [supervisor] relay alive pid=44115 (act)
2026-10-01T01:19:44-10:00job:geology_collect RUN  nice -n 10 python3 "/home/rootrecord/RootRecord-Ecosystem/1 - Servers/1 - RootRecord-Pacific-Solar-Server/Geology/scripts/geology_collect.py" all
2026-10-01T01:19:46-10:00job:geology_collect | {"ok": true, "at": "2026-10-01T01:19:44-10:00", "what": "all", "dry_run": false, "sources": {"hawaii": {"ok": true, "count": 44, "new": 0, "new_m2": 0, "ms": 336}, "global": {"ok": true, "count": 36, "new": 0, "ms": 280}, "hvo_notices": {"ok": true, "count": 44, "new": 0, "ms": 581}, "hvo_status": {"ok": true, "volcanoes": 8, "kilauea": "WATCH", "mauna_loa": "NORMAL", "ms": 437}}}
2026-10-01T01:19:46-10:00job:system_net_sample RUN  nice -n 10 python3 "/home/rootrecord/RootRecord-Ecosystem/1 - Servers/1 - RootRecord-Pacific-Solar-Server/System/scripts/host_desks.py" net-sample
2026-10-01T01:19:46-10:00job:system_net_sample | {"ok": true, "file": "/home/rootrecord/RootRecord-Ecosystem/2 - RootRecord-Database/System/network/Daily/net-20261001.jsonl", "iface": "wlo1", "hour": {"seconds": 3727, "rx": 1941237933, "tx": 66905014, "total": 2008142947, "iface": "wlo1", "link": "wireless"}, "day": null}
2026-10-01T01:19:46-10:00job:discord_report_relay RUN  nice -n 10 python3 "/home/rootrecord/RootRecord-Ecosystem/1 - Servers/1 - RootRecord-Pacific-Solar-Server/Communications/Discord/scripts/report_relay.py"
2026-10-01T01:19:46-10:00job:discord_report_relay | same
2026-10-01T01:19:47-10:00ENERGY  status=live  B2=1.0%  B1=62.9%  solar=0 W  ac=43 W  usbc=0 W  src=/home/rootrecord/RootRecord-Ecosystem/2 - RootRecord-Database/Energy  LAP=100%/Full/AC
2026-10-01T01:20:03-10:00  ▸  SUMMARY=river2pro soc=61.16% solar=0W ac_out=38W usbc=20W src=ble db=ok
2026-10-01T01:20:03-10:00job:sys_stats_cycle RUN  bash "/home/rootrecord/RootRecord-Ecosystem/1 - Servers/1 - RootRecord-Pacific-Solar-Server/System/scripts/sys-sample.sh"
2026-10-01T01:20:04-10:00job:sys_stats_cycle | SYSTEM  cpu=25%  load=1.51  mem=59%  src=sqlite
2026-10-01T01:20:04-10:00job:sys_stats_cycle | OK wrote /home/rootrecord/RootRecord-Ecosystem/2 - RootRecord-Database/System/samples/sys-20261001-012003.json
2026-10-01T01:21:06-10:00job:github_sync_all | ↑ [ecosystem] committed 14 local file(s)
2026-10-01T01:21:06-10:00job:github_sync_all | ↓ [ecosystem] fetching origin/main
2026-10-01T01:21:06-10:00job:github_sync_all | From github.com:RootRecord-Software-Solutions/RootRecord-Ecosystem
2026-10-01T01:21:06-10:00job:github_sync_all | * branch              main       -> FETCH_HEAD
2026-10-01T01:21:06-10:00job:github_sync_all | ↑ [ecosystem] local is ahead of GitHub
2026-10-01T01:21:06-10:00job:github_sync_all | To github.com:RootRecord-Software-Solutions/RootRecord-Ecosystem.git
2026-10-01T01:21:06-10:00job:github_sync_all | 2ea97ca8..5c4eb4af  HEAD -> main
2026-10-01T01:21:06-10:00job:github_sync_all | branch 'main' set up to track 'origin/main'.
2026-10-01T01:21:06-10:00job:github_sync_all | ↑ [ecosystem] 14 files → RootRecord-Software-Solutions/RootRecord-Ecosystem (main)
2026-10-01T01:21:06-10:00job:github_sync_all | ↑ [pacific] committed 8 local file(s)
2026-10-01T01:21:06-10:00job:github_sync_all | ↓ [pacific] fetching origin/main
2026-10-01T01:21:06-10:00job:github_sync_all | From github.com:RootRecord-Software-Solutions/RootRecord-Pacific-Solar-Server
2026-10-01T01:21:06-10:00job:github_sync_all | * branch            main       -> FETCH_HEAD
2026-10-01T01:21:06-10:00job:github_sync_all | ↑ [pacific] local is ahead of GitHub
2026-10-01T01:21:06-10:00job:github_sync_all | To github.com:RootRecord-Software-Solutions/RootRecord-Pacific-Solar-Server.git
2026-10-01T01:21:06-10:00job:github_sync_all | 458d678..f26c956  HEAD -> main
2026-10-01T01:21:06-10:00job:github_sync_all | branch 'main' set up to track 'origin/main'.
2026-10-01T01:21:06-10:00job:github_sync_all | ↑ [pacific] 8 files → RootRecord-Software-Solutions/RootRecord-Pacific-Solar-Server (main)
2026-10-01T01:21:06-10:00job:github_sync_all | ↑ [database] committed 20 local file(s)
2026-10-01T01:21:06-10:00job:github_sync_all | ↓ [database] fetching origin/main
2026-10-01T01:21:06-10:00job:github_sync_all | From github.com:RootRecord-Software-Solutions/RootRecord-Database
2026-10-01T01:21:06-10:00job:github_sync_all | * branch              main       -> FETCH_HEAD
2026-10-01T01:21:06-10:00job:github_sync_all | ↑ [database] local is ahead of GitHub
2026-10-01T01:21:06-10:00job:github_sync_all | To github.com:RootRecord-Software-Solutions/RootRecord-Database.git
2026-10-01T01:21:06-10:00job:github_sync_all | 301402d7..57f7c766  HEAD -> main
2026-10-01T01:21:06-10:00job:github_sync_all | branch 'main' set up to track 'origin/main'.
2026-10-01T01:21:06-10:00job:github_sync_all | ↑ [database] 20 files → RootRecord-Software-Solutions/RootRecord-Database (main)
2026-10-01T01:21:06-10:00job:github_sync_all | — [library] no local changes
2026-10-01T01:21:06-10:00job:github_sync_all | ↓ [library] fetching origin/main
2026-10-01T01:21:06-10:00job:github_sync_all | From github.com:RootRecord-Software-Solutions/RootRecord-Library
2026-10-01T01:21:06-10:00job:github_sync_all | * branch            main       -> FETCH_HEAD
2026-10-01T01:21:06-10:00job:github_sync_all | — [library] local and GitHub already match
2026-10-01T01:21:06-10:00job:github_sync_all | — [library] nothing to push
2026-10-01T01:21:06-10:00job:github_sync_all | ↑ [website] committed 7 local file(s)
2026-10-01T01:21:06-10:00job:github_sync_all | ↓ [website] fetching origin/main
2026-10-01T01:21:06-10:00job:github_sync_all | From github.com:RootRecord-Software-Solutions/RootRecord-Website
2026-10-01T01:21:06-10:00job:github_sync_all | * branch            main       -> FETCH_HEAD
2026-10-01T01:21:06-10:00job:github_sync_all | ↑ [website] local is ahead of GitHub
2026-10-01T01:21:06-10:00job:github_sync_all | To github.com:RootRecord-Software-Solutions/RootRecord-Website.git
2026-10-01T01:21:06-10:00job:github_sync_all | 912b61d..bb92f48  HEAD -> main
2026-10-01T01:21:06-10:00job:worklog_scan RUN  bash "/home/rootrecord/RootRecord-Ecosystem/1 - Servers/1 - RootRecord-Pacific-Solar-Server/Reports/scripts/worklog_once.sh"
2026-10-01T01:21:14-10:00job:worklog_scan | OK wrote/updated /home/rootrecord/RootRecord-Ecosystem/2 - RootRecord-Database/Worklog/worklog_current.md
2026-10-01T01:21:14-10:00job:security_camera_frame_grab RUN  bash "/home/rootrecord/RootRecord-Ecosystem/1 - Servers/1 - RootRecord-Pacific-Solar-Server/Security/Cameras/grab_all.sh"
2026-10-01T01:21:32-10:00job:security_camera_frame_grab | 01:21:14  📷  a-eyes  ch1 → ch1-20261001T112114Z.jpg  (277.5 KB, 4.54s)
2026-10-01T01:21:32-10:00job:security_camera_frame_grab | 01:21:19  📷  a-eyes  ch2 → ch2-20261001T112119Z.jpg  (123.9 KB, 4.28s)
2026-10-01T01:21:32-10:00job:security_camera_frame_grab | 01:21:23  📷  a-eyes  ch3 → ch3-20261001T112123Z.jpg  (383.3 KB, 4.46s)
2026-10-01T01:21:32-10:00job:security_camera_frame_grab | 01:21:28  📷  a-eyes  ch4 → ch4-20261001T112128Z.jpg  (290.7 KB, 4.17s)
2026-10-01T01:21:32-10:00job:status_snapshot RUN  nice -n 10 python3 "/home/rootrecord/RootRecord-Ecosystem/1 - Servers/1 - RootRecord-Pacific-Solar-Server/Website/scripts/live_data_pages.py"
2026-10-01T01:21:32-10:00job:status_snapshot | live-data 5 pages
2026-10-01T01:21:32-10:00ENERGY  status=live  B2=1.0%  B1=61.2%  solar=0 W  ac=43 W  usbc=0 W  src=/home/rootrecord/RootRecord-Ecosystem/2 - RootRecord-Database/Energy  LAP=100%/Full/AC
2026-10-01T01:21:44-10:00  ✗  ecoflow_read_cycle  WAITING
2026-10-01T01:21:44-10:00job:sys_stats_cycle RUN  bash "/home/rootrecord/RootRecord-Ecosystem/1 - Servers/1 - RootRecord-Pacific-Solar-Server/System/scripts/sys-sample.sh"
2026-10-01T01:21:45-10:00job:sys_stats_cycle | SYSTEM  cpu=8%  load=3.07  mem=61%  src=sqlite
2026-10-01T01:21:45-10:00job:sys_stats_cycle | OK wrote /home/rootrecord/RootRecord-Ecosystem/2 - RootRecord-Database/System/samples/sys-20261001-012144.json
2026-10-01T01:22:41-10:00job:github_sync_all | ↑ [ecosystem] committed 12 local file(s)
2026-10-01T01:22:41-10:00job:github_sync_all | ↓ [ecosystem] fetching origin/main
2026-10-01T01:22:41-10:00job:github_sync_all | From github.com:RootRecord-Software-Solutions/RootRecord-Ecosystem
2026-10-01T01:22:41-10:00job:github_sync_all | * branch              main       -> FETCH_HEAD
2026-10-01T01:22:41-10:00job:github_sync_all | ↑ [ecosystem] local is ahead of GitHub
2026-10-01T01:22:41-10:00job:github_sync_all | To github.com:RootRecord-Software-Solutions/RootRecord-Ecosystem.git
2026-10-01T01:22:41-10:00job:github_sync_all | 5c4eb4af..9a4341ce  HEAD -> main
2026-10-01T01:22:41-10:00job:github_sync_all | branch 'main' set up to track 'origin/main'.
2026-10-01T01:22:41-10:00job:github_sync_all | ↑ [ecosystem] 12 files → RootRecord-Software-Solutions/RootRecord-Ecosystem (main)
2026-10-01T01:22:41-10:00job:github_sync_all | ↑ [pacific] committed 7 local file(s)
2026-10-01T01:22:41-10:00job:github_sync_all | ↓ [pacific] fetching origin/main
2026-10-01T01:22:41-10:00job:github_sync_all | From github.com:RootRecord-Software-Solutions/RootRecord-Pacific-Solar-Server
2026-10-01T01:22:41-10:00job:github_sync_all | * branch            main       -> FETCH_HEAD
2026-10-01T01:22:41-10:00job:github_sync_all | ↑ [pacific] local is ahead of GitHub
2026-10-01T01:22:41-10:00job:github_sync_all | To github.com:RootRecord-Software-Solutions/RootRecord-Pacific-Solar-Server.git
2026-10-01T01:22:41-10:00job:github_sync_all | f26c956..e54ca02  HEAD -> main
2026-10-01T01:22:41-10:00job:github_sync_all | branch 'main' set up to track 'origin/main'.
2026-10-01T01:22:41-10:00job:github_sync_all | ↑ [pacific] 7 files → RootRecord-Software-Solutions/RootRecord-Pacific-Solar-Server (main)
2026-10-01T01:22:41-10:00job:github_sync_all | ↑ [database] committed 17 local file(s)
2026-10-01T01:22:41-10:00job:github_sync_all | ↓ [database] fetching origin/main
2026-10-01T01:22:41-10:00job:github_sync_all | From github.com:RootRecord-Software-Solutions/RootRecord-Database
2026-10-01T01:22:41-10:00job:github_sync_all | * branch              main       -> FETCH_HEAD
2026-10-01T01:22:41-10:00job:github_sync_all | ↑ [database] local is ahead of GitHub
2026-10-01T01:22:41-10:00job:github_sync_all | To github.com:RootRecord-Software-Solutions/RootRecord-Database.git
2026-10-01T01:22:41-10:00job:github_sync_all | 57f7c766..90c4f59d  HEAD -> main
2026-10-01T01:22:41-10:00job:github_sync_all | branch 'main' set up to track 'origin/main'.
2026-10-01T01:22:41-10:00job:github_sync_all | ↑ [database] 17 files → RootRecord-Software-Solutions/RootRecord-Database (main)
2026-10-01T01:22:41-10:00job:github_sync_all | — [library] no local changes
2026-10-01T01:22:41-10:00job:github_sync_all | ↓ [library] fetching origin/main
2026-10-01T01:22:41-10:00job:github_sync_all | From github.com:RootRecord-Software-Solutions/RootRecord-Library
2026-10-01T01:22:41-10:00job:github_sync_all | * branch            main       -> FETCH_HEAD
2026-10-01T01:22:41-10:00job:github_sync_all | — [library] local and GitHub already match
2026-10-01T01:22:41-10:00job:github_sync_all | — [library] nothing to push
2026-10-01T01:22:41-10:00job:github_sync_all | ↑ [website] committed 8 local file(s)
2026-10-01T01:22:41-10:00job:github_sync_all | ↓ [website] fetching origin/main
2026-10-01T01:22:41-10:00job:github_sync_all | From github.com:RootRecord-Software-Solutions/RootRecord-Website
2026-10-01T01:22:41-10:00job:github_sync_all | * branch            main       -> FETCH_HEAD
2026-10-01T01:22:41-10:00job:github_sync_all | ↑ [website] local is ahead of GitHub
2026-10-01T01:22:41-10:00job:github_sync_all | To github.com:RootRecord-Software-Solutions/RootRecord-Website.git
2026-10-01T01:22:41-10:00job:github_sync_all | bb92f48..d46031d  HEAD -> main
2026-10-01T01:22:42-10:00ENERGY  status=live  B2=1.0%  B1=61.2%  solar=0 W  ac=43 W  usbc=0 W  src=/home/rootrecord/RootRecord-Ecosystem/2 - RootRecord-Database/Energy  LAP=100%/Full/AC
2026-10-01T01:22:52-10:00  ✗  ecoflow_read_cycle  WAITING
2026-10-01T01:22:52-10:00job:sys_stats_cycle RUN  bash "/home/rootrecord/RootRecord-Ecosystem/1 - Servers/1 - RootRecord-Pacific-Solar-Server/System/scripts/sys-sample.sh"
2026-10-01T01:22:53-10:00job:sys_stats_cycle | SYSTEM  cpu=6%  load=1.54  mem=60%  src=sqlite
2026-10-01T01:22:53-10:00job:sys_stats_cycle | OK wrote /home/rootrecord/RootRecord-Ecosystem/2 - RootRecord-Database/System/samples/sys-20261001-012252.json
2026-10-01T01:22:53-10:00job:security_camera_frame_grab RUN  bash "/home/rootrecord/RootRecord-Ecosystem/1 - Servers/1 - RootRecord-Pacific-Solar-Server/Security/Cameras/grab_all.sh"
2026-10-01T01:23:11-10:00job:security_camera_frame_grab | 01:22:53  📷  a-eyes  ch1 → ch1-20261001T112253Z.jpg  (279.5 KB, 4.25s)
2026-10-01T01:23:11-10:00job:security_camera_frame_grab | 01:22:58  📷  a-eyes  ch2 → ch2-20261001T112258Z.jpg  (124.1 KB, 4.36s)
2026-10-01T01:23:11-10:00job:security_camera_frame_grab | 01:23:02  📷  a-eyes  ch3 → ch3-20261001T112302Z.jpg  (388.5 KB, 4.28s)
2026-10-01T01:23:11-10:00job:security_camera_frame_grab | 01:23:06  📷  a-eyes  ch4 → ch4-20261001T112306Z.jpg  (287.7 KB, 4.51s)
2026-10-01T01:23:11-10:00job:status_snapshot RUN  nice -n 10 python3 "/home/rootrecord/RootRecord-Ecosystem/1 - Servers/1 - RootRecord-Pacific-Solar-Server/Website/scripts/live_data_pages.py"
2026-10-01T01:23:11-10:00job:status_snapshot | live-data 5 pages
2026-10-01T01:23:22-10:00  ✗  ecoflow_read_cycle  WAITING
2026-10-01T01:23:22-10:00job:sys_stats_cycle RUN  bash "/home/rootrecord/RootRecord-Ecosystem/1 - Servers/1 - RootRecord-Pacific-Solar-Server/System/scripts/sys-sample.sh"
2026-10-01T01:23:23-10:00job:sys_stats_cycle | SYSTEM  cpu=28%  load=2.45  mem=65%  src=sqlite
2026-10-01T01:23:23-10:00job:sys_stats_cycle | OK wrote /home/rootrecord/RootRecord-Ecosystem/2 - RootRecord-Database/System/samples/sys-20261001-012322.json
2026-10-01T01:24:24-10:00job:github_sync_all | ↑ [ecosystem] committed 41 local file(s)
2026-10-01T01:24:24-10:00job:github_sync_all | ↓ [ecosystem] fetching origin/main
2026-10-01T01:24:24-10:00job:github_sync_all | From github.com:RootRecord-Software-Solutions/RootRecord-Ecosystem
2026-10-01T01:24:24-10:00job:github_sync_all | * branch              main       -> FETCH_HEAD
2026-10-01T01:24:24-10:00job:github_sync_all | ↑ [ecosystem] local is ahead of GitHub
2026-10-01T01:24:24-10:00job:github_sync_all | To github.com:RootRecord-Software-Solutions/RootRecord-Ecosystem.git
2026-10-01T01:24:24-10:00job:github_sync_all | 9a4341ce..fd194a56  HEAD -> main
2026-10-01T01:24:24-10:00job:github_sync_all | branch 'main' set up to track 'origin/main'.
2026-10-01T01:24:24-10:00job:github_sync_all | ↑ [ecosystem] 41 files → RootRecord-Software-Solutions/RootRecord-Ecosystem (main)
2026-10-01T01:24:24-10:00job:github_sync_all | ↑ [pacific] committed 37 local file(s)
2026-10-01T01:24:24-10:00job:github_sync_all | ↓ [pacific] fetching origin/main
2026-10-01T01:24:24-10:00job:github_sync_all | From github.com:RootRecord-Software-Solutions/RootRecord-Pacific-Solar-Server
2026-10-01T01:24:24-10:00job:github_sync_all | * branch            main       -> FETCH_HEAD
2026-10-01T01:24:24-10:00job:github_sync_all | ↑ [pacific] local is ahead of GitHub
2026-10-01T01:24:24-10:00job:github_sync_all | To github.com:RootRecord-Software-Solutions/RootRecord-Pacific-Solar-Server.git
2026-10-01T01:24:24-10:00job:github_sync_all | e54ca02..b371d48  HEAD -> main
2026-10-01T01:24:24-10:00job:github_sync_all | branch 'main' set up to track 'origin/main'.
2026-10-01T01:24:24-10:00job:github_sync_all | ↑ [pacific] 37 files → RootRecord-Software-Solutions/RootRecord-Pacific-Solar-Server (main)
2026-10-01T01:24:24-10:00job:github_sync_all | ↑ [database] committed 14 local file(s)
2026-10-01T01:24:24-10:00job:github_sync_all | ↓ [database] fetching origin/main
2026-10-01T01:24:24-10:00job:github_sync_all | From github.com:RootRecord-Software-Solutions/RootRecord-Database
2026-10-01T01:24:24-10:00job:github_sync_all | * branch              main       -> FETCH_HEAD
2026-10-01T01:24:24-10:00job:github_sync_all | ↑ [database] local is ahead of GitHub
2026-10-01T01:24:24-10:00job:github_sync_all | To github.com:RootRecord-Software-Solutions/RootRecord-Database.git
2026-10-01T01:24:24-10:00job:github_sync_all | 90c4f59d..54f2ffb6  HEAD -> main
2026-10-01T01:24:24-10:00job:github_sync_all | branch 'main' set up to track 'origin/main'.
2026-10-01T01:24:24-10:00job:github_sync_all | ↑ [database] 14 files → RootRecord-Software-Solutions/RootRecord-Database (main)
2026-10-01T01:24:24-10:00job:github_sync_all | — [library] no local changes
2026-10-01T01:24:24-10:00job:github_sync_all | ↓ [library] fetching origin/main
2026-10-01T01:24:24-10:00job:github_sync_all | From github.com:RootRecord-Software-Solutions/RootRecord-Library
2026-10-01T01:24:24-10:00job:github_sync_all | * branch            main       -> FETCH_HEAD
2026-10-01T01:24:24-10:00job:github_sync_all | — [library] local and GitHub already match
2026-10-01T01:24:24-10:00job:github_sync_all | — [library] nothing to push
2026-10-01T01:24:24-10:00job:github_sync_all | ↑ [website] committed 36 local file(s)
2026-10-01T01:24:24-10:00job:github_sync_all | ↓ [website] fetching origin/main
2026-10-01T01:24:24-10:00job:github_sync_all | From github.com:RootRecord-Software-Solutions/RootRecord-Website
2026-10-01T01:24:24-10:00job:github_sync_all | * branch            main       -> FETCH_HEAD
2026-10-01T01:24:24-10:00job:github_sync_all | ↑ [website] local is ahead of GitHub
2026-10-01T01:24:24-10:00job:github_sync_all | To github.com:RootRecord-Software-Solutions/RootRecord-Website.git
2026-10-01T01:24:24-10:00job:github_sync_all | d46031d..d387d11  HEAD -> main
2026-10-01T01:24:24-10:00job:worklog_scan RUN  bash "/home/rootrecord/RootRecord-Ecosystem/1 - Servers/1 - RootRecord-Pacific-Solar-Server/Reports/scripts/worklog_once.sh"
2026-10-01T01:24:30-10:00job:worklog_scan | OK wrote/updated /home/rootrecord/RootRecord-Ecosystem/2 - RootRecord-Database/Worklog/worklog_current.md
2026-10-01T01:24:30-10:00ENERGY  status=live  B2=1.0%  B1=61.2%  solar=0 W  ac=43 W  usbc=0 W  src=/home/rootrecord/RootRecord-Ecosystem/2 - RootRecord-Database/Energy  LAP=100%/Full/AC
2026-10-01T01:24:41-10:00  ✗  ecoflow_read_cycle  WAITING
2026-10-01T01:24:41-10:00job:sys_stats_cycle RUN  bash "/home/rootrecord/RootRecord-Ecosystem/1 - Servers/1 - RootRecord-Pacific-Solar-Server/System/scripts/sys-sample.sh"
2026-10-01T01:24:43-10:00job:sys_stats_cycle | SYSTEM  cpu=11%  load=1.70  mem=63%  src=sqlite
2026-10-01T01:24:43-10:00job:sys_stats_cycle | OK wrote /home/rootrecord/RootRecord-Ecosystem/2 - RootRecord-Database/System/samples/sys-20261001-012442.json
2026-10-01T01:25:54-10:00job:github_sync_all | ↑ [ecosystem] committed 3 local file(s)
2026-10-01T01:25:54-10:00job:github_sync_all | ↓ [ecosystem] fetching origin/main
2026-10-01T01:25:54-10:00job:github_sync_all | From github.com:RootRecord-Software-Solutions/RootRecord-Ecosystem
2026-10-01T01:25:54-10:00job:github_sync_all | * branch              main       -> FETCH_HEAD
2026-10-01T01:25:54-10:00job:github_sync_all | ↑ [ecosystem] local is ahead of GitHub
2026-10-01T01:25:54-10:00job:github_sync_all | To github.com:RootRecord-Software-Solutions/RootRecord-Ecosystem.git
2026-10-01T01:25:54-10:00job:github_sync_all | fd194a56..e89292dc  HEAD -> main
2026-10-01T01:25:54-10:00job:github_sync_all | branch 'main' set up to track 'origin/main'.
2026-10-01T01:25:54-10:00job:github_sync_all | ↑ [ecosystem] 3 files → RootRecord-Software-Solutions/RootRecord-Ecosystem (main)
2026-10-01T01:25:54-10:00job:github_sync_all | ↑ [pacific] committed 2 local file(s)
2026-10-01T01:25:54-10:00job:github_sync_all | ↓ [pacific] fetching origin/main
2026-10-01T01:25:54-10:00job:github_sync_all | From github.com:RootRecord-Software-Solutions/RootRecord-Pacific-Solar-Server
2026-10-01T01:25:54-10:00job:github_sync_all | * branch            main       -> FETCH_HEAD
2026-10-01T01:25:54-10:00job:github_sync_all | ↑ [pacific] local is ahead of GitHub
2026-10-01T01:25:54-10:00job:github_sync_all | To github.com:RootRecord-Software-Solutions/RootRecord-Pacific-Solar-Server.git
2026-10-01T01:25:54-10:00job:github_sync_all | b371d48..b9dec2a  HEAD -> main
2026-10-01T01:25:54-10:00job:github_sync_all | branch 'main' set up to track 'origin/main'.
2026-10-01T01:25:54-10:00job:github_sync_all | ↑ [pacific] 2 files → RootRecord-Software-Solutions/RootRecord-Pacific-Solar-Server (main)
2026-10-01T01:25:54-10:00job:github_sync_all | ↑ [database] committed 13 local file(s)
2026-10-01T01:25:54-10:00job:github_sync_all | ↓ [database] fetching origin/main
2026-10-01T01:25:54-10:00job:github_sync_all | From github.com:RootRecord-Software-Solutions/RootRecord-Database
2026-10-01T01:25:54-10:00job:github_sync_all | * branch              main       -> FETCH_HEAD
2026-10-01T01:25:54-10:00job:github_sync_all | ↑ [database] local is ahead of GitHub
2026-10-01T01:25:54-10:00job:github_sync_all | To github.com:RootRecord-Software-Solutions/RootRecord-Database.git
2026-10-01T01:25:54-10:00job:github_sync_all | 54f2ffb6..45f61571  HEAD -> main
2026-10-01T01:25:54-10:00job:github_sync_all | branch 'main' set up to track 'origin/main'.
2026-10-01T01:25:54-10:00job:github_sync_all | ↑ [database] 13 files → RootRecord-Software-Solutions/RootRecord-Database (main)
2026-10-01T01:25:54-10:00job:github_sync_all | — [library] no local changes
2026-10-01T01:25:54-10:00job:github_sync_all | ↓ [library] fetching origin/main
2026-10-01T01:25:54-10:00job:github_sync_all | From github.com:RootRecord-Software-Solutions/RootRecord-Library
2026-10-01T01:25:54-10:00job:github_sync_all | * branch            main       -> FETCH_HEAD
2026-10-01T01:25:54-10:00job:github_sync_all | — [library] local and GitHub already match
2026-10-01T01:25:54-10:00job:github_sync_all | — [library] nothing to push
2026-10-01T01:25:54-10:00job:github_sync_all | ↑ [website] committed 4 local file(s)
2026-10-01T01:25:54-10:00job:github_sync_all | ↓ [website] fetching origin/main
2026-10-01T01:25:54-10:00job:github_sync_all | From github.com:RootRecord-Software-Solutions/RootRecord-Website
2026-10-01T01:25:54-10:00job:github_sync_all | * branch            main       -> FETCH_HEAD
2026-10-01T01:25:54-10:00job:github_sync_all | ↑ [website] local is ahead of GitHub
2026-10-01T01:25:54-10:00job:github_sync_all | To github.com:RootRecord-Software-Solutions/RootRecord-Website.git
2026-10-01T01:25:54-10:00job:github_sync_all | d387d11..dc10f91  HEAD -> main
2026-10-01T01:25:54-10:00job:security_camera_frame_grab RUN  bash "/home/rootrecord/RootRecord-Ecosystem/1 - Servers/1 - RootRecord-Pacific-Solar-Server/Security/Cameras/grab_all.sh"
2026-10-01T01:26:14-10:00job:security_camera_frame_grab | 01:25:54  📷  a-eyes  ch1 → ch1-20261001T112554Z.jpg  (277.5 KB, 4.55s)
2026-10-01T01:26:14-10:00job:security_camera_frame_grab | 01:25:59  📷  a-eyes  ch2 → ch2-20261001T112559Z.jpg  (122.8 KB, 4.38s)
2026-10-01T01:26:14-10:00job:security_camera_frame_grab | 01:26:03  📷  a-eyes  ch3 → ch3-20261001T112603Z.jpg  (387.0 KB, 4.46s)
2026-10-01T01:26:14-10:00job:security_camera_frame_grab | 01:26:08  📷  a-eyes  ch4 → ch4-20261001T112608Z.jpg  (278.3 KB, 6.33s)
2026-10-01T01:26:14-10:00job:status_snapshot RUN  nice -n 10 python3 "/home/rootrecord/RootRecord-Ecosystem/1 - Servers/1 - RootRecord-Pacific-Solar-Server/Website/scripts/live_data_pages.py"
2026-10-01T01:26:14-10:00job:status_snapshot | live-data 5 pages
2026-10-01T01:26:15-10:00ENERGY  status=live  B2=1.0%  B1=61.2%  solar=0 W  ac=43 W  usbc=0 W  src=/home/rootrecord/RootRecord-Ecosystem/2 - RootRecord-Database/Energy  LAP=100%/Full/AC
2026-10-01T01:26:31-10:00  ▸  SUMMARY=river2pro soc=59.75% solar=0W ac_out=39W usbc=20W src=ble db=ok
2026-10-01T01:26:31-10:00job:sys_stats_cycle RUN  bash "/home/rootrecord/RootRecord-Ecosystem/1 - Servers/1 - RootRecord-Pacific-Solar-Server/System/scripts/sys-sample.sh"
2026-10-01T01:26:32-10:00job:sys_stats_cycle | SYSTEM  cpu=5%  load=1.12  mem=66%  src=sqlite
2026-10-01T01:26:32-10:00job:sys_stats_cycle | OK wrote /home/rootrecord/RootRecord-Ecosystem/2 - RootRecord-Database/System/samples/sys-20261001-012632.json
2026-10-01T01:27:32-10:00job:github_sync_all | ↑ [ecosystem] committed 13 local file(s)
2026-10-01T01:27:32-10:00job:github_sync_all | ↓ [ecosystem] fetching origin/main
2026-10-01T01:27:32-10:00job:github_sync_all | From github.com:RootRecord-Software-Solutions/RootRecord-Ecosystem
2026-10-01T01:27:32-10:00job:github_sync_all | * branch              main       -> FETCH_HEAD
2026-10-01T01:27:32-10:00job:github_sync_all | ↑ [ecosystem] local is ahead of GitHub
2026-10-01T01:27:32-10:00job:github_sync_all | To github.com:RootRecord-Software-Solutions/RootRecord-Ecosystem.git
2026-10-01T01:27:32-10:00job:github_sync_all | e89292dc..fdb9051a  HEAD -> main
2026-10-01T01:27:32-10:00job:github_sync_all | branch 'main' set up to track 'origin/main'.
2026-10-01T01:27:32-10:00job:github_sync_all | ↑ [ecosystem] 13 files → RootRecord-Software-Solutions/RootRecord-Ecosystem (main)
2026-10-01T01:27:32-10:00job:github_sync_all | ↑ [pacific] committed 9 local file(s)
2026-10-01T01:27:32-10:00job:github_sync_all | ↓ [pacific] fetching origin/main
2026-10-01T01:27:32-10:00job:github_sync_all | From github.com:RootRecord-Software-Solutions/RootRecord-Pacific-Solar-Server
2026-10-01T01:27:32-10:00job:github_sync_all | * branch            main       -> FETCH_HEAD
2026-10-01T01:27:32-10:00job:github_sync_all | ↑ [pacific] local is ahead of GitHub
2026-10-01T01:27:32-10:00job:github_sync_all | To github.com:RootRecord-Software-Solutions/RootRecord-Pacific-Solar-Server.git
2026-10-01T01:27:32-10:00job:github_sync_all | b9dec2a..2ac6ee7  HEAD -> main
2026-10-01T01:27:32-10:00job:github_sync_all | branch 'main' set up to track 'origin/main'.
2026-10-01T01:27:32-10:00job:github_sync_all | ↑ [pacific] 9 files → RootRecord-Software-Solutions/RootRecord-Pacific-Solar-Server (main)
2026-10-01T01:27:32-10:00job:github_sync_all | ↑ [database] committed 17 local file(s)
2026-10-01T01:27:32-10:00job:github_sync_all | ↓ [database] fetching origin/main
2026-10-01T01:27:32-10:00job:github_sync_all | From github.com:RootRecord-Software-Solutions/RootRecord-Database
2026-10-01T01:27:32-10:00job:github_sync_all | * branch              main       -> FETCH_HEAD
2026-10-01T01:27:32-10:00job:github_sync_all | ↑ [database] local is ahead of GitHub
2026-10-01T01:27:32-10:00job:github_sync_all | To github.com:RootRecord-Software-Solutions/RootRecord-Database.git
2026-10-01T01:27:32-10:00job:github_sync_all | 45f61571..66ea6528  HEAD -> main
2026-10-01T01:27:32-10:00job:github_sync_all | branch 'main' set up to track 'origin/main'.
2026-10-01T01:27:32-10:00job:github_sync_all | ↑ [database] 17 files → RootRecord-Software-Solutions/RootRecord-Database (main)
2026-10-01T01:27:32-10:00job:github_sync_all | — [library] no local changes
2026-10-01T01:27:32-10:00job:github_sync_all | ↓ [library] fetching origin/main
2026-10-01T01:27:32-10:00job:github_sync_all | From github.com:RootRecord-Software-Solutions/RootRecord-Library
2026-10-01T01:27:32-10:00job:github_sync_all | * branch            main       -> FETCH_HEAD
2026-10-01T01:27:32-10:00job:github_sync_all | — [library] local and GitHub already match
2026-10-01T01:27:32-10:00job:github_sync_all | — [library] nothing to push
2026-10-01T01:27:32-10:00job:github_sync_all | ↑ [website] committed 5 local file(s)
2026-10-01T01:27:32-10:00job:github_sync_all | ↓ [website] fetching origin/main
2026-10-01T01:27:32-10:00job:github_sync_all | From github.com:RootRecord-Software-Solutions/RootRecord-Website
2026-10-01T01:27:32-10:00job:github_sync_all | * branch            main       -> FETCH_HEAD
2026-10-01T01:27:32-10:00job:github_sync_all | ↑ [website] local is ahead of GitHub
2026-10-01T01:27:32-10:00job:github_sync_all | To github.com:RootRecord-Software-Solutions/RootRecord-Website.git
2026-10-01T01:27:32-10:00job:github_sync_all | dc10f91..f368e65  HEAD -> main
2026-10-01T01:27:32-10:00job:worklog_scan RUN  bash "/home/rootrecord/RootRecord-Ecosystem/1 - Servers/1 - RootRecord-Pacific-Solar-Server/Reports/scripts/worklog_once.sh"
2026-10-01T01:27:45-10:00job:worklog_scan | OK wrote/updated /home/rootrecord/RootRecord-Ecosystem/2 - RootRecord-Database/Worklog/worklog_current.md
2026-10-01T01:27:45-10:00job:service_supervisor RUN  bash "/home/rootrecord/RootRecord-Ecosystem/1 - Servers/1 - RootRecord-Pacific-Solar-Server/Automations/scripts/supervise-services.sh"
2026-10-01T01:27:46-10:00job:service_supervisor | [supervisor] weather alive pid=30098 (act)
2026-10-01T01:27:46-10:00job:service_supervisor | [supervisor] relay alive pid=44115 (act)
2026-10-01T01:27:46-10:00job:geology_collect RUN  nice -n 10 python3 "/home/rootrecord/RootRecord-Ecosystem/1 - Servers/1 - RootRecord-Pacific-Solar-Server/Geology/scripts/geology_collect.py" all
2026-10-01T01:27:59-10:00job:geology_collect | {"ok": true, "at": "2026-10-01T01:27:46-10:00", "what": "all", "dry_run": false, "sources": {"hawaii": {"ok": true, "count": 49, "new": 5, "new_m2": 4, "ms": 643}, "global": {"ok": true, "count": 35, "new": 0, "ms": 281}, "hvo_notices": {"ok": true, "count": 44, "new": 0, "ms": 10742}, "hvo_status": {"ok": true, "volcanoes": 8, "kilauea": "WATCH", "mauna_loa": "NORMAL", "ms": 1745}}}
2026-10-01T01:27:59-10:00job:system_net_sample RUN  nice -n 10 python3 "/home/rootrecord/RootRecord-Ecosystem/1 - Servers/1 - RootRecord-Pacific-Solar-Server/System/scripts/host_desks.py" net-sample
2026-10-01T01:27:59-10:00job:system_net_sample | {"ok": true, "file": "/home/rootrecord/RootRecord-Ecosystem/2 - RootRecord-Database/System/network/Daily/net-20261001.jsonl", "iface": "wlo1", "hour": {"seconds": 3724, "rx": 1930665392, "tx": 73338990, "total": 2004004382, "iface": "wlo1", "link": "wireless"}, "day": null}
2026-10-01T01:28:00-10:00job:discord_report_relay RUN  nice -n 10 python3 "/home/rootrecord/RootRecord-Ecosystem/1 - Servers/1 - RootRecord-Pacific-Solar-Server/Communications/Discord/scripts/report_relay.py"
2026-10-01T01:28:00-10:00job:discord_report_relay | same
2026-10-01T01:28:00-10:00ENERGY  status=live  B2=1.0%  B1=59.8%  solar=0 W  ac=43 W  usbc=0 W  src=/home/rootrecord/RootRecord-Ecosystem/2 - RootRecord-Database/Energy  LAP=100%/Full/AC
2026-10-01T01:28:12-10:00  ✗  ecoflow_read_cycle  WAITING
2026-10-01T01:28:12-10:00job:sys_stats_cycle RUN  bash "/home/rootrecord/RootRecord-Ecosystem/1 - Servers/1 - RootRecord-Pacific-Solar-Server/System/scripts/sys-sample.sh"
2026-10-01T01:28:13-10:00job:sys_stats_cycle | SYSTEM  cpu=13%  load=1.29  mem=64%  src=sqlite
2026-10-01T01:28:13-10:00job:sys_stats_cycle | OK wrote /home/rootrecord/RootRecord-Ecosystem/2 - RootRecord-Database/System/samples/sys-20261001-012812.json
2026-10-01T01:29:15-10:00job:github_sync_all | ↑ [ecosystem] committed 29 local file(s)
2026-10-01T01:29:15-10:00job:github_sync_all | ↓ [ecosystem] fetching origin/main
2026-10-01T01:29:15-10:00job:github_sync_all | From github.com:RootRecord-Software-Solutions/RootRecord-Ecosystem
2026-10-01T01:29:15-10:00job:github_sync_all | * branch              main       -> FETCH_HEAD
2026-10-01T01:29:15-10:00job:github_sync_all | ↑ [ecosystem] local is ahead of GitHub
2026-10-01T01:29:15-10:00job:github_sync_all | To github.com:RootRecord-Software-Solutions/RootRecord-Ecosystem.git
2026-10-01T01:29:15-10:00job:github_sync_all | fdb9051a..060cb826  HEAD -> main
2026-10-01T01:29:15-10:00job:github_sync_all | branch 'main' set up to track 'origin/main'.
2026-10-01T01:29:15-10:00job:github_sync_all | ↑ [ecosystem] 29 files → RootRecord-Software-Solutions/RootRecord-Ecosystem (main)
2026-10-01T01:29:15-10:00job:github_sync_all | ↑ [pacific] committed 21 local file(s)
2026-10-01T01:29:15-10:00job:github_sync_all | ↓ [pacific] fetching origin/main
2026-10-01T01:29:15-10:00job:github_sync_all | From github.com:RootRecord-Software-Solutions/RootRecord-Pacific-Solar-Server
2026-10-01T01:29:15-10:00job:github_sync_all | * branch            main       -> FETCH_HEAD
2026-10-01T01:29:15-10:00job:github_sync_all | ↑ [pacific] local is ahead of GitHub
2026-10-01T01:29:15-10:00job:github_sync_all | To github.com:RootRecord-Software-Solutions/RootRecord-Pacific-Solar-Server.git
2026-10-01T01:29:15-10:00job:github_sync_all | 2ac6ee7..4db3ef9  HEAD -> main
2026-10-01T01:29:15-10:00job:github_sync_all | branch 'main' set up to track 'origin/main'.
2026-10-01T01:29:15-10:00job:github_sync_all | ↑ [pacific] 21 files → RootRecord-Software-Solutions/RootRecord-Pacific-Solar-Server (main)
2026-10-01T01:29:15-10:00job:github_sync_all | ↑ [database] committed 21 local file(s)
2026-10-01T01:29:15-10:00job:github_sync_all | ↓ [database] fetching origin/main
2026-10-01T01:29:15-10:00job:github_sync_all | From github.com:RootRecord-Software-Solutions/RootRecord-Database
2026-10-01T01:29:15-10:00job:github_sync_all | * branch              main       -> FETCH_HEAD
2026-10-01T01:29:15-10:00job:github_sync_all | ↑ [database] local is ahead of GitHub
2026-10-01T01:29:15-10:00job:github_sync_all | To github.com:RootRecord-Software-Solutions/RootRecord-Database.git
2026-10-01T01:29:15-10:00job:github_sync_all | 66ea6528..4c4e98cf  HEAD -> main
2026-10-01T01:29:15-10:00job:github_sync_all | branch 'main' set up to track 'origin/main'.
2026-10-01T01:29:15-10:00job:github_sync_all | ↑ [database] 21 files → RootRecord-Software-Solutions/RootRecord-Database (main)
2026-10-01T01:29:15-10:00job:github_sync_all | — [library] no local changes
2026-10-01T01:29:15-10:00job:github_sync_all | ↓ [library] fetching origin/main
2026-10-01T01:29:15-10:00job:github_sync_all | From github.com:RootRecord-Software-Solutions/RootRecord-Library
2026-10-01T01:29:15-10:00job:github_sync_all | * branch            main       -> FETCH_HEAD
2026-10-01T01:29:15-10:00job:github_sync_all | — [library] local and GitHub already match
2026-10-01T01:29:15-10:00job:github_sync_all | — [library] nothing to push
2026-10-01T01:29:15-10:00job:github_sync_all | ↑ [website] committed 16 local file(s)
2026-10-01T01:29:15-10:00job:github_sync_all | ↓ [website] fetching origin/main
2026-10-01T01:29:15-10:00job:github_sync_all | From github.com:RootRecord-Software-Solutions/RootRecord-Website
2026-10-01T01:29:15-10:00job:github_sync_all | * branch            main       -> FETCH_HEAD
2026-10-01T01:29:15-10:00job:github_sync_all | ↑ [website] local is ahead of GitHub
2026-10-01T01:29:15-10:00job:github_sync_all | To github.com:RootRecord-Software-Solutions/RootRecord-Website.git
2026-10-01T01:29:15-10:00job:github_sync_all | f368e65..d1e9e9b  HEAD -> main
2026-10-01T01:29:15-10:00job:security_camera_frame_grab RUN  bash "/home/rootrecord/RootRecord-Ecosystem/1 - Servers/1 - RootRecord-Pacific-Solar-Server/Security/Cameras/grab_all.sh"
2026-10-01T01:29:33-10:00job:security_camera_frame_grab | 01:29:16  📷  a-eyes  ch1 → ch1-20261001T112916Z.jpg  (277.5 KB, 4.40s)
2026-10-01T01:29:33-10:00job:security_camera_frame_grab | 01:29:20  📷  a-eyes  ch2 → ch2-20261001T112920Z.jpg  (123.8 KB, 4.24s)
2026-10-01T01:29:33-10:00job:security_camera_frame_grab | 01:29:24  📷  a-eyes  ch3 → ch3-20261001T112924Z.jpg  (382.2 KB, 4.28s)
2026-10-01T01:29:33-10:00job:security_camera_frame_grab | 01:29:29  📷  a-eyes  ch4 → ch4-20261001T112929Z.jpg  (277.1 KB, 4.30s)
2026-10-01T01:29:33-10:00job:status_snapshot RUN  nice -n 10 python3 "/home/rootrecord/RootRecord-Ecosystem/1 - Servers/1 - RootRecord-Pacific-Solar-Server/Website/scripts/live_data_pages.py"
2026-10-01T01:29:33-10:00job:status_snapshot | live-data 5 pages
2026-10-01T01:29:33-10:00ENERGY  status=live  B2=1.0%  B1=59.8%  solar=0 W  ac=43 W  usbc=0 W  src=/home/rootrecord/RootRecord-Ecosystem/2 - RootRecord-Database/Energy  LAP=100%/Full/AC
2026-10-01T01:29:44-10:00  ✗  ecoflow_read_cycle  WAITING
2026-10-01T01:29:44-10:00job:sys_stats_cycle RUN  bash "/home/rootrecord/RootRecord-Ecosystem/1 - Servers/1 - RootRecord-Pacific-Solar-Server/System/scripts/sys-sample.sh"
2026-10-01T01:29:45-10:00job:sys_stats_cycle | SYSTEM  cpu=6%  load=0.83  mem=65%  src=sqlite
2026-10-01T01:29:45-10:00job:sys_stats_cycle | OK wrote /home/rootrecord/RootRecord-Ecosystem/2 - RootRecord-Database/System/samples/sys-20261001-012944.json
2026-10-01T01:30:40-10:00job:github_sync_all | ↑ [ecosystem] committed 11 local file(s)
2026-10-01T01:30:40-10:00job:github_sync_all | ↓ [ecosystem] fetching origin/main
2026-10-01T01:30:40-10:00job:github_sync_all | From github.com:RootRecord-Software-Solutions/RootRecord-Ecosystem
2026-10-01T01:30:40-10:00job:github_sync_all | * branch              main       -> FETCH_HEAD
2026-10-01T01:30:40-10:00job:github_sync_all | ↑ [ecosystem] local is ahead of GitHub
2026-10-01T01:30:40-10:00job:github_sync_all | To github.com:RootRecord-Software-Solutions/RootRecord-Ecosystem.git
2026-10-01T01:30:40-10:00job:github_sync_all | 060cb826..f9fe1e62  HEAD -> main
2026-10-01T01:30:40-10:00job:github_sync_all | branch 'main' set up to track 'origin/main'.
2026-10-01T01:30:40-10:00job:github_sync_all | ↑ [ecosystem] 11 files → RootRecord-Software-Solutions/RootRecord-Ecosystem (main)
2026-10-01T01:30:40-10:00job:github_sync_all | ↑ [pacific] committed 1 local file(s)
2026-10-01T01:30:40-10:00job:github_sync_all | ↓ [pacific] fetching origin/main
2026-10-01T01:30:40-10:00job:github_sync_all | From github.com:RootRecord-Software-Solutions/RootRecord-Pacific-Solar-Server
2026-10-01T01:30:40-10:00job:github_sync_all | * branch            main       -> FETCH_HEAD
2026-10-01T01:30:40-10:00job:github_sync_all | ↑ [pacific] local is ahead of GitHub
2026-10-01T01:30:40-10:00job:github_sync_all | To github.com:RootRecord-Software-Solutions/RootRecord-Pacific-Solar-Server.git
2026-10-01T01:30:40-10:00job:github_sync_all | 4db3ef9..c913af6  HEAD -> main
2026-10-01T01:30:40-10:00job:github_sync_all | branch 'main' set up to track 'origin/main'.
2026-10-01T01:30:40-10:00job:github_sync_all | ↑ [pacific] 1 files → RootRecord-Software-Solutions/RootRecord-Pacific-Solar-Server (main)
2026-10-01T01:30:40-10:00job:github_sync_all | ↑ [database] committed 13 local file(s)
2026-10-01T01:30:40-10:00job:github_sync_all | ↓ [database] fetching origin/main
2026-10-01T01:30:40-10:00job:github_sync_all | From github.com:RootRecord-Software-Solutions/RootRecord-Database
2026-10-01T01:30:40-10:00job:github_sync_all | * branch              main       -> FETCH_HEAD
2026-10-01T01:30:40-10:00job:github_sync_all | ↑ [database] local is ahead of GitHub
2026-10-01T01:30:40-10:00job:github_sync_all | To github.com:RootRecord-Software-Solutions/RootRecord-Database.git
2026-10-01T01:30:40-10:00job:github_sync_all | 4c4e98cf..daf69fd7  HEAD -> main
2026-10-01T01:30:40-10:00job:github_sync_all | branch 'main' set up to track 'origin/main'.
2026-10-01T01:30:40-10:00job:github_sync_all | ↑ [database] 13 files → RootRecord-Software-Solutions/RootRecord-Database (main)
2026-10-01T01:30:40-10:00job:github_sync_all | ↑ [library] committed 6 local file(s)
2026-10-01T01:30:40-10:00job:github_sync_all | ↓ [library] fetching origin/main
2026-10-01T01:30:40-10:00job:github_sync_all | From github.com:RootRecord-Software-Solutions/RootRecord-Library
2026-10-01T01:30:40-10:00job:github_sync_all | * branch            main       -> FETCH_HEAD
2026-10-01T01:30:40-10:00job:github_sync_all | ↑ [library] local is ahead of GitHub
2026-10-01T01:30:40-10:00job:github_sync_all | To github.com:RootRecord-Software-Solutions/RootRecord-Library.git
2026-10-01T01:30:40-10:00job:github_sync_all | 3ac9f76..6f830a6  HEAD -> main
2026-10-01T01:30:40-10:00job:github_sync_all | branch 'main' set up to track 'origin/main'.
2026-10-01T01:30:40-10:00job:github_sync_all | ↑ [library] 6 files → RootRecord-Software-Solutions/RootRecord-Library (main)
2026-10-01T01:30:40-10:00job:github_sync_all | — [website] no local changes
2026-10-01T01:30:40-10:00job:github_sync_all | ↓ [website] fetching origin/main
2026-10-01T01:30:40-10:00job:github_sync_all | From github.com:RootRecord-Software-Solutions/RootRecord-Website
2026-10-01T01:30:40-10:00job:github_sync_all | * branch            main       -> FETCH_HEAD
2026-10-01T01:30:40-10:00job:worklog_scan RUN  bash "/home/rootrecord/RootRecord-Ecosystem/1 - Servers/1 - RootRecord-Pacific-Solar-Server/Reports/scripts/worklog_once.sh"
2026-10-01T01:30:46-10:00job:worklog_scan | OK wrote/updated /home/rootrecord/RootRecord-Ecosystem/2 - RootRecord-Database/Worklog/worklog_current.md
2026-10-01T01:30:46-10:00job:voice_nws_weather RUN  nice -n 10 python3 "/home/rootrecord/RootRecord-Ecosystem/1 - Servers/1 - RootRecord-Pacific-Solar-Server/Media/Voice/scripts/voice_reports.py" nws_weather
2026-10-01T01:30:58-10:00job:voice_nws_weather | {"ok": true, "report": "nws_weather", "md": "/home/rootrecord/RootRecord-Ecosystem/test-reports/Voice/nws_weather_current.md", "sentences": 4, "voice": {"ok": true, "mode": "stitch", "report": "nws_weather", "agent": "ava", "voice": "af_heart", "speed": 1.0, "wav": "/home/rootrecord/RootRecord-Ecosystem/2 - RootRecord-Database/Media/Audio/Voice/nws_weather_current.wav", "clips_used": 0, "live_sentences": 7, "model_loaded": true, "render_s": 11.1, "sample_rate": 24000, "channels": 1, "subtype": "PCM_16", "duration_s": 17.779, "peak_dbfs": -1.5, "rms_dbfs": -20.26, "lead_silence_ms": 113, "qc": "PASS", "wall_s": 11.23, "peak_rss_mb": 1454, "rc": 0}, "deliver": {"ok": true, "sent": false, "detail": "unchanged"}}
2026-10-01T01:30:58-10:00job:voice_energy_report RUN  nice -n 10 python3 "/home/rootrecord/RootRecord-Ecosystem/1 - Servers/1 - RootRecord-Pacific-Solar-Server/Media/Voice/scripts/voice_reports.py" energy_report
2026-10-01T01:30:58-10:00job:voice_energy_report | {"ok": true, "report": "energy_report", "md": "/home/rootrecord/RootRecord-Ecosystem/test-reports/Voice/energy_report_current.md", "sentences": 6, "voice": {"ok": true, "skipped": true, "detail": "blended into the hourly solar desk; this run refreshes the camera look"}}
2026-10-01T01:30:59-10:00ENERGY  status=live  B2=1.0%  B1=59.8%  solar=0 W  ac=43 W  usbc=0 W  src=/home/rootrecord/RootRecord-Ecosystem/2 - RootRecord-Database/Energy  LAP=100%/Full/AC
2026-10-01T01:31:14-10:00  ▸  SUMMARY=river2pro soc=58.72% solar=0W ac_out=34W usbc=23W src=ble db=ok
2026-10-01T01:31:14-10:00job:sys_stats_cycle RUN  bash "/home/rootrecord/RootRecord-Ecosystem/1 - Servers/1 - RootRecord-Pacific-Solar-Server/System/scripts/sys-sample.sh"
2026-10-01T01:31:15-10:00job:sys_stats_cycle | SYSTEM  cpu=7%  load=1.70  mem=62%  src=sqlite
2026-10-01T01:31:15-10:00job:sys_stats_cycle | OK wrote /home/rootrecord/RootRecord-Ecosystem/2 - RootRecord-Database/System/samples/sys-20261001-013115.json
2026-10-01T01:32:17-10:00job:github_sync_all | ↑ [ecosystem] committed 6 local file(s)
2026-10-01T01:32:17-10:00job:github_sync_all | ↓ [ecosystem] fetching origin/main
2026-10-01T01:32:17-10:00job:github_sync_all | From github.com:RootRecord-Software-Solutions/RootRecord-Ecosystem
2026-10-01T01:32:17-10:00job:github_sync_all | * branch              main       -> FETCH_HEAD
2026-10-01T01:32:17-10:00job:github_sync_all | ↑ [ecosystem] local is ahead of GitHub
2026-10-01T01:32:17-10:00job:github_sync_all | To github.com:RootRecord-Software-Solutions/RootRecord-Ecosystem.git
2026-10-01T01:32:17-10:00job:github_sync_all | f9fe1e62..fa6563da  HEAD -> main
2026-10-01T01:32:17-10:00job:github_sync_all | branch 'main' set up to track 'origin/main'.
2026-10-01T01:32:17-10:00job:github_sync_all | ↑ [ecosystem] 6 files → RootRecord-Software-Solutions/RootRecord-Ecosystem (main)
2026-10-01T01:32:17-10:00job:github_sync_all | — [pacific] no local changes
2026-10-01T01:32:17-10:00job:github_sync_all | ↓ [pacific] fetching origin/main
2026-10-01T01:32:17-10:00job:github_sync_all | From github.com:RootRecord-Software-Solutions/RootRecord-Pacific-Solar-Server
2026-10-01T01:32:17-10:00job:github_sync_all | * branch            main       -> FETCH_HEAD
2026-10-01T01:32:17-10:00job:github_sync_all | — [pacific] local and GitHub already match
2026-10-01T01:32:17-10:00job:github_sync_all | — [pacific] nothing to push
2026-10-01T01:32:17-10:00job:github_sync_all | ↑ [database] committed 18 local file(s)
2026-10-01T01:32:17-10:00job:github_sync_all | ↓ [database] fetching origin/main
2026-10-01T01:32:17-10:00job:github_sync_all | From github.com:RootRecord-Software-Solutions/RootRecord-Database
2026-10-01T01:32:17-10:00job:github_sync_all | * branch              main       -> FETCH_HEAD
2026-10-01T01:32:17-10:00job:github_sync_all | ↑ [database] local is ahead of GitHub
2026-10-01T01:32:17-10:00job:github_sync_all | To github.com:RootRecord-Software-Solutions/RootRecord-Database.git
2026-10-01T01:32:17-10:00job:github_sync_all | daf69fd7..7b6a03f0  HEAD -> main
2026-10-01T01:32:17-10:00job:github_sync_all | branch 'main' set up to track 'origin/main'.
2026-10-01T01:32:17-10:00job:github_sync_all | ↑ [database] 18 files → RootRecord-Software-Solutions/RootRecord-Database (main)
2026-10-01T01:32:17-10:00job:github_sync_all | — [library] no local changes
2026-10-01T01:32:17-10:00job:github_sync_all | ↓ [library] fetching origin/main
2026-10-01T01:32:17-10:00job:github_sync_all | From github.com:RootRecord-Software-Solutions/RootRecord-Library
2026-10-01T01:32:17-10:00job:github_sync_all | * branch            main       -> FETCH_HEAD
2026-10-01T01:32:17-10:00job:github_sync_all | — [library] local and GitHub already match
2026-10-01T01:32:17-10:00job:github_sync_all | — [library] nothing to push
2026-10-01T01:32:17-10:00job:github_sync_all | — [website] no local changes
2026-10-01T01:32:17-10:00job:github_sync_all | ↓ [website] fetching origin/main
2026-10-01T01:32:17-10:00job:github_sync_all | From github.com:RootRecord-Software-Solutions/RootRecord-Website
2026-10-01T01:32:17-10:00job:github_sync_all | * branch            main       -> FETCH_HEAD
2026-10-01T01:32:17-10:00job:github_sync_all | — [website] local and GitHub already match
2026-10-01T01:32:17-10:00job:github_sync_all | — [website] nothing to push
2026-10-01T01:32:17-10:00job:github_sync_all | — [website-personal] no local changes
2026-10-01T01:32:17-10:00job:github_sync_all | ↓ [website-personal] fetching origin/main
2026-10-01T01:32:17-10:00job:github_sync_all | From github.com:rootrecordsoftwaresolutions/RootRecord-Website
2026-10-01T01:32:17-10:00job:github_sync_all | * branch            main       -> FETCH_HEAD
2026-10-01T01:32:17-10:00job:security_camera_frame_grab RUN  bash "/home/rootrecord/RootRecord-Ecosystem/1 - Servers/1 - RootRecord-Pacific-Solar-Server/Security/Cameras/grab_all.sh"
2026-10-01T01:32:35-10:00job:security_camera_frame_grab | 01:32:17  📷  a-eyes  ch1 → ch1-20261001T113217Z.jpg  (277.9 KB, 4.32s)
2026-10-01T01:32:35-10:00job:security_camera_frame_grab | 01:32:21  📷  a-eyes  ch2 → ch2-20261001T113221Z.jpg  (125.0 KB, 4.40s)
2026-10-01T01:32:35-10:00job:security_camera_frame_grab | 01:32:26  📷  a-eyes  ch3 → ch3-20261001T113226Z.jpg  (390.3 KB, 4.44s)
2026-10-01T01:32:35-10:00job:security_camera_frame_grab | 01:32:30  📷  a-eyes  ch4 → ch4-20261001T113230Z.jpg  (278.8 KB, 4.38s)
2026-10-01T01:32:35-10:00job:status_snapshot RUN  nice -n 10 python3 "/home/rootrecord/RootRecord-Ecosystem/1 - Servers/1 - RootRecord-Pacific-Solar-Server/Website/scripts/live_data_pages.py"
2026-10-01T01:32:35-10:00job:status_snapshot | live-data 5 pages
2026-10-01T01:32:35-10:00ENERGY  status=live  B2=1.0%  B1=58.7%  solar=0 W  ac=43 W  usbc=0 W  src=/home/rootrecord/RootRecord-Ecosystem/2 - RootRecord-Database/Energy  LAP=100%/Full/AC
2026-10-01T01:32:50-10:00  ▸  SUMMARY=river2pro soc=58.38% solar=0W ac_out=37W usbc=23W src=ble db=ok
2026-10-01T01:32:50-10:00job:sys_stats_cycle RUN  bash "/home/rootrecord/RootRecord-Ecosystem/1 - Servers/1 - RootRecord-Pacific-Solar-Server/System/scripts/sys-sample.sh"
2026-10-01T01:32:52-10:00job:sys_stats_cycle | SYSTEM  cpu=8%  load=1.63  mem=62%  src=sqlite
2026-10-01T01:32:52-10:00job:sys_stats_cycle | OK wrote /home/rootrecord/RootRecord-Ecosystem/2 - RootRecord-Database/System/samples/sys-20261001-013251.json
2026-10-01T01:33:48-10:00job:github_sync_all | ↑ [ecosystem] committed 5 local file(s)
2026-10-01T01:33:48-10:00job:github_sync_all | ↓ [ecosystem] fetching origin/main
2026-10-01T01:33:48-10:00job:github_sync_all | From github.com:RootRecord-Software-Solutions/RootRecord-Ecosystem
2026-10-01T01:33:48-10:00job:github_sync_all | * branch              main       -> FETCH_HEAD
2026-10-01T01:33:48-10:00job:github_sync_all | ↑ [ecosystem] local is ahead of GitHub
2026-10-01T01:33:48-10:00job:github_sync_all | To github.com:RootRecord-Software-Solutions/RootRecord-Ecosystem.git
2026-10-01T01:33:48-10:00job:github_sync_all | fa6563da..b94e9a08  HEAD -> main
2026-10-01T01:33:48-10:00job:github_sync_all | branch 'main' set up to track 'origin/main'.
2026-10-01T01:33:48-10:00job:github_sync_all | ↑ [ecosystem] 5 files → RootRecord-Software-Solutions/RootRecord-Ecosystem (main)
2026-10-01T01:33:48-10:00job:github_sync_all | ↑ [pacific] committed 1 local file(s)
2026-10-01T01:33:48-10:00job:github_sync_all | ↓ [pacific] fetching origin/main
2026-10-01T01:33:48-10:00job:github_sync_all | From github.com:RootRecord-Software-Solutions/RootRecord-Pacific-Solar-Server
2026-10-01T01:33:48-10:00job:github_sync_all | * branch            main       -> FETCH_HEAD
2026-10-01T01:33:48-10:00job:github_sync_all | ↑ [pacific] local is ahead of GitHub
2026-10-01T01:33:48-10:00job:github_sync_all | To github.com:RootRecord-Software-Solutions/RootRecord-Pacific-Solar-Server.git
2026-10-01T01:33:48-10:00job:github_sync_all | c913af6..594fc2b  HEAD -> main
2026-10-01T01:33:48-10:00job:github_sync_all | branch 'main' set up to track 'origin/main'.
2026-10-01T01:33:48-10:00job:github_sync_all | ↑ [pacific] 1 files → RootRecord-Software-Solutions/RootRecord-Pacific-Solar-Server (main)
2026-10-01T01:33:48-10:00job:github_sync_all | ↑ [database] committed 16 local file(s)
2026-10-01T01:33:48-10:00job:github_sync_all | ↓ [database] fetching origin/main
2026-10-01T01:33:48-10:00job:github_sync_all | From github.com:RootRecord-Software-Solutions/RootRecord-Database
2026-10-01T01:33:48-10:00job:github_sync_all | * branch              main       -> FETCH_HEAD
2026-10-01T01:33:48-10:00job:github_sync_all | ↑ [database] local is ahead of GitHub
2026-10-01T01:33:48-10:00job:github_sync_all | To github.com:RootRecord-Software-Solutions/RootRecord-Database.git
2026-10-01T01:33:48-10:00job:github_sync_all | 7b6a03f0..336480ea  HEAD -> main
2026-10-01T01:33:48-10:00job:github_sync_all | branch 'main' set up to track 'origin/main'.
2026-10-01T01:33:48-10:00job:github_sync_all | ↑ [database] 16 files → RootRecord-Software-Solutions/RootRecord-Database (main)
2026-10-01T01:33:48-10:00job:github_sync_all | — [library] no local changes
2026-10-01T01:33:48-10:00job:github_sync_all | ↓ [library] fetching origin/main
2026-10-01T01:33:48-10:00job:github_sync_all | From github.com:RootRecord-Software-Solutions/RootRecord-Library
2026-10-01T01:33:48-10:00job:github_sync_all | * branch            main       -> FETCH_HEAD
2026-10-01T01:33:48-10:00job:github_sync_all | — [library] local and GitHub already match
2026-10-01T01:33:48-10:00job:github_sync_all | — [library] nothing to push
2026-10-01T01:33:48-10:00job:github_sync_all | — [website] no local changes
2026-10-01T01:33:48-10:00job:github_sync_all | ↓ [website] fetching origin/main
2026-10-01T01:33:48-10:00job:github_sync_all | From github.com:RootRecord-Software-Solutions/RootRecord-Website
2026-10-01T01:33:48-10:00job:github_sync_all | * branch            main       -> FETCH_HEAD
2026-10-01T01:33:48-10:00job:github_sync_all | — [website] local and GitHub already match
2026-10-01T01:33:48-10:00job:github_sync_all | — [website] nothing to push
2026-10-01T01:33:48-10:00job:github_sync_all | — [website-personal] no local changes
2026-10-01T01:33:48-10:00job:worklog_scan RUN  bash "/home/rootrecord/RootRecord-Ecosystem/1 - Servers/1 - RootRecord-Pacific-Solar-Server/Reports/scripts/worklog_once.sh"
2026-10-01T01:33:55-10:00job:worklog_scan | OK wrote/updated /home/rootrecord/RootRecord-Ecosystem/2 - RootRecord-Database/Worklog/worklog_current.md
2026-10-01T01:33:56-10:00ENERGY  status=live  B2=1.0%  B1=58.4%  solar=0 W  ac=43 W  usbc=0 W  src=/home/rootrecord/RootRecord-Ecosystem/2 - RootRecord-Database/Energy  LAP=100%/Full/AC
2026-10-01T01:34:11-10:00  ▸  SUMMARY=river2pro soc=58.1% solar=0W ac_out=49W usbc=20W src=ble db=ok
2026-10-01T01:34:11-10:00job:sys_stats_cycle RUN  bash "/home/rootrecord/RootRecord-Ecosystem/1 - Servers/1 - RootRecord-Pacific-Solar-Server/System/scripts/sys-sample.sh"
2026-10-01T01:34:12-10:00job:sys_stats_cycle | SYSTEM  cpu=5%  load=1.27  mem=62%  src=sqlite
2026-10-01T01:34:12-10:00job:sys_stats_cycle | OK wrote /home/rootrecord/RootRecord-Ecosystem/2 - RootRecord-Database/System/samples/sys-20261001-013411.json
2026-10-01T01:35:34-10:00job:github_sync_all | — [ecosystem] no committable local changes
2026-10-01T01:35:34-10:00job:github_sync_all | ↓ [ecosystem] fetching origin/main
2026-10-01T01:35:34-10:00job:github_sync_all | From github.com:RootRecord-Software-Solutions/RootRecord-Ecosystem
2026-10-01T01:35:34-10:00job:github_sync_all | * branch              main       -> FETCH_HEAD
2026-10-01T01:35:34-10:00job:github_sync_all | — [ecosystem] local and GitHub already match
2026-10-01T01:35:34-10:00job:github_sync_all | — [ecosystem] nothing to push
2026-10-01T01:35:34-10:00job:github_sync_all | — [pacific] no local changes
2026-10-01T01:35:34-10:00job:github_sync_all | ↓ [pacific] fetching origin/main
2026-10-01T01:35:34-10:00job:github_sync_all | From github.com:RootRecord-Software-Solutions/RootRecord-Pacific-Solar-Server
2026-10-01T01:35:34-10:00job:github_sync_all | * branch            main       -> FETCH_HEAD
2026-10-01T01:35:34-10:00job:github_sync_all | — [pacific] local and GitHub already match
2026-10-01T01:35:34-10:00job:github_sync_all | — [pacific] nothing to push
2026-10-01T01:35:34-10:00job:github_sync_all | ↑ [database] committed 16 local file(s)
2026-10-01T01:35:34-10:00job:github_sync_all | ↓ [database] fetching origin/main
2026-10-01T01:35:34-10:00job:github_sync_all | From github.com:RootRecord-Software-Solutions/RootRecord-Database
2026-10-01T01:35:34-10:00job:github_sync_all | * branch              main       -> FETCH_HEAD
2026-10-01T01:35:34-10:00job:github_sync_all | ↑ [database] local is ahead of GitHub
2026-10-01T01:35:34-10:00job:github_sync_all | To github.com:RootRecord-Software-Solutions/RootRecord-Database.git
2026-10-01T01:35:34-10:00job:github_sync_all | 336480ea..b04d1c7c  HEAD -> main
2026-10-01T01:35:34-10:00job:github_sync_all | branch 'main' set up to track 'origin/main'.
2026-10-01T01:35:34-10:00job:github_sync_all | ↑ [database] 16 files → RootRecord-Software-Solutions/RootRecord-Database (main)
2026-10-01T01:35:34-10:00job:github_sync_all | — [library] no local changes
2026-10-01T01:35:34-10:00job:github_sync_all | ↓ [library] fetching origin/main
2026-10-01T01:35:34-10:00job:github_sync_all | From github.com:RootRecord-Software-Solutions/RootRecord-Library
2026-10-01T01:35:34-10:00job:github_sync_all | * branch            main       -> FETCH_HEAD
2026-10-01T01:35:34-10:00job:github_sync_all | — [library] local and GitHub already match
2026-10-01T01:35:34-10:00job:github_sync_all | — [library] nothing to push
2026-10-01T01:35:34-10:00job:github_sync_all | — [website] no local changes
2026-10-01T01:35:34-10:00job:github_sync_all | ↓ [website] fetching origin/main
2026-10-01T01:35:34-10:00job:github_sync_all | From github.com:RootRecord-Software-Solutions/RootRecord-Website
2026-10-01T01:35:34-10:00job:github_sync_all | * branch            main       -> FETCH_HEAD
2026-10-01T01:35:34-10:00job:github_sync_all | — [website] local and GitHub already match
2026-10-01T01:35:34-10:00job:github_sync_all | — [website] nothing to push
2026-10-01T01:35:34-10:00job:github_sync_all | — [website-personal] no local changes
2026-10-01T01:35:34-10:00job:github_sync_all | ↓ [website-personal] fetching origin/main
2026-10-01T01:35:34-10:00job:github_sync_all | From github.com:rootrecordsoftwaresolutions/RootRecord-Website
2026-10-01T01:35:34-10:00job:github_sync_all | * branch            main       -> FETCH_HEAD
2026-10-01T01:35:34-10:00job:github_sync_all | — [website-personal] local and GitHub already match
2026-10-01T01:35:34-10:00job:github_sync_all | — [website-personal] nothing to push
2026-10-01T01:35:34-10:00job:github_sync_all | — [mainland] no local changes
2026-10-01T01:35:34-10:00job:security_camera_frame_grab RUN  bash "/home/rootrecord/RootRecord-Ecosystem/1 - Servers/1 - RootRecord-Pacific-Solar-Server/Security/Cameras/grab_all.sh"
2026-10-01T01:35:51-10:00job:security_camera_frame_grab | 01:35:34  📷  a-eyes  ch1 → ch1-20261001T113534Z.jpg  (275.7 KB, 4.28s)
2026-10-01T01:35:51-10:00job:security_camera_frame_grab | 01:35:38  📷  a-eyes  ch2 → ch2-20261001T113538Z.jpg  (123.7 KB, 4.45s)
2026-10-01T01:35:51-10:00job:security_camera_frame_grab | 01:35:43  📷  a-eyes  ch3 → ch3-20261001T113543Z.jpg  (385.1 KB, 4.30s)
2026-10-01T01:35:51-10:00job:security_camera_frame_grab | 01:35:47  📷  a-eyes  ch4 → ch4-20261001T113547Z.jpg  (278.6 KB, 4.29s)
2026-10-01T01:35:51-10:00job:service_supervisor RUN  bash "/home/rootrecord/RootRecord-Ecosystem/1 - Servers/1 - RootRecord-Pacific-Solar-Server/Automations/scripts/supervise-services.sh"
2026-10-01T01:35:52-10:00job:service_supervisor | [supervisor] weather alive pid=30098 (act)
2026-10-01T01:35:52-10:00job:service_supervisor | [supervisor] relay alive pid=44115 (act)
2026-10-01T01:35:52-10:00job:geology_collect RUN  nice -n 10 python3 "/home/rootrecord/RootRecord-Ecosystem/1 - Servers/1 - RootRecord-Pacific-Solar-Server/Geology/scripts/geology_collect.py" all
2026-10-01T01:35:54-10:00job:geology_collect | {"ok": true, "at": "2026-10-01T01:35:52-10:00", "what": "all", "dry_run": false, "sources": {"hawaii": {"ok": true, "count": 50, "new": 1, "new_m2": 1, "ms": 445}, "global": {"ok": true, "count": 35, "new": 0, "ms": 270}, "hvo_notices": {"ok": true, "count": 44, "new": 0, "ms": 712}, "hvo_status": {"ok": true, "volcanoes": 8, "kilauea": "WATCH", "mauna_loa": "NORMAL", "ms": 510}}}
2026-10-01T01:35:54-10:00job:status_snapshot RUN  nice -n 10 python3 "/home/rootrecord/RootRecord-Ecosystem/1 - Servers/1 - RootRecord-Pacific-Solar-Server/Website/scripts/live_data_pages.py"
2026-10-01T01:35:54-10:00job:status_snapshot | live-data 5 pages
2026-10-01T01:35:54-10:00job:system_net_sample RUN  nice -n 10 python3 "/home/rootrecord/RootRecord-Ecosystem/1 - Servers/1 - RootRecord-Pacific-Solar-Server/System/scripts/host_desks.py" net-sample
2026-10-01T01:35:54-10:00job:system_net_sample | {"ok": true, "file": "/home/rootrecord/RootRecord-Ecosystem/2 - RootRecord-Database/System/network/Daily/net-20261001.jsonl", "iface": "wlo1", "hour": {"seconds": 3735, "rx": 1948323662, "tx": 75148687, "total": 2023472349, "iface": "wlo1", "link": "wireless"}, "day": null}
2026-10-01T01:35:54-10:00job:discord_report_relay RUN  nice -n 10 python3 "/home/rootrecord/RootRecord-Ecosystem/1 - Servers/1 - RootRecord-Pacific-Solar-Server/Communications/Discord/scripts/report_relay.py"
2026-10-01T01:35:55-10:00job:discord_report_relay | posted energy_report
2026-10-01T01:35:56-10:00ENERGY  status=live  B2=1.0%  B1=58.1%  solar=0 W  ac=43 W  usbc=0 W  src=/home/rootrecord/RootRecord-Ecosystem/2 - RootRecord-Database/Energy  LAP=100%/Full/AC
2026-10-01T01:36:11-10:00  ▸  SUMMARY=river2pro soc=57.69% solar=0W ac_out=37W usbc=23W src=ble db=ok
2026-10-01T01:36:11-10:00job:sys_stats_cycle RUN  bash "/home/rootrecord/RootRecord-Ecosystem/1 - Servers/1 - RootRecord-Pacific-Solar-Server/System/scripts/sys-sample.sh"
2026-10-01T01:36:12-10:00job:sys_stats_cycle | SYSTEM  cpu=5%  load=0.64  mem=62%  src=sqlite
2026-10-01T01:36:12-10:00job:sys_stats_cycle | OK wrote /home/rootrecord/RootRecord-Ecosystem/2 - RootRecord-Database/System/samples/sys-20261001-013611.json
2026-10-01T01:37:27-10:00job:github_sync_all | ↑ [ecosystem] committed 19 local file(s)
2026-10-01T01:37:27-10:00job:github_sync_all | ↓ [ecosystem] fetching origin/main
2026-10-01T01:37:27-10:00job:github_sync_all | From github.com:RootRecord-Software-Solutions/RootRecord-Ecosystem
2026-10-01T01:37:27-10:00job:github_sync_all | * branch              main       -> FETCH_HEAD
2026-10-01T01:37:27-10:00job:github_sync_all | ↑ [ecosystem] local is ahead of GitHub
2026-10-01T01:37:27-10:00job:github_sync_all | To github.com:RootRecord-Software-Solutions/RootRecord-Ecosystem.git
2026-10-01T01:37:27-10:00job:github_sync_all | b94e9a08..b0e64c36  HEAD -> main
2026-10-01T01:37:27-10:00job:github_sync_all | branch 'main' set up to track 'origin/main'.
2026-10-01T01:37:27-10:00job:github_sync_all | ↑ [ecosystem] 19 files → RootRecord-Software-Solutions/RootRecord-Ecosystem (main)
2026-10-01T01:37:27-10:00job:github_sync_all | ↑ [pacific] committed 5 local file(s)
2026-10-01T01:37:27-10:00job:github_sync_all | ↓ [pacific] fetching origin/main
2026-10-01T01:37:27-10:00job:github_sync_all | From github.com:RootRecord-Software-Solutions/RootRecord-Pacific-Solar-Server
2026-10-01T01:37:27-10:00job:github_sync_all | * branch            main       -> FETCH_HEAD
2026-10-01T01:37:27-10:00job:github_sync_all | ↑ [pacific] local is ahead of GitHub
2026-10-01T01:37:27-10:00job:github_sync_all | To github.com:RootRecord-Software-Solutions/RootRecord-Pacific-Solar-Server.git
2026-10-01T01:37:27-10:00job:github_sync_all | 594fc2b..c4a3af4  HEAD -> main
2026-10-01T01:37:27-10:00job:github_sync_all | branch 'main' set up to track 'origin/main'.
2026-10-01T01:37:27-10:00job:github_sync_all | ↑ [pacific] 5 files → RootRecord-Software-Solutions/RootRecord-Pacific-Solar-Server (main)
2026-10-01T01:37:27-10:00job:github_sync_all | ↑ [database] committed 25 local file(s)
2026-10-01T01:37:27-10:00job:github_sync_all | ↓ [database] fetching origin/main
2026-10-01T01:37:27-10:00job:github_sync_all | From github.com:RootRecord-Software-Solutions/RootRecord-Database
2026-10-01T01:37:27-10:00job:github_sync_all | * branch              main       -> FETCH_HEAD
2026-10-01T01:37:27-10:00job:github_sync_all | ↑ [database] local is ahead of GitHub
2026-10-01T01:37:27-10:00job:github_sync_all | To github.com:RootRecord-Software-Solutions/RootRecord-Database.git
2026-10-01T01:37:27-10:00job:github_sync_all | b04d1c7c..dee03371  HEAD -> main
2026-10-01T01:37:27-10:00job:github_sync_all | branch 'main' set up to track 'origin/main'.
2026-10-01T01:37:27-10:00job:github_sync_all | ↑ [database] 25 files → RootRecord-Software-Solutions/RootRecord-Database (main)
2026-10-01T01:37:27-10:00job:github_sync_all | ↑ [library] committed 5 local file(s)
2026-10-01T01:37:27-10:00job:github_sync_all | ↓ [library] fetching origin/main
2026-10-01T01:37:27-10:00job:github_sync_all | From github.com:RootRecord-Software-Solutions/RootRecord-Library
2026-10-01T01:37:27-10:00job:github_sync_all | * branch            main       -> FETCH_HEAD
2026-10-01T01:37:27-10:00job:github_sync_all | ↑ [library] local is ahead of GitHub
2026-10-01T01:37:27-10:00job:github_sync_all | To github.com:RootRecord-Software-Solutions/RootRecord-Library.git
2026-10-01T01:37:27-10:00job:github_sync_all | 6f830a6..92239fc  HEAD -> main
2026-10-01T01:37:27-10:00job:github_sync_all | branch 'main' set up to track 'origin/main'.
2026-10-01T01:37:27-10:00job:github_sync_all | ↑ [library] 5 files → RootRecord-Software-Solutions/RootRecord-Library (main)
2026-10-01T01:37:27-10:00job:github_sync_all | ↑ [website] committed 4 local file(s)
2026-10-01T01:37:27-10:00job:github_sync_all | ↓ [website] fetching origin/main
2026-10-01T01:37:27-10:00job:github_sync_all | From github.com:RootRecord-Software-Solutions/RootRecord-Website
2026-10-01T01:37:27-10:00job:github_sync_all | * branch            main       -> FETCH_HEAD
2026-10-01T01:37:27-10:00job:worklog_scan RUN  bash "/home/rootrecord/RootRecord-Ecosystem/1 - Servers/1 - RootRecord-Pacific-Solar-Server/Reports/scripts/worklog_once.sh"
2026-10-01T01:37:36-10:00job:worklog_scan | OK wrote/updated /home/rootrecord/RootRecord-Ecosystem/2 - RootRecord-Database/Worklog/worklog_current.md
2026-10-01T01:37:36-10:00job:security_camera_frame_grab RUN  bash "/home/rootrecord/RootRecord-Ecosystem/1 - Servers/1 - RootRecord-Pacific-Solar-Server/Security/Cameras/grab_all.sh"
2026-10-01T01:37:54-10:00job:security_camera_frame_grab | 01:37:36  📷  a-eyes  ch1 → ch1-20261001T113736Z.jpg  (273.9 KB, 4.37s)
2026-10-01T01:37:54-10:00job:security_camera_frame_grab | 01:37:40  📷  a-eyes  ch2 → ch2-20261001T113740Z.jpg  (127.4 KB, 4.44s)
2026-10-01T01:37:54-10:00job:security_camera_frame_grab | 01:37:45  📷  a-eyes  ch3 → ch3-20261001T113745Z.jpg  (394.5 KB, 4.30s)
2026-10-01T01:37:54-10:00job:security_camera_frame_grab | 01:37:49  📷  a-eyes  ch4 → ch4-20261001T113749Z.jpg  (269.2 KB, 4.37s)
2026-10-01T01:37:54-10:00ENERGY  status=live  B2=1.0%  B1=57.7%  solar=0 W  ac=43 W  usbc=0 W  src=/home/rootrecord/RootRecord-Ecosystem/2 - RootRecord-Database/Energy  LAP=100%/Full/AC
2026-10-01T01:38:06-10:00  ✗  ecoflow_read_cycle  WAITING
2026-10-01T01:38:06-10:00job:sys_stats_cycle RUN  bash "/home/rootrecord/RootRecord-Ecosystem/1 - Servers/1 - RootRecord-Pacific-Solar-Server/System/scripts/sys-sample.sh"
2026-10-01T01:38:07-10:00job:sys_stats_cycle | SYSTEM  cpu=5%  load=1.96  mem=64%  src=sqlite
2026-10-01T01:38:07-10:00job:sys_stats_cycle | OK wrote /home/rootrecord/RootRecord-Ecosystem/2 - RootRecord-Database/System/samples/sys-20261001-013806.json
2026-10-01T01:39:08-10:00job:github_sync_all | ↑ [ecosystem] committed 18 local file(s)
2026-10-01T01:39:08-10:00job:github_sync_all | ↓ [ecosystem] fetching origin/main
2026-10-01T01:39:08-10:00job:github_sync_all | From github.com:RootRecord-Software-Solutions/RootRecord-Ecosystem
2026-10-01T01:39:08-10:00job:github_sync_all | * branch              main       -> FETCH_HEAD
2026-10-01T01:39:08-10:00job:github_sync_all | ↑ [ecosystem] local is ahead of GitHub
2026-10-01T01:39:08-10:00job:github_sync_all | To github.com:RootRecord-Software-Solutions/RootRecord-Ecosystem.git
2026-10-01T01:39:08-10:00job:github_sync_all | b0e64c36..2c7f3d2f  HEAD -> main
2026-10-01T01:39:08-10:00job:github_sync_all | branch 'main' set up to track 'origin/main'.
2026-10-01T01:39:08-10:00job:github_sync_all | ↑ [ecosystem] 18 files → RootRecord-Software-Solutions/RootRecord-Ecosystem (main)
2026-10-01T01:39:08-10:00job:github_sync_all | ↑ [pacific] committed 5 local file(s)
2026-10-01T01:39:08-10:00job:github_sync_all | ↓ [pacific] fetching origin/main
2026-10-01T01:39:08-10:00job:github_sync_all | From github.com:RootRecord-Software-Solutions/RootRecord-Pacific-Solar-Server
2026-10-01T01:39:08-10:00job:github_sync_all | * branch            main       -> FETCH_HEAD
2026-10-01T01:39:08-10:00job:github_sync_all | ↑ [pacific] local is ahead of GitHub
2026-10-01T01:39:08-10:00job:github_sync_all | To github.com:RootRecord-Software-Solutions/RootRecord-Pacific-Solar-Server.git
2026-10-01T01:39:08-10:00job:github_sync_all | c4a3af4..118624b  HEAD -> main
2026-10-01T01:39:08-10:00job:github_sync_all | branch 'main' set up to track 'origin/main'.
2026-10-01T01:39:08-10:00job:github_sync_all | ↑ [pacific] 5 files → RootRecord-Software-Solutions/RootRecord-Pacific-Solar-Server (main)
2026-10-01T01:39:08-10:00job:github_sync_all | ↑ [database] committed 12 local file(s)
2026-10-01T01:39:08-10:00job:github_sync_all | ↓ [database] fetching origin/main
2026-10-01T01:39:08-10:00job:github_sync_all | From github.com:RootRecord-Software-Solutions/RootRecord-Database
2026-10-01T01:39:08-10:00job:github_sync_all | * branch              main       -> FETCH_HEAD
2026-10-01T01:39:08-10:00job:github_sync_all | ↑ [database] local is ahead of GitHub
2026-10-01T01:39:08-10:00job:github_sync_all | To github.com:RootRecord-Software-Solutions/RootRecord-Database.git
2026-10-01T01:39:08-10:00job:github_sync_all | dee03371..65b9260a  HEAD -> main
2026-10-01T01:39:08-10:00job:github_sync_all | branch 'main' set up to track 'origin/main'.
2026-10-01T01:39:08-10:00job:github_sync_all | ↑ [database] 12 files → RootRecord-Software-Solutions/RootRecord-Database (main)
2026-10-01T01:39:08-10:00job:github_sync_all | ↑ [library] committed 9 local file(s)
2026-10-01T01:39:08-10:00job:github_sync_all | ↓ [library] fetching origin/main
2026-10-01T01:39:08-10:00job:github_sync_all | From github.com:RootRecord-Software-Solutions/RootRecord-Library
2026-10-01T01:39:08-10:00job:github_sync_all | * branch            main       -> FETCH_HEAD
2026-10-01T01:39:08-10:00job:github_sync_all | ↑ [library] local is ahead of GitHub
2026-10-01T01:39:08-10:00job:github_sync_all | To github.com:RootRecord-Software-Solutions/RootRecord-Library.git
2026-10-01T01:39:08-10:00job:github_sync_all | 92239fc..fcc9275  HEAD -> main
2026-10-01T01:39:08-10:00job:github_sync_all | branch 'main' set up to track 'origin/main'.
2026-10-01T01:39:08-10:00job:github_sync_all | ↑ [library] 9 files → RootRecord-Software-Solutions/RootRecord-Library (main)
2026-10-01T01:39:08-10:00job:github_sync_all | — [website] no local changes
2026-10-01T01:39:08-10:00job:github_sync_all | ↓ [website] fetching origin/main
2026-10-01T01:39:08-10:00job:github_sync_all | From github.com:RootRecord-Software-Solutions/RootRecord-Website
2026-10-01T01:39:08-10:00job:github_sync_all | * branch            main       -> FETCH_HEAD
2026-10-01T01:39:08-10:00job:status_snapshot RUN  nice -n 10 python3 "/home/rootrecord/RootRecord-Ecosystem/1 - Servers/1 - RootRecord-Pacific-Solar-Server/Website/scripts/live_data_pages.py"
2026-10-01T01:39:08-10:00job:status_snapshot | live-data 5 pages
2026-10-01T01:39:08-10:00ENERGY  status=live  B2=1.0%  B1=57.7%  solar=0 W  ac=43 W  usbc=0 W  src=/home/rootrecord/RootRecord-Ecosystem/2 - RootRecord-Database/Energy  LAP=100%/Full/AC
2026-10-01T01:39:24-10:00  ▸  SUMMARY=river2pro soc=57.04% solar=0W ac_out=38W usbc=17W src=ble db=ok
2026-10-01T01:39:24-10:00job:sys_stats_cycle RUN  bash "/home/rootrecord/RootRecord-Ecosystem/1 - Servers/1 - RootRecord-Pacific-Solar-Server/System/scripts/sys-sample.sh"
2026-10-01T01:39:25-10:00job:sys_stats_cycle | SYSTEM  cpu=8%  load=2.16  mem=61%  src=sqlite
2026-10-01T01:39:25-10:00job:sys_stats_cycle | OK wrote /home/rootrecord/RootRecord-Ecosystem/2 - RootRecord-Database/System/samples/sys-20261001-013924.json
2026-10-01T01:39:25-10:00job:worklog_scan RUN  bash "/home/rootrecord/RootRecord-Ecosystem/1 - Servers/1 - RootRecord-Pacific-Solar-Server/Reports/scripts/worklog_once.sh"
2026-10-01T01:39:28-10:00job:worklog_scan | OK wrote/updated /home/rootrecord/RootRecord-Ecosystem/2 - RootRecord-Database/Worklog/worklog_current.md
2026-10-01T01:39:28-10:00job:security_camera_frame_grab RUN  bash "/home/rootrecord/RootRecord-Ecosystem/1 - Servers/1 - RootRecord-Pacific-Solar-Server/Security/Cameras/grab_all.sh"
2026-10-01T01:39:46-10:00job:security_camera_frame_grab | 01:39:28  📷  a-eyes  ch1 → ch1-20261001T113928Z.jpg  (275.0 KB, 4.37s)
2026-10-01T01:39:46-10:00job:security_camera_frame_grab | 01:39:33  📷  a-eyes  ch2 → ch2-20261001T113933Z.jpg  (124.1 KB, 4.58s)
2026-10-01T01:39:46-10:00job:security_camera_frame_grab | 01:39:37  📷  a-eyes  ch3 → ch3-20261001T113937Z.jpg  (385.6 KB, 4.48s)
2026-10-01T01:39:46-10:00job:security_camera_frame_grab | 01:39:42  📷  a-eyes  ch4 → ch4-20261001T113942Z.jpg  (270.1 KB, 4.37s)
2026-10-01T01:40:01-10:00  ▸  SUMMARY=river2pro soc=56.9% solar=0W ac_out=39W usbc=20W src=ble db=ok
2026-10-01T01:40:01-10:00job:sys_stats_cycle RUN  bash "/home/rootrecord/RootRecord-Ecosystem/1 - Servers/1 - RootRecord-Pacific-Solar-Server/System/scripts/sys-sample.sh"
2026-10-01T01:40:02-10:00job:sys_stats_cycle | SYSTEM  cpu=7%  load=2.00  mem=61%  src=sqlite
2026-10-01T01:40:02-10:00job:sys_stats_cycle | OK wrote /home/rootrecord/RootRecord-Ecosystem/2 - RootRecord-Database/System/samples/sys-20261001-014001.json
2026-10-01T01:40:56-10:00job:github_sync_all | ↑ [ecosystem] committed 5 local file(s)
2026-10-01T01:40:56-10:00job:github_sync_all | ↓ [ecosystem] fetching origin/main
2026-10-01T01:40:56-10:00job:github_sync_all | From github.com:RootRecord-Software-Solutions/RootRecord-Ecosystem
2026-10-01T01:40:56-10:00job:github_sync_all | * branch              main       -> FETCH_HEAD
2026-10-01T01:40:56-10:00job:github_sync_all | ↑ [ecosystem] local is ahead of GitHub
2026-10-01T01:40:56-10:00job:github_sync_all | To github.com:RootRecord-Software-Solutions/RootRecord-Ecosystem.git
2026-10-01T01:40:56-10:00job:github_sync_all | 2c7f3d2f..8d8f65d3  HEAD -> main
2026-10-01T01:40:56-10:00job:github_sync_all | branch 'main' set up to track 'origin/main'.
2026-10-01T01:40:56-10:00job:github_sync_all | ↑ [ecosystem] 5 files → RootRecord-Software-Solutions/RootRecord-Ecosystem (main)
2026-10-01T01:40:56-10:00job:github_sync_all | ↑ [pacific] committed 1 local file(s)
2026-10-01T01:40:56-10:00job:github_sync_all | ↓ [pacific] fetching origin/main
2026-10-01T01:40:56-10:00job:github_sync_all | From github.com:RootRecord-Software-Solutions/RootRecord-Pacific-Solar-Server
2026-10-01T01:40:56-10:00job:github_sync_all | * branch            main       -> FETCH_HEAD
2026-10-01T01:40:56-10:00job:github_sync_all | ↑ [pacific] local is ahead of GitHub
2026-10-01T01:40:56-10:00job:github_sync_all | To github.com:RootRecord-Software-Solutions/RootRecord-Pacific-Solar-Server.git
2026-10-01T01:40:56-10:00job:github_sync_all | 118624b..57971a5  HEAD -> main
2026-10-01T01:40:56-10:00job:github_sync_all | branch 'main' set up to track 'origin/main'.
2026-10-01T01:40:56-10:00job:github_sync_all | ↑ [pacific] 1 files → RootRecord-Software-Solutions/RootRecord-Pacific-Solar-Server (main)
2026-10-01T01:40:56-10:00job:github_sync_all | ↑ [database] committed 22 local file(s)
2026-10-01T01:40:56-10:00job:github_sync_all | ↓ [database] fetching origin/main
2026-10-01T01:40:56-10:00job:github_sync_all | From github.com:RootRecord-Software-Solutions/RootRecord-Database
2026-10-01T01:40:56-10:00job:github_sync_all | * branch              main       -> FETCH_HEAD
2026-10-01T01:40:56-10:00job:github_sync_all | ↑ [database] local is ahead of GitHub
2026-10-01T01:40:56-10:00job:github_sync_all | To github.com:RootRecord-Software-Solutions/RootRecord-Database.git
2026-10-01T01:40:56-10:00job:github_sync_all | 65b9260a..62288fd8  HEAD -> main
2026-10-01T01:40:56-10:00job:github_sync_all | branch 'main' set up to track 'origin/main'.
2026-10-01T01:40:56-10:00job:github_sync_all | ↑ [database] 22 files → RootRecord-Software-Solutions/RootRecord-Database (main)
2026-10-01T01:40:56-10:00job:github_sync_all | — [library] no local changes
2026-10-01T01:40:56-10:00job:github_sync_all | ↓ [library] fetching origin/main
2026-10-01T01:40:56-10:00job:github_sync_all | From github.com:RootRecord-Software-Solutions/RootRecord-Library
2026-10-01T01:40:56-10:00job:github_sync_all | * branch            main       -> FETCH_HEAD
2026-10-01T01:40:56-10:00job:github_sync_all | — [library] local and GitHub already match
2026-10-01T01:40:56-10:00job:github_sync_all | — [library] nothing to push
2026-10-01T01:40:56-10:00job:github_sync_all | — [website] no local changes
2026-10-01T01:40:56-10:00job:github_sync_all | ↓ [website] fetching origin/main
2026-10-01T01:40:56-10:00job:github_sync_all | From github.com:RootRecord-Software-Solutions/RootRecord-Website
2026-10-01T01:40:56-10:00job:github_sync_all | * branch            main       -> FETCH_HEAD
2026-10-01T01:40:56-10:00job:github_sync_all | — [website] local and GitHub already match
2026-10-01T01:40:56-10:00job:github_sync_all | — [website] nothing to push
2026-10-01T01:40:56-10:00job:github_sync_all | — [website-personal] no local changes
2026-10-01T01:40:57-10:00ENERGY  status=live  B2=1.0%  B1=56.9%  solar=0 W  ac=43 W  usbc=0 W  src=/home/rootrecord/RootRecord-Ecosystem/2 - RootRecord-Database/Energy  LAP=100%/Full/AC
2026-10-01T01:41:12-10:00  ▸  SUMMARY=river2pro soc=56.66% solar=— ac_out=40W usbc=20W src=ble db=ok
2026-10-01T01:41:12-10:00job:sys_stats_cycle RUN  bash "/home/rootrecord/RootRecord-Ecosystem/1 - Servers/1 - RootRecord-Pacific-Solar-Server/System/scripts/sys-sample.sh"
2026-10-01T01:41:13-10:00job:sys_stats_cycle | SYSTEM  cpu=59%  load=1.21  mem=62%  src=sqlite
2026-10-01T01:41:13-10:00job:sys_stats_cycle | OK wrote /home/rootrecord/RootRecord-Ecosystem/2 - RootRecord-Database/System/samples/sys-20261001-014112.json
2026-10-01T01:41:13-10:00job:security_camera_frame_grab RUN  bash "/home/rootrecord/RootRecord-Ecosystem/1 - Servers/1 - RootRecord-Pacific-Solar-Server/Security/Cameras/grab_all.sh"
2026-10-01T01:41:31-10:00job:security_camera_frame_grab | 01:41:13  📷  a-eyes  ch1 → ch1-20261001T114113Z.jpg  (275.9 KB, 4.29s)
2026-10-01T01:41:31-10:00job:security_camera_frame_grab | 01:41:17  📷  a-eyes  ch2 → ch2-20261001T114117Z.jpg  (122.8 KB, 4.37s)
2026-10-01T01:41:31-10:00job:security_camera_frame_grab | 01:41:22  📷  a-eyes  ch3 → ch3-20261001T114122Z.jpg  (386.4 KB, 4.47s)
2026-10-01T01:41:31-10:00job:security_camera_frame_grab | 01:41:26  📷  a-eyes  ch4 → ch4-20261001T114126Z.jpg  (267.4 KB, 4.30s)
2026-10-01T01:41:31-10:00job:service_supervisor RUN  bash "/home/rootrecord/RootRecord-Ecosystem/1 - Servers/1 - RootRecord-Pacific-Solar-Server/Automations/scripts/supervise-services.sh"
2026-10-01T01:41:31-10:00job:service_supervisor | [supervisor] weather alive pid=30098 (act)
2026-10-01T01:41:31-10:00job:service_supervisor | [supervisor] relay alive pid=44115 (act)
2026-10-01T01:41:31-10:00job:geology_collect RUN  nice -n 10 python3 "/home/rootrecord/RootRecord-Ecosystem/1 - Servers/1 - RootRecord-Pacific-Solar-Server/Geology/scripts/geology_collect.py" all
2026-10-01T01:41:34-10:00job:geology_collect | {"ok": true, "at": "2026-10-01T01:41:31-10:00", "what": "all", "dry_run": false, "sources": {"hawaii": {"ok": true, "count": 50, "new": 0, "new_m2": 0, "ms": 886}, "global": {"ok": true, "count": 35, "new": 0, "ms": 329}, "hvo_notices": {"ok": true, "count": 44, "new": 0, "ms": 846}, "hvo_status": {"ok": true, "volcanoes": 8, "kilauea": "WATCH", "mauna_loa": "NORMAL", "ms": 611}}}
2026-10-01T01:41:34-10:00job:status_snapshot RUN  nice -n 10 python3 "/home/rootrecord/RootRecord-Ecosystem/1 - Servers/1 - RootRecord-Pacific-Solar-Server/Website/scripts/live_data_pages.py"
2026-10-01T01:41:34-10:00job:status_snapshot | live-data 5 pages
2026-10-01T01:41:34-10:00job:system_net_sample RUN  nice -n 10 python3 "/home/rootrecord/RootRecord-Ecosystem/1 - Servers/1 - RootRecord-Pacific-Solar-Server/System/scripts/host_desks.py" net-sample
2026-10-01T01:41:34-10:00job:system_net_sample | {"ok": true, "file": "/home/rootrecord/RootRecord-Ecosystem/2 - RootRecord-Database/System/network/Daily/net-20261001.jsonl", "iface": "wlo1", "hour": {"seconds": 3661, "rx": 1859542253, "tx": 72994761, "total": 1932537014, "iface": "wlo1", "link": "wireless"}, "day": null}
2026-10-01T01:41:34-10:00job:discord_report_relay RUN  nice -n 10 python3 "/home/rootrecord/RootRecord-Ecosystem/1 - Servers/1 - RootRecord-Pacific-Solar-Server/Communications/Discord/scripts/report_relay.py"
2026-10-01T01:41:34-10:00job:discord_report_relay | same
2026-10-01T01:41:49-10:00  ▸  SUMMARY=river2pro soc=56.53% solar=0W ac_out=39W usbc=20W src=ble db=ok
2026-10-01T01:41:49-10:00job:sys_stats_cycle RUN  bash "/home/rootrecord/RootRecord-Ecosystem/1 - Servers/1 - RootRecord-Pacific-Solar-Server/System/scripts/sys-sample.sh"
2026-10-01T01:41:50-10:00job:sys_stats_cycle | SYSTEM  cpu=7%  load=1.73  mem=62%  src=sqlite
2026-10-01T01:41:50-10:00job:sys_stats_cycle | OK wrote /home/rootrecord/RootRecord-Ecosystem/2 - RootRecord-Database/System/samples/sys-20261001-014149.json
2026-10-01T01:42:49-10:00job:github_sync_all | ↑ [ecosystem] committed 12 local file(s)
2026-10-01T01:42:49-10:00job:github_sync_all | ↓ [ecosystem] fetching origin/main
2026-10-01T01:42:49-10:00job:github_sync_all | From github.com:RootRecord-Software-Solutions/RootRecord-Ecosystem
2026-10-01T01:42:49-10:00job:github_sync_all | * branch              main       -> FETCH_HEAD
2026-10-01T01:42:49-10:00job:github_sync_all | ↑ [ecosystem] local is ahead of GitHub
2026-10-01T01:42:49-10:00job:github_sync_all | To github.com:RootRecord-Software-Solutions/RootRecord-Ecosystem.git
2026-10-01T01:42:49-10:00job:github_sync_all | 8d8f65d3..c23dbdea  HEAD -> main
2026-10-01T01:42:49-10:00job:github_sync_all | branch 'main' set up to track 'origin/main'.
2026-10-01T01:42:49-10:00job:github_sync_all | ↑ [ecosystem] 12 files → RootRecord-Software-Solutions/RootRecord-Ecosystem (main)
2026-10-01T01:42:49-10:00job:github_sync_all | ↑ [pacific] committed 1 local file(s)
2026-10-01T01:42:49-10:00job:github_sync_all | ↓ [pacific] fetching origin/main
2026-10-01T01:42:49-10:00job:github_sync_all | From github.com:RootRecord-Software-Solutions/RootRecord-Pacific-Solar-Server
2026-10-01T01:42:49-10:00job:github_sync_all | * branch            main       -> FETCH_HEAD
2026-10-01T01:42:49-10:00job:github_sync_all | ↑ [pacific] local is ahead of GitHub
2026-10-01T01:42:49-10:00job:github_sync_all | To github.com:RootRecord-Software-Solutions/RootRecord-Pacific-Solar-Server.git
2026-10-01T01:42:49-10:00job:github_sync_all | 57971a5..487edc1  HEAD -> main
2026-10-01T01:42:49-10:00job:github_sync_all | branch 'main' set up to track 'origin/main'.
2026-10-01T01:42:49-10:00job:github_sync_all | ↑ [pacific] 1 files → RootRecord-Software-Solutions/RootRecord-Pacific-Solar-Server (main)
2026-10-01T01:42:49-10:00job:github_sync_all | ↑ [database] committed 25 local file(s)
2026-10-01T01:42:49-10:00job:github_sync_all | ↓ [database] fetching origin/main
2026-10-01T01:42:49-10:00job:github_sync_all | From github.com:RootRecord-Software-Solutions/RootRecord-Database
2026-10-01T01:42:49-10:00job:github_sync_all | * branch              main       -> FETCH_HEAD
2026-10-01T01:42:49-10:00job:github_sync_all | ↑ [database] local is ahead of GitHub
2026-10-01T01:42:49-10:00job:github_sync_all | To github.com:RootRecord-Software-Solutions/RootRecord-Database.git
2026-10-01T01:42:49-10:00job:github_sync_all | 62288fd8..a13a639d  HEAD -> main
2026-10-01T01:42:49-10:00job:github_sync_all | branch 'main' set up to track 'origin/main'.
2026-10-01T01:42:49-10:00job:github_sync_all | ↑ [database] 25 files → RootRecord-Software-Solutions/RootRecord-Database (main)
2026-10-01T01:42:49-10:00job:github_sync_all | — [library] no local changes
2026-10-01T01:42:49-10:00job:github_sync_all | ↓ [library] fetching origin/main
2026-10-01T01:42:49-10:00job:github_sync_all | From github.com:RootRecord-Software-Solutions/RootRecord-Library
2026-10-01T01:42:49-10:00job:github_sync_all | * branch            main       -> FETCH_HEAD
2026-10-01T01:42:49-10:00job:github_sync_all | — [library] local and GitHub already match
2026-10-01T01:42:49-10:00job:github_sync_all | — [library] nothing to push
2026-10-01T01:42:49-10:00job:github_sync_all | — [website] no local changes
2026-10-01T01:42:49-10:00job:github_sync_all | ↓ [website] fetching origin/main
2026-10-01T01:42:49-10:00job:github_sync_all | From github.com:RootRecord-Software-Solutions/RootRecord-Website
2026-10-01T01:42:49-10:00job:github_sync_all | * branch            main       -> FETCH_HEAD
2026-10-01T01:42:49-10:00job:github_sync_all | — [website] local and GitHub already match
2026-10-01T01:42:49-10:00job:github_sync_all | — [website] nothing to push
2026-10-01T01:42:49-10:00job:github_sync_all | — [website-personal] no local changes
2026-10-01T01:42:49-10:00job:worklog_scan RUN  bash "/home/rootrecord/RootRecord-Ecosystem/1 - Servers/1 - RootRecord-Pacific-Solar-Server/Reports/scripts/worklog_once.sh"
2026-10-01T01:43:00-10:00job:worklog_scan | OK wrote/updated /home/rootrecord/RootRecord-Ecosystem/2 - RootRecord-Database/Worklog/worklog_current.md
2026-10-01T01:43:00-10:00job:security_camera_frame_grab RUN  bash "/home/rootrecord/RootRecord-Ecosystem/1 - Servers/1 - RootRecord-Pacific-Solar-Server/Security/Cameras/grab_all.sh"
2026-10-01T01:43:18-10:00job:security_camera_frame_grab | 01:43:00  📷  a-eyes  ch1 → ch1-20261001T114300Z.jpg  (274.3 KB, 4.34s)
2026-10-01T01:43:18-10:00job:security_camera_frame_grab | 01:43:05  📷  a-eyes  ch2 → ch2-20261001T114305Z.jpg  (125.5 KB, 4.59s)
2026-10-01T01:43:18-10:00job:security_camera_frame_grab | 01:43:09  📷  a-eyes  ch3 → ch3-20261001T114309Z.jpg  (390.3 KB, 4.32s)
2026-10-01T01:43:18-10:00job:security_camera_frame_grab | 01:43:14  📷  a-eyes  ch4 → ch4-20261001T114314Z.jpg  (264.6 KB, 4.31s)
2026-10-01T01:43:18-10:00ENERGY  status=live  B2=1.0%  B1=56.5%  solar=0 W  ac=43 W  usbc=0 W  src=/home/rootrecord/RootRecord-Ecosystem/2 - RootRecord-Database/Energy  LAP=100%/Full/AC
2026-10-01T01:43:29-10:00tunnel timeout — reconnecting
2026-10-01T01:43:29-10:00tunnel timeout — reconnecting
2026-10-01T01:43:29-10:00tunnel timeout — reconnecting
2026-10-01T01:43:29-10:00tunnel timeout — reconnecting
2026-10-01T01:43:31-10:00tunnel timeout — reconnecting
2026-10-01T01:43:31-10:00tunnel timeout — reconnecting
2026-10-01T01:43:31-10:00tunnel timeout — reconnecting
2026-10-01T01:43:34-10:00  ▸  SUMMARY=river2pro soc=56.17% solar=0W ac_out=75W usbc=20W src=ble db=ok
2026-10-01T01:43:34-10:00job:sys_stats_cycle RUN  bash "/home/rootrecord/RootRecord-Ecosystem/1 - Servers/1 - RootRecord-Pacific-Solar-Server/System/scripts/sys-sample.sh"
2026-10-01T01:43:34-10:00tunnel timeout — reconnecting
2026-10-01T01:43:35-10:00job:sys_stats_cycle | SYSTEM  cpu=36%  load=0.96  mem=63%  src=sqlite
2026-10-01T01:43:35-10:00job:sys_stats_cycle | OK wrote /home/rootrecord/RootRecord-Ecosystem/2 - RootRecord-Database/System/samples/sys-20261001-014334.json
2026-10-01T01:43:38-10:00tunnel connected  conn=0  edge=lax01
2026-10-01T01:43:50-10:00tunnel timeout — reconnecting
2026-10-01T01:43:50-10:00tunnel timeout — reconnecting
2026-10-01T01:43:50-10:00tunnel timeout — reconnecting
2026-10-01T01:43:52-10:00tunnel timeout — reconnecting
2026-10-01T01:43:52-10:00tunnel timeout — reconnecting
2026-10-01T01:43:54-10:00tunnel timeout — reconnecting
2026-10-01T01:43:59-10:00tunnel connected  conn=1  edge=lax11
2026-10-01T01:43:59-10:00tunnel connected  conn=2  edge=lax07
2026-10-01T01:43:59-10:00tunnel connected  conn=3  edge=lax01
2026-10-01T01:44:32-10:00job:github_sync_all | ↑ [ecosystem] committed 1 local file(s)
2026-10-01T01:44:32-10:00job:github_sync_all | ↓ [ecosystem] fetching origin/main
2026-10-01T01:44:32-10:00job:github_sync_all | From github.com:RootRecord-Software-Solutions/RootRecord-Ecosystem
2026-10-01T01:44:32-10:00job:github_sync_all | * branch              main       -> FETCH_HEAD
2026-10-01T01:44:32-10:00job:github_sync_all | ↑ [ecosystem] local is ahead of GitHub
2026-10-01T01:44:32-10:00job:github_sync_all | To github.com:RootRecord-Software-Solutions/RootRecord-Ecosystem.git
2026-10-01T01:44:32-10:00job:github_sync_all | c23dbdea..8329a0e0  HEAD -> main
2026-10-01T01:44:32-10:00job:github_sync_all | branch 'main' set up to track 'origin/main'.
2026-10-01T01:44:32-10:00job:github_sync_all | ↑ [ecosystem] 1 files → RootRecord-Software-Solutions/RootRecord-Ecosystem (main)
2026-10-01T01:44:32-10:00job:github_sync_all | ↑ [pacific] committed 1 local file(s)
2026-10-01T01:44:32-10:00job:github_sync_all | ↓ [pacific] fetching origin/main
2026-10-01T01:44:32-10:00job:github_sync_all | From github.com:RootRecord-Software-Solutions/RootRecord-Pacific-Solar-Server
2026-10-01T01:44:32-10:00job:github_sync_all | * branch            main       -> FETCH_HEAD
2026-10-01T01:44:32-10:00job:github_sync_all | ↑ [pacific] local is ahead of GitHub
2026-10-01T01:44:32-10:00job:github_sync_all | To github.com:RootRecord-Software-Solutions/RootRecord-Pacific-Solar-Server.git
2026-10-01T01:44:32-10:00job:github_sync_all | 487edc1..b446d65  HEAD -> main
2026-10-01T01:44:32-10:00job:github_sync_all | branch 'main' set up to track 'origin/main'.
2026-10-01T01:44:32-10:00job:github_sync_all | ↑ [pacific] 1 files → RootRecord-Software-Solutions/RootRecord-Pacific-Solar-Server (main)
2026-10-01T01:44:32-10:00job:github_sync_all | ↑ [database] committed 16 local file(s)
2026-10-01T01:44:32-10:00job:github_sync_all | ↓ [database] fetching origin/main
2026-10-01T01:44:32-10:00job:github_sync_all | From github.com:RootRecord-Software-Solutions/RootRecord-Database
2026-10-01T01:44:32-10:00job:github_sync_all | * branch              main       -> FETCH_HEAD
2026-10-01T01:44:32-10:00job:github_sync_all | ↑ [database] local is ahead of GitHub
2026-10-01T01:44:32-10:00job:github_sync_all | To github.com:RootRecord-Software-Solutions/RootRecord-Database.git
2026-10-01T01:44:32-10:00job:github_sync_all | a13a639d..361dc658  HEAD -> main
2026-10-01T01:44:32-10:00job:github_sync_all | branch 'main' set up to track 'origin/main'.
2026-10-01T01:44:32-10:00job:github_sync_all | ↑ [database] 16 files → RootRecord-Software-Solutions/RootRecord-Database (main)
2026-10-01T01:44:32-10:00job:github_sync_all | — [library] no local changes
2026-10-01T01:44:32-10:00job:github_sync_all | ↓ [library] fetching origin/main
2026-10-01T01:44:32-10:00job:github_sync_all | From github.com:RootRecord-Software-Solutions/RootRecord-Library
2026-10-01T01:44:32-10:00job:github_sync_all | * branch            main       -> FETCH_HEAD
2026-10-01T01:44:32-10:00job:github_sync_all | — [library] local and GitHub already match
2026-10-01T01:44:32-10:00job:github_sync_all | — [library] nothing to push
2026-10-01T01:44:32-10:00job:github_sync_all | — [website] no local changes
2026-10-01T01:44:32-10:00job:github_sync_all | ↓ [website] fetching origin/main
2026-10-01T01:44:32-10:00job:github_sync_all | From github.com:RootRecord-Software-Solutions/RootRecord-Website
2026-10-01T01:44:32-10:00job:github_sync_all | * branch            main       -> FETCH_HEAD
2026-10-01T01:44:32-10:00job:github_sync_all | — [website] local and GitHub already match
2026-10-01T01:44:32-10:00job:github_sync_all | — [website] nothing to push
2026-10-01T01:44:32-10:00job:github_sync_all | — [website-personal] no local changes
2026-10-01T01:44:32-10:00job:status_snapshot RUN  nice -n 10 python3 "/home/rootrecord/RootRecord-Ecosystem/1 - Servers/1 - RootRecord-Pacific-Solar-Server/Website/scripts/live_data_pages.py"
2026-10-01T01:44:32-10:00job:status_snapshot | live-data 5 pages
2026-10-01T01:44:32-10:00ENERGY  status=live  B2=1.0%  B1=56.2%  solar=0 W  ac=43 W  usbc=0 W  src=/home/rootrecord/RootRecord-Ecosystem/2 - RootRecord-Database/Energy  LAP=100%/Full/AC
2026-10-01T01:44:44-10:00  ✗  ecoflow_read_cycle  WAITING
2026-10-01T01:44:44-10:00job:sys_stats_cycle RUN  bash "/home/rootrecord/RootRecord-Ecosystem/1 - Servers/1 - RootRecord-Pacific-Solar-Server/System/scripts/sys-sample.sh"
2026-10-01T01:44:45-10:00job:sys_stats_cycle | SYSTEM  cpu=4%  load=1.01  mem=63%  src=sqlite
2026-10-01T01:44:45-10:00job:sys_stats_cycle | OK wrote /home/rootrecord/RootRecord-Ecosystem/2 - RootRecord-Database/System/samples/sys-20261001-014444.json
2026-10-01T01:44:45-10:00job:worklog_scan RUN  bash "/home/rootrecord/RootRecord-Ecosystem/1 - Servers/1 - RootRecord-Pacific-Solar-Server/Reports/scripts/worklog_once.sh"
2026-10-01T01:44:52-10:00job:worklog_scan | OK wrote/updated /home/rootrecord/RootRecord-Ecosystem/2 - RootRecord-Database/Worklog/worklog_current.md
2026-10-01T01:44:52-10:00job:security_camera_frame_grab RUN  bash "/home/rootrecord/RootRecord-Ecosystem/1 - Servers/1 - RootRecord-Pacific-Solar-Server/Security/Cameras/grab_all.sh"
2026-10-01T01:45:09-10:00job:security_camera_frame_grab | 01:44:52  📷  a-eyes  ch1 → ch1-20261001T114452Z.jpg  (274.5 KB, 4.17s)
2026-10-01T01:45:09-10:00job:security_camera_frame_grab | 01:44:56  📷  a-eyes  ch2 → ch2-20261001T114456Z.jpg  (123.0 KB, 4.38s)
2026-10-01T01:45:09-10:00job:security_camera_frame_grab | 01:45:00  📷  a-eyes  ch3 → ch3-20261001T114500Z.jpg  (390.6 KB, 4.16s)
2026-10-01T01:45:09-10:00job:security_camera_frame_grab | 01:45:05  📷  a-eyes  ch4 → ch4-20261001T114505Z.jpg  (269.1 KB, 4.56s)
2026-10-01T01:45:09-10:00job:voice_nws_weather RUN  nice -n 10 python3 "/home/rootrecord/RootRecord-Ecosystem/1 - Servers/1 - RootRecord-Pacific-Solar-Server/Media/Voice/scripts/voice_reports.py" nws_weather
2026-10-01T01:45:21-10:00job:voice_nws_weather | {"ok": true, "report": "nws_weather", "md": "/home/rootrecord/RootRecord-Ecosystem/test-reports/Voice/nws_weather_current.md", "sentences": 4, "voice": {"ok": true, "mode": "stitch", "report": "nws_weather", "agent": "ava", "voice": "af_heart", "speed": 1.0, "wav": "/home/rootrecord/RootRecord-Ecosystem/2 - RootRecord-Database/Media/Audio/Voice/nws_weather_current.wav", "clips_used": 0, "live_sentences": 7, "model_loaded": true, "render_s": 10.58, "sample_rate": 24000, "channels": 1, "subtype": "PCM_16", "duration_s": 17.778, "peak_dbfs": -1.5, "rms_dbfs": -20.35, "lead_silence_ms": 113, "qc": "PASS", "wall_s": 10.64, "peak_rss_mb": 1433, "rc": 0}, "deliver": {"ok": true, "sent": false, "detail": "unchanged"}}
2026-10-01T01:45:32-10:00  ✗  ecoflow_read_cycle  WAITING
2026-10-01T01:45:32-10:00job:sys_stats_cycle RUN  bash "/home/rootrecord/RootRecord-Ecosystem/1 - Servers/1 - RootRecord-Pacific-Solar-Server/System/scripts/sys-sample.sh"
2026-10-01T01:45:33-10:00job:sys_stats_cycle | SYSTEM  cpu=5%  load=1.41  mem=65%  src=sqlite
2026-10-01T01:45:33-10:00job:sys_stats_cycle | OK wrote /home/rootrecord/RootRecord-Ecosystem/2 - RootRecord-Database/System/samples/sys-20261001-014532.json
2026-10-01T01:46:21-10:00job:github_sync_all FAIL code=-15
2026-10-01T01:46:21-10:00job:github_sync_all ! ↑ [ecosystem] committed 13 local file(s)
2026-10-01T01:46:21-10:00job:github_sync_all ! ↓ [ecosystem] fetching origin/main
2026-10-01T01:46:21-10:00job:github_sync_all ! From github.com:RootRecord-Software-Solutions/RootRecord-Ecosystem
2026-10-01T01:46:21-10:00job:github_sync_all !  * branch              main       -> FETCH_HEAD
2026-10-01T01:46:21-10:00job:github_sync_all ! ↑ [ecosystem] local is ahead of GitHub
2026-10-01T01:46:21-10:00job:github_sync_all ! To github.com:RootRecord-Software-Solutions/RootRecord-Ecosystem.git
2026-10-01T01:46:21-10:00job:github_sync_all !    8329a0e0..0d39d97b  HEAD -> main
2026-10-01T01:46:21-10:00job:github_sync_all ! branch 'main' set up to track 'origin/main'.
2026-10-01T01:46:21-10:00job:github_sync_all ! ↑ [ecosystem] 13 files → RootRecord-Software-Solutions/RootRecord-Ecosystem (main)
2026-10-01T01:46:21-10:00job:github_sync_all ! ↑ [pacific] committed 5 local file(s)
2026-10-01T01:46:21-10:00job:github_sync_all ! ↓ [pacific] fetching origin/main
2026-10-01T01:46:21-10:00job:github_sync_all ! From github.com:RootRecord-Software-Solutions/RootRecord-Pacific-Solar-Server
2026-10-01T01:46:21-10:00job:github_sync_all !  * branch            main       -> FETCH_HEAD
2026-10-01T01:46:21-10:00job:github_sync_all ! ↑ [pacific] local is ahead of GitHub
2026-10-01T01:46:21-10:00job:github_sync_all ! To github.com:RootRecord-Software-Solutions/RootRecord-Pacific-Solar-Server.git
2026-10-01T01:46:21-10:00job:github_sync_all !    b446d65..8deee83  HEAD -> main
2026-10-01T01:46:21-10:00job:github_sync_all ! branch 'main' set up to track 'origin/main'.
2026-10-01T01:46:21-10:00job:github_sync_all ! ↑ [pacific] 5 files → RootRecord-Software-Solutions/RootRecord-Pacific-Solar-Server (main)
2026-10-01T01:46:21-10:00job:github_sync_all ! ↑ [database] committed 20 local file(s)
2026-10-01T01:46:21-10:00job:github_sync_all ! ↓ [database] fetching origin/main
2026-10-01T01:46:42-10:00HTTP listening on http://127.0.0.1:8799 (open access on bind)
2026-10-01T01:46:42-10:00boot:start  jobs=10
2026-10-01T01:46:42-10:00boot:run  priority=0  id=self_terminal
2026-10-01T01:46:42-10:00boot:p0 self_process pid=3050
2026-10-01T01:46:42-10:00boot:run  priority=1  id=cloudflare_tunnel
2026-10-01T01:46:42-10:00job:cloudflare_tunnel SKIP — offline (will retry when internet is up)
2026-10-01T01:46:42-10:00boot:run  priority=2  id=github_setup_remotes
2026-10-01T01:46:42-10:00job:github_setup_remotes SKIP — offline (will retry when internet is up)
2026-10-01T01:46:42-10:00boot:run  priority=3  id=ollama_warmup
2026-10-01T01:46:42-10:00job:ollama_warmup RUN  bash '/home/rootrecord/RootRecord-Ecosystem/1 - Servers/1 - RootRecord-Pacific-Solar-Server/System/scripts/plumbing/ollama-warmup.sh'
2026-10-01T01:47:42-10:00job:ollama_warmup | [wait] ollama not up; sleeping 60s before another start
2026-10-01T01:47:42-10:00job:ollama_warmup | [ok] ollama up
2026-10-01T01:47:42-10:00boot:run  priority=4  id=flm_npu_warmup
2026-10-01T01:47:42-10:00job:flm_npu_warmup RUN  bash '/home/rootrecord/RootRecord-Ecosystem/1 - Servers/1 - RootRecord-Pacific-Solar-Server/System/scripts/plumbing/flm-warmup.sh'
2026-10-01T01:47:42-10:00job:flm_npu_warmup | [skip] FLM warmup disabled (no resident model; set FLM_WARMUP_RESIDENT=1 to opt in)
2026-10-01T01:47:42-10:00boot:run  priority=5  id=council_relay
2026-10-01T01:47:42-10:00job:council_relay RUN  bash "/home/rootrecord/RootRecord-Ecosystem/1 - Servers/1 - RootRecord-Pacific-Solar-Server/Communications/telegram/scripts/ensure-relay.sh"
2026-10-01T01:47:45-10:00job:council_relay | [ok] council-relay started pid=5292 → /home/rootrecord/RootRecord-Ecosystem/2 - RootRecord-Database/Logs/Communications/council-relay.log
2026-10-01T01:47:45-10:00boot:run  priority=6  id=security_camera_server
2026-10-01T01:47:45-10:00job:security_camera_server RUN  bash "/home/rootrecord/RootRecord-Ecosystem/1 - Servers/1 - RootRecord-Pacific-Solar-Server/Security/Cameras/ensure_cam_server.sh"
2026-10-01T01:47:45-10:00job:security_camera_server | security cam server started
2026-10-01T01:47:45-10:00boot:run  priority=7  id=security_timelapse_catchup
2026-10-01T01:47:45-10:00job:security_timelapse_catchup RUN  bash "/home/rootrecord/RootRecord-Ecosystem/1 - Servers/1 - RootRecord-Pacific-Solar-Server/Security/Cameras/timelapse_catchup.sh"
2026-10-01T01:47:45-10:00job:security_timelapse_catchup | 01:47:45  🎬  a-eyes-timelapse  catchup: checking 20261001, now=01:47 HST
2026-10-01T01:47:45-10:00job:security_timelapse_catchup | 01:47:45  🎬  a-eyes-timelapse  catchup: window still open today, skipping daily render
2026-10-01T01:47:45-10:00boot:run  priority=8  id=weather_poller
2026-10-01T01:47:45-10:00job:weather_poller RUN  bash "/home/rootrecord/RootRecord-Ecosystem/1 - Servers/1 - RootRecord-Pacific-Solar-Server/Weather/scripts/ensure-weather-poller.sh"
2026-10-01T01:47:46-10:00job:weather_poller | [ensure-weather-poller] starting -- entry=/home/rootrecord/RootRecord-Ecosystem/1 - Servers/1 - RootRecord-Pacific-Solar-Server/Weather/scripts/run_poller.py log=/home/rootrecord/RootRecord-Ecosystem/2 - RootRecord-Database/Weather/Hawai'i/logs/weather-poller.log
2026-10-01T01:47:46-10:00job:weather_poller | [ensure-weather-poller] verify: weather poller is running
2026-10-01T01:47:46-10:00boot:run  priority=9  id=network_globe_hawaii
2026-10-01T01:47:46-10:00job:network_globe_hawaii RUN  bash "/home/rootrecord/RootRecord-Ecosystem/1 - Servers/1 - RootRecord-Pacific-Solar-Server/Communications/network/scripts/ensure-network-globe-hawaii.sh"
2026-10-01T01:47:47-10:00job:network_globe_hawaii | [ensure-network-globe-hawaii] starting network-globe-hawaii.service
2026-10-01T01:47:47-10:00job:network_globe_hawaii | [ensure-network-globe-hawaii] verify: network-globe-hawaii.service is active
2026-10-01T01:47:47-10:00boot:done
2026-10-01T01:48:15-10:00  ▸  SUMMARY=river2pro soc=55.26% solar=0W ac_out=42W usbc=10W src=ble db=ok
2026-10-01T01:48:15-10:00scheduler  every_seconds=11  every_minute=10  every_hour=2  on_at=10
2026-10-01T01:48:15-10:00ENERGY  status=live  B2=1.0%  B1=55.3%  solar=0 W  ac=43 W  usbc=0 W  src=/home/rootrecord/RootRecord-Ecosystem/2 - RootRecord-Database/Energy  LAP=100%/Full/AC
2026-10-01T01:48:28-10:00  ▸  SUMMARY=river2pro soc=55.22% solar=0W ac_out=39W usbc=8W src=ble db=ok
2026-10-01T01:48:28-10:00job:sys_stats_cycle RUN  bash "/home/rootrecord/RootRecord-Ecosystem/1 - Servers/1 - RootRecord-Pacific-Solar-Server/System/scripts/sys-sample.sh"
2026-10-01T01:48:30-10:00job:sys_stats_cycle | SYSTEM  cpu=0%  load=0.56  mem=11%  src=sqlite
2026-10-01T01:48:30-10:00job:sys_stats_cycle | OK wrote /home/rootrecord/RootRecord-Ecosystem/2 - RootRecord-Database/System/samples/sys-20261001-014829.json
2026-10-01T01:49:20-10:00job:github_sync_all | — [ecosystem] no committable local changes
2026-10-01T01:49:20-10:00job:github_sync_all | ↓ [ecosystem] fetching origin/main
2026-10-01T01:49:20-10:00job:github_sync_all | From github.com:RootRecord-Software-Solutions/RootRecord-Ecosystem
2026-10-01T01:49:20-10:00job:github_sync_all | * branch              main       -> FETCH_HEAD
2026-10-01T01:49:20-10:00job:github_sync_all | — [ecosystem] local and GitHub already match
2026-10-01T01:49:20-10:00job:github_sync_all | — [ecosystem] nothing to push
2026-10-01T01:49:20-10:00job:github_sync_all | — [pacific] no local changes
2026-10-01T01:49:20-10:00job:github_sync_all | ↓ [pacific] fetching origin/main
2026-10-01T01:49:20-10:00job:github_sync_all | From github.com:RootRecord-Software-Solutions/RootRecord-Pacific-Solar-Server
2026-10-01T01:49:20-10:00job:github_sync_all | * branch            main       -> FETCH_HEAD
2026-10-01T01:49:20-10:00job:github_sync_all | — [pacific] local and GitHub already match
2026-10-01T01:49:20-10:00job:github_sync_all | — [pacific] nothing to push
2026-10-01T01:49:20-10:00job:github_sync_all | ↑ [database] committed 13 local file(s)
2026-10-01T01:49:20-10:00job:github_sync_all | ↓ [database] fetching origin/main
2026-10-01T01:49:20-10:00job:github_sync_all | From github.com:RootRecord-Software-Solutions/RootRecord-Database
2026-10-01T01:49:20-10:00job:github_sync_all | * branch              main       -> FETCH_HEAD
2026-10-01T01:49:20-10:00job:github_sync_all | ↑ [database] local is ahead of GitHub
2026-10-01T01:49:20-10:00job:github_sync_all | To github.com:RootRecord-Software-Solutions/RootRecord-Database.git
2026-10-01T01:49:20-10:00job:github_sync_all | c62d3403..03834975  HEAD -> main
2026-10-01T01:49:20-10:00job:github_sync_all | branch 'main' set up to track 'origin/main'.
2026-10-01T01:49:20-10:00job:github_sync_all | ↑ [database] 13 files → RootRecord-Software-Solutions/RootRecord-Database (main)
2026-10-01T01:49:20-10:00job:github_sync_all | — [library] no local changes
2026-10-01T01:49:20-10:00job:github_sync_all | ↓ [library] fetching origin/main
2026-10-01T01:49:20-10:00job:github_sync_all | From github.com:RootRecord-Software-Solutions/RootRecord-Library
2026-10-01T01:49:20-10:00job:github_sync_all | * branch            main       -> FETCH_HEAD
2026-10-01T01:49:20-10:00job:github_sync_all | — [library] local and GitHub already match
2026-10-01T01:49:20-10:00job:github_sync_all | — [library] nothing to push
2026-10-01T01:49:20-10:00job:github_sync_all | — [website] no local changes
2026-10-01T01:49:20-10:00job:github_sync_all | ↓ [website] fetching origin/main
2026-10-01T01:49:20-10:00job:github_sync_all | From github.com:RootRecord-Software-Solutions/RootRecord-Website
2026-10-01T01:49:20-10:00job:github_sync_all | * branch            main       -> FETCH_HEAD
2026-10-01T01:49:20-10:00job:github_sync_all | — [website] local and GitHub already match
2026-10-01T01:49:20-10:00job:github_sync_all | — [website] nothing to push
2026-10-01T01:49:20-10:00job:github_sync_all | — [website-personal] no local changes
2026-10-01T01:49:20-10:00job:github_sync_all | ↓ [website-personal] fetching origin/main
2026-10-01T01:49:20-10:00job:github_sync_all | From github.com:rootrecordsoftwaresolutions/RootRecord-Website
2026-10-01T01:49:20-10:00job:github_sync_all | * branch            main       -> FETCH_HEAD
2026-10-01T01:49:20-10:00job:github_sync_all | — [website-personal] local and GitHub already match
2026-10-01T01:49:20-10:00job:github_sync_all | — [website-personal] nothing to push
2026-10-01T01:49:20-10:00job:github_sync_all | — [mainland] no local changes
2026-10-01T01:49:20-10:00job:worklog_scan RUN  bash "/home/rootrecord/RootRecord-Ecosystem/1 - Servers/1 - RootRecord-Pacific-Solar-Server/Reports/scripts/worklog_once.sh"
2026-10-01T01:49:25-10:00job:worklog_scan | OK wrote/updated /home/rootrecord/RootRecord-Ecosystem/2 - RootRecord-Database/Worklog/worklog_current.md
2026-10-01T01:49:25-10:00job:security_camera_frame_grab RUN  bash "/home/rootrecord/RootRecord-Ecosystem/1 - Servers/1 - RootRecord-Pacific-Solar-Server/Security/Cameras/grab_all.sh"
2026-10-01T01:49:43-10:00job:security_camera_frame_grab | 01:49:25  📷  a-eyes  ch1 → ch1-20261001T114925Z.jpg  (275.0 KB, 4.45s)
2026-10-01T01:49:43-10:00job:security_camera_frame_grab | 01:49:29  📷  a-eyes  ch2 → ch2-20261001T114929Z.jpg  (123.2 KB, 4.46s)
2026-10-01T01:49:43-10:00job:security_camera_frame_grab | 01:49:34  📷  a-eyes  ch3 → ch3-20261001T114934Z.jpg  (392.7 KB, 4.58s)
2026-10-01T01:49:43-10:00job:security_camera_frame_grab | 01:49:38  📷  a-eyes  ch4 → ch4-20261001T114938Z.jpg  (282.5 KB, 4.38s)
2026-10-01T01:49:43-10:00job:service_supervisor RUN  bash "/home/rootrecord/RootRecord-Ecosystem/1 - Servers/1 - RootRecord-Pacific-Solar-Server/Automations/scripts/supervise-services.sh"
2026-10-01T01:49:43-10:00job:service_supervisor | [supervisor] weather alive pid=5534 (act)
2026-10-01T01:49:43-10:00job:service_supervisor | [supervisor] relay alive pid=5292 (act)
2026-10-01T01:49:43-10:00job:geology_collect RUN  nice -n 10 python3 "/home/rootrecord/RootRecord-Ecosystem/1 - Servers/1 - RootRecord-Pacific-Solar-Server/Geology/scripts/geology_collect.py" all
2026-10-01T01:49:46-10:00job:geology_collect | {"ok": true, "at": "2026-10-01T01:49:43-10:00", "what": "all", "dry_run": false, "sources": {"hawaii": {"ok": true, "count": 52, "new": 2, "new_m2": 1, "ms": 947}, "global": {"ok": true, "count": 35, "new": 0, "ms": 301}, "hvo_notices": {"ok": true, "count": 44, "new": 0, "ms": 707}, "hvo_status": {"ok": true, "volcanoes": 8, "kilauea": "WATCH", "mauna_loa": "NORMAL", "ms": 510}}}
2026-10-01T01:49:46-10:00job:status_snapshot RUN  nice -n 10 python3 "/home/rootrecord/RootRecord-Ecosystem/1 - Servers/1 - RootRecord-Pacific-Solar-Server/Website/scripts/live_data_pages.py"
2026-10-01T01:49:46-10:00job:status_snapshot | live-data 5 pages
2026-10-01T01:49:46-10:00job:system_net_sample RUN  nice -n 10 python3 "/home/rootrecord/RootRecord-Ecosystem/1 - Servers/1 - RootRecord-Pacific-Solar-Server/System/scripts/host_desks.py" net-sample
2026-10-01T01:49:46-10:00job:system_net_sample | {"ok": true, "file": "/home/rootrecord/RootRecord-Ecosystem/2 - RootRecord-Database/System/network/Daily/net-20261001.jsonl", "iface": "wlo1", "hour": null, "day": null}
2026-10-01T01:49:46-10:00job:discord_report_relay RUN  nice -n 10 python3 "/home/rootrecord/RootRecord-Ecosystem/1 - Servers/1 - RootRecord-Pacific-Solar-Server/Communications/Discord/scripts/report_relay.py"
2026-10-01T01:49:46-10:00job:discord_report_relay | same
2026-10-01T01:49:46-10:00ENERGY  status=live  B2=1.0%  B1=55.2%  solar=0 W  ac=43 W  usbc=0 W  src=/home/rootrecord/RootRecord-Ecosystem/2 - RootRecord-Database/Energy  LAP=100%/Full/AC
2026-10-01T01:50:01-10:00  ▸  SUMMARY=river2pro soc=54.95% solar=0W ac_out=37W usbc=9W src=ble db=ok
2026-10-01T01:50:01-10:00job:sys_stats_cycle RUN  bash "/home/rootrecord/RootRecord-Ecosystem/1 - Servers/1 - RootRecord-Pacific-Solar-Server/System/scripts/sys-sample.sh"
2026-10-01T01:50:02-10:00job:sys_stats_cycle | SYSTEM  cpu=3%  load=0.53  mem=12%  src=sqlite
2026-10-01T01:50:02-10:00job:sys_stats_cycle | OK wrote /home/rootrecord/RootRecord-Ecosystem/2 - RootRecord-Database/System/samples/sys-20261001-015002.json
2026-10-01T01:51:04-10:00job:github_sync_all | ↑ [ecosystem] committed 15 local file(s)
2026-10-01T01:51:04-10:00job:github_sync_all | ↓ [ecosystem] fetching origin/main
2026-10-01T01:51:04-10:00job:github_sync_all | From github.com:RootRecord-Software-Solutions/RootRecord-Ecosystem
2026-10-01T01:51:04-10:00job:github_sync_all | * branch              main       -> FETCH_HEAD
2026-10-01T01:51:04-10:00job:github_sync_all | ↑ [ecosystem] local is ahead of GitHub
2026-10-01T01:51:04-10:00job:github_sync_all | To github.com:RootRecord-Software-Solutions/RootRecord-Ecosystem.git
2026-10-01T01:51:04-10:00job:github_sync_all | 0d39d97b..55e6acea  HEAD -> main
2026-10-01T01:51:04-10:00job:github_sync_all | branch 'main' set up to track 'origin/main'.
2026-10-01T01:51:04-10:00job:github_sync_all | ↑ [ecosystem] 15 files → RootRecord-Software-Solutions/RootRecord-Ecosystem (main)
2026-10-01T01:51:04-10:00job:github_sync_all | ↑ [pacific] committed 3 local file(s)
2026-10-01T01:51:04-10:00job:github_sync_all | ↓ [pacific] fetching origin/main
2026-10-01T01:51:04-10:00job:github_sync_all | From github.com:RootRecord-Software-Solutions/RootRecord-Pacific-Solar-Server
2026-10-01T01:51:04-10:00job:github_sync_all | * branch            main       -> FETCH_HEAD
2026-10-01T01:51:04-10:00job:github_sync_all | ↑ [pacific] local is ahead of GitHub
2026-10-01T01:51:04-10:00job:github_sync_all | To github.com:RootRecord-Software-Solutions/RootRecord-Pacific-Solar-Server.git
2026-10-01T01:51:04-10:00job:github_sync_all | 8deee83..bb7ff15  HEAD -> main
2026-10-01T01:51:04-10:00job:github_sync_all | branch 'main' set up to track 'origin/main'.
2026-10-01T01:51:04-10:00job:github_sync_all | ↑ [pacific] 3 files → RootRecord-Software-Solutions/RootRecord-Pacific-Solar-Server (main)
2026-10-01T01:51:04-10:00job:github_sync_all | ↑ [database] committed 29 local file(s)
2026-10-01T01:51:04-10:00job:github_sync_all | ↓ [database] fetching origin/main
2026-10-01T01:51:04-10:00job:github_sync_all | From github.com:RootRecord-Software-Solutions/RootRecord-Database
2026-10-01T01:51:04-10:00job:github_sync_all | * branch              main       -> FETCH_HEAD
2026-10-01T01:51:04-10:00job:github_sync_all | ↑ [database] local is ahead of GitHub
2026-10-01T01:51:04-10:00job:github_sync_all | To github.com:RootRecord-Software-Solutions/RootRecord-Database.git
2026-10-01T01:51:04-10:00job:github_sync_all | 03834975..c905b469  HEAD -> main
2026-10-01T01:51:04-10:00job:github_sync_all | branch 'main' set up to track 'origin/main'.
2026-10-01T01:51:04-10:00job:github_sync_all | ↑ [database] 29 files → RootRecord-Software-Solutions/RootRecord-Database (main)
2026-10-01T01:51:04-10:00job:github_sync_all | — [library] no local changes
2026-10-01T01:51:04-10:00job:github_sync_all | ↓ [library] fetching origin/main
2026-10-01T01:51:04-10:00job:github_sync_all | From github.com:RootRecord-Software-Solutions/RootRecord-Library
2026-10-01T01:51:04-10:00job:github_sync_all | * branch            main       -> FETCH_HEAD
2026-10-01T01:51:04-10:00job:github_sync_all | — [library] local and GitHub already match
2026-10-01T01:51:04-10:00job:github_sync_all | — [library] nothing to push
2026-10-01T01:51:04-10:00job:github_sync_all | ↑ [website] committed 2 local file(s)
2026-10-01T01:51:04-10:00job:github_sync_all | ↓ [website] fetching origin/main
2026-10-01T01:51:04-10:00job:github_sync_all | From github.com:RootRecord-Software-Solutions/RootRecord-Website
2026-10-01T01:51:04-10:00job:github_sync_all | * branch            main       -> FETCH_HEAD
2026-10-01T01:51:04-10:00job:github_sync_all | ↑ [website] local is ahead of GitHub
2026-10-01T01:51:04-10:00job:github_sync_all | To github.com:RootRecord-Software-Solutions/RootRecord-Website.git
2026-10-01T01:51:04-10:00job:github_sync_all | 84ed563..5001b5f  HEAD -> main
2026-10-01T01:51:04-10:00job:security_camera_frame_grab RUN  bash "/home/rootrecord/RootRecord-Ecosystem/1 - Servers/1 - RootRecord-Pacific-Solar-Server/Security/Cameras/grab_all.sh"
2026-10-01T01:51:23-10:00job:security_camera_frame_grab | 01:51:05  📷  a-eyes  ch1 → ch1-20261001T115105Z.jpg  (275.8 KB, 4.42s)
2026-10-01T01:51:23-10:00job:security_camera_frame_grab | 01:51:09  📷  a-eyes  ch2 → ch2-20261001T115109Z.jpg  (123.8 KB, 4.68s)
2026-10-01T01:51:23-10:00job:security_camera_frame_grab | 01:51:14  📷  a-eyes  ch3 → ch3-20261001T115114Z.jpg  (397.0 KB, 4.78s)
2026-10-01T01:51:23-10:00job:security_camera_frame_grab | 01:51:19  📷  a-eyes  ch4 → ch4-20261001T115119Z.jpg  (277.9 KB, 4.38s)
2026-10-01T01:51:23-10:00internet OK — starting Cloudflare tunnel (attempt 1)
2026-10-01T01:51:23-10:00Starting cloudflared mode=token public_host=rootserver.rootrecord.cloud
2026-10-01T01:51:23-10:00Waiting for tunnel register (timeout=45s)…
2026-10-01T01:51:23-10:00tunnel starting
2026-10-01T01:51:24-10:00tunnel connected  conn=0  edge=sjc11
2026-10-01T01:51:24-10:00Tunnel READY — first connection registered.
2026-10-01T01:51:24-10:00tunnel ingress  rootserver.rootrecord.cloud → 127.0.0.1:8799
2026-10-01T01:51:24-10:00tunnel connected  conn=1  edge=lax05
2026-10-01T01:51:24-10:00ENERGY  status=live  B2=1.0%  B1=55.0%  solar=0 W  ac=43 W  usbc=0 W  src=/home/rootrecord/RootRecord-Ecosystem/2 - RootRecord-Database/Energy  LAP=100%/Full/AC
2026-10-01T01:51:25-10:00tunnel connected  conn=2  edge=lax09
2026-10-01T01:51:26-10:00tunnel connected  conn=3  edge=sjc08
2026-10-01T01:51:36-10:00  ✗  ecoflow_read_cycle  WAITING
2026-10-01T01:51:36-10:00job:sys_stats_cycle RUN  bash "/home/rootrecord/RootRecord-Ecosystem/1 - Servers/1 - RootRecord-Pacific-Solar-Server/System/scripts/sys-sample.sh"
2026-10-01T01:51:37-10:00job:sys_stats_cycle | SYSTEM  cpu=6%  load=0.39  mem=12%  src=sqlite
2026-10-01T01:51:37-10:00job:sys_stats_cycle | OK wrote /home/rootrecord/RootRecord-Ecosystem/2 - RootRecord-Database/System/samples/sys-20261001-015136.json
2026-10-01T01:52:28-10:00job:github_sync_all | — [ecosystem] no committable local changes
2026-10-01T01:52:28-10:00job:github_sync_all | ↓ [ecosystem] fetching origin/main
2026-10-01T01:52:28-10:00job:github_sync_all | From github.com:RootRecord-Software-Solutions/RootRecord-Ecosystem
2026-10-01T01:52:28-10:00job:github_sync_all | * branch              main       -> FETCH_HEAD
2026-10-01T01:52:28-10:00job:github_sync_all | — [ecosystem] local and GitHub already match
2026-10-01T01:52:28-10:00job:github_sync_all | — [ecosystem] nothing to push
2026-10-01T01:52:28-10:00job:github_sync_all | — [pacific] no local changes
2026-10-01T01:52:28-10:00job:github_sync_all | ↓ [pacific] fetching origin/main
2026-10-01T01:52:28-10:00job:github_sync_all | From github.com:RootRecord-Software-Solutions/RootRecord-Pacific-Solar-Server
2026-10-01T01:52:28-10:00job:github_sync_all | * branch            main       -> FETCH_HEAD
2026-10-01T01:52:28-10:00job:github_sync_all | — [pacific] local and GitHub already match
2026-10-01T01:52:28-10:00job:github_sync_all | — [pacific] nothing to push
2026-10-01T01:52:28-10:00job:github_sync_all | ↑ [database] committed 9 local file(s)
2026-10-01T01:52:28-10:00job:github_sync_all | ↓ [database] fetching origin/main
2026-10-01T01:52:28-10:00job:github_sync_all | From github.com:RootRecord-Software-Solutions/RootRecord-Database
2026-10-01T01:52:28-10:00job:github_sync_all | * branch              main       -> FETCH_HEAD
2026-10-01T01:52:28-10:00job:github_sync_all | ↑ [database] local is ahead of GitHub
2026-10-01T01:52:28-10:00job:github_sync_all | To github.com:RootRecord-Software-Solutions/RootRecord-Database.git
2026-10-01T01:52:28-10:00job:github_sync_all | c905b469..400082bb  HEAD -> main
2026-10-01T01:52:28-10:00job:github_sync_all | branch 'main' set up to track 'origin/main'.
2026-10-01T01:52:28-10:00job:github_sync_all | ↑ [database] 9 files → RootRecord-Software-Solutions/RootRecord-Database (main)
2026-10-01T01:52:28-10:00job:github_sync_all | — [library] no local changes
2026-10-01T01:52:28-10:00job:github_sync_all | ↓ [library] fetching origin/main
2026-10-01T01:52:28-10:00job:github_sync_all | From github.com:RootRecord-Software-Solutions/RootRecord-Library
2026-10-01T01:52:28-10:00job:github_sync_all | * branch            main       -> FETCH_HEAD
2026-10-01T01:52:28-10:00job:github_sync_all | — [library] local and GitHub already match
2026-10-01T01:52:28-10:00job:github_sync_all | — [library] nothing to push
2026-10-01T01:52:28-10:00job:github_sync_all | — [website] no local changes
2026-10-01T01:52:28-10:00job:github_sync_all | ↓ [website] fetching origin/main
2026-10-01T01:52:28-10:00job:github_sync_all | From github.com:RootRecord-Software-Solutions/RootRecord-Website
2026-10-01T01:52:28-10:00job:github_sync_all | * branch            main       -> FETCH_HEAD
2026-10-01T01:52:28-10:00job:github_sync_all | — [website] local and GitHub already match
2026-10-01T01:52:28-10:00job:github_sync_all | — [website] nothing to push
2026-10-01T01:52:28-10:00job:github_sync_all | — [website-personal] no local changes
2026-10-01T01:52:28-10:00job:github_sync_all | ↓ [website-personal] fetching origin/main
2026-10-01T01:52:28-10:00job:github_sync_all | From github.com:rootrecordsoftwaresolutions/RootRecord-Website
2026-10-01T01:52:28-10:00job:github_sync_all | * branch            main       -> FETCH_HEAD
2026-10-01T01:52:28-10:00job:github_sync_all | — [website-personal] local and GitHub already match
2026-10-01T01:52:28-10:00job:github_sync_all | — [website-personal] nothing to push
2026-10-01T01:52:28-10:00job:github_sync_all | — [mainland] no local changes
2026-10-01T01:52:28-10:00job:worklog_scan RUN  bash "/home/rootrecord/RootRecord-Ecosystem/1 - Servers/1 - RootRecord-Pacific-Solar-Server/Reports/scripts/worklog_once.sh"
2026-10-01T01:52:32-10:00job:worklog_scan | OK wrote/updated /home/rootrecord/RootRecord-Ecosystem/2 - RootRecord-Database/Worklog/worklog_current.md
2026-10-01T01:52:32-10:00job:security_camera_frame_grab RUN  bash "/home/rootrecord/RootRecord-Ecosystem/1 - Servers/1 - RootRecord-Pacific-Solar-Server/Security/Cameras/grab_all.sh"
2026-10-01T01:52:50-10:00job:security_camera_frame_grab | 01:52:32  📷  a-eyes  ch1 → ch1-20261001T115232Z.jpg  (274.5 KB, 4.69s)
2026-10-01T01:52:50-10:00job:security_camera_frame_grab | 01:52:37  📷  a-eyes  ch2 → ch2-20261001T115237Z.jpg  (126.5 KB, 4.38s)
2026-10-01T01:52:50-10:00job:security_camera_frame_grab | 01:52:41  📷  a-eyes  ch3 → ch3-20261001T115241Z.jpg  (344.6 KB, 4.48s)
2026-10-01T01:52:50-10:00job:security_camera_frame_grab | 01:52:45  📷  a-eyes  ch4 → ch4-20261001T115245Z.jpg  (262.0 KB, 4.37s)
2026-10-01T01:52:50-10:00job:status_snapshot RUN  nice -n 10 python3 "/home/rootrecord/RootRecord-Ecosystem/1 - Servers/1 - RootRecord-Pacific-Solar-Server/Website/scripts/live_data_pages.py"
2026-10-01T01:52:50-10:00job:status_snapshot | live-data 5 pages
2026-10-01T01:52:50-10:00ENERGY  status=live  B2=1.0%  B1=55.0%  solar=0 W  ac=43 W  usbc=0 W  src=/home/rootrecord/RootRecord-Ecosystem/2 - RootRecord-Database/Energy  LAP=100%/Full/AC
2026-10-01T01:53:01-10:00  ✗  ecoflow_read_cycle  WAITING
2026-10-01T01:53:01-10:00job:sys_stats_cycle RUN  bash "/home/rootrecord/RootRecord-Ecosystem/1 - Servers/1 - RootRecord-Pacific-Solar-Server/System/scripts/sys-sample.sh"
2026-10-01T01:53:02-10:00job:sys_stats_cycle | SYSTEM  cpu=1%  load=0.40  mem=12%  src=sqlite
2026-10-01T01:53:02-10:00job:sys_stats_cycle | OK wrote /home/rootrecord/RootRecord-Ecosystem/2 - RootRecord-Database/System/samples/sys-20261001-015301.json
2026-10-01T01:53:04-10:00job:github_sync_all FAIL code=-15
2026-10-01T08:54:24-10:00HTTP listening on http://127.0.0.1:8799 (open access on bind)
2026-10-01T08:54:24-10:00boot:start  jobs=10
2026-10-01T08:54:24-10:00boot:run  priority=0  id=self_terminal
2026-10-01T08:54:24-10:00boot:p0 self_process pid=3237
2026-10-01T08:54:24-10:00boot:run  priority=1  id=cloudflare_tunnel
2026-10-01T08:54:24-10:00boot:p1 cloudflare_tunnel host=rootserver.rootrecord.cloud
2026-10-01T08:54:24-10:00internet OK at boot — starting tunnel
2026-10-01T08:54:24-10:00Starting cloudflared mode=token public_host=rootserver.rootrecord.cloud
2026-10-01T08:54:24-10:00Waiting for tunnel register (timeout=45s)…
2026-10-01T08:54:24-10:00tunnel starting
2026-10-01T08:54:25-10:00tunnel connected  conn=0  edge=lax13
2026-10-01T08:54:25-10:00Tunnel READY — first connection registered.
2026-10-01T08:54:25-10:00boot:run  priority=2  id=github_setup_remotes
2026-10-01T08:54:25-10:00tunnel ingress  rootserver.rootrecord.cloud → 127.0.0.1:8799
2026-10-01T08:54:25-10:00boot:run  priority=3  id=ollama_warmup
2026-10-01T08:54:25-10:00job:ollama_warmup RUN  bash '/home/rootrecord/RootRecord-Ecosystem/1 - Servers/1 - RootRecord-Pacific-Solar-Server/System/scripts/plumbing/ollama-warmup.sh'
2026-10-01T08:54:25-10:00job:ollama_warmup | [ok] ollama up
2026-10-01T08:54:25-10:00boot:run  priority=4  id=flm_npu_warmup
2026-10-01T08:54:25-10:00job:flm_npu_warmup RUN  bash '/home/rootrecord/RootRecord-Ecosystem/1 - Servers/1 - RootRecord-Pacific-Solar-Server/System/scripts/plumbing/flm-warmup.sh'
2026-10-01T08:54:25-10:00job:flm_npu_warmup | [skip] FLM warmup disabled (no resident model; set FLM_WARMUP_RESIDENT=1 to opt in)
2026-10-01T08:54:25-10:00boot:run  priority=5  id=council_relay
2026-10-01T08:54:25-10:00tunnel connected  conn=1  edge=lax08
2026-10-01T08:54:25-10:00job:council_relay RUN  bash "/home/rootrecord/RootRecord-Ecosystem/1 - Servers/1 - RootRecord-Pacific-Solar-Server/Communications/telegram/scripts/ensure-relay.sh"
2026-10-01T08:54:26-10:00tunnel connected  conn=2  edge=lax13
2026-10-01T08:54:27-10:00tunnel connected  conn=3  edge=lax11
2026-10-01T08:54:29-10:00job:council_relay | [ok] council-relay started pid=4428 → /home/rootrecord/RootRecord-Ecosystem/2 - RootRecord-Database/Logs/Communications/council-relay.log
2026-10-01T08:54:29-10:00boot:run  priority=6  id=security_camera_server
2026-10-01T08:54:29-10:00job:security_camera_server RUN  bash "/home/rootrecord/RootRecord-Ecosystem/1 - Servers/1 - RootRecord-Pacific-Solar-Server/Security/Cameras/ensure_cam_server.sh"
2026-10-01T08:54:29-10:00job:security_camera_server | security cam server started
2026-10-01T08:54:29-10:00boot:run  priority=7  id=security_timelapse_catchup
2026-10-01T08:54:29-10:00job:security_timelapse_catchup RUN  bash "/home/rootrecord/RootRecord-Ecosystem/1 - Servers/1 - RootRecord-Pacific-Solar-Server/Security/Cameras/timelapse_catchup.sh"
2026-10-01T08:54:29-10:00job:security_timelapse_catchup | 08:54:29  🎬  a-eyes-timelapse  catchup: checking 20261001, now=08:54 HST
2026-10-01T08:54:29-10:00job:security_timelapse_catchup | 08:54:29  🎬  a-eyes-timelapse  hour 05 has no frames yet, skipping
2026-10-01T08:54:29-10:00job:security_timelapse_catchup | 08:54:29  🎬  a-eyes-timelapse  hour 06 has no frames yet, skipping
2026-10-01T08:54:29-10:00job:security_timelapse_catchup | 08:54:29  🎬  a-eyes-timelapse  hour 07 has no frames yet, skipping
2026-10-01T08:54:29-10:00job:security_timelapse_catchup | 08:54:29  🎬  a-eyes-timelapse  catchup: window still open today, skipping daily render
2026-10-01T08:54:29-10:00boot:run  priority=8  id=weather_poller
2026-10-01T08:54:29-10:00job:weather_poller RUN  bash "/home/rootrecord/RootRecord-Ecosystem/1 - Servers/1 - RootRecord-Pacific-Solar-Server/Weather/scripts/ensure-weather-poller.sh"
2026-10-01T08:54:30-10:00job:weather_poller | [ensure-weather-poller] starting -- entry=/home/rootrecord/RootRecord-Ecosystem/1 - Servers/1 - RootRecord-Pacific-Solar-Server/Weather/scripts/run_poller.py log=/home/rootrecord/RootRecord-Ecosystem/2 - RootRecord-Database/Weather/Hawai'i/logs/weather-poller.log
2026-10-01T08:54:30-10:00job:weather_poller | [ensure-weather-poller] verify: weather poller is running
2026-10-01T08:54:30-10:00boot:run  priority=9  id=network_globe_hawaii
2026-10-01T08:54:30-10:00job:network_globe_hawaii RUN  bash "/home/rootrecord/RootRecord-Ecosystem/1 - Servers/1 - RootRecord-Pacific-Solar-Server/Communications/network/scripts/ensure-network-globe-hawaii.sh"
2026-10-01T08:54:31-10:00job:network_globe_hawaii | [ensure-network-globe-hawaii] starting network-globe-hawaii.service
2026-10-01T08:54:31-10:00job:network_globe_hawaii | [ensure-network-globe-hawaii] verify: network-globe-hawaii.service is active
2026-10-01T08:54:31-10:00boot:done
2026-10-01T08:55:39-10:00  ▸  SUMMARY=delta2 soc=0.1% solar=34W ac_out=94W usbc=0W src=ble+cloud db=ok
2026-10-01T08:55:39-10:00scheduler  every_seconds=11  every_minute=10  every_hour=2  on_at=10
2026-10-01T08:55:39-10:00ENERGY  status=live  B2=0.1%  B1=50.5%  solar=34 W  ac=94 W  usbc=0 W  src=/home/rootrecord/RootRecord-Ecosystem/2 - RootRecord-Database/Energy  LAP=100%/Discharging/batt
2026-10-01T08:55:54-10:00  ▸  SUMMARY=river2pro soc=50.41% solar=0W ac_out=45W usbc=17W src=ble db=ok
2026-10-01T08:55:54-10:00job:sys_stats_cycle RUN  bash "/home/rootrecord/RootRecord-Ecosystem/1 - Servers/1 - RootRecord-Pacific-Solar-Server/System/scripts/sys-sample.sh"
2026-10-01T08:56:24-10:00job:sys_stats_cycle | SYSTEM  cpu=0%  load=0.99  mem=12%  src=sqlite
2026-10-01T08:56:24-10:00job:sys_stats_cycle | OK wrote /home/rootrecord/RootRecord-Ecosystem/2 - RootRecord-Database/System/samples/sys-20261001-085554.json
2026-10-01T08:57:27-10:00job:github_sync_all | ↑ [ecosystem] committed 5 local file(s)
2026-10-01T08:57:27-10:00job:github_sync_all | ↓ [ecosystem] fetching origin/main
2026-10-01T08:57:27-10:00job:github_sync_all | From github.com:RootRecord-Software-Solutions/RootRecord-Ecosystem
2026-10-01T08:57:27-10:00job:github_sync_all | * branch              main       -> FETCH_HEAD
2026-10-01T08:57:27-10:00job:github_sync_all | * [new branch]        main       -> origin/main
2026-10-01T08:57:27-10:00job:github_sync_all | ↑ [ecosystem] local is ahead of GitHub
2026-10-01T08:57:27-10:00job:github_sync_all | To github.com:RootRecord-Software-Solutions/RootRecord-Ecosystem.git
2026-10-01T08:57:27-10:00job:github_sync_all | 55e6acea..d9fc59ee  HEAD -> main
2026-10-01T08:57:27-10:00job:github_sync_all | branch 'main' set up to track 'origin/main'.
2026-10-01T08:57:27-10:00job:github_sync_all | ↑ [ecosystem] 5 files → RootRecord-Software-Solutions/RootRecord-Ecosystem (main)
2026-10-01T08:57:27-10:00job:github_sync_all | ↑ [pacific] committed 1 local file(s)
2026-10-01T08:57:27-10:00job:github_sync_all | ↓ [pacific] fetching origin/main
2026-10-01T08:57:27-10:00job:github_sync_all | From github.com:RootRecord-Software-Solutions/RootRecord-Pacific-Solar-Server
2026-10-01T08:57:27-10:00job:github_sync_all | * branch            main       -> FETCH_HEAD
2026-10-01T08:57:27-10:00job:github_sync_all | ↑ [pacific] local is ahead of GitHub
2026-10-01T08:57:27-10:00job:github_sync_all | To github.com:RootRecord-Software-Solutions/RootRecord-Pacific-Solar-Server.git
2026-10-01T08:57:27-10:00job:github_sync_all | bb7ff15..bdc9db0  HEAD -> main
2026-10-01T08:57:27-10:00job:github_sync_all | branch 'main' set up to track 'origin/main'.
2026-10-01T08:57:27-10:00job:github_sync_all | ↑ [pacific] 1 files → RootRecord-Software-Solutions/RootRecord-Pacific-Solar-Server (main)
2026-10-01T08:57:27-10:00job:github_sync_all | ↑ [database] committed 28 local file(s)
2026-10-01T08:57:27-10:00job:github_sync_all | ↓ [database] fetching origin/main
2026-10-01T08:57:27-10:00job:github_sync_all | From github.com:RootRecord-Software-Solutions/RootRecord-Database
2026-10-01T08:57:27-10:00job:github_sync_all | * branch              main       -> FETCH_HEAD
2026-10-01T08:57:27-10:00job:github_sync_all | ↑ [database] local is ahead of GitHub
2026-10-01T08:57:27-10:00job:github_sync_all | To github.com:RootRecord-Software-Solutions/RootRecord-Database.git
2026-10-01T08:57:27-10:00job:github_sync_all | 400082bb..61a95f5b  HEAD -> main
2026-10-01T08:57:27-10:00job:github_sync_all | branch 'main' set up to track 'origin/main'.
2026-10-01T08:57:27-10:00job:github_sync_all | ↑ [database] 28 files → RootRecord-Software-Solutions/RootRecord-Database (main)
2026-10-01T08:57:27-10:00job:github_sync_all | — [library] no local changes
2026-10-01T08:57:27-10:00job:github_sync_all | ↓ [library] fetching origin/main
2026-10-01T08:57:27-10:00job:github_sync_all | From github.com:RootRecord-Software-Solutions/RootRecord-Library
2026-10-01T08:57:27-10:00job:github_sync_all | * branch            main       -> FETCH_HEAD
2026-10-01T08:57:27-10:00job:github_sync_all | — [library] local and GitHub already match
2026-10-01T08:57:27-10:00job:github_sync_all | — [library] nothing to push
2026-10-01T08:57:27-10:00job:github_sync_all | — [website] no local changes
2026-10-01T08:57:27-10:00job:github_sync_all | ↓ [website] fetching origin/main
2026-10-01T08:57:27-10:00job:github_sync_all | From github.com:RootRecord-Software-Solutions/RootRecord-Website
2026-10-01T08:57:27-10:00job:github_sync_all | * branch            main       -> FETCH_HEAD
2026-10-01T08:57:27-10:00job:github_sync_all | — [website] local and GitHub already match
2026-10-01T08:57:27-10:00job:github_sync_all | — [website] nothing to push
2026-10-01T08:57:27-10:00job:worklog_scan RUN  bash "/home/rootrecord/RootRecord-Ecosystem/1 - Servers/1 - RootRecord-Pacific-Solar-Server/Reports/scripts/worklog_once.sh"
2026-10-01T08:57:42-10:00job:worklog_scan | OK wrote/updated /home/rootrecord/RootRecord-Ecosystem/2 - RootRecord-Database/Worklog/worklog_current.md
2026-10-01T08:57:42-10:00job:security_camera_frame_grab RUN  bash "/home/rootrecord/RootRecord-Ecosystem/1 - Servers/1 - RootRecord-Pacific-Solar-Server/Security/Cameras/grab_all.sh"
2026-10-01T08:57:55-10:00job:security_camera_frame_grab | 08:57:43  ✗  a-eyes  ch1 FAILED: [tcp @ 0x5de598f42940] Connection to tcp://192.168.1.33:554?timeout=0 failed: No route to host
2026-10-01T08:57:55-10:00job:security_camera_frame_grab | [in#0 @ 0x5de598f3fc40] Error opening input: No route t
2026-10-01T08:57:55-10:00job:security_camera_frame_grab | a-eyes: ch1 grab failed
2026-10-01T08:57:55-10:00job:security_camera_frame_grab | 08:57:46  ✗  a-eyes  ch2 FAILED: [tcp @ 0x6132c9db7940] Connection to tcp://192.168.1.33:554?timeout=0 failed: No route to host
2026-10-01T08:57:55-10:00job:security_camera_frame_grab | [in#0 @ 0x6132c9db4c40] Error opening input: No route t
2026-10-01T08:57:55-10:00job:security_camera_frame_grab | a-eyes: ch2 grab failed
2026-10-01T08:57:55-10:00job:security_camera_frame_grab | 08:57:49  ✗  a-eyes  ch3 FAILED: [tcp @ 0x562dbd5ab940] Connection to tcp://192.168.1.33:554?timeout=0 failed: No route to host
2026-10-01T08:57:55-10:00job:security_camera_frame_grab | [in#0 @ 0x562dbd5a8c40] Error opening input: No route t
2026-10-01T08:57:55-10:00job:security_camera_frame_grab | a-eyes: ch3 grab failed
2026-10-01T08:57:55-10:00job:security_camera_frame_grab | 08:57:52  ✗  a-eyes  ch4 FAILED: [tcp @ 0x58246e87a940] Connection to tcp://192.168.1.33:554?timeout=0 failed: No route to host
2026-10-01T08:57:55-10:00job:security_camera_frame_grab | [in#0 @ 0x58246e877c40] Error opening input: No route t
2026-10-01T08:57:55-10:00job:security_camera_frame_grab | a-eyes: ch4 grab failed
2026-10-01T08:57:55-10:00job:service_supervisor RUN  bash "/home/rootrecord/RootRecord-Ecosystem/1 - Servers/1 - RootRecord-Pacific-Solar-Server/Automations/scripts/supervise-services.sh"
2026-10-01T08:57:56-10:00job:service_supervisor | [supervisor] weather alive pid=5410 (act)
2026-10-01T08:57:56-10:00job:service_supervisor | [supervisor] relay alive pid=4428 (act)
2026-10-01T08:57:56-10:00job:geology_collect RUN  nice -n 10 python3 "/home/rootrecord/RootRecord-Ecosystem/1 - Servers/1 - RootRecord-Pacific-Solar-Server/Geology/scripts/geology_collect.py" all
2026-10-01T08:57:58-10:00job:geology_collect | {"ok": true, "at": "2026-10-01T08:57:56-10:00", "what": "all", "dry_run": false, "sources": {"hawaii": {"ok": true, "count": 56, "new": 6, "new_m2": 3, "ms": 781}, "global": {"ok": true, "count": 41, "new": 12, "ms": 243}, "hvo_notices": {"ok": true, "count": 44, "new": 0, "ms": 456}, "hvo_status": {"ok": true, "volcanoes": 8, "kilauea": "WATCH", "mauna_loa": "NORMAL", "ms": 323}}}
2026-10-01T08:57:58-10:00job:status_snapshot RUN  nice -n 10 python3 "/home/rootrecord/RootRecord-Ecosystem/1 - Servers/1 - RootRecord-Pacific-Solar-Server/Website/scripts/live_data_pages.py"
2026-10-01T08:57:58-10:00job:status_snapshot | live-data 5 pages
2026-10-01T08:57:58-10:00job:system_net_sample RUN  nice -n 10 python3 "/home/rootrecord/RootRecord-Ecosystem/1 - Servers/1 - RootRecord-Pacific-Solar-Server/System/scripts/host_desks.py" net-sample
2026-10-01T08:57:58-10:00job:system_net_sample | {"ok": true, "file": "/home/rootrecord/RootRecord-Ecosystem/2 - RootRecord-Database/System/network/Daily/net-20261001.jsonl", "iface": "wlo1", "hour": {"seconds": 25692, "rx": 405584083, "tx": 7673869, "total": 413257952, "iface": "wlo1", "link": "wireless"}, "day": null}
2026-10-01T08:57:58-10:00job:discord_report_relay RUN  nice -n 10 python3 "/home/rootrecord/RootRecord-Ecosystem/1 - Servers/1 - RootRecord-Pacific-Solar-Server/Communications/Discord/scripts/report_relay.py"
2026-10-01T08:57:59-10:00job:discord_report_relay | same
2026-10-01T08:57:59-10:00ENERGY  status=live  B2=0.1%  B1=50.4%  solar=34 W  ac=94 W  usbc=0 W  src=/home/rootrecord/RootRecord-Ecosystem/2 - RootRecord-Database/Energy  LAP=100%/Discharging/batt
2026-10-01T08:58:15-10:00  ▸  SUMMARY=river2pro soc=49.77% solar=0W ac_out=57W usbc=17W src=ble db=ok
2026-10-01T08:58:15-10:00job:sys_stats_cycle RUN  bash "/home/rootrecord/RootRecord-Ecosystem/1 - Servers/1 - RootRecord-Pacific-Solar-Server/System/scripts/sys-sample.sh"
2026-10-01T08:58:16-10:00job:sys_stats_cycle | SYSTEM  cpu=39%  load=3.69  mem=52%  src=sqlite
2026-10-01T08:58:16-10:00job:sys_stats_cycle | OK wrote /home/rootrecord/RootRecord-Ecosystem/2 - RootRecord-Database/System/samples/sys-20261001-085815.json
2026-10-01T08:59:20-10:00job:github_sync_all | ↑ [ecosystem] committed 14 local file(s)
2026-10-01T08:59:20-10:00job:github_sync_all | ↓ [ecosystem] fetching origin/main
2026-10-01T08:59:20-10:00job:github_sync_all | From github.com:RootRecord-Software-Solutions/RootRecord-Ecosystem
2026-10-01T08:59:20-10:00job:github_sync_all | * branch              main       -> FETCH_HEAD
2026-10-01T08:59:20-10:00job:github_sync_all | ↑ [ecosystem] local is ahead of GitHub
2026-10-01T08:59:20-10:00job:github_sync_all | To github.com:RootRecord-Software-Solutions/RootRecord-Ecosystem.git
2026-10-01T08:59:20-10:00job:github_sync_all | d9fc59ee..5392e607  HEAD -> main
2026-10-01T08:59:20-10:00job:github_sync_all | branch 'main' set up to track 'origin/main'.
2026-10-01T08:59:20-10:00job:github_sync_all | ↑ [ecosystem] 14 files → RootRecord-Software-Solutions/RootRecord-Ecosystem (main)
2026-10-01T08:59:20-10:00job:github_sync_all | ↑ [pacific] committed 1 local file(s)
2026-10-01T08:59:20-10:00job:github_sync_all | ↓ [pacific] fetching origin/main
2026-10-01T08:59:20-10:00job:github_sync_all | From github.com:RootRecord-Software-Solutions/RootRecord-Pacific-Solar-Server
2026-10-01T08:59:20-10:00job:github_sync_all | * branch            main       -> FETCH_HEAD
2026-10-01T08:59:20-10:00job:github_sync_all | ↑ [pacific] local is ahead of GitHub
2026-10-01T08:59:20-10:00job:github_sync_all | To github.com:RootRecord-Software-Solutions/RootRecord-Pacific-Solar-Server.git
2026-10-01T08:59:20-10:00job:github_sync_all | bdc9db0..824057f  HEAD -> main
2026-10-01T08:59:20-10:00job:github_sync_all | branch 'main' set up to track 'origin/main'.
2026-10-01T08:59:20-10:00job:github_sync_all | ↑ [pacific] 1 files → RootRecord-Software-Solutions/RootRecord-Pacific-Solar-Server (main)
2026-10-01T08:59:20-10:00job:github_sync_all | ↑ [database] committed 32 local file(s)
2026-10-01T08:59:20-10:00job:github_sync_all | ↓ [database] fetching origin/main
2026-10-01T08:59:20-10:00job:github_sync_all | From github.com:RootRecord-Software-Solutions/RootRecord-Database
2026-10-01T08:59:20-10:00job:github_sync_all | * branch              main       -> FETCH_HEAD
2026-10-01T08:59:20-10:00job:github_sync_all | ↑ [database] local is ahead of GitHub
2026-10-01T08:59:20-10:00job:github_sync_all | To github.com:RootRecord-Software-Solutions/RootRecord-Database.git
2026-10-01T08:59:20-10:00job:github_sync_all | 61a95f5b..7bc6578f  HEAD -> main
2026-10-01T08:59:20-10:00job:github_sync_all | branch 'main' set up to track 'origin/main'.
2026-10-01T08:59:20-10:00job:github_sync_all | ↑ [database] 32 files → RootRecord-Software-Solutions/RootRecord-Database (main)
2026-10-01T08:59:20-10:00job:github_sync_all | — [library] no local changes
2026-10-01T08:59:20-10:00job:github_sync_all | ↓ [library] fetching origin/main
2026-10-01T08:59:20-10:00job:github_sync_all | From github.com:RootRecord-Software-Solutions/RootRecord-Library
2026-10-01T08:59:20-10:00job:github_sync_all | * branch            main       -> FETCH_HEAD
2026-10-01T08:59:20-10:00job:github_sync_all | — [library] local and GitHub already match
2026-10-01T08:59:20-10:00job:github_sync_all | — [library] nothing to push
2026-10-01T08:59:20-10:00job:github_sync_all | — [website] no local changes
2026-10-01T08:59:20-10:00job:github_sync_all | ↓ [website] fetching origin/main
2026-10-01T08:59:20-10:00job:github_sync_all | From github.com:RootRecord-Software-Solutions/RootRecord-Website
2026-10-01T08:59:20-10:00job:github_sync_all | * branch            main       -> FETCH_HEAD
2026-10-01T08:59:20-10:00job:github_sync_all | — [website] local and GitHub already match
2026-10-01T08:59:20-10:00job:github_sync_all | — [website] nothing to push
2026-10-01T08:59:20-10:00job:github_sync_all | — [website-personal] no local changes
2026-10-01T08:59:20-10:00job:security_camera_frame_grab RUN  bash "/home/rootrecord/RootRecord-Ecosystem/1 - Servers/1 - RootRecord-Pacific-Solar-Server/Security/Cameras/grab_all.sh"
2026-10-01T08:59:30-10:00job:security_camera_frame_grab | 08:59:20  📷  a-eyes  ch1 → ch1-20261001T185920Z.jpg  (11.4 KB, 3.37s)
2026-10-01T08:59:30-10:00job:security_camera_frame_grab | 08:59:24  📷  a-eyes  ch2 → ch2-20261001T185924Z.jpg  (11.5 KB, 2.11s)
2026-10-01T08:59:30-10:00job:security_camera_frame_grab | 08:59:26  📷  a-eyes  ch3 → ch3-20261001T185926Z.jpg  (11.6 KB, 1.81s)
2026-10-01T08:59:30-10:00job:security_camera_frame_grab | 08:59:28  📷  a-eyes  ch4 → ch4-20261001T185928Z.jpg  (11.5 KB, 2.54s)
2026-10-01T08:59:30-10:00ENERGY  status=live  B2=0.1%  B1=49.8%  solar=34 W  ac=94 W  usbc=0 W  src=/home/rootrecord/RootRecord-Ecosystem/2 - RootRecord-Database/Energy  LAP=100%/Discharging/batt
2026-10-01T08:59:47-10:00  ▸  SUMMARY=delta2 soc=0.4% solar=35W ac_out=94W usbc=0W src=ble+cloud db=ok
2026-10-01T08:59:47-10:00job:sys_stats_cycle RUN  bash "/home/rootrecord/RootRecord-Ecosystem/1 - Servers/1 - RootRecord-Pacific-Solar-Server/System/scripts/sys-sample.sh"
2026-10-01T08:59:49-10:00job:sys_stats_cycle | SYSTEM  cpu=7%  load=1.46  mem=49%  src=sqlite
2026-10-01T08:59:49-10:00job:sys_stats_cycle | OK wrote /home/rootrecord/RootRecord-Ecosystem/2 - RootRecord-Database/System/samples/sys-20261001-085948.json
2026-10-01T09:00:45-10:00job:github_sync_all | — [ecosystem] no committable local changes
2026-10-01T09:00:45-10:00job:github_sync_all | ↓ [ecosystem] fetching origin/main
2026-10-01T09:00:45-10:00job:github_sync_all | From github.com:RootRecord-Software-Solutions/RootRecord-Ecosystem
2026-10-01T09:00:45-10:00job:github_sync_all | * branch              main       -> FETCH_HEAD
2026-10-01T09:00:45-10:00job:github_sync_all | — [ecosystem] local and GitHub already match
2026-10-01T09:00:45-10:00job:github_sync_all | — [ecosystem] nothing to push
2026-10-01T09:00:45-10:00job:github_sync_all | — [pacific] no local changes
2026-10-01T09:00:45-10:00job:github_sync_all | ↓ [pacific] fetching origin/main
2026-10-01T09:00:45-10:00job:github_sync_all | From github.com:RootRecord-Software-Solutions/RootRecord-Pacific-Solar-Server
2026-10-01T09:00:45-10:00job:github_sync_all | * branch            main       -> FETCH_HEAD
2026-10-01T09:00:45-10:00job:github_sync_all | — [pacific] local and GitHub already match
2026-10-01T09:00:45-10:00job:github_sync_all | — [pacific] nothing to push
2026-10-01T09:00:45-10:00job:github_sync_all | ↑ [database] committed 12 local file(s)
2026-10-01T09:00:45-10:00job:github_sync_all | ↓ [database] fetching origin/main
2026-10-01T09:00:45-10:00job:github_sync_all | From github.com:RootRecord-Software-Solutions/RootRecord-Database
2026-10-01T09:00:45-10:00job:github_sync_all | * branch              main       -> FETCH_HEAD
2026-10-01T09:00:45-10:00job:github_sync_all | ↑ [database] local is ahead of GitHub
2026-10-01T09:00:45-10:00job:github_sync_all | To github.com:RootRecord-Software-Solutions/RootRecord-Database.git
2026-10-01T09:00:45-10:00job:github_sync_all | 7bc6578f..3c56a2bf  HEAD -> main
2026-10-01T09:00:45-10:00job:github_sync_all | branch 'main' set up to track 'origin/main'.
2026-10-01T09:00:45-10:00job:github_sync_all | ↑ [database] 12 files → RootRecord-Software-Solutions/RootRecord-Database (main)
2026-10-01T09:00:45-10:00job:github_sync_all | — [library] no local changes
2026-10-01T09:00:45-10:00job:github_sync_all | ↓ [library] fetching origin/main
2026-10-01T09:00:45-10:00job:github_sync_all | From github.com:RootRecord-Software-Solutions/RootRecord-Library
2026-10-01T09:00:45-10:00job:github_sync_all | * branch            main       -> FETCH_HEAD
2026-10-01T09:00:45-10:00job:github_sync_all | — [library] local and GitHub already match
2026-10-01T09:00:45-10:00job:github_sync_all | — [library] nothing to push
2026-10-01T09:00:45-10:00job:github_sync_all | — [website] no local changes
2026-10-01T09:00:45-10:00job:github_sync_all | ↓ [website] fetching origin/main
2026-10-01T09:00:45-10:00job:github_sync_all | From github.com:RootRecord-Software-Solutions/RootRecord-Website
2026-10-01T09:00:45-10:00job:github_sync_all | * branch            main       -> FETCH_HEAD
2026-10-01T09:00:45-10:00job:github_sync_all | — [website] local and GitHub already match
2026-10-01T09:00:45-10:00job:github_sync_all | — [website] nothing to push
2026-10-01T09:00:45-10:00job:github_sync_all | — [website-personal] no local changes
2026-10-01T09:00:45-10:00job:github_sync_all | ↓ [website-personal] fetching origin/main
2026-10-01T09:00:45-10:00job:github_sync_all | From github.com:rootrecordsoftwaresolutions/RootRecord-Website
2026-10-01T09:00:45-10:00job:github_sync_all | * branch            main       -> FETCH_HEAD
2026-10-01T09:00:45-10:00job:github_sync_all | — [website-personal] local and GitHub already match
2026-10-01T09:00:45-10:00job:github_sync_all | — [website-personal] nothing to push
2026-10-01T09:00:45-10:00job:github_sync_all | — [mainland] no local changes
2026-10-01T09:00:45-10:00job:worklog_scan RUN  bash "/home/rootrecord/RootRecord-Ecosystem/1 - Servers/1 - RootRecord-Pacific-Solar-Server/Reports/scripts/worklog_once.sh"
2026-10-01T09:00:59-10:00job:worklog_scan | OK wrote/updated /home/rootrecord/RootRecord-Ecosystem/2 - RootRecord-Database/Worklog/worklog_current.md
2026-10-01T09:00:59-10:00job:status_snapshot RUN  nice -n 10 python3 "/home/rootrecord/RootRecord-Ecosystem/1 - Servers/1 - RootRecord-Pacific-Solar-Server/Website/scripts/live_data_pages.py"
2026-10-01T09:00:59-10:00job:status_snapshot | live-data 5 pages
2026-10-01T09:00:59-10:00job:voice_system_perf RUN  nice -n 10 python3 "/home/rootrecord/RootRecord-Ecosystem/1 - Servers/1 - RootRecord-Pacific-Solar-Server/Media/Voice/scripts/system_perf.py"
2026-10-01T09:01:26-10:00job:voice_system_perf | {"ok": true, "report": "system_perf", "md": "/home/rootrecord/RootRecord-Ecosystem/test-reports/Voice/system_perf_current.md", "cpu_pct": 1.8, "mem_pct": 50.7, "voice_rc": 0, "voice": {"ok": true, "mode": "stitch", "report": "system_perf", "agent": "bruce", "voice": "am_echo", "speed": 1.0, "wav": "/home/rootrecord/RootRecord-Ecosystem/2 - RootRecord-Database/Media/Audio/Voice/system_perf_current.wav", "clips_used": 0, "live_sentences": 11, "model_loaded": true, "render_s": 22.18, "sample_rate": 24000, "channels": 1, "subtype": "PCM_16", "duration_s": 30.167, "peak_dbfs": -1.5, "rms_dbfs": -20.42, "lead_silence_ms": 113, "qc": "PASS", "wall_s": 22.28, "peak_rss_mb": 1609}, "deliver": {"ok": true, "sent": true, "persona": "bruce", "chat": "-1004367256267", "message_id": 2173, "transcript": false, "report": true, "photo": false, "plan": {"voice": true, "transcript": false, "report": true}}}
2026-10-01T09:01:26-10:00job:voice_energy_report RUN  nice -n 10 python3 "/home/rootrecord/RootRecord-Ecosystem/1 - Servers/1 - RootRecord-Pacific-Solar-Server/Media/Voice/scripts/voice_reports.py" energy_report
2026-10-01T09:01:59-10:00job:voice_energy_report | {"ok": true, "report": "energy_report", "md": "/home/rootrecord/RootRecord-Ecosystem/test-reports/Voice/energy_report_current.md", "sentences": 5, "voice": {"ok": true, "skipped": true, "detail": "blended into the hourly solar desk; this run refreshes the camera look"}}
2026-10-01T09:01:59-10:00job:voice_remaining_tasks RUN  nice -n 10 python3 "/home/rootrecord/RootRecord-Ecosystem/1 - Servers/1 - RootRecord-Pacific-Solar-Server/Media/Voice/scripts/voice_reports.py" remaining_tasks
2026-10-01T09:02:14-10:00job:voice_remaining_tasks | {"ok": true, "report": "remaining_tasks", "md": "/home/rootrecord/RootRecord-Ecosystem/test-reports/Voice/remaining_tasks_current.md", "sentences": 3, "voice": {"ok": true, "mode": "stitch", "report": "remaining_tasks", "agent": "bruce", "voice": "am_echo", "speed": 1.0, "wav": "/home/rootrecord/RootRecord-Ecosystem/2 - RootRecord-Database/Media/Audio/Voice/remaining_tasks_current.wav", "clips_used": 0, "live_sentences": 2, "model_loaded": true, "render_s": 11.46, "sample_rate": 24000, "channels": 1, "subtype": "PCM_16", "duration_s": 7.97, "peak_dbfs": -3.43, "rms_dbfs": -20.09, "lead_silence_ms": 113, "qc": "PASS", "wall_s": 11.56, "peak_rss_mb": 1315, "rc": 0}, "deliver": {"ok": true, "sent": true, "persona": "bruce", "chat": "-1004367256267", "message_id": 2175, "transcript": false, "report": true, "photo": false, "plan": {"voice": true, "transcript": false, "report": true}}}
2026-10-01T09:02:14-10:00job:voice_earthquake_report RUN  nice -n 10 python3 "/home/rootrecord/RootRecord-Ecosystem/1 - Servers/1 - RootRecord-Pacific-Solar-Server/Media/Voice/scripts/voice_reports.py" earthquake_report
2026-10-01T09:04:25-10:00job:voice_earthquake_report | {"ok": true, "report": "earthquake_report", "md": "/home/rootrecord/RootRecord-Ecosystem/test-reports/Voice/earthquake_report_current.md", "sentences": 19, "voice": {"ok": true, "mode": "stitch", "report": "earthquake_report", "agent": "carly", "voice": "af_nova", "speed": 1.0, "wav": "/home/rootrecord/RootRecord-Ecosystem/2 - RootRecord-Database/Media/Audio/Voice/earthquake_report_current.wav", "clips_used": 0, "live_sentences": 18, "model_loaded": true, "render_s": 44.39, "sample_rate": 24000, "channels": 1, "subtype": "PCM_16", "duration_s": 89.176, "peak_dbfs": -1.5, "rms_dbfs": -20.48, "lead_silence_ms": 109, "qc": "PASS", "wall_s": 44.57, "peak_rss_mb": 1868, "rc": 0}, "deliver": {"ok": true, "sent": true, "persona": "carly", "chat": "-1004367256267", "message_id": 2177, "transcript": false, "report": true, "photo": false, "plan": {"voice": true, "transcript": false, "report": true}}}
2026-10-01T09:04:25-10:00job:voice_kilauea_report RUN  nice -n 10 python3 "/home/rootrecord/RootRecord-Ecosystem/1 - Servers/1 - RootRecord-Pacific-Solar-Server/Media/Voice/scripts/voice_reports.py" kilauea_report
2026-10-01T09:04:51-10:00job:voice_kilauea_report | {"ok": true, "report": "kilauea_report", "md": "/home/rootrecord/RootRecord-Ecosystem/test-reports/Voice/kilauea_report_current.md", "sentences": 7, "voice": {"ok": true, "mode": "stitch", "report": "kilauea_report", "agent": "carly", "voice": "af_nova", "speed": 1.0, "wav": "/home/rootrecord/RootRecord-Ecosystem/2 - RootRecord-Database/Media/Audio/Voice/kilauea_report_current.wav", "clips_used": 0, "live_sentences": 8, "model_loaded": true, "render_s": 20.61, "sample_rate": 24000, "channels": 1, "subtype": "PCM_16", "duration_s": 33.482, "peak_dbfs": -1.57, "rms_dbfs": -20.35, "lead_silence_ms": 114, "qc": "PASS", "wall_s": 20.67, "peak_rss_mb": 1608, "rc": 0}, "deliver": {"ok": true, "sent": true, "persona": "carly", "chat": "-1004367256267", "message_id": 2179, "transcript": false, "report": true, "photo": false, "plan": {"voice": true, "transcript": false, "report": true}}}
2026-10-01T09:04:51-10:00job:voice_solar_desk RUN  nice -n 10 python3 "/home/rootrecord/RootRecord-Ecosystem/1 - Servers/1 - RootRecord-Pacific-Solar-Server/Media/Voice/scripts/voice_reports.py" solar_desk
2026-10-01T09:05:15-10:00job:voice_solar_desk | {"ok": true, "report": "solar_desk", "md": "/home/rootrecord/RootRecord-Ecosystem/test-reports/Voice/solar_desk_current.md", "sentences": 6, "voice": {"ok": true, "mode": "stitch", "report": "solar_desk", "agent": "bruce", "voice": "am_echo", "speed": 1.0, "wav": "/home/rootrecord/RootRecord-Ecosystem/2 - RootRecord-Database/Media/Audio/Voice/solar_desk_current.wav", "clips_used": 0, "live_sentences": 6, "model_loaded": true, "render_s": 17.22, "sample_rate": 24000, "channels": 1, "subtype": "PCM_16", "duration_s": 28.241, "peak_dbfs": -1.5, "rms_dbfs": -20.26, "lead_silence_ms": 113, "qc": "PASS", "wall_s": 17.29, "peak_rss_mb": 1560, "rc": 0}, "deliver": {"ok": true, "sent": true, "persona": "bruce", "chat": "-1004367256267", "message_id": 2181, "transcript": false, "report": true, "photo": true, "plan": {"voice": true, "transcript": false, "report": true}}}
2026-10-01T09:05:15-10:00job:voice_security_desk RUN  nice -n 10 python3 "/home/rootrecord/RootRecord-Ecosystem/1 - Servers/1 - RootRecord-Pacific-Solar-Server/Media/Voice/scripts/voice_reports.py" security_desk
2026-10-01T09:05:32-10:00job:voice_security_desk | {"ok": true, "report": "security_desk", "md": "/home/rootrecord/RootRecord-Ecosystem/test-reports/Voice/security_desk_current.md", "sentences": 6, "voice": {"ok": true, "mode": "stitch", "report": "security_desk", "agent": "carly", "voice": "af_nova", "speed": 1.0, "wav": "/home/rootrecord/RootRecord-Ecosystem/2 - RootRecord-Database/Media/Audio/Voice/security_desk_current.wav", "clips_used": 0, "live_sentences": 5, "model_loaded": true, "render_s": 12.15, "sample_rate": 24000, "channels": 1, "subtype": "PCM_16", "duration_s": 15.671, "peak_dbfs": -2.94, "rms_dbfs": -20.3, "lead_silence_ms": 111, "qc": "PASS", "wall_s": 12.31, "peak_rss_mb": 1380, "rc": 0}, "deliver": {"ok": true, "sent": true, "persona": "carly", "chat": "-1004367256267", "message_id": 2184, "transcript": false, "report": true, "photo": false, "plan": {"voice": true, "transcript": false, "report": true}}}
2026-10-01T09:05:32-10:00job:voice_bandwidth_desk RUN  nice -n 10 python3 "/home/rootrecord/RootRecord-Ecosystem/1 - Servers/1 - RootRecord-Pacific-Solar-Server/Media/Voice/scripts/voice_reports.py" bandwidth_desk
2026-10-01T09:05:47-10:00job:voice_bandwidth_desk | {"ok": true, "report": "bandwidth_desk", "md": "/home/rootrecord/RootRecord-Ecosystem/test-reports/Voice/bandwidth_desk_current.md", "sentences": 4, "voice": {"ok": true, "mode": "stitch", "report": "bandwidth_desk", "agent": "carly", "voice": "af_nova", "speed": 1.0, "wav": "/home/rootrecord/RootRecord-Ecosystem/2 - RootRecord-Database/Media/Audio/Voice/bandwidth_desk_current.wav", "clips_used": 0, "live_sentences": 3, "model_loaded": true, "render_s": 11.16, "sample_rate": 24000, "channels": 1, "subtype": "PCM_16", "duration_s": 14.028, "peak_dbfs": -1.5, "rms_dbfs": -20.49, "lead_silence_ms": 115, "qc": "PASS", "wall_s": 11.22, "peak_rss_mb": 1407, "rc": 0}, "deliver": {"ok": true, "sent": true, "persona": "carly", "chat": "-1004367256267", "message_id": 2186, "transcript": false, "report": true, "photo": false, "plan": {"voice": true, "transcript": false, "report": true}}}
2026-10-01T09:05:47-10:00job:voice_morning_report RUN  nice -n 10 python3 "/home/rootrecord/RootRecord-Ecosystem/1 - Servers/1 - RootRecord-Pacific-Solar-Server/Media/Voice/scripts/voice_reports.py" morning_report
2026-10-01T09:07:09-10:00job:voice_morning_report | {"ok": true, "report": "morning_report", "md": "/home/rootrecord/RootRecord-Ecosystem/test-reports/Voice/morning_report_current.md", "sentences": 8, "voice": {"ok": true, "mode": "stitch", "report": "morning_report", "agent": "ava", "voice": "af_heart", "speed": 1.0, "wav": "/home/rootrecord/RootRecord-Ecosystem/2 - RootRecord-Database/Media/Audio/Voice/morning_report_current.wav", "clips_used": 0, "live_sentences": 9, "model_loaded": true, "render_s": 15.76, "sample_rate": 24000, "channels": 1, "subtype": "PCM_16", "duration_s": 22.626, "peak_dbfs": -1.5, "rms_dbfs": -20.24, "lead_silence_ms": 115, "qc": "PASS", "wall_s": 15.82, "peak_rss_mb": 1530, "rc": 0}, "deliver": {"ok": true, "sent": true, "persona": "ava", "chat": "-1004367256267", "message_id": 2188, "transcript": false, "report": true, "photo": false, "plan": {"voice": true, "transcript": false, "report": true}}}
2026-10-01T09:07:09-10:00job:automations_log_hourly_archive RUN  bash "/home/rootrecord/RootRecord-Ecosystem/1 - Servers/1 - RootRecord-Pacific-Solar-Server/Automations/scripts/archive_automations_log_hourly.sh"
