2026-10-02T00:01:01-10:00job:automations_log_hourly_archive OK
2026-10-02T00:01:01-10:00job:security_timelapse_hourly_compile RUN  bash "/home/rootrecord/RootRecord-Ecosystem/1 - Servers/1 - RootRecord-Pacific-Solar-Server/Security/Cameras/timelapse_hourly.sh"
2026-10-02T00:01:02-10:00job:security_timelapse_hourly_compile | 00:01:01  🎬  a-eyes-timelapse  hour 23 is outside the 05:00-19:00 window, skipping
2026-10-02T00:01:02-10:00ENERGY  status=live  B2=off  B1=86.5%  solar=0 W  ac=0 W  usbc=0 W  src=/home/rootrecord/RootRecord-Ecosystem/2 - RootRecord-Database/Energy  LAP=100%/Full/AC
2026-10-02T00:01:02-10:00job:sys_stats_cycle RUN  bash "/home/rootrecord/RootRecord-Ecosystem/1 - Servers/1 - RootRecord-Pacific-Solar-Server/System/scripts/sys-sample.sh"
2026-10-02T00:01:03-10:00job:sys_stats_cycle | SYSTEM  cpu=5%  load=1.16  mem=51%  src=sqlite
2026-10-02T00:01:03-10:00job:sys_stats_cycle | OK wrote /home/rootrecord/RootRecord-Ecosystem/2 - RootRecord-Database/System/samples/sys-20261002-000102.json
2026-10-02T00:01:12-10:00tunnel connected  conn=3  edge=lax13
2026-10-02T00:01:55-10:00tunnel timeout — reconnecting
2026-10-02T00:01:56-10:00tunnel timeout — reconnecting
2026-10-02T00:01:56-10:00tunnel connected  conn=3  edge=lax01
2026-10-02T00:02:01-10:00job:github_sync_all | ↑ [ecosystem] committed 8 local file(s)
2026-10-02T00:02:01-10:00job:github_sync_all | ↓ [ecosystem] fetching origin/main
2026-10-02T00:02:01-10:00job:github_sync_all | From github.com:RootRecord-Software-Solutions/RootRecord-Ecosystem
2026-10-02T00:02:01-10:00job:github_sync_all | * branch              main       -> FETCH_HEAD
2026-10-02T00:02:01-10:00job:github_sync_all | ↑ [ecosystem] local is ahead of GitHub
2026-10-02T00:02:01-10:00job:github_sync_all | To github.com:RootRecord-Software-Solutions/RootRecord-Ecosystem.git
2026-10-02T00:02:01-10:00job:github_sync_all | 1f7d38c9..e3d4ad42  HEAD -> main
2026-10-02T00:02:01-10:00job:github_sync_all | branch 'main' set up to track 'origin/main'.
2026-10-02T00:02:01-10:00job:github_sync_all | ↑ [ecosystem] 8 files → RootRecord-Software-Solutions/RootRecord-Ecosystem (main)
2026-10-02T00:02:01-10:00job:github_sync_all | ↑ [pacific] committed 1 local file(s)
2026-10-02T00:02:01-10:00job:github_sync_all | ↓ [pacific] fetching origin/main
2026-10-02T00:02:01-10:00job:github_sync_all | From github.com:RootRecord-Software-Solutions/RootRecord-Pacific-Solar-Server
2026-10-02T00:02:01-10:00job:github_sync_all | * branch            main       -> FETCH_HEAD
2026-10-02T00:02:01-10:00job:github_sync_all | ↑ [pacific] local is ahead of GitHub
2026-10-02T00:02:01-10:00job:github_sync_all | To github.com:RootRecord-Software-Solutions/RootRecord-Pacific-Solar-Server.git
2026-10-02T00:02:01-10:00job:github_sync_all | dcdfc7d..cb80148  HEAD -> main
2026-10-02T00:02:01-10:00job:github_sync_all | branch 'main' set up to track 'origin/main'.
2026-10-02T00:02:01-10:00job:github_sync_all | ↑ [pacific] 1 files → RootRecord-Software-Solutions/RootRecord-Pacific-Solar-Server (main)
2026-10-02T00:02:01-10:00job:github_sync_all | ↑ [database] committed 21 local file(s)
2026-10-02T00:02:01-10:00job:github_sync_all | ↓ [database] fetching origin/main
2026-10-02T00:02:01-10:00job:github_sync_all | From github.com:RootRecord-Software-Solutions/RootRecord-Database
2026-10-02T00:02:01-10:00job:github_sync_all | * branch              main       -> FETCH_HEAD
2026-10-02T00:02:01-10:00job:github_sync_all | ↑ [database] local is ahead of GitHub
2026-10-02T00:02:01-10:00job:github_sync_all | To github.com:RootRecord-Software-Solutions/RootRecord-Database.git
2026-10-02T00:02:01-10:00job:github_sync_all | 65ea99f3..89783a3a  HEAD -> main
2026-10-02T00:02:01-10:00job:github_sync_all | branch 'main' set up to track 'origin/main'.
2026-10-02T00:02:01-10:00job:github_sync_all | ↑ [database] 21 files → RootRecord-Software-Solutions/RootRecord-Database (main)
2026-10-02T00:02:01-10:00job:github_sync_all | — [library] no local changes
2026-10-02T00:02:01-10:00job:github_sync_all | ↓ [library] fetching origin/main
2026-10-02T00:02:01-10:00job:github_sync_all | From github.com:RootRecord-Software-Solutions/RootRecord-Library
2026-10-02T00:02:01-10:00job:github_sync_all | * branch            main       -> FETCH_HEAD
2026-10-02T00:02:01-10:00job:github_sync_all | — [library] local and GitHub already match
2026-10-02T00:02:01-10:00job:github_sync_all | — [library] nothing to push
2026-10-02T00:02:01-10:00job:github_sync_all | — [website] no local changes
2026-10-02T00:02:01-10:00job:github_sync_all | ↓ [website] fetching origin/main
2026-10-02T00:02:01-10:00job:github_sync_all | From github.com:RootRecord-Software-Solutions/RootRecord-Website
2026-10-02T00:02:01-10:00job:github_sync_all | * branch            main       -> FETCH_HEAD
2026-10-02T00:02:01-10:00job:github_sync_all | — [website] local and GitHub already match
2026-10-02T00:02:01-10:00job:github_sync_all | — [website] nothing to push
2026-10-02T00:02:01-10:00job:github_sync_all | — [website-personal] no local changes
2026-10-02T00:02:01-10:00job:worklog_scan RUN  bash "/home/rootrecord/RootRecord-Ecosystem/1 - Servers/1 - RootRecord-Pacific-Solar-Server/Reports/scripts/worklog_once.sh"
2026-10-02T00:05:02-10:00job:worklog_scan TIMEOUT after 180s
2026-10-02T00:05:02-10:00job:security_camera_frame_grab RUN  bash "/home/rootrecord/RootRecord-Ecosystem/1 - Servers/1 - RootRecord-Pacific-Solar-Server/Security/Cameras/grab_all.sh"
2026-10-02T00:05:19-10:00job:security_camera_frame_grab | 00:05:02  📷  a-eyes  ch1 → ch1-20261002T100502Z.jpg  (300.8 KB, 4.56s)
2026-10-02T00:05:19-10:00job:security_camera_frame_grab | 00:05:06  📷  a-eyes  ch2 → ch2-20261002T100506Z.jpg  (308.9 KB, 4.59s)
2026-10-02T00:05:19-10:00job:security_camera_frame_grab | 00:05:11  📷  a-eyes  ch3 → ch3-20261002T100511Z.jpg  (318.5 KB, 4.48s)
2026-10-02T00:05:19-10:00job:security_camera_frame_grab | 00:05:15  📷  a-eyes  ch4 → ch4-20261002T100515Z.jpg  (214.2 KB, 4.21s)
2026-10-02T00:05:19-10:00job:status_snapshot RUN  nice -n 10 python3 "/home/rootrecord/RootRecord-Ecosystem/1 - Servers/1 - RootRecord-Pacific-Solar-Server/Website/scripts/live_data_pages.py"
2026-10-02T00:05:20-10:00job:status_snapshot | live-data 6 pages
2026-10-02T00:05:20-10:00job:voice_timing_report RUN  nice -n 10 python3 "/home/rootrecord/RootRecord-Ecosystem/1 - Servers/1 - RootRecord-Pacific-Solar-Server/Reports/Voice-Timing/scripts/voice_timing_report.py"
2026-10-02T00:05:20-10:00job:voice_timing_report | [ok] voice-timing written (292 runs): /home/rootrecord/RootRecord-Ecosystem/5 - RootRecord-Library/Documentation/01-Operations/voice-timing.md
2026-10-02T00:05:21-10:00ENERGY  status=live  B2=off  B1=86.5%  solar=0 W  ac=0 W  usbc=0 W  src=/home/rootrecord/RootRecord-Ecosystem/2 - RootRecord-Database/Energy  LAP=100%/Full/AC
2026-10-02T00:05:21-10:00job:sys_stats_cycle RUN  bash "/home/rootrecord/RootRecord-Ecosystem/1 - Servers/1 - RootRecord-Pacific-Solar-Server/System/scripts/sys-sample.sh"
2026-10-02T00:05:22-10:00job:sys_stats_cycle | SYSTEM  cpu=21%  load=2.74  mem=62%  src=sqlite
2026-10-02T00:05:22-10:00job:sys_stats_cycle | OK wrote /home/rootrecord/RootRecord-Ecosystem/2 - RootRecord-Database/System/samples/sys-20261002-000521.json
2026-10-02T00:06:30-10:00job:github_sync_all | ↑ [ecosystem] committed 13 local file(s)
2026-10-02T00:06:30-10:00job:github_sync_all | ↓ [ecosystem] fetching origin/main
2026-10-02T00:06:30-10:00job:github_sync_all | From github.com:RootRecord-Software-Solutions/RootRecord-Ecosystem
2026-10-02T00:06:30-10:00job:github_sync_all | * branch              main       -> FETCH_HEAD
2026-10-02T00:06:30-10:00job:github_sync_all | ↑ [ecosystem] local is ahead of GitHub
2026-10-02T00:06:30-10:00job:github_sync_all | To github.com:RootRecord-Software-Solutions/RootRecord-Ecosystem.git
2026-10-02T00:06:30-10:00job:github_sync_all | e3d4ad42..ad0aca90  HEAD -> main
2026-10-02T00:06:30-10:00job:github_sync_all | branch 'main' set up to track 'origin/main'.
2026-10-02T00:06:30-10:00job:github_sync_all | ↑ [ecosystem] 13 files → RootRecord-Software-Solutions/RootRecord-Ecosystem (main)
2026-10-02T00:06:30-10:00job:github_sync_all | ↑ [pacific] committed 6 local file(s)
2026-10-02T00:06:30-10:00job:github_sync_all | ↓ [pacific] fetching origin/main
2026-10-02T00:06:30-10:00job:github_sync_all | From github.com:RootRecord-Software-Solutions/RootRecord-Pacific-Solar-Server
2026-10-02T00:06:30-10:00job:github_sync_all | * branch            main       -> FETCH_HEAD
2026-10-02T00:06:30-10:00job:github_sync_all | ↑ [pacific] local is ahead of GitHub
2026-10-02T00:06:30-10:00job:github_sync_all | To github.com:RootRecord-Software-Solutions/RootRecord-Pacific-Solar-Server.git
2026-10-02T00:06:30-10:00job:github_sync_all | cb80148..63d30c2  HEAD -> main
2026-10-02T00:06:30-10:00job:github_sync_all | branch 'main' set up to track 'origin/main'.
2026-10-02T00:06:30-10:00job:github_sync_all | ↑ [pacific] 6 files → RootRecord-Software-Solutions/RootRecord-Pacific-Solar-Server (main)
2026-10-02T00:06:30-10:00job:github_sync_all | ↑ [database] committed 20 local file(s)
2026-10-02T00:06:30-10:00job:github_sync_all | ↓ [database] fetching origin/main
2026-10-02T00:06:30-10:00job:github_sync_all | From github.com:RootRecord-Software-Solutions/RootRecord-Database
2026-10-02T00:06:30-10:00job:github_sync_all | * branch              main       -> FETCH_HEAD
2026-10-02T00:06:30-10:00job:github_sync_all | ↑ [database] local is ahead of GitHub
2026-10-02T00:06:30-10:00job:github_sync_all | To github.com:RootRecord-Software-Solutions/RootRecord-Database.git
2026-10-02T00:06:30-10:00job:github_sync_all | 89783a3a..af4ec9a7  HEAD -> main
2026-10-02T00:06:30-10:00job:github_sync_all | branch 'main' set up to track 'origin/main'.
2026-10-02T00:06:30-10:00job:github_sync_all | ↑ [database] 20 files → RootRecord-Software-Solutions/RootRecord-Database (main)
2026-10-02T00:06:30-10:00job:github_sync_all | ↑ [library] committed 1 local file(s)
2026-10-02T00:06:30-10:00job:github_sync_all | ↓ [library] fetching origin/main
2026-10-02T00:06:30-10:00job:github_sync_all | From github.com:RootRecord-Software-Solutions/RootRecord-Library
2026-10-02T00:06:30-10:00job:github_sync_all | * branch            main       -> FETCH_HEAD
2026-10-02T00:06:30-10:00job:github_sync_all | ↑ [library] local is ahead of GitHub
2026-10-02T00:06:30-10:00job:github_sync_all | To github.com:RootRecord-Software-Solutions/RootRecord-Library.git
2026-10-02T00:06:30-10:00job:github_sync_all | c5dd5ab..68c0ab1  HEAD -> main
2026-10-02T00:06:30-10:00job:github_sync_all | branch 'main' set up to track 'origin/main'.
2026-10-02T00:06:30-10:00job:github_sync_all | ↑ [library] 1 files → RootRecord-Software-Solutions/RootRecord-Library (main)
2026-10-02T00:06:30-10:00job:github_sync_all | — [website] no local changes
2026-10-02T00:06:30-10:00job:github_sync_all | ↓ [website] fetching origin/main
2026-10-02T00:06:30-10:00job:github_sync_all | From github.com:RootRecord-Software-Solutions/RootRecord-Website
2026-10-02T00:06:30-10:00job:github_sync_all | * branch            main       -> FETCH_HEAD
2026-10-02T00:06:30-10:00job:security_camera_frame_grab RUN  bash "/home/rootrecord/RootRecord-Ecosystem/1 - Servers/1 - RootRecord-Pacific-Solar-Server/Security/Cameras/grab_all.sh"
2026-10-02T00:06:48-10:00job:security_camera_frame_grab | 00:06:30  📷  a-eyes  ch1 → ch1-20261002T100630Z.jpg  (300.5 KB, 4.52s)
2026-10-02T00:06:48-10:00job:security_camera_frame_grab | 00:06:35  📷  a-eyes  ch2 → ch2-20261002T100635Z.jpg  (308.0 KB, 4.23s)
2026-10-02T00:06:48-10:00job:security_camera_frame_grab | 00:06:39  📷  a-eyes  ch3 → ch3-20261002T100639Z.jpg  (316.9 KB, 4.60s)
2026-10-02T00:06:48-10:00job:security_camera_frame_grab | 00:06:44  📷  a-eyes  ch4 → ch4-20261002T100644Z.jpg  (215.0 KB, 4.35s)
2026-10-02T00:06:48-10:00job:service_supervisor RUN  bash "/home/rootrecord/RootRecord-Ecosystem/1 - Servers/1 - RootRecord-Pacific-Solar-Server/Automations/scripts/supervise-services.sh"
2026-10-02T00:06:48-10:00job:service_supervisor | [supervisor] weather alive pid=1325344 (act)
2026-10-02T00:06:48-10:00job:service_supervisor | [supervisor] relay alive pid=1325087 (act)
2026-10-02T00:06:48-10:00job:geology_collect RUN  nice -n 10 python3 "/home/rootrecord/RootRecord-Ecosystem/1 - Servers/1 - RootRecord-Pacific-Solar-Server/Geology/scripts/geology_collect.py" all
2026-10-02T00:06:54-10:00job:geology_collect | {"ok": true, "at": "2026-10-02T00:06:49-10:00", "what": "all", "dry_run": false, "sources": {"hawaii": {"ok": true, "count": 36, "new": 0, "new_m2": 0, "ms": 777}, "global": {"ok": true, "count": 28, "new": 1, "ms": 365}, "hvo_notices": {"ok": true, "count": 47, "new": 2, "ms": 2749}, "hvo_status": {"ok": true, "volcanoes": 8, "kilauea": "WATCH", "mauna_loa": "NORMAL", "ms": 1632}}}
2026-10-02T00:06:54-10:00job:system_net_sample RUN  nice -n 10 python3 "/home/rootrecord/RootRecord-Ecosystem/1 - Servers/1 - RootRecord-Pacific-Solar-Server/System/scripts/host_desks.py" net-sample
2026-10-02T00:06:54-10:00job:system_net_sample | {"ok": true, "file": "/home/rootrecord/RootRecord-Ecosystem/2 - RootRecord-Database/System/network/Daily/net-20261002.jsonl", "iface": "wlo1", "hour": null, "day": null}
2026-10-02T00:06:54-10:00job:discord_report_relay RUN  nice -n 10 python3 "/home/rootrecord/RootRecord-Ecosystem/1 - Servers/1 - RootRecord-Pacific-Solar-Server/Communications/Discord/scripts/report_relay.py"
2026-10-02T00:06:54-10:00job:discord_report_relay | same
2026-10-02T00:06:54-10:00job:radio_rss_poll RUN  nice -n 10 python3 "/home/rootrecord/RootRecord-Ecosystem/1 - Servers/1 - RootRecord-Pacific-Solar-Server/Media/RadioRss/scripts/rss_radio.py" poll
2026-10-02T00:07:12-10:00job:radio_rss_poll | {"ok": true, "polled": [{"feed": "bbc_business", "ok": true, "items": 20, "duplicates": 20}, {"feed": "bea_news", "ok": true, "items": 20, "duplicates": 20}, {"feed": "breaking_defense", "ok": true, "items": 0}, {"feed": "civil_beat", "ok": true, "items": 10, "duplicates": 4}, {"feed": "defense_news", "ok": true, "items": 20, "duplicates": 20}, {"feed": "esa_human_spaceflight", "ok": true, "items": 15, "duplicates": 15}, {"feed": "esa_space_science", "ok": true, "items": 15, "duplicates": 15}, {"feed": "esa_top_news", "ok": true, "items": 9, "duplicates": 8}, {"feed": "fed_monetary", "ok": true, "items": 0}, {"feed": "github_changelog", "ok": true, "items": 0}, {"feed": "hawaii_governor", "ok": true, "items": 0}, {"feed": "jpl_news", "ok": false}], "composed": ["c_17681505e72d5fb4", "c_c2fab280ec3fb6f0", "c_32a508a4fe92c7f2", "c_91072520430b2d2d", "c_044d2f55a48ac825", "c_fc8dfbc509134410", "c_b87953c860ba5994"]}
2026-10-02T00:07:12-10:00ENERGY  status=live  B2=off  B1=86.5%  solar=0 W  ac=0 W  usbc=0 W  src=/home/rootrecord/RootRecord-Ecosystem/2 - RootRecord-Database/Energy  LAP=100%/Full/AC
2026-10-02T00:07:12-10:00job:sys_stats_cycle RUN  bash "/home/rootrecord/RootRecord-Ecosystem/1 - Servers/1 - RootRecord-Pacific-Solar-Server/System/scripts/sys-sample.sh"
2026-10-02T00:07:14-10:00job:sys_stats_cycle | SYSTEM  cpu=40%  load=4.84  mem=56%  src=sqlite
2026-10-02T00:07:14-10:00job:sys_stats_cycle | OK wrote /home/rootrecord/RootRecord-Ecosystem/2 - RootRecord-Database/System/samples/sys-20261002-000713.json
2026-10-02T00:08:21-10:00job:github_sync_all | ↑ [ecosystem] committed 48 local file(s)
2026-10-02T00:08:21-10:00job:github_sync_all | ↓ [ecosystem] fetching origin/main
2026-10-02T00:08:21-10:00job:github_sync_all | From github.com:RootRecord-Software-Solutions/RootRecord-Ecosystem
2026-10-02T00:08:21-10:00job:github_sync_all | * branch              main       -> FETCH_HEAD
2026-10-02T00:08:21-10:00job:github_sync_all | ↑ [ecosystem] local is ahead of GitHub
2026-10-02T00:08:21-10:00job:github_sync_all | To github.com:RootRecord-Software-Solutions/RootRecord-Ecosystem.git
2026-10-02T00:08:21-10:00job:github_sync_all | ad0aca90..94d589db  HEAD -> main
2026-10-02T00:08:21-10:00job:github_sync_all | branch 'main' set up to track 'origin/main'.
2026-10-02T00:08:21-10:00job:github_sync_all | ↑ [ecosystem] 48 files → RootRecord-Software-Solutions/RootRecord-Ecosystem (main)
2026-10-02T00:08:21-10:00job:github_sync_all | ↑ [pacific] committed 1 local file(s)
2026-10-02T00:08:21-10:00job:github_sync_all | ↓ [pacific] fetching origin/main
2026-10-02T00:08:21-10:00job:github_sync_all | From github.com:RootRecord-Software-Solutions/RootRecord-Pacific-Solar-Server
2026-10-02T00:08:21-10:00job:github_sync_all | * branch            main       -> FETCH_HEAD
2026-10-02T00:08:21-10:00job:github_sync_all | ↑ [pacific] local is ahead of GitHub
2026-10-02T00:08:21-10:00job:github_sync_all | To github.com:RootRecord-Software-Solutions/RootRecord-Pacific-Solar-Server.git
2026-10-02T00:08:21-10:00job:github_sync_all | 63d30c2..77d6bbd  HEAD -> main
2026-10-02T00:08:21-10:00job:github_sync_all | branch 'main' set up to track 'origin/main'.
2026-10-02T00:08:21-10:00job:github_sync_all | ↑ [pacific] 1 files → RootRecord-Software-Solutions/RootRecord-Pacific-Solar-Server (main)
2026-10-02T00:08:21-10:00job:github_sync_all | ↑ [database] committed 57 local file(s)
2026-10-02T00:08:21-10:00job:github_sync_all | ↓ [database] fetching origin/main
2026-10-02T00:08:21-10:00job:github_sync_all | From github.com:RootRecord-Software-Solutions/RootRecord-Database
2026-10-02T00:08:21-10:00job:github_sync_all | * branch              main       -> FETCH_HEAD
2026-10-02T00:08:21-10:00job:github_sync_all | ↑ [database] local is ahead of GitHub
2026-10-02T00:08:21-10:00job:github_sync_all | To github.com:RootRecord-Software-Solutions/RootRecord-Database.git
2026-10-02T00:08:21-10:00job:github_sync_all | af4ec9a7..faf9298d  HEAD -> main
2026-10-02T00:08:21-10:00job:github_sync_all | branch 'main' set up to track 'origin/main'.
2026-10-02T00:08:21-10:00job:github_sync_all | ↑ [database] 57 files → RootRecord-Software-Solutions/RootRecord-Database (main)
2026-10-02T00:08:21-10:00job:github_sync_all | — [library] no local changes
2026-10-02T00:08:21-10:00job:github_sync_all | ↓ [library] fetching origin/main
2026-10-02T00:08:21-10:00job:github_sync_all | From github.com:RootRecord-Software-Solutions/RootRecord-Library
2026-10-02T00:08:21-10:00job:github_sync_all | * branch            main       -> FETCH_HEAD
2026-10-02T00:08:21-10:00job:github_sync_all | — [library] local and GitHub already match
2026-10-02T00:08:21-10:00job:github_sync_all | — [library] nothing to push
2026-10-02T00:08:21-10:00job:github_sync_all | — [website] no local changes
2026-10-02T00:08:21-10:00job:github_sync_all | ↓ [website] fetching origin/main
2026-10-02T00:08:21-10:00job:github_sync_all | From github.com:RootRecord-Software-Solutions/RootRecord-Website
2026-10-02T00:08:21-10:00job:github_sync_all | * branch            main       -> FETCH_HEAD
2026-10-02T00:08:21-10:00job:github_sync_all | — [website] local and GitHub already match
2026-10-02T00:08:21-10:00job:github_sync_all | — [website] nothing to push
2026-10-02T00:08:21-10:00job:github_sync_all | — [website-personal] no local changes
2026-10-02T00:08:21-10:00job:worklog_scan RUN  bash "/home/rootrecord/RootRecord-Ecosystem/1 - Servers/1 - RootRecord-Pacific-Solar-Server/Reports/scripts/worklog_once.sh"
2026-10-02T00:09:53-10:00job:worklog_scan FAIL code=-15
2026-10-02T00:09:53-10:00HTTP listening on http://127.0.0.1:8799 (open access on bind)
2026-10-02T00:09:53-10:00boot:start  jobs=10
2026-10-02T00:09:53-10:00boot:run  priority=0  id=self_terminal
2026-10-02T00:09:53-10:00boot:p0 self_process pid=1765947
2026-10-02T00:09:53-10:00boot:run  priority=1  id=cloudflare_tunnel
2026-10-02T00:09:53-10:00boot:p1 cloudflare_tunnel host=rootserver.rootrecord.cloud
2026-10-02T00:09:53-10:00internet OK at boot — starting tunnel
2026-10-02T00:09:53-10:00Starting cloudflared mode=token public_host=rootserver.rootrecord.cloud
2026-10-02T00:09:53-10:00Waiting for tunnel register (timeout=45s)…
2026-10-02T00:09:53-10:00tunnel starting
2026-10-02T00:09:54-10:00tunnel connected  conn=0  edge=lax10
2026-10-02T00:09:54-10:00Tunnel READY — first connection registered.
2026-10-02T00:09:54-10:00boot:run  priority=2  id=github_setup_remotes
2026-10-02T00:09:54-10:00tunnel ingress  rootserver.rootrecord.cloud → 127.0.0.1:8799
2026-10-02T00:09:54-10:00boot:run  priority=3  id=ollama_warmup
2026-10-02T00:09:54-10:00job:ollama_warmup RUN  bash '/home/rootrecord/RootRecord-Ecosystem/1 - Servers/1 - RootRecord-Pacific-Solar-Server/System/scripts/plumbing/ollama-warmup.sh'
2026-10-02T00:09:54-10:00job:ollama_warmup | [ok] ollama up
2026-10-02T00:09:54-10:00boot:run  priority=4  id=flm_npu_warmup
2026-10-02T00:09:54-10:00job:flm_npu_warmup RUN  bash '/home/rootrecord/RootRecord-Ecosystem/1 - Servers/1 - RootRecord-Pacific-Solar-Server/System/scripts/plumbing/flm-warmup.sh'
2026-10-02T00:09:54-10:00tunnel connected  conn=1  edge=lax13
2026-10-02T00:09:54-10:00job:flm_npu_warmup | [skip] FLM warmup disabled (no resident model; set FLM_WARMUP_RESIDENT=1 to opt in)
2026-10-02T00:09:54-10:00boot:run  priority=5  id=council_relay
2026-10-02T00:09:54-10:00job:council_relay RUN  bash "/home/rootrecord/RootRecord-Ecosystem/1 - Servers/1 - RootRecord-Pacific-Solar-Server/Communications/telegram/scripts/ensure-relay.sh"
2026-10-02T00:09:55-10:00tunnel connected  conn=2  edge=lax13
2026-10-02T00:09:56-10:00tunnel connected  conn=3  edge=lax11
2026-10-02T00:09:58-10:00job:council_relay | [ok] council-relay started pid=1766298 → /home/rootrecord/RootRecord-Ecosystem/2 - RootRecord-Database/Logs/Communications/council-relay.log
2026-10-02T00:09:58-10:00boot:run  priority=6  id=security_camera_server
2026-10-02T00:09:58-10:00job:security_camera_server RUN  bash "/home/rootrecord/RootRecord-Ecosystem/1 - Servers/1 - RootRecord-Pacific-Solar-Server/Security/Cameras/ensure_cam_server.sh"
2026-10-02T00:09:58-10:00job:security_camera_server | security cam server started
2026-10-02T00:09:58-10:00boot:run  priority=7  id=security_timelapse_catchup
2026-10-02T00:09:58-10:00job:security_timelapse_catchup RUN  bash "/home/rootrecord/RootRecord-Ecosystem/1 - Servers/1 - RootRecord-Pacific-Solar-Server/Security/Cameras/timelapse_catchup.sh"
2026-10-02T00:09:58-10:00job:security_timelapse_catchup | 00:09:58  🎬  a-eyes-timelapse  catchup: checking 20261002, now=00:09 HST
2026-10-02T00:09:58-10:00job:security_timelapse_catchup | 00:09:58  🎬  a-eyes-timelapse  catchup: window still open today, skipping daily render
2026-10-02T00:09:58-10:00boot:run  priority=8  id=weather_poller
2026-10-02T00:09:58-10:00job:weather_poller RUN  bash "/home/rootrecord/RootRecord-Ecosystem/1 - Servers/1 - RootRecord-Pacific-Solar-Server/Weather/scripts/ensure-weather-poller.sh"
2026-10-02T00:09:59-10:00job:weather_poller | [ensure-weather-poller] starting -- entry=/home/rootrecord/RootRecord-Ecosystem/1 - Servers/1 - RootRecord-Pacific-Solar-Server/Weather/scripts/run_poller.py log=/home/rootrecord/RootRecord-Ecosystem/2 - RootRecord-Database/Weather/Hawai'i/logs/weather-poller.log
2026-10-02T00:09:59-10:00job:weather_poller | [ensure-weather-poller] verify: weather poller is running
2026-10-02T00:09:59-10:00boot:run  priority=9  id=network_globe_hawaii
2026-10-02T00:09:59-10:00job:network_globe_hawaii RUN  bash "/home/rootrecord/RootRecord-Ecosystem/1 - Servers/1 - RootRecord-Pacific-Solar-Server/Communications/network/scripts/ensure-network-globe-hawaii.sh"
2026-10-02T00:09:59-10:00job:network_globe_hawaii | [ensure-network-globe-hawaii] already running -- nothing to do
2026-10-02T00:09:59-10:00boot:done
2026-10-02T00:10:29-10:00  ▸  SUMMARY=river2pro soc=82.09% solar=0W ac_out=58W usbc=29W src=ble db=ok
2026-10-02T00:10:29-10:00scheduler  every_seconds=11  every_minute=13  every_hour=4  on_at=10
2026-10-02T00:10:29-10:00ENERGY  status=live  B2=off  B1=82.1%  solar=0 W  ac=0 W  usbc=0 W  src=/home/rootrecord/RootRecord-Ecosystem/2 - RootRecord-Database/Energy  LAP=100%/Full/AC
2026-10-02T00:10:29-10:00job:sys_stats_cycle RUN  bash "/home/rootrecord/RootRecord-Ecosystem/1 - Servers/1 - RootRecord-Pacific-Solar-Server/System/scripts/sys-sample.sh"
2026-10-02T00:10:31-10:00job:sys_stats_cycle | SYSTEM  cpu=16%  load=2.87  mem=44%  src=sqlite
2026-10-02T00:10:31-10:00job:sys_stats_cycle | OK wrote /home/rootrecord/RootRecord-Ecosystem/2 - RootRecord-Database/System/samples/sys-20261002-001030.json
2026-10-02T00:11:40-10:00job:github_sync_all | ↑ [ecosystem] committed 7 local file(s)
2026-10-02T00:11:40-10:00job:github_sync_all | ↓ [ecosystem] fetching origin/main
2026-10-02T00:11:40-10:00job:github_sync_all | From github.com:RootRecord-Software-Solutions/RootRecord-Ecosystem
2026-10-02T00:11:40-10:00job:github_sync_all | * branch              main       -> FETCH_HEAD
2026-10-02T00:11:40-10:00job:github_sync_all | * [new branch]        main       -> origin/main
2026-10-02T00:11:40-10:00job:github_sync_all | ↑ [ecosystem] local is ahead of GitHub
2026-10-02T00:11:40-10:00job:github_sync_all | To github.com:RootRecord-Software-Solutions/RootRecord-Ecosystem.git
2026-10-02T00:11:40-10:00job:github_sync_all | 94d589db..16002a33  HEAD -> main
2026-10-02T00:11:40-10:00job:github_sync_all | branch 'main' set up to track 'origin/main'.
2026-10-02T00:11:40-10:00job:github_sync_all | ↑ [ecosystem] 7 files → RootRecord-Software-Solutions/RootRecord-Ecosystem (main)
2026-10-02T00:11:40-10:00job:github_sync_all | ↑ [pacific] committed 1 local file(s)
2026-10-02T00:11:40-10:00job:github_sync_all | ↓ [pacific] fetching origin/main
2026-10-02T00:11:40-10:00job:github_sync_all | From github.com:RootRecord-Software-Solutions/RootRecord-Pacific-Solar-Server
2026-10-02T00:11:40-10:00job:github_sync_all | * branch            main       -> FETCH_HEAD
2026-10-02T00:11:40-10:00job:github_sync_all | ↑ [pacific] local is ahead of GitHub
2026-10-02T00:11:40-10:00job:github_sync_all | To github.com:RootRecord-Software-Solutions/RootRecord-Pacific-Solar-Server.git
2026-10-02T00:11:40-10:00job:github_sync_all | 77d6bbd..6f5afd1  HEAD -> main
2026-10-02T00:11:40-10:00job:github_sync_all | branch 'main' set up to track 'origin/main'.
2026-10-02T00:11:40-10:00job:github_sync_all | ↑ [pacific] 1 files → RootRecord-Software-Solutions/RootRecord-Pacific-Solar-Server (main)
2026-10-02T00:11:40-10:00job:github_sync_all | ↑ [database] committed 19 local file(s)
2026-10-02T00:11:40-10:00job:github_sync_all | ↓ [database] fetching origin/main
2026-10-02T00:11:40-10:00job:github_sync_all | From github.com:RootRecord-Software-Solutions/RootRecord-Database
2026-10-02T00:11:40-10:00job:github_sync_all | * branch              main       -> FETCH_HEAD
2026-10-02T00:11:40-10:00job:github_sync_all | ↑ [database] local is ahead of GitHub
2026-10-02T00:11:40-10:00job:github_sync_all | To github.com:RootRecord-Software-Solutions/RootRecord-Database.git
2026-10-02T00:11:40-10:00job:github_sync_all | faf9298d..b4898175  HEAD -> main
2026-10-02T00:11:40-10:00job:github_sync_all | branch 'main' set up to track 'origin/main'.
2026-10-02T00:11:40-10:00job:github_sync_all | ↑ [database] 19 files → RootRecord-Software-Solutions/RootRecord-Database (main)
2026-10-02T00:11:40-10:00job:github_sync_all | ↑ [library] committed 1 local file(s)
2026-10-02T00:11:40-10:00job:github_sync_all | ↓ [library] fetching origin/main
2026-10-02T00:11:40-10:00job:github_sync_all | From github.com:RootRecord-Software-Solutions/RootRecord-Library
2026-10-02T00:11:40-10:00job:github_sync_all | * branch            main       -> FETCH_HEAD
2026-10-02T00:11:40-10:00job:github_sync_all | ↑ [library] local is ahead of GitHub
2026-10-02T00:11:40-10:00job:github_sync_all | To github.com:RootRecord-Software-Solutions/RootRecord-Library.git
2026-10-02T00:11:40-10:00job:github_sync_all | 68c0ab1..b301139  HEAD -> main
2026-10-02T00:11:40-10:00job:github_sync_all | branch 'main' set up to track 'origin/main'.
2026-10-02T00:11:40-10:00job:github_sync_all | ↑ [library] 1 files → RootRecord-Software-Solutions/RootRecord-Library (main)
2026-10-02T00:11:40-10:00job:github_sync_all | — [website] no local changes
2026-10-02T00:11:40-10:00job:github_sync_all | ↓ [website] fetching origin/main
2026-10-02T00:11:40-10:00job:github_sync_all | From github.com:RootRecord-Software-Solutions/RootRecord-Website
2026-10-02T00:11:40-10:00job:worklog_scan RUN  bash "/home/rootrecord/RootRecord-Ecosystem/1 - Servers/1 - RootRecord-Pacific-Solar-Server/Reports/scripts/worklog_once.sh"
2026-10-02T00:13:29-10:00tunnel timeout — reconnecting
2026-10-02T00:13:29-10:00tunnel timeout — reconnecting
2026-10-02T00:13:29-10:00tunnel timeout — reconnecting
2026-10-02T00:13:30-10:00tunnel timeout — reconnecting
2026-10-02T00:13:30-10:00tunnel timeout — reconnecting
2026-10-02T00:13:30-10:00tunnel timeout — reconnecting
2026-10-02T00:13:31-10:00tunnel timeout — reconnecting
2026-10-02T00:13:31-10:00tunnel connected  conn=0  edge=lax13
2026-10-02T00:13:38-10:00tunnel connected  conn=1  edge=lax07
2026-10-02T00:13:38-10:00tunnel connected  conn=3  edge=lax09
2026-10-02T00:13:38-10:00tunnel connected  conn=2  edge=lax13
2026-10-02T00:14:40-10:00job:worklog_scan TIMEOUT after 180s
2026-10-02T00:14:40-10:00job:security_camera_frame_grab RUN  bash "/home/rootrecord/RootRecord-Ecosystem/1 - Servers/1 - RootRecord-Pacific-Solar-Server/Security/Cameras/grab_all.sh"
2026-10-02T00:14:58-10:00job:security_camera_frame_grab | 00:14:40  📷  a-eyes  ch1 → ch1-20261002T101440Z.jpg  (298.6 KB, 4.37s)
2026-10-02T00:14:58-10:00job:security_camera_frame_grab | 00:14:44  📷  a-eyes  ch2 → ch2-20261002T101444Z.jpg  (307.6 KB, 4.39s)
2026-10-02T00:14:58-10:00job:security_camera_frame_grab | 00:14:49  📷  a-eyes  ch3 → ch3-20261002T101449Z.jpg  (321.7 KB, 4.48s)
2026-10-02T00:14:58-10:00job:security_camera_frame_grab | 00:14:53  📷  a-eyes  ch4 → ch4-20261002T101453Z.jpg  (218.7 KB, 4.28s)
2026-10-02T00:14:58-10:00job:service_supervisor RUN  bash "/home/rootrecord/RootRecord-Ecosystem/1 - Servers/1 - RootRecord-Pacific-Solar-Server/Automations/scripts/supervise-services.sh"
2026-10-02T00:14:58-10:00job:service_supervisor | [supervisor] weather alive pid=1766628 (act)
2026-10-02T00:14:58-10:00job:service_supervisor | [supervisor] relay alive pid=1766298 (act)
2026-10-02T00:14:58-10:00job:geology_collect RUN  nice -n 10 python3 "/home/rootrecord/RootRecord-Ecosystem/1 - Servers/1 - RootRecord-Pacific-Solar-Server/Geology/scripts/geology_collect.py" all
2026-10-02T00:15:08-10:00job:geology_collect | {"ok": true, "at": "2026-10-02T00:14:58-10:00", "what": "all", "dry_run": false, "sources": {"hawaii": {"ok": true, "count": 36, "new": 2, "new_m2": 2, "ms": 1063}, "global": {"ok": true, "count": 29, "new": 1, "ms": 301}, "hvo_notices": {"ok": true, "count": 47, "new": 0, "ms": 1011}, "hvo_status": {"ok": true, "volcanoes": 8, "kilauea": "WATCH", "mauna_loa": "NORMAL", "ms": 7786}}}
2026-10-02T00:15:08-10:00job:status_snapshot RUN  nice -n 10 python3 "/home/rootrecord/RootRecord-Ecosystem/1 - Servers/1 - RootRecord-Pacific-Solar-Server/Website/scripts/live_data_pages.py"
2026-10-02T00:15:08-10:00job:status_snapshot | live-data 6 pages
2026-10-02T00:15:08-10:00job:system_net_sample RUN  nice -n 10 python3 "/home/rootrecord/RootRecord-Ecosystem/1 - Servers/1 - RootRecord-Pacific-Solar-Server/System/scripts/host_desks.py" net-sample
2026-10-02T00:15:08-10:00job:system_net_sample | {"ok": true, "file": "/home/rootrecord/RootRecord-Ecosystem/2 - RootRecord-Database/System/network/Daily/net-20261002.jsonl", "iface": "wlo1", "hour": {"seconds": 3792, "rx": 442174664, "tx": 60971901, "total": 503146565, "iface": "wlo1", "link": "wireless"}, "day": null}
2026-10-02T00:15:08-10:00job:discord_report_relay RUN  nice -n 10 python3 "/home/rootrecord/RootRecord-Ecosystem/1 - Servers/1 - RootRecord-Pacific-Solar-Server/Communications/Discord/scripts/report_relay.py"
2026-10-02T00:15:09-10:00job:discord_report_relay | same
2026-10-02T00:15:09-10:00job:radio_rss_poll RUN  nice -n 10 python3 "/home/rootrecord/RootRecord-Ecosystem/1 - Servers/1 - RootRecord-Pacific-Solar-Server/Media/RadioRss/scripts/rss_radio.py" poll
2026-10-02T00:15:17-10:00job:radio_rss_poll | {"ok": true, "polled": [{"feed": "marketwatch_top", "ok": true, "items": 10, "duplicates": 10}, {"feed": "nasa_artemis", "ok": true, "items": 0}, {"feed": "nasa_jpl", "ok": true, "items": 0}, {"feed": "nasa_news", "ok": true, "items": 0}, {"feed": "nasa_recent", "ok": true, "items": 0}, {"feed": "nasa_station", "ok": true, "items": 0}, {"feed": "nasaspaceflight", "ok": true, "items": 0}, {"feed": "nist_cyber_insights", "ok": true, "items": 0}, {"feed": "nist_cybersecurity", "ok": true, "items": 0}, {"feed": "nist_news", "ok": true, "items": 0}, {"feed": "nsf_news", "ok": true, "items": 0}, {"feed": "ntsb_investigations", "ok": true, "skipped": "robots"}], "composed": []}
2026-10-02T00:15:17-10:00ENERGY  status=live  B2=off  B1=82.1%  solar=0 W  ac=0 W  usbc=0 W  src=/home/rootrecord/RootRecord-Ecosystem/2 - RootRecord-Database/Energy  LAP=100%/Full/AC
2026-10-02T00:15:17-10:00job:sys_stats_cycle RUN  bash "/home/rootrecord/RootRecord-Ecosystem/1 - Servers/1 - RootRecord-Pacific-Solar-Server/System/scripts/sys-sample.sh"
2026-10-02T00:15:19-10:00job:sys_stats_cycle | SYSTEM  cpu=9%  load=1.94  mem=45%  src=sqlite
2026-10-02T00:15:19-10:00job:sys_stats_cycle | OK wrote /home/rootrecord/RootRecord-Ecosystem/2 - RootRecord-Database/System/samples/sys-20261002-001517.json
2026-10-02T00:16:20-10:00job:github_sync_all | ↑ [ecosystem] committed 29 local file(s)
2026-10-02T00:16:20-10:00job:github_sync_all | ↓ [ecosystem] fetching origin/main
2026-10-02T00:16:20-10:00job:github_sync_all | From github.com:RootRecord-Software-Solutions/RootRecord-Ecosystem
2026-10-02T00:16:20-10:00job:github_sync_all | * branch              main       -> FETCH_HEAD
2026-10-02T00:16:20-10:00job:github_sync_all | ↑ [ecosystem] local is ahead of GitHub
2026-10-02T00:16:20-10:00job:github_sync_all | To github.com:RootRecord-Software-Solutions/RootRecord-Ecosystem.git
2026-10-02T00:16:20-10:00job:github_sync_all | 16002a33..29fb17ed  HEAD -> main
2026-10-02T00:16:20-10:00job:github_sync_all | branch 'main' set up to track 'origin/main'.
2026-10-02T00:16:20-10:00job:github_sync_all | ↑ [ecosystem] 29 files → RootRecord-Software-Solutions/RootRecord-Ecosystem (main)
2026-10-02T00:16:20-10:00job:github_sync_all | ↑ [pacific] committed 5 local file(s)
2026-10-02T00:16:20-10:00job:github_sync_all | ↓ [pacific] fetching origin/main
2026-10-02T00:16:20-10:00job:github_sync_all | From github.com:RootRecord-Software-Solutions/RootRecord-Pacific-Solar-Server
2026-10-02T00:16:20-10:00job:github_sync_all | * branch            main       -> FETCH_HEAD
2026-10-02T00:16:20-10:00job:github_sync_all | ↑ [pacific] local is ahead of GitHub
2026-10-02T00:16:20-10:00job:github_sync_all | To github.com:RootRecord-Software-Solutions/RootRecord-Pacific-Solar-Server.git
2026-10-02T00:16:20-10:00job:github_sync_all | 6f5afd1..0b58d50  HEAD -> main
2026-10-02T00:16:20-10:00job:github_sync_all | branch 'main' set up to track 'origin/main'.
2026-10-02T00:16:20-10:00job:github_sync_all | ↑ [pacific] 5 files → RootRecord-Software-Solutions/RootRecord-Pacific-Solar-Server (main)
2026-10-02T00:16:20-10:00job:github_sync_all | ↑ [database] committed 30 local file(s)
2026-10-02T00:16:20-10:00job:github_sync_all | ↓ [database] fetching origin/main
2026-10-02T00:16:20-10:00job:github_sync_all | From github.com:RootRecord-Software-Solutions/RootRecord-Database
2026-10-02T00:16:20-10:00job:github_sync_all | * branch              main       -> FETCH_HEAD
2026-10-02T00:16:20-10:00job:github_sync_all | ↑ [database] local is ahead of GitHub
2026-10-02T00:16:20-10:00job:github_sync_all | To github.com:RootRecord-Software-Solutions/RootRecord-Database.git
2026-10-02T00:16:20-10:00job:github_sync_all | b4898175..b252736a  HEAD -> main
2026-10-02T00:16:20-10:00job:github_sync_all | branch 'main' set up to track 'origin/main'.
2026-10-02T00:16:20-10:00job:github_sync_all | ↑ [database] 30 files → RootRecord-Software-Solutions/RootRecord-Database (main)
2026-10-02T00:16:20-10:00job:github_sync_all | ↑ [library] committed 6 local file(s)
2026-10-02T00:16:20-10:00job:github_sync_all | ↓ [library] fetching origin/main
2026-10-02T00:16:20-10:00job:github_sync_all | From github.com:RootRecord-Software-Solutions/RootRecord-Library
2026-10-02T00:16:20-10:00job:github_sync_all | * branch            main       -> FETCH_HEAD
2026-10-02T00:16:20-10:00job:github_sync_all | ↑ [library] local is ahead of GitHub
2026-10-02T00:16:20-10:00job:github_sync_all | To github.com:RootRecord-Software-Solutions/RootRecord-Library.git
2026-10-02T00:16:20-10:00job:github_sync_all | b301139..eba0904  HEAD -> main
2026-10-02T00:16:20-10:00job:github_sync_all | branch 'main' set up to track 'origin/main'.
2026-10-02T00:16:20-10:00job:github_sync_all | ↑ [library] 6 files → RootRecord-Software-Solutions/RootRecord-Library (main)
2026-10-02T00:16:20-10:00job:github_sync_all | — [website] no local changes
2026-10-02T00:16:20-10:00job:github_sync_all | ↓ [website] fetching origin/main
2026-10-02T00:16:20-10:00job:github_sync_all | From github.com:RootRecord-Software-Solutions/RootRecord-Website
2026-10-02T00:16:20-10:00job:github_sync_all | * branch            main       -> FETCH_HEAD
2026-10-02T00:16:20-10:00job:security_camera_frame_grab RUN  bash "/home/rootrecord/RootRecord-Ecosystem/1 - Servers/1 - RootRecord-Pacific-Solar-Server/Security/Cameras/grab_all.sh"
2026-10-02T00:16:38-10:00job:security_camera_frame_grab | 00:16:20  📷  a-eyes  ch1 → ch1-20261002T101620Z.jpg  (298.9 KB, 4.23s)
2026-10-02T00:16:38-10:00job:security_camera_frame_grab | 00:16:25  📷  a-eyes  ch2 → ch2-20261002T101625Z.jpg  (308.4 KB, 4.39s)
2026-10-02T00:16:38-10:00job:security_camera_frame_grab | 00:16:29  📷  a-eyes  ch3 → ch3-20261002T101629Z.jpg  (324.8 KB, 4.48s)
2026-10-02T00:16:38-10:00job:security_camera_frame_grab | 00:16:33  📷  a-eyes  ch4 → ch4-20261002T101633Z.jpg  (220.2 KB, 4.41s)
2026-10-02T00:16:38-10:00ENERGY  status=live  B2=off  B1=82.1%  solar=0 W  ac=0 W  usbc=0 W  src=/home/rootrecord/RootRecord-Ecosystem/2 - RootRecord-Database/Energy  LAP=100%/Full/AC
2026-10-02T00:16:38-10:00job:sys_stats_cycle RUN  bash "/home/rootrecord/RootRecord-Ecosystem/1 - Servers/1 - RootRecord-Pacific-Solar-Server/System/scripts/sys-sample.sh"
2026-10-02T00:16:40-10:00job:sys_stats_cycle | SYSTEM  cpu=4%  load=0.72  mem=45%  src=sqlite
2026-10-02T00:16:40-10:00job:sys_stats_cycle | OK wrote /home/rootrecord/RootRecord-Ecosystem/2 - RootRecord-Database/System/samples/sys-20261002-001639.json
2026-10-02T00:17:44-10:00job:github_sync_all | ↑ [ecosystem] committed 7 local file(s)
2026-10-02T00:17:44-10:00job:github_sync_all | ↓ [ecosystem] fetching origin/main
2026-10-02T00:17:44-10:00job:github_sync_all | From github.com:RootRecord-Software-Solutions/RootRecord-Ecosystem
2026-10-02T00:17:44-10:00job:github_sync_all | * branch              main       -> FETCH_HEAD
2026-10-02T00:17:44-10:00job:github_sync_all | ↑ [ecosystem] local is ahead of GitHub
2026-10-02T00:17:44-10:00job:github_sync_all | To github.com:RootRecord-Software-Solutions/RootRecord-Ecosystem.git
2026-10-02T00:17:44-10:00job:github_sync_all | 29fb17ed..2c8fc929  HEAD -> main
2026-10-02T00:17:44-10:00job:github_sync_all | branch 'main' set up to track 'origin/main'.
2026-10-02T00:17:44-10:00job:github_sync_all | ↑ [ecosystem] 7 files → RootRecord-Software-Solutions/RootRecord-Ecosystem (main)
2026-10-02T00:17:44-10:00job:github_sync_all | ↑ [pacific] committed 1 local file(s)
2026-10-02T00:17:44-10:00job:github_sync_all | ↓ [pacific] fetching origin/main
2026-10-02T00:17:44-10:00job:github_sync_all | From github.com:RootRecord-Software-Solutions/RootRecord-Pacific-Solar-Server
2026-10-02T00:17:44-10:00job:github_sync_all | * branch            main       -> FETCH_HEAD
2026-10-02T00:17:44-10:00job:github_sync_all | ↑ [pacific] local is ahead of GitHub
2026-10-02T00:17:44-10:00job:github_sync_all | To github.com:RootRecord-Software-Solutions/RootRecord-Pacific-Solar-Server.git
2026-10-02T00:17:44-10:00job:github_sync_all | 0b58d50..f73b1c5  HEAD -> main
2026-10-02T00:17:44-10:00job:github_sync_all | branch 'main' set up to track 'origin/main'.
2026-10-02T00:17:44-10:00job:github_sync_all | ↑ [pacific] 1 files → RootRecord-Software-Solutions/RootRecord-Pacific-Solar-Server (main)
2026-10-02T00:17:44-10:00job:github_sync_all | ↑ [database] committed 14 local file(s)
2026-10-02T00:17:44-10:00job:github_sync_all | ↓ [database] fetching origin/main
2026-10-02T00:17:44-10:00job:github_sync_all | From github.com:RootRecord-Software-Solutions/RootRecord-Database
2026-10-02T00:17:44-10:00job:github_sync_all | * branch              main       -> FETCH_HEAD
2026-10-02T00:17:44-10:00job:github_sync_all | ↑ [database] local is ahead of GitHub
2026-10-02T00:17:44-10:00job:github_sync_all | To github.com:RootRecord-Software-Solutions/RootRecord-Database.git
2026-10-02T00:17:44-10:00job:github_sync_all | b252736a..e85a87de  HEAD -> main
2026-10-02T00:17:44-10:00job:github_sync_all | branch 'main' set up to track 'origin/main'.
2026-10-02T00:17:44-10:00job:github_sync_all | ↑ [database] 14 files → RootRecord-Software-Solutions/RootRecord-Database (main)
2026-10-02T00:17:44-10:00job:github_sync_all | ↑ [library] committed 2 local file(s)
2026-10-02T00:17:44-10:00job:github_sync_all | ↓ [library] fetching origin/main
2026-10-02T00:17:44-10:00job:github_sync_all | From github.com:RootRecord-Software-Solutions/RootRecord-Library
2026-10-02T00:17:44-10:00job:github_sync_all | * branch            main       -> FETCH_HEAD
2026-10-02T00:17:44-10:00job:github_sync_all | ↑ [library] local is ahead of GitHub
2026-10-02T00:17:44-10:00job:github_sync_all | To github.com:RootRecord-Software-Solutions/RootRecord-Library.git
2026-10-02T00:17:44-10:00job:github_sync_all | eba0904..09ee5f5  HEAD -> main
2026-10-02T00:17:44-10:00job:github_sync_all | branch 'main' set up to track 'origin/main'.
2026-10-02T00:17:44-10:00job:github_sync_all | ↑ [library] 2 files → RootRecord-Software-Solutions/RootRecord-Library (main)
2026-10-02T00:17:44-10:00job:github_sync_all | — [website] no local changes
2026-10-02T00:17:44-10:00job:github_sync_all | ↓ [website] fetching origin/main
2026-10-02T00:17:44-10:00job:github_sync_all | From github.com:RootRecord-Software-Solutions/RootRecord-Website
2026-10-02T00:17:44-10:00job:github_sync_all | * branch            main       -> FETCH_HEAD
2026-10-02T00:17:44-10:00job:worklog_scan RUN  bash "/home/rootrecord/RootRecord-Ecosystem/1 - Servers/1 - RootRecord-Pacific-Solar-Server/Reports/scripts/worklog_once.sh"
2026-10-02T00:20:44-10:00job:worklog_scan TIMEOUT after 180s
2026-10-02T00:20:44-10:00job:status_snapshot RUN  nice -n 10 python3 "/home/rootrecord/RootRecord-Ecosystem/1 - Servers/1 - RootRecord-Pacific-Solar-Server/Website/scripts/live_data_pages.py"
2026-10-02T00:20:44-10:00job:status_snapshot | live-data 6 pages
2026-10-02T00:20:44-10:00ENERGY  status=live  B2=off  B1=82.1%  solar=0 W  ac=0 W  usbc=0 W  src=/home/rootrecord/RootRecord-Ecosystem/2 - RootRecord-Database/Energy  LAP=100%/Full/AC
2026-10-02T00:20:44-10:00job:sys_stats_cycle RUN  bash "/home/rootrecord/RootRecord-Ecosystem/1 - Servers/1 - RootRecord-Pacific-Solar-Server/System/scripts/sys-sample.sh"
2026-10-02T00:20:46-10:00job:sys_stats_cycle | SYSTEM  cpu=4%  load=1.63  mem=49%  src=sqlite
2026-10-02T00:20:46-10:00job:sys_stats_cycle | OK wrote /home/rootrecord/RootRecord-Ecosystem/2 - RootRecord-Database/System/samples/sys-20261002-002045.json
2026-10-02T00:21:55-10:00job:github_sync_all | ↑ [ecosystem] committed 9 local file(s)
2026-10-02T00:21:55-10:00job:github_sync_all | ↓ [ecosystem] fetching origin/main
2026-10-02T00:21:55-10:00job:github_sync_all | From github.com:RootRecord-Software-Solutions/RootRecord-Ecosystem
2026-10-02T00:21:55-10:00job:github_sync_all | * branch              main       -> FETCH_HEAD
2026-10-02T00:21:55-10:00job:github_sync_all | ↑ [ecosystem] local is ahead of GitHub
2026-10-02T00:21:55-10:00job:github_sync_all | To github.com:RootRecord-Software-Solutions/RootRecord-Ecosystem.git
2026-10-02T00:21:55-10:00job:github_sync_all | 2c8fc929..5a68c172  HEAD -> main
2026-10-02T00:21:55-10:00job:github_sync_all | branch 'main' set up to track 'origin/main'.
2026-10-02T00:21:55-10:00job:github_sync_all | ↑ [ecosystem] 9 files → RootRecord-Software-Solutions/RootRecord-Ecosystem (main)
2026-10-02T00:21:55-10:00job:github_sync_all | ↑ [pacific] committed 3 local file(s)
2026-10-02T00:21:55-10:00job:github_sync_all | ↓ [pacific] fetching origin/main
2026-10-02T00:21:55-10:00job:github_sync_all | From github.com:RootRecord-Software-Solutions/RootRecord-Pacific-Solar-Server
2026-10-02T00:21:55-10:00job:github_sync_all | * branch            main       -> FETCH_HEAD
2026-10-02T00:21:55-10:00job:github_sync_all | ↑ [pacific] local is ahead of GitHub
2026-10-02T00:21:55-10:00job:github_sync_all | To github.com:RootRecord-Software-Solutions/RootRecord-Pacific-Solar-Server.git
2026-10-02T00:21:55-10:00job:github_sync_all | f73b1c5..cb02e8f  HEAD -> main
2026-10-02T00:21:55-10:00job:github_sync_all | branch 'main' set up to track 'origin/main'.
2026-10-02T00:21:55-10:00job:github_sync_all | ↑ [pacific] 3 files → RootRecord-Software-Solutions/RootRecord-Pacific-Solar-Server (main)
2026-10-02T00:21:55-10:00job:github_sync_all | ↑ [database] committed 15 local file(s)
2026-10-02T00:21:55-10:00job:github_sync_all | ↓ [database] fetching origin/main
2026-10-02T00:21:55-10:00job:github_sync_all | From github.com:RootRecord-Software-Solutions/RootRecord-Database
2026-10-02T00:21:55-10:00job:github_sync_all | * branch              main       -> FETCH_HEAD
2026-10-02T00:21:55-10:00job:github_sync_all | ↑ [database] local is ahead of GitHub
2026-10-02T00:21:55-10:00job:github_sync_all | To github.com:RootRecord-Software-Solutions/RootRecord-Database.git
2026-10-02T00:21:55-10:00job:github_sync_all | e85a87de..574ae2ee  HEAD -> main
2026-10-02T00:21:55-10:00job:github_sync_all | branch 'main' set up to track 'origin/main'.
2026-10-02T00:21:55-10:00job:github_sync_all | ↑ [database] 15 files → RootRecord-Software-Solutions/RootRecord-Database (main)
2026-10-02T00:21:55-10:00job:github_sync_all | — [library] no local changes
2026-10-02T00:21:55-10:00job:github_sync_all | ↓ [library] fetching origin/main
2026-10-02T00:21:55-10:00job:github_sync_all | From github.com:RootRecord-Software-Solutions/RootRecord-Library
2026-10-02T00:21:55-10:00job:github_sync_all | * branch            main       -> FETCH_HEAD
2026-10-02T00:21:55-10:00job:github_sync_all | — [library] local and GitHub already match
2026-10-02T00:21:55-10:00job:github_sync_all | — [library] nothing to push
2026-10-02T00:21:55-10:00job:github_sync_all | — [website] no local changes
2026-10-02T00:21:55-10:00job:github_sync_all | ↓ [website] fetching origin/main
2026-10-02T00:21:55-10:00job:github_sync_all | From github.com:RootRecord-Software-Solutions/RootRecord-Website
2026-10-02T00:21:55-10:00job:github_sync_all | * branch            main       -> FETCH_HEAD
2026-10-02T00:21:55-10:00job:github_sync_all | — [website] local and GitHub already match
2026-10-02T00:21:55-10:00job:github_sync_all | — [website] nothing to push
2026-10-02T00:21:55-10:00job:github_sync_all | — [website-personal] no local changes
2026-10-02T00:21:55-10:00job:security_camera_frame_grab RUN  bash "/home/rootrecord/RootRecord-Ecosystem/1 - Servers/1 - RootRecord-Pacific-Solar-Server/Security/Cameras/grab_all.sh"
2026-10-02T00:22:13-10:00job:security_camera_frame_grab | 00:21:55  📷  a-eyes  ch1 → ch1-20261002T102155Z.jpg  (299.8 KB, 4.44s)
2026-10-02T00:22:13-10:00job:security_camera_frame_grab | 00:22:00  📷  a-eyes  ch2 → ch2-20261002T102200Z.jpg  (309.2 KB, 4.44s)
2026-10-02T00:22:13-10:00job:security_camera_frame_grab | 00:22:04  📷  a-eyes  ch3 → ch3-20261002T102204Z.jpg  (325.1 KB, 4.28s)
2026-10-02T00:22:13-10:00job:security_camera_frame_grab | 00:22:09  📷  a-eyes  ch4 → ch4-20261002T102209Z.jpg  (228.4 KB, 4.37s)
2026-10-02T00:22:13-10:00job:service_supervisor RUN  bash "/home/rootrecord/RootRecord-Ecosystem/1 - Servers/1 - RootRecord-Pacific-Solar-Server/Automations/scripts/supervise-services.sh"
2026-10-02T00:22:13-10:00job:service_supervisor | [supervisor] weather alive pid=1766628 (act)
2026-10-02T00:22:13-10:00job:service_supervisor | [supervisor] relay alive pid=1766298 (act)
2026-10-02T00:22:13-10:00job:geology_collect RUN  nice -n 10 python3 "/home/rootrecord/RootRecord-Ecosystem/1 - Servers/1 - RootRecord-Pacific-Solar-Server/Geology/scripts/geology_collect.py" all
2026-10-02T00:22:23-10:00job:geology_collect | {"ok": true, "at": "2026-10-02T00:22:13-10:00", "what": "all", "dry_run": false, "sources": {"hawaii": {"ok": true, "count": 35, "new": 0, "new_m2": 0, "ms": 806}, "global": {"ok": true, "count": 28, "new": 0, "ms": 288}, "hvo_notices": {"ok": true, "count": 47, "new": 0, "ms": 3987}, "hvo_status": {"ok": true, "volcanoes": 8, "kilauea": "WATCH", "mauna_loa": "NORMAL", "ms": 4714}}}
2026-10-02T00:22:23-10:00job:system_net_sample RUN  nice -n 10 python3 "/home/rootrecord/RootRecord-Ecosystem/1 - Servers/1 - RootRecord-Pacific-Solar-Server/System/scripts/host_desks.py" net-sample
2026-10-02T00:22:23-10:00job:system_net_sample | {"ok": true, "file": "/home/rootrecord/RootRecord-Ecosystem/2 - RootRecord-Database/System/network/Daily/net-20261002.jsonl", "iface": "wlo1", "hour": {"seconds": 3730, "rx": 429671313, "tx": 52060078, "total": 481731391, "iface": "wlo1", "link": "wireless"}, "day": null}
2026-10-02T00:22:23-10:00job:discord_report_relay RUN  nice -n 10 python3 "/home/rootrecord/RootRecord-Ecosystem/1 - Servers/1 - RootRecord-Pacific-Solar-Server/Communications/Discord/scripts/report_relay.py"
2026-10-02T00:22:23-10:00job:discord_report_relay | same
2026-10-02T00:22:24-10:00job:radio_rss_poll RUN  nice -n 10 python3 "/home/rootrecord/RootRecord-Ecosystem/1 - Servers/1 - RootRecord-Pacific-Solar-Server/Media/RadioRss/scripts/rss_radio.py" poll
2026-10-02T00:22:37-10:00job:radio_rss_poll | {"ok": true, "polled": [{"feed": "bbc_business", "ok": true, "items": 20, "duplicates": 20}, {"feed": "bea_news", "ok": true, "items": 20, "duplicates": 20}, {"feed": "breaking_defense", "ok": true, "items": 0}, {"feed": "civil_beat", "ok": true, "items": 0}, {"feed": "defense_news", "ok": true, "items": 20, "duplicates": 20}, {"feed": "esa_human_spaceflight", "ok": true, "items": 15, "duplicates": 15}, {"feed": "esa_space_science", "ok": true, "items": 15, "duplicates": 15}, {"feed": "esa_top_news", "ok": true, "items": 9, "duplicates": 9}, {"feed": "fed_monetary", "ok": true, "items": 0}, {"feed": "github_changelog", "ok": true, "items": 0}, {"feed": "hawaii_governor", "ok": true, "items": 0}, {"feed": "ntsb_press", "ok": true, "skipped": "robots"}], "composed": []}
2026-10-02T00:22:38-10:00ENERGY  status=live  B2=off  B1=82.1%  solar=0 W  ac=0 W  usbc=0 W  src=/home/rootrecord/RootRecord-Ecosystem/2 - RootRecord-Database/Energy  LAP=100%/Full/AC
2026-10-02T00:22:38-10:00job:sys_stats_cycle RUN  bash "/home/rootrecord/RootRecord-Ecosystem/1 - Servers/1 - RootRecord-Pacific-Solar-Server/System/scripts/sys-sample.sh"
2026-10-02T00:22:39-10:00job:sys_stats_cycle | SYSTEM  cpu=20%  load=2.00  mem=55%  src=sqlite
2026-10-02T00:22:39-10:00job:sys_stats_cycle | OK wrote /home/rootrecord/RootRecord-Ecosystem/2 - RootRecord-Database/System/samples/sys-20261002-002238.json
2026-10-02T00:23:39-10:00job:github_sync_all | ↑ [ecosystem] committed 24 local file(s)
2026-10-02T00:23:39-10:00job:github_sync_all | ↓ [ecosystem] fetching origin/main
2026-10-02T00:23:39-10:00job:github_sync_all | From github.com:RootRecord-Software-Solutions/RootRecord-Ecosystem
2026-10-02T00:23:39-10:00job:github_sync_all | * branch              main       -> FETCH_HEAD
2026-10-02T00:23:39-10:00job:github_sync_all | ↑ [ecosystem] local is ahead of GitHub
2026-10-02T00:23:39-10:00job:github_sync_all | To github.com:RootRecord-Software-Solutions/RootRecord-Ecosystem.git
2026-10-02T00:23:39-10:00job:github_sync_all | 5a68c172..fc117cb6  HEAD -> main
2026-10-02T00:23:39-10:00job:github_sync_all | branch 'main' set up to track 'origin/main'.
2026-10-02T00:23:39-10:00job:github_sync_all | ↑ [ecosystem] 24 files → RootRecord-Software-Solutions/RootRecord-Ecosystem (main)
2026-10-02T00:23:39-10:00job:github_sync_all | ↑ [pacific] committed 2 local file(s)
2026-10-02T00:23:39-10:00job:github_sync_all | ↓ [pacific] fetching origin/main
2026-10-02T00:23:39-10:00job:github_sync_all | From github.com:RootRecord-Software-Solutions/RootRecord-Pacific-Solar-Server
2026-10-02T00:23:39-10:00job:github_sync_all | * branch            main       -> FETCH_HEAD
2026-10-02T00:23:39-10:00job:github_sync_all | ↑ [pacific] local is ahead of GitHub
2026-10-02T00:23:39-10:00job:github_sync_all | To github.com:RootRecord-Software-Solutions/RootRecord-Pacific-Solar-Server.git
2026-10-02T00:23:39-10:00job:github_sync_all | cb02e8f..c96cb4d  HEAD -> main
2026-10-02T00:23:39-10:00job:github_sync_all | branch 'main' set up to track 'origin/main'.
2026-10-02T00:23:39-10:00job:github_sync_all | ↑ [pacific] 2 files → RootRecord-Software-Solutions/RootRecord-Pacific-Solar-Server (main)
2026-10-02T00:23:39-10:00job:github_sync_all | ↑ [database] committed 31 local file(s)
2026-10-02T00:23:39-10:00job:github_sync_all | ↓ [database] fetching origin/main
2026-10-02T00:23:39-10:00job:github_sync_all | From github.com:RootRecord-Software-Solutions/RootRecord-Database
2026-10-02T00:23:39-10:00job:github_sync_all | * branch              main       -> FETCH_HEAD
2026-10-02T00:23:39-10:00job:github_sync_all | ↑ [database] local is ahead of GitHub
2026-10-02T00:23:39-10:00job:github_sync_all | To github.com:RootRecord-Software-Solutions/RootRecord-Database.git
2026-10-02T00:23:39-10:00job:github_sync_all | 574ae2ee..935a85d7  HEAD -> main
2026-10-02T00:23:39-10:00job:github_sync_all | branch 'main' set up to track 'origin/main'.
2026-10-02T00:23:39-10:00job:github_sync_all | ↑ [database] 31 files → RootRecord-Software-Solutions/RootRecord-Database (main)
2026-10-02T00:23:39-10:00job:github_sync_all | — [library] no local changes
2026-10-02T00:23:39-10:00job:github_sync_all | ↓ [library] fetching origin/main
2026-10-02T00:23:39-10:00job:github_sync_all | From github.com:RootRecord-Software-Solutions/RootRecord-Library
2026-10-02T00:23:39-10:00job:github_sync_all | * branch            main       -> FETCH_HEAD
2026-10-02T00:23:39-10:00job:github_sync_all | — [library] local and GitHub already match
2026-10-02T00:23:39-10:00job:github_sync_all | — [library] nothing to push
2026-10-02T00:23:39-10:00job:github_sync_all | — [website] no local changes
2026-10-02T00:23:39-10:00job:github_sync_all | ↓ [website] fetching origin/main
2026-10-02T00:23:39-10:00job:github_sync_all | From github.com:RootRecord-Software-Solutions/RootRecord-Website
2026-10-02T00:23:39-10:00job:github_sync_all | * branch            main       -> FETCH_HEAD
2026-10-02T00:23:39-10:00job:github_sync_all | — [website] local and GitHub already match
2026-10-02T00:23:39-10:00job:github_sync_all | — [website] nothing to push
2026-10-02T00:23:39-10:00job:github_sync_all | — [website-personal] no local changes
2026-10-02T00:23:39-10:00job:worklog_scan RUN  bash "/home/rootrecord/RootRecord-Ecosystem/1 - Servers/1 - RootRecord-Pacific-Solar-Server/Reports/scripts/worklog_once.sh"
2026-10-02T00:26:39-10:00job:worklog_scan TIMEOUT after 180s
2026-10-02T00:26:39-10:00job:security_camera_frame_grab RUN  bash "/home/rootrecord/RootRecord-Ecosystem/1 - Servers/1 - RootRecord-Pacific-Solar-Server/Security/Cameras/grab_all.sh"
2026-10-02T00:26:57-10:00job:security_camera_frame_grab | 00:26:39  📷  a-eyes  ch1 → ch1-20261002T102639Z.jpg  (299.1 KB, 4.46s)
2026-10-02T00:26:57-10:00job:security_camera_frame_grab | 00:26:44  📷  a-eyes  ch2 → ch2-20261002T102644Z.jpg  (309.6 KB, 4.37s)
2026-10-02T00:26:57-10:00job:security_camera_frame_grab | 00:26:48  📷  a-eyes  ch3 → ch3-20261002T102648Z.jpg  (326.8 KB, 4.38s)
2026-10-02T00:26:57-10:00job:security_camera_frame_grab | 00:26:53  📷  a-eyes  ch4 → ch4-20261002T102653Z.jpg  (235.0 KB, 4.28s)
2026-10-02T00:26:57-10:00job:status_snapshot RUN  nice -n 10 python3 "/home/rootrecord/RootRecord-Ecosystem/1 - Servers/1 - RootRecord-Pacific-Solar-Server/Website/scripts/live_data_pages.py"
2026-10-02T00:26:57-10:00job:status_snapshot | live-data 6 pages
2026-10-02T00:26:58-10:00ENERGY  status=live  B2=off  B1=82.1%  solar=0 W  ac=0 W  usbc=0 W  src=/home/rootrecord/RootRecord-Ecosystem/2 - RootRecord-Database/Energy  LAP=100%/Full/AC
2026-10-02T00:26:58-10:00job:sys_stats_cycle RUN  bash "/home/rootrecord/RootRecord-Ecosystem/1 - Servers/1 - RootRecord-Pacific-Solar-Server/System/scripts/sys-sample.sh"
2026-10-02T00:27:00-10:00job:sys_stats_cycle | SYSTEM  cpu=13%  load=1.75  mem=49%  src=sqlite
2026-10-02T00:27:00-10:00job:sys_stats_cycle | OK wrote /home/rootrecord/RootRecord-Ecosystem/2 - RootRecord-Database/System/samples/sys-20261002-002658.json
2026-10-02T00:28:09-10:00job:github_sync_all | ↑ [ecosystem] committed 10 local file(s)
2026-10-02T00:28:09-10:00job:github_sync_all | ↓ [ecosystem] fetching origin/main
2026-10-02T00:28:09-10:00job:github_sync_all | From github.com:RootRecord-Software-Solutions/RootRecord-Ecosystem
2026-10-02T00:28:09-10:00job:github_sync_all | * branch              main       -> FETCH_HEAD
2026-10-02T00:28:09-10:00job:github_sync_all | ↑ [ecosystem] local is ahead of GitHub
2026-10-02T00:28:09-10:00job:github_sync_all | To github.com:RootRecord-Software-Solutions/RootRecord-Ecosystem.git
2026-10-02T00:28:09-10:00job:github_sync_all | fc117cb6..14d37b56  HEAD -> main
2026-10-02T00:28:09-10:00job:github_sync_all | branch 'main' set up to track 'origin/main'.
2026-10-02T00:28:09-10:00job:github_sync_all | ↑ [ecosystem] 10 files → RootRecord-Software-Solutions/RootRecord-Ecosystem (main)
2026-10-02T00:28:09-10:00job:github_sync_all | ↑ [pacific] committed 3 local file(s)
2026-10-02T00:28:09-10:00job:github_sync_all | ↓ [pacific] fetching origin/main
2026-10-02T00:28:09-10:00job:github_sync_all | From github.com:RootRecord-Software-Solutions/RootRecord-Pacific-Solar-Server
2026-10-02T00:28:09-10:00job:github_sync_all | * branch            main       -> FETCH_HEAD
2026-10-02T00:28:09-10:00job:github_sync_all | ↑ [pacific] local is ahead of GitHub
2026-10-02T00:28:09-10:00job:github_sync_all | To github.com:RootRecord-Software-Solutions/RootRecord-Pacific-Solar-Server.git
2026-10-02T00:28:09-10:00job:github_sync_all | c96cb4d..59374b5  HEAD -> main
2026-10-02T00:28:09-10:00job:github_sync_all | branch 'main' set up to track 'origin/main'.
2026-10-02T00:28:09-10:00job:github_sync_all | ↑ [pacific] 3 files → RootRecord-Software-Solutions/RootRecord-Pacific-Solar-Server (main)
2026-10-02T00:28:09-10:00job:github_sync_all | ↑ [database] committed 16 local file(s)
2026-10-02T00:28:09-10:00job:github_sync_all | ↓ [database] fetching origin/main
2026-10-02T00:28:09-10:00job:github_sync_all | From github.com:RootRecord-Software-Solutions/RootRecord-Database
2026-10-02T00:28:09-10:00job:github_sync_all | * branch              main       -> FETCH_HEAD
2026-10-02T00:28:09-10:00job:github_sync_all | ↑ [database] local is ahead of GitHub
2026-10-02T00:28:09-10:00job:github_sync_all | To github.com:RootRecord-Software-Solutions/RootRecord-Database.git
2026-10-02T00:28:09-10:00job:github_sync_all | 935a85d7..ca34ba4e  HEAD -> main
2026-10-02T00:28:09-10:00job:github_sync_all | branch 'main' set up to track 'origin/main'.
2026-10-02T00:28:09-10:00job:github_sync_all | ↑ [database] 16 files → RootRecord-Software-Solutions/RootRecord-Database (main)
2026-10-02T00:28:09-10:00job:github_sync_all | — [library] no local changes
2026-10-02T00:28:09-10:00job:github_sync_all | ↓ [library] fetching origin/main
2026-10-02T00:28:09-10:00job:github_sync_all | From github.com:RootRecord-Software-Solutions/RootRecord-Library
2026-10-02T00:28:09-10:00job:github_sync_all | * branch            main       -> FETCH_HEAD
2026-10-02T00:28:09-10:00job:github_sync_all | — [library] local and GitHub already match
2026-10-02T00:28:09-10:00job:github_sync_all | — [library] nothing to push
2026-10-02T00:28:09-10:00job:github_sync_all | — [website] no local changes
2026-10-02T00:28:09-10:00job:github_sync_all | ↓ [website] fetching origin/main
2026-10-02T00:28:09-10:00job:github_sync_all | From github.com:RootRecord-Software-Solutions/RootRecord-Website
2026-10-02T00:28:09-10:00job:github_sync_all | * branch            main       -> FETCH_HEAD
2026-10-02T00:28:09-10:00job:github_sync_all | — [website] local and GitHub already match
2026-10-02T00:28:09-10:00job:github_sync_all | — [website] nothing to push
2026-10-02T00:28:09-10:00job:github_sync_all | — [website-personal] no local changes
2026-10-02T00:28:09-10:00ENERGY  status=live  B2=off  B1=82.1%  solar=0 W  ac=0 W  usbc=0 W  src=/home/rootrecord/RootRecord-Ecosystem/2 - RootRecord-Database/Energy  LAP=100%/Full/AC
2026-10-02T00:28:09-10:00job:sys_stats_cycle RUN  bash "/home/rootrecord/RootRecord-Ecosystem/1 - Servers/1 - RootRecord-Pacific-Solar-Server/System/scripts/sys-sample.sh"
2026-10-02T00:28:10-10:00job:sys_stats_cycle | SYSTEM  cpu=7%  load=1.79  mem=50%  src=sqlite
2026-10-02T00:28:10-10:00job:sys_stats_cycle | OK wrote /home/rootrecord/RootRecord-Ecosystem/2 - RootRecord-Database/System/samples/sys-20261002-002809.json
2026-10-02T00:28:10-10:00job:security_camera_frame_grab RUN  bash "/home/rootrecord/RootRecord-Ecosystem/1 - Servers/1 - RootRecord-Pacific-Solar-Server/Security/Cameras/grab_all.sh"
2026-10-02T00:28:28-10:00job:security_camera_frame_grab | 00:28:11  📷  a-eyes  ch1 → ch1-20261002T102811Z.jpg  (298.8 KB, 4.31s)
2026-10-02T00:28:28-10:00job:security_camera_frame_grab | 00:28:15  📷  a-eyes  ch2 → ch2-20261002T102815Z.jpg  (310.0 KB, 4.34s)
2026-10-02T00:28:28-10:00job:security_camera_frame_grab | 00:28:19  📷  a-eyes  ch3 → ch3-20261002T102819Z.jpg  (326.8 KB, 4.61s)
2026-10-02T00:28:28-10:00job:security_camera_frame_grab | 00:28:24  📷  a-eyes  ch4 → ch4-20261002T102824Z.jpg  (237.3 KB, 4.49s)
2026-10-02T00:28:28-10:00job:service_supervisor RUN  bash "/home/rootrecord/RootRecord-Ecosystem/1 - Servers/1 - RootRecord-Pacific-Solar-Server/Automations/scripts/supervise-services.sh"
2026-10-02T00:28:28-10:00job:service_supervisor | [supervisor] weather alive pid=1766628 (act)
2026-10-02T00:28:28-10:00job:service_supervisor | [supervisor] relay alive pid=1766298 (act)
2026-10-02T00:28:29-10:00job:geology_collect RUN  nice -n 10 python3 "/home/rootrecord/RootRecord-Ecosystem/1 - Servers/1 - RootRecord-Pacific-Solar-Server/Geology/scripts/geology_collect.py" all
2026-10-02T00:28:31-10:00job:geology_collect | {"ok": true, "at": "2026-10-02T00:28:29-10:00", "what": "all", "dry_run": false, "sources": {"hawaii": {"ok": true, "count": 34, "new": 0, "new_m2": 0, "ms": 858}, "global": {"ok": true, "count": 28, "new": 0, "ms": 299}, "hvo_notices": {"ok": true, "count": 47, "new": 0, "ms": 717}, "hvo_status": {"ok": true, "volcanoes": 8, "kilauea": "WATCH", "mauna_loa": "NORMAL", "ms": 511}}}
2026-10-02T00:28:31-10:00job:status_snapshot RUN  nice -n 10 python3 "/home/rootrecord/RootRecord-Ecosystem/1 - Servers/1 - RootRecord-Pacific-Solar-Server/Website/scripts/live_data_pages.py"
2026-10-02T00:28:31-10:00job:status_snapshot | live-data 6 pages
2026-10-02T00:28:31-10:00job:system_net_sample RUN  nice -n 10 python3 "/home/rootrecord/RootRecord-Ecosystem/1 - Servers/1 - RootRecord-Pacific-Solar-Server/System/scripts/host_desks.py" net-sample
2026-10-02T00:28:31-10:00job:system_net_sample | {"ok": true, "file": "/home/rootrecord/RootRecord-Ecosystem/2 - RootRecord-Database/System/network/Daily/net-20261002.jsonl", "iface": "wlo1", "hour": {"seconds": 3664, "rx": 358059873, "tx": 50990054, "total": 409049927, "iface": "wlo1", "link": "wireless"}, "day": null}
2026-10-02T00:28:31-10:00job:discord_report_relay RUN  nice -n 10 python3 "/home/rootrecord/RootRecord-Ecosystem/1 - Servers/1 - RootRecord-Pacific-Solar-Server/Communications/Discord/scripts/report_relay.py"
2026-10-02T00:28:31-10:00job:discord_report_relay | same
2026-10-02T00:28:32-10:00job:radio_rss_poll RUN  nice -n 10 python3 "/home/rootrecord/RootRecord-Ecosystem/1 - Servers/1 - RootRecord-Pacific-Solar-Server/Media/RadioRss/scripts/rss_radio.py" poll
2026-10-02T00:28:40-10:00job:radio_rss_poll | {"ok": true, "polled": [{"feed": "marketwatch_top", "ok": true, "items": 10, "duplicates": 8}, {"feed": "nasa_artemis", "ok": true, "items": 0}, {"feed": "nasa_jpl", "ok": true, "items": 0}, {"feed": "nasa_news", "ok": true, "items": 0}, {"feed": "nasa_recent", "ok": true, "items": 0}, {"feed": "nasa_station", "ok": true, "items": 0}, {"feed": "nasaspaceflight", "ok": true, "items": 0}, {"feed": "nist_cyber_insights", "ok": true, "items": 20, "duplicates": 20}, {"feed": "nist_cybersecurity", "ok": true, "items": 0, "duplicates": 0}, {"feed": "nist_news", "ok": true, "items": 20, "duplicates": 20}, {"feed": "nsf_news", "ok": true, "items": 0}, {"feed": "ntsb_investigations", "ok": true, "skipped": "robots"}], "composed": ["c_f67c9ed9cd2670fa", "c_4a8976baaa7eb42e"]}
2026-10-02T00:28:40-10:00job:sys_stats_cycle RUN  bash "/home/rootrecord/RootRecord-Ecosystem/1 - Servers/1 - RootRecord-Pacific-Solar-Server/System/scripts/sys-sample.sh"
2026-10-02T00:28:41-10:00job:sys_stats_cycle | SYSTEM  cpu=6%  load=1.59  mem=49%  src=sqlite
2026-10-02T00:28:41-10:00job:sys_stats_cycle | OK wrote /home/rootrecord/RootRecord-Ecosystem/2 - RootRecord-Database/System/samples/sys-20261002-002840.json
2026-10-02T00:29:50-10:00job:github_sync_all | ↑ [ecosystem] committed 27 local file(s)
2026-10-02T00:29:50-10:00job:github_sync_all | ↓ [ecosystem] fetching origin/main
2026-10-02T00:29:50-10:00job:github_sync_all | From github.com:RootRecord-Software-Solutions/RootRecord-Ecosystem
2026-10-02T00:29:50-10:00job:github_sync_all | * branch              main       -> FETCH_HEAD
2026-10-02T00:29:50-10:00job:github_sync_all | ↑ [ecosystem] local is ahead of GitHub
2026-10-02T00:29:50-10:00job:github_sync_all | To github.com:RootRecord-Software-Solutions/RootRecord-Ecosystem.git
2026-10-02T00:29:50-10:00job:github_sync_all | 14d37b56..1108a9a5  HEAD -> main
2026-10-02T00:29:50-10:00job:github_sync_all | branch 'main' set up to track 'origin/main'.
2026-10-02T00:29:50-10:00job:github_sync_all | ↑ [ecosystem] 27 files → RootRecord-Software-Solutions/RootRecord-Ecosystem (main)
2026-10-02T00:29:50-10:00job:github_sync_all | ↑ [pacific] committed 2 local file(s)
2026-10-02T00:29:50-10:00job:github_sync_all | ↓ [pacific] fetching origin/main
2026-10-02T00:29:50-10:00job:github_sync_all | From github.com:RootRecord-Software-Solutions/RootRecord-Pacific-Solar-Server
2026-10-02T00:29:50-10:00job:github_sync_all | * branch            main       -> FETCH_HEAD
2026-10-02T00:29:50-10:00job:github_sync_all | ↑ [pacific] local is ahead of GitHub
2026-10-02T00:29:50-10:00job:github_sync_all | To github.com:RootRecord-Software-Solutions/RootRecord-Pacific-Solar-Server.git
2026-10-02T00:29:50-10:00job:github_sync_all | 59374b5..71c0416  HEAD -> main
2026-10-02T00:29:50-10:00job:github_sync_all | branch 'main' set up to track 'origin/main'.
2026-10-02T00:29:50-10:00job:github_sync_all | ↑ [pacific] 2 files → RootRecord-Software-Solutions/RootRecord-Pacific-Solar-Server (main)
2026-10-02T00:29:50-10:00job:github_sync_all | ↑ [database] committed 36 local file(s)
2026-10-02T00:29:50-10:00job:github_sync_all | ↓ [database] fetching origin/main
2026-10-02T00:29:50-10:00job:github_sync_all | From github.com:RootRecord-Software-Solutions/RootRecord-Database
2026-10-02T00:29:50-10:00job:github_sync_all | * branch              main       -> FETCH_HEAD
2026-10-02T00:29:50-10:00job:github_sync_all | ↑ [database] local is ahead of GitHub
2026-10-02T00:29:50-10:00job:github_sync_all | To github.com:RootRecord-Software-Solutions/RootRecord-Database.git
2026-10-02T00:29:50-10:00job:github_sync_all | ca34ba4e..ae998d40  HEAD -> main
2026-10-02T00:29:50-10:00job:github_sync_all | branch 'main' set up to track 'origin/main'.
2026-10-02T00:29:50-10:00job:github_sync_all | ↑ [database] 36 files → RootRecord-Software-Solutions/RootRecord-Database (main)
2026-10-02T00:29:50-10:00job:github_sync_all | — [library] no local changes
2026-10-02T00:29:50-10:00job:github_sync_all | ↓ [library] fetching origin/main
2026-10-02T00:29:50-10:00job:github_sync_all | From github.com:RootRecord-Software-Solutions/RootRecord-Library
2026-10-02T00:29:50-10:00job:github_sync_all | * branch            main       -> FETCH_HEAD
2026-10-02T00:29:50-10:00job:github_sync_all | — [library] local and GitHub already match
2026-10-02T00:29:50-10:00job:github_sync_all | — [library] nothing to push
2026-10-02T00:29:50-10:00job:github_sync_all | — [website] no local changes
2026-10-02T00:29:50-10:00job:github_sync_all | ↓ [website] fetching origin/main
2026-10-02T00:29:50-10:00job:github_sync_all | From github.com:RootRecord-Software-Solutions/RootRecord-Website
2026-10-02T00:29:50-10:00job:github_sync_all | * branch            main       -> FETCH_HEAD
2026-10-02T00:29:50-10:00job:github_sync_all | — [website] local and GitHub already match
2026-10-02T00:29:50-10:00job:github_sync_all | — [website] nothing to push
2026-10-02T00:29:50-10:00job:github_sync_all | — [website-personal] no local changes
2026-10-02T00:29:50-10:00job:worklog_scan RUN  bash "/home/rootrecord/RootRecord-Ecosystem/1 - Servers/1 - RootRecord-Pacific-Solar-Server/Reports/scripts/worklog_once.sh"
2026-10-02T00:32:50-10:00job:worklog_scan TIMEOUT after 180s
2026-10-02T00:32:50-10:00job:security_camera_frame_grab RUN  bash "/home/rootrecord/RootRecord-Ecosystem/1 - Servers/1 - RootRecord-Pacific-Solar-Server/Security/Cameras/grab_all.sh"
2026-10-02T00:33:08-10:00job:security_camera_frame_grab | 00:32:50  📷  a-eyes  ch1 → ch1-20261002T103250Z.jpg  (299.1 KB, 4.42s)
2026-10-02T00:33:08-10:00job:security_camera_frame_grab | 00:32:55  📷  a-eyes  ch2 → ch2-20261002T103255Z.jpg  (315.2 KB, 4.38s)
2026-10-02T00:33:08-10:00job:security_camera_frame_grab | 00:32:59  📷  a-eyes  ch3 → ch3-20261002T103259Z.jpg  (328.5 KB, 4.31s)
2026-10-02T00:33:08-10:00job:security_camera_frame_grab | 00:33:03  📷  a-eyes  ch4 → ch4-20261002T103303Z.jpg  (246.1 KB, 4.42s)
2026-10-02T00:33:08-10:00ENERGY  status=live  B2=off  B1=82.1%  solar=0 W  ac=0 W  usbc=0 W  src=/home/rootrecord/RootRecord-Ecosystem/2 - RootRecord-Database/Energy  LAP=100%/Full/AC
2026-10-02T00:33:08-10:00job:sys_stats_cycle RUN  bash "/home/rootrecord/RootRecord-Ecosystem/1 - Servers/1 - RootRecord-Pacific-Solar-Server/System/scripts/sys-sample.sh"
2026-10-02T00:33:10-10:00job:sys_stats_cycle | SYSTEM  cpu=3%  load=2.68  mem=50%  src=sqlite
2026-10-02T00:33:10-10:00job:sys_stats_cycle | OK wrote /home/rootrecord/RootRecord-Ecosystem/2 - RootRecord-Database/System/samples/sys-20261002-003309.json
2026-10-02T00:34:17-10:00job:github_sync_all | ↑ [ecosystem] committed 30 local file(s)
2026-10-02T00:34:17-10:00job:github_sync_all | ↓ [ecosystem] fetching origin/main
2026-10-02T00:34:17-10:00job:github_sync_all | From github.com:RootRecord-Software-Solutions/RootRecord-Ecosystem
2026-10-02T00:34:17-10:00job:github_sync_all | * branch              main       -> FETCH_HEAD
2026-10-02T00:34:17-10:00job:github_sync_all | ↑ [ecosystem] local is ahead of GitHub
2026-10-02T00:34:17-10:00job:github_sync_all | To github.com:RootRecord-Software-Solutions/RootRecord-Ecosystem.git
2026-10-02T00:34:17-10:00job:github_sync_all | 1108a9a5..a495d8d8  HEAD -> main
2026-10-02T00:34:17-10:00job:github_sync_all | branch 'main' set up to track 'origin/main'.
2026-10-02T00:34:17-10:00job:github_sync_all | ↑ [ecosystem] 30 files → RootRecord-Software-Solutions/RootRecord-Ecosystem (main)
2026-10-02T00:34:17-10:00job:github_sync_all | ↑ [pacific] committed 3 local file(s)
2026-10-02T00:34:17-10:00job:github_sync_all | ↓ [pacific] fetching origin/main
2026-10-02T00:34:17-10:00job:github_sync_all | From github.com:RootRecord-Software-Solutions/RootRecord-Pacific-Solar-Server
2026-10-02T00:34:17-10:00job:github_sync_all | * branch            main       -> FETCH_HEAD
2026-10-02T00:34:17-10:00job:github_sync_all | ↑ [pacific] local is ahead of GitHub
2026-10-02T00:34:17-10:00job:github_sync_all | To github.com:RootRecord-Software-Solutions/RootRecord-Pacific-Solar-Server.git
2026-10-02T00:34:17-10:00job:github_sync_all | 71c0416..2cd04a4  HEAD -> main
2026-10-02T00:34:17-10:00job:github_sync_all | branch 'main' set up to track 'origin/main'.
2026-10-02T00:34:17-10:00job:github_sync_all | ↑ [pacific] 3 files → RootRecord-Software-Solutions/RootRecord-Pacific-Solar-Server (main)
2026-10-02T00:34:17-10:00job:github_sync_all | ↑ [database] committed 16 local file(s)
2026-10-02T00:34:17-10:00job:github_sync_all | ↓ [database] fetching origin/main
2026-10-02T00:34:17-10:00job:github_sync_all | From github.com:RootRecord-Software-Solutions/RootRecord-Database
2026-10-02T00:34:17-10:00job:github_sync_all | * branch              main       -> FETCH_HEAD
2026-10-02T00:34:17-10:00job:github_sync_all | ↑ [database] local is ahead of GitHub
2026-10-02T00:34:17-10:00job:github_sync_all | To github.com:RootRecord-Software-Solutions/RootRecord-Database.git
2026-10-02T00:34:17-10:00job:github_sync_all | ae998d40..dab8b77e  HEAD -> main
2026-10-02T00:34:17-10:00job:github_sync_all | branch 'main' set up to track 'origin/main'.
2026-10-02T00:34:17-10:00job:github_sync_all | ↑ [database] 16 files → RootRecord-Software-Solutions/RootRecord-Database (main)
2026-10-02T00:34:17-10:00job:github_sync_all | ↑ [library] committed 19 local file(s)
2026-10-02T00:34:17-10:00job:github_sync_all | ↓ [library] fetching origin/main
2026-10-02T00:34:17-10:00job:github_sync_all | From github.com:RootRecord-Software-Solutions/RootRecord-Library
2026-10-02T00:34:17-10:00job:github_sync_all | * branch            main       -> FETCH_HEAD
2026-10-02T00:34:17-10:00job:github_sync_all | ↑ [library] local is ahead of GitHub
2026-10-02T00:34:17-10:00job:github_sync_all | To github.com:RootRecord-Software-Solutions/RootRecord-Library.git
2026-10-02T00:34:17-10:00job:github_sync_all | 09ee5f5..9c3a6cf  HEAD -> main
2026-10-02T00:34:17-10:00job:github_sync_all | branch 'main' set up to track 'origin/main'.
2026-10-02T00:34:17-10:00job:github_sync_all | ↑ [library] 19 files → RootRecord-Software-Solutions/RootRecord-Library (main)
2026-10-02T00:34:17-10:00job:github_sync_all | — [website] no local changes
2026-10-02T00:34:17-10:00job:github_sync_all | ↓ [website] fetching origin/main
2026-10-02T00:34:17-10:00job:github_sync_all | From github.com:RootRecord-Software-Solutions/RootRecord-Website
2026-10-02T00:34:17-10:00job:github_sync_all | * branch            main       -> FETCH_HEAD
2026-10-02T00:34:17-10:00job:status_snapshot RUN  nice -n 10 python3 "/home/rootrecord/RootRecord-Ecosystem/1 - Servers/1 - RootRecord-Pacific-Solar-Server/Website/scripts/live_data_pages.py"
2026-10-02T00:34:17-10:00job:status_snapshot | live-data 6 pages
2026-10-02T00:34:17-10:00ENERGY  status=live  B2=off  B1=82.1%  solar=0 W  ac=0 W  usbc=0 W  src=/home/rootrecord/RootRecord-Ecosystem/2 - RootRecord-Database/Energy  LAP=100%/Full/AC
2026-10-02T00:34:17-10:00job:sys_stats_cycle RUN  bash "/home/rootrecord/RootRecord-Ecosystem/1 - Servers/1 - RootRecord-Pacific-Solar-Server/System/scripts/sys-sample.sh"
2026-10-02T00:34:19-10:00job:sys_stats_cycle | SYSTEM  cpu=44%  load=1.47  mem=50%  src=sqlite
2026-10-02T00:34:19-10:00job:sys_stats_cycle | OK wrote /home/rootrecord/RootRecord-Ecosystem/2 - RootRecord-Database/System/samples/sys-20261002-003418.json
2026-10-02T00:34:19-10:00job:security_camera_frame_grab RUN  bash "/home/rootrecord/RootRecord-Ecosystem/1 - Servers/1 - RootRecord-Pacific-Solar-Server/Security/Cameras/grab_all.sh"
2026-10-02T00:34:37-10:00job:security_camera_frame_grab | 00:34:19  📷  a-eyes  ch1 → ch1-20261002T103419Z.jpg  (298.6 KB, 4.25s)
2026-10-02T00:34:37-10:00job:security_camera_frame_grab | 00:34:23  📷  a-eyes  ch2 → ch2-20261002T103423Z.jpg  (313.4 KB, 4.29s)
2026-10-02T00:34:37-10:00job:security_camera_frame_grab | 00:34:27  📷  a-eyes  ch3 → ch3-20261002T103427Z.jpg  (326.0 KB, 4.50s)
2026-10-02T00:34:37-10:00job:security_camera_frame_grab | 00:34:32  📷  a-eyes  ch4 → ch4-20261002T103432Z.jpg  (251.8 KB, 4.85s)
2026-10-02T00:34:37-10:00job:service_supervisor RUN  bash "/home/rootrecord/RootRecord-Ecosystem/1 - Servers/1 - RootRecord-Pacific-Solar-Server/Automations/scripts/supervise-services.sh"
2026-10-02T00:34:37-10:00job:service_supervisor | [supervisor] weather alive pid=1766628 (act)
2026-10-02T00:34:37-10:00job:service_supervisor | [supervisor] relay alive pid=1766298 (act)
2026-10-02T00:34:37-10:00job:geology_collect RUN  nice -n 10 python3 "/home/rootrecord/RootRecord-Ecosystem/1 - Servers/1 - RootRecord-Pacific-Solar-Server/Geology/scripts/geology_collect.py" all
2026-10-02T00:34:44-10:00job:geology_collect | {"ok": true, "at": "2026-10-02T00:34:37-10:00", "what": "all", "dry_run": false, "sources": {"hawaii": {"ok": true, "count": 34, "new": 0, "new_m2": 0, "ms": 748}, "global": {"ok": true, "count": 28, "new": 0, "ms": 485}, "hvo_notices": {"ok": true, "count": 47, "new": 0, "ms": 1284}, "hvo_status": {"ok": true, "volcanoes": 8, "kilauea": "WATCH", "mauna_loa": "NORMAL", "ms": 4570}}}
2026-10-02T00:34:44-10:00job:system_net_sample RUN  nice -n 10 python3 "/home/rootrecord/RootRecord-Ecosystem/1 - Servers/1 - RootRecord-Pacific-Solar-Server/System/scripts/host_desks.py" net-sample
2026-10-02T00:34:44-10:00job:system_net_sample | {"ok": true, "file": "/home/rootrecord/RootRecord-Ecosystem/2 - RootRecord-Database/System/network/Daily/net-20261002.jsonl", "iface": "wlo1", "hour": {"seconds": 4037, "rx": 448865616, "tx": 57297650, "total": 506163266, "iface": "wlo1", "link": "wireless"}, "day": null}
2026-10-02T00:34:44-10:00job:discord_report_relay RUN  nice -n 10 python3 "/home/rootrecord/RootRecord-Ecosystem/1 - Servers/1 - RootRecord-Pacific-Solar-Server/Communications/Discord/scripts/report_relay.py"
2026-10-02T00:34:45-10:00job:discord_report_relay | same
2026-10-02T00:34:45-10:00job:radio_rss_poll RUN  nice -n 10 python3 "/home/rootrecord/RootRecord-Ecosystem/1 - Servers/1 - RootRecord-Pacific-Solar-Server/Media/RadioRss/scripts/rss_radio.py" poll
2026-10-02T00:35:00-10:00job:radio_rss_poll | {"ok": true, "polled": [{"feed": "bbc_business", "ok": true, "items": 20, "duplicates": 19}, {"feed": "bea_news", "ok": true, "items": 20, "duplicates": 20}, {"feed": "breaking_defense", "ok": true, "items": 0}, {"feed": "civil_beat", "ok": true, "items": 0}, {"feed": "defense_news", "ok": true, "items": 20, "duplicates": 20}, {"feed": "esa_human_spaceflight", "ok": true, "items": 15, "duplicates": 14}, {"feed": "esa_space_science", "ok": true, "items": 15, "duplicates": 15}, {"feed": "esa_top_news", "ok": true, "items": 9, "duplicates": 8}, {"feed": "fed_monetary", "ok": true, "items": 0}, {"feed": "github_changelog", "ok": true, "items": 0}, {"feed": "hawaii_governor", "ok": true, "items": 0}, {"feed": "ntsb_press", "ok": true, "skipped": "robots"}], "composed": ["c_740fd77b33746b34", "c_b7aae103cb135ca4"]}
2026-10-02T00:35:00-10:00job:sys_stats_cycle RUN  bash "/home/rootrecord/RootRecord-Ecosystem/1 - Servers/1 - RootRecord-Pacific-Solar-Server/System/scripts/sys-sample.sh"
2026-10-02T00:35:02-10:00job:sys_stats_cycle | SYSTEM  cpu=11%  load=0.95  mem=48%  src=sqlite
2026-10-02T00:35:02-10:00job:sys_stats_cycle | OK wrote /home/rootrecord/RootRecord-Ecosystem/2 - RootRecord-Database/System/samples/sys-20261002-003501.json
2026-10-02T00:36:10-10:00job:github_sync_all | ↑ [ecosystem] committed 32 local file(s)
2026-10-02T00:36:10-10:00job:github_sync_all | ↓ [ecosystem] fetching origin/main
2026-10-02T00:36:10-10:00job:github_sync_all | From github.com:RootRecord-Software-Solutions/RootRecord-Ecosystem
2026-10-02T00:36:10-10:00job:github_sync_all | * branch              main       -> FETCH_HEAD
2026-10-02T00:36:10-10:00job:github_sync_all | ↑ [ecosystem] local is ahead of GitHub
2026-10-02T00:36:10-10:00job:github_sync_all | To github.com:RootRecord-Software-Solutions/RootRecord-Ecosystem.git
2026-10-02T00:36:10-10:00job:github_sync_all | a495d8d8..03cf1447  HEAD -> main
2026-10-02T00:36:10-10:00job:github_sync_all | branch 'main' set up to track 'origin/main'.
2026-10-02T00:36:10-10:00job:github_sync_all | ↑ [ecosystem] 32 files → RootRecord-Software-Solutions/RootRecord-Ecosystem (main)
2026-10-02T00:36:10-10:00job:github_sync_all | ↑ [pacific] committed 4 local file(s)
2026-10-02T00:36:10-10:00job:github_sync_all | ↓ [pacific] fetching origin/main
2026-10-02T00:36:10-10:00job:github_sync_all | From github.com:RootRecord-Software-Solutions/RootRecord-Pacific-Solar-Server
2026-10-02T00:36:10-10:00job:github_sync_all | * branch            main       -> FETCH_HEAD
2026-10-02T00:36:10-10:00job:github_sync_all | ↑ [pacific] local is ahead of GitHub
2026-10-02T00:36:10-10:00job:github_sync_all | To github.com:RootRecord-Software-Solutions/RootRecord-Pacific-Solar-Server.git
2026-10-02T00:36:10-10:00job:github_sync_all | 2cd04a4..4b1ef31  HEAD -> main
2026-10-02T00:36:10-10:00job:github_sync_all | branch 'main' set up to track 'origin/main'.
2026-10-02T00:36:10-10:00job:github_sync_all | ↑ [pacific] 4 files → RootRecord-Software-Solutions/RootRecord-Pacific-Solar-Server (main)
2026-10-02T00:36:10-10:00job:github_sync_all | ↑ [database] committed 40 local file(s)
2026-10-02T00:36:10-10:00job:github_sync_all | ↓ [database] fetching origin/main
2026-10-02T00:36:10-10:00job:github_sync_all | From github.com:RootRecord-Software-Solutions/RootRecord-Database
2026-10-02T00:36:10-10:00job:github_sync_all | * branch              main       -> FETCH_HEAD
2026-10-02T00:36:10-10:00job:github_sync_all | ↑ [database] local is ahead of GitHub
2026-10-02T00:36:10-10:00job:github_sync_all | To github.com:RootRecord-Software-Solutions/RootRecord-Database.git
2026-10-02T00:36:10-10:00job:github_sync_all | dab8b77e..3ed216f0  HEAD -> main
2026-10-02T00:36:10-10:00job:github_sync_all | branch 'main' set up to track 'origin/main'.
2026-10-02T00:36:10-10:00job:github_sync_all | ↑ [database] 40 files → RootRecord-Software-Solutions/RootRecord-Database (main)
2026-10-02T00:36:10-10:00job:github_sync_all | — [library] no local changes
2026-10-02T00:36:10-10:00job:github_sync_all | ↓ [library] fetching origin/main
2026-10-02T00:36:10-10:00job:github_sync_all | From github.com:RootRecord-Software-Solutions/RootRecord-Library
2026-10-02T00:36:10-10:00job:github_sync_all | * branch            main       -> FETCH_HEAD
2026-10-02T00:36:10-10:00job:github_sync_all | — [library] local and GitHub already match
2026-10-02T00:36:10-10:00job:github_sync_all | — [library] nothing to push
2026-10-02T00:36:10-10:00job:github_sync_all | — [website] no local changes
2026-10-02T00:36:10-10:00job:github_sync_all | ↓ [website] fetching origin/main
2026-10-02T00:36:10-10:00job:github_sync_all | From github.com:RootRecord-Software-Solutions/RootRecord-Website
2026-10-02T00:36:10-10:00job:github_sync_all | * branch            main       -> FETCH_HEAD
2026-10-02T00:36:10-10:00job:github_sync_all | — [website] local and GitHub already match
2026-10-02T00:36:10-10:00job:github_sync_all | — [website] nothing to push
2026-10-02T00:36:10-10:00job:github_sync_all | — [website-personal] no local changes
2026-10-02T00:36:10-10:00job:worklog_scan RUN  bash "/home/rootrecord/RootRecord-Ecosystem/1 - Servers/1 - RootRecord-Pacific-Solar-Server/Reports/scripts/worklog_once.sh"
2026-10-02T00:39:10-10:00job:worklog_scan TIMEOUT after 180s
2026-10-02T00:39:10-10:00job:security_camera_frame_grab RUN  bash "/home/rootrecord/RootRecord-Ecosystem/1 - Servers/1 - RootRecord-Pacific-Solar-Server/Security/Cameras/grab_all.sh"
2026-10-02T00:39:28-10:00job:security_camera_frame_grab | 00:39:10  📷  a-eyes  ch1 → ch1-20261002T103910Z.jpg  (299.0 KB, 4.56s)
2026-10-02T00:39:28-10:00job:security_camera_frame_grab | 00:39:14  📷  a-eyes  ch2 → ch2-20261002T103914Z.jpg  (315.1 KB, 4.50s)
2026-10-02T00:39:28-10:00job:security_camera_frame_grab | 00:39:19  📷  a-eyes  ch3 → ch3-20261002T103919Z.jpg  (326.9 KB, 4.36s)
2026-10-02T00:39:28-10:00job:security_camera_frame_grab | 00:39:23  📷  a-eyes  ch4 → ch4-20261002T103923Z.jpg  (247.9 KB, 4.55s)
2026-10-02T00:39:28-10:00job:radio_news_update RUN  nice -n 10 python3 "/home/rootrecord/RootRecord-Ecosystem/1 - Servers/1 - RootRecord-Pacific-Solar-Server/Media/RadioRss/scripts/rss_radio.py" news-hour --speak
2026-10-02T00:42:45-10:00job:radio_news_update | {"ok": true, "report": "news_update", "words": 747, "hour": 0, "voices": ["ava", "bruce", "carly", "ava", "bruce"], "script": "/home/rootrecord/RootRecord-Ecosystem/2 - RootRecord-Database/Media/RadioRss/processed/scripts/news_update/news_update.speak.txt", "polled": 27, "stories": 305, "speak": {"ok": true, "report": "news_update", "file": "news_update_current.opus", "bytes": 1023849, "stage": {"ok": true, "skipped": true, "detail": "no_stage_type", "report": "news_update"}, "voices": ["ava", "bruce", "carly", "ava", "bruce"], "wav": "/home/rootrecord/RootRecord-Ecosystem/2 - RootRecord-Database/Media/Audio/Voice/news_update_current.wav"}, "detail": "broadcast"}
2026-10-02T00:42:46-10:00ENERGY  status=live  B2=off  B1=82.1%  solar=0 W  ac=0 W  usbc=0 W  src=/home/rootrecord/RootRecord-Ecosystem/2 - RootRecord-Database/Energy  LAP=100%/Full/AC
2026-10-02T00:42:46-10:00job:sys_stats_cycle RUN  bash "/home/rootrecord/RootRecord-Ecosystem/1 - Servers/1 - RootRecord-Pacific-Solar-Server/System/scripts/sys-sample.sh"
2026-10-02T00:42:48-10:00job:sys_stats_cycle | SYSTEM  cpu=7%  load=3.13  mem=49%  src=sqlite
2026-10-02T00:42:48-10:00job:sys_stats_cycle | OK wrote /home/rootrecord/RootRecord-Ecosystem/2 - RootRecord-Database/System/samples/sys-20261002-004246.json
2026-10-02T00:44:05-10:00job:github_sync_all | ↑ [ecosystem] committed 108 local file(s)
2026-10-02T00:44:05-10:00job:github_sync_all | ↓ [ecosystem] fetching origin/main
2026-10-02T00:44:05-10:00job:github_sync_all | From github.com:RootRecord-Software-Solutions/RootRecord-Ecosystem
2026-10-02T00:44:05-10:00job:github_sync_all | * branch              main       -> FETCH_HEAD
2026-10-02T00:44:05-10:00job:github_sync_all | ↑ [ecosystem] local is ahead of GitHub
2026-10-02T00:44:05-10:00job:github_sync_all | To github.com:RootRecord-Software-Solutions/RootRecord-Ecosystem.git
2026-10-02T00:44:05-10:00job:github_sync_all | 03cf1447..6a83bc26  HEAD -> main
2026-10-02T00:44:05-10:00job:github_sync_all | branch 'main' set up to track 'origin/main'.
2026-10-02T00:44:05-10:00job:github_sync_all | ↑ [ecosystem] 108 files → RootRecord-Software-Solutions/RootRecord-Ecosystem (main)
2026-10-02T00:44:05-10:00job:github_sync_all | ↑ [pacific] committed 42 local file(s)
2026-10-02T00:44:05-10:00job:github_sync_all | ↓ [pacific] fetching origin/main
2026-10-02T00:44:05-10:00job:github_sync_all | From github.com:RootRecord-Software-Solutions/RootRecord-Pacific-Solar-Server
2026-10-02T00:44:05-10:00job:github_sync_all | * branch            main       -> FETCH_HEAD
2026-10-02T00:44:05-10:00job:github_sync_all | ↑ [pacific] local is ahead of GitHub
2026-10-02T00:44:05-10:00job:github_sync_all | To github.com:RootRecord-Software-Solutions/RootRecord-Pacific-Solar-Server.git
2026-10-02T00:44:05-10:00job:github_sync_all | 4b1ef31..321f3ef  HEAD -> main
2026-10-02T00:44:05-10:00job:github_sync_all | branch 'main' set up to track 'origin/main'.
2026-10-02T00:44:05-10:00job:github_sync_all | ↑ [pacific] 42 files → RootRecord-Software-Solutions/RootRecord-Pacific-Solar-Server (main)
2026-10-02T00:44:05-10:00job:github_sync_all | ↑ [database] committed 53 local file(s)
2026-10-02T00:44:05-10:00job:github_sync_all | ↓ [database] fetching origin/main
2026-10-02T00:44:05-10:00job:github_sync_all | From github.com:RootRecord-Software-Solutions/RootRecord-Database
2026-10-02T00:44:05-10:00job:github_sync_all | * branch              main       -> FETCH_HEAD
2026-10-02T00:44:05-10:00job:github_sync_all | ↑ [database] local is ahead of GitHub
2026-10-02T00:44:05-10:00job:github_sync_all | To github.com:RootRecord-Software-Solutions/RootRecord-Database.git
2026-10-02T00:44:05-10:00job:github_sync_all | 3ed216f0..e06cd06e  HEAD -> main
2026-10-02T00:44:05-10:00job:github_sync_all | branch 'main' set up to track 'origin/main'.
2026-10-02T00:44:05-10:00job:github_sync_all | ↑ [database] 53 files → RootRecord-Software-Solutions/RootRecord-Database (main)
2026-10-02T00:44:05-10:00job:github_sync_all | ↑ [library] committed 10 local file(s)
2026-10-02T00:44:05-10:00job:github_sync_all | ↓ [library] fetching origin/main
2026-10-02T00:44:05-10:00job:github_sync_all | From github.com:RootRecord-Software-Solutions/RootRecord-Library
2026-10-02T00:44:05-10:00job:github_sync_all | * branch            main       -> FETCH_HEAD
2026-10-02T00:44:05-10:00job:github_sync_all | ↑ [library] local is ahead of GitHub
2026-10-02T00:44:05-10:00job:github_sync_all | To github.com:RootRecord-Software-Solutions/RootRecord-Library.git
2026-10-02T00:44:05-10:00job:github_sync_all | 9c3a6cf..553cfb4  HEAD -> main
2026-10-02T00:44:05-10:00job:github_sync_all | branch 'main' set up to track 'origin/main'.
2026-10-02T00:44:05-10:00job:github_sync_all | ↑ [library] 10 files → RootRecord-Software-Solutions/RootRecord-Library (main)
2026-10-02T00:44:05-10:00job:github_sync_all | ↑ [website] committed 40 local file(s)
2026-10-02T00:44:05-10:00job:github_sync_all | ↓ [website] fetching origin/main
2026-10-02T00:44:05-10:00job:github_sync_all | From github.com:RootRecord-Software-Solutions/RootRecord-Website
2026-10-02T00:44:05-10:00job:github_sync_all | * branch            main       -> FETCH_HEAD
2026-10-02T00:44:05-10:00job:worklog_scan RUN  bash "/home/rootrecord/RootRecord-Ecosystem/1 - Servers/1 - RootRecord-Pacific-Solar-Server/Reports/scripts/worklog_once.sh"
2026-10-02T00:47:05-10:00job:worklog_scan TIMEOUT after 180s
2026-10-02T00:47:05-10:00job:security_camera_frame_grab RUN  bash "/home/rootrecord/RootRecord-Ecosystem/1 - Servers/1 - RootRecord-Pacific-Solar-Server/Security/Cameras/grab_all.sh"
2026-10-02T00:47:23-10:00job:security_camera_frame_grab | 00:47:05  📷  a-eyes  ch1 → ch1-20261002T104705Z.jpg  (299.7 KB, 4.37s)
2026-10-02T00:47:23-10:00job:security_camera_frame_grab | 00:47:10  📷  a-eyes  ch2 → ch2-20261002T104710Z.jpg  (317.2 KB, 4.52s)
2026-10-02T00:47:23-10:00job:security_camera_frame_grab | 00:47:14  📷  a-eyes  ch3 → ch3-20261002T104714Z.jpg  (329.9 KB, 4.24s)
2026-10-02T00:47:23-10:00job:security_camera_frame_grab | 00:47:19  📷  a-eyes  ch4 → ch4-20261002T104719Z.jpg  (252.7 KB, 4.28s)
2026-10-02T00:47:23-10:00job:service_supervisor RUN  bash "/home/rootrecord/RootRecord-Ecosystem/1 - Servers/1 - RootRecord-Pacific-Solar-Server/Automations/scripts/supervise-services.sh"
2026-10-02T00:47:23-10:00job:service_supervisor | [supervisor] weather alive pid=1766628 (act)
2026-10-02T00:47:23-10:00job:service_supervisor | [supervisor] relay alive pid=1766298 (act)
2026-10-02T00:47:23-10:00job:geology_collect RUN  nice -n 10 python3 "/home/rootrecord/RootRecord-Ecosystem/1 - Servers/1 - RootRecord-Pacific-Solar-Server/Geology/scripts/geology_collect.py" all
2026-10-02T00:47:28-10:00job:geology_collect | {"ok": true, "at": "2026-10-02T00:47:23-10:00", "what": "all", "dry_run": false, "sources": {"hawaii": {"ok": true, "count": 32, "new": 0, "new_m2": 0, "ms": 750}, "global": {"ok": true, "count": 28, "new": 0, "ms": 309}, "hvo_notices": {"ok": true, "count": 47, "new": 0, "ms": 1122}, "hvo_status": {"ok": true, "volcanoes": 8, "kilauea": "WATCH", "mauna_loa": "NORMAL", "ms": 2863}}}
2026-10-02T00:47:28-10:00job:status_snapshot RUN  nice -n 10 python3 "/home/rootrecord/RootRecord-Ecosystem/1 - Servers/1 - RootRecord-Pacific-Solar-Server/Website/scripts/live_data_pages.py"
2026-10-02T00:47:28-10:00job:status_snapshot | live-data 6 pages
2026-10-02T00:47:28-10:00job:system_net_sample RUN  nice -n 10 python3 "/home/rootrecord/RootRecord-Ecosystem/1 - Servers/1 - RootRecord-Pacific-Solar-Server/System/scripts/host_desks.py" net-sample
2026-10-02T00:47:28-10:00job:system_net_sample | {"ok": true, "file": "/home/rootrecord/RootRecord-Ecosystem/2 - RootRecord-Database/System/network/Daily/net-20261002.jsonl", "iface": "wlo1", "hour": {"seconds": 3725, "rx": 472681848, "tx": 123562835, "total": 596244683, "iface": "wlo1", "link": "wireless"}, "day": null}
2026-10-02T00:47:28-10:00job:discord_report_relay RUN  nice -n 10 python3 "/home/rootrecord/RootRecord-Ecosystem/1 - Servers/1 - RootRecord-Pacific-Solar-Server/Communications/Discord/scripts/report_relay.py"
2026-10-02T00:47:28-10:00job:discord_report_relay | same
2026-10-02T00:47:28-10:00job:radio_rss_poll RUN  nice -n 10 python3 "/home/rootrecord/RootRecord-Ecosystem/1 - Servers/1 - RootRecord-Pacific-Solar-Server/Media/RadioRss/scripts/rss_radio.py" poll
2026-10-02T00:47:35-10:00job:radio_rss_poll | {"ok": true, "polled": [{"feed": "esa_human_spaceflight", "ok": true, "items": 15, "duplicates": 15}, {"feed": "esa_space_science", "ok": true, "items": 15, "duplicates": 15}, {"feed": "esa_top_news", "ok": true, "items": 9, "duplicates": 9}, {"feed": "github_changelog", "ok": true, "items": 0}, {"feed": "nasa_artemis", "ok": true, "items": 0}, {"feed": "nasa_jpl", "ok": true, "items": 0}, {"feed": "nasa_news", "ok": true, "items": 0}, {"feed": "nasa_recent", "ok": true, "items": 0}, {"feed": "nasa_station", "ok": true, "items": 0}, {"feed": "nist_cyber_insights", "ok": true, "items": 0}, {"feed": "nist_cybersecurity", "ok": true, "items": 0}, {"feed": "nist_news", "ok": true, "items": 0}], "composed": ["c_76d338541831e267", "c_1d85cd461b35bdff", "c_666b1fdd8395aefd", "c_40e467ccc24b389f", "c_1c0b81815f92e636", "c_520fcc502333f5a7", "c_bb894aa387a3a7ec", "c_b8f9ef669ff4a59a", "c_8486f2fe41d72f82", "c_2c94bde392b37af8", "c_83024d20ae453771", "c_f72fd7f9015a96ca", "c_fbf84bd4b75f8172", "c_e837026b1b2333ce", "c_b2898cd64fe743ca", "c_3821ac88c0dd8028", "c_af4a740d0b8e3cc1", "c_68e5b4dd714a423b", "c_7b0fc39a31ee29be", "c_ea60f707db976b6f", "c_dc17f7da2109a61a", "c_0332971c55963236", "c_0c6f66c9cf8cbec9", "c_a8ac4705d219103d", "c_4556eb9c2283b429"]}
2026-10-02T00:47:36-10:00job:voice_system_perf RUN  nice -n 10 python3 "/home/rootrecord/RootRecord-Ecosystem/1 - Servers/1 - RootRecord-Pacific-Solar-Server/Media/Voice/scripts/system_perf.py"
2026-10-02T00:48:14-10:00job:voice_system_perf | {"ok": true, "report": "system_perf", "md": "/home/rootrecord/RootRecord-Ecosystem/test-reports/Voice/system_perf_current.md", "cpu_pct": 5.5, "mem_pct": 51.0, "status_starting": {"ok": true, "played": true, "phase": "starting", "wav": "/home/rootrecord/RootRecord-Ecosystem/2 - RootRecord-Database/Media/Audio/Voice/Clips/Bruce/system_perf_starting.wav"}, "voice_rc": 0, "voice": {"ok": true, "mode": "stitch", "report": "system_perf", "agent": "bruce", "voice": "am_echo", "speed": 1.0, "wav": "/home/rootrecord/RootRecord-Ecosystem/2 - RootRecord-Database/Media/Audio/Voice/system_perf_current.wav", "clips_used": 0, "live_sentences": 11, "model_loaded": true, "render_s": 12.81, "sample_rate": 24000, "channels": 1, "subtype": "PCM_16", "duration_s": 30.222, "peak_dbfs": -1.5, "rms_dbfs": -20.39, "lead_silence_ms": 113, "qc": "PASS", "wall_s": 12.86, "peak_rss_mb": 1606}, "deliver": {"ok": true, "sent": true, "persona": "bruce", "chat": "-1004367256267", "message_id": 2478, "transcript": false, "report": true, "photo": false, "plan": {"voice": true, "transcript": false, "report": true}}, "status_transit": {"ok": true, "played": true, "phase": "transit", "wav": "/home/rootrecord/RootRecord-Ecosystem/2 - RootRecord-Database/Media/Audio/Voice/Clips/Bruce/system_perf_transit.wav"}, "radio": {"ok": true, "report": "system_perf", "file": "system_perf_current.opus", "bytes": 90559, "stage": {"ok": false, "detail": "remote_dir", "report": "system_perf"}}, "status_send": {"ok": true, "played": true, "phase": "sent", "wav": "/home/rootrecord/RootRecord-Ecosystem/2 - RootRecord-Database/Media/Audio/Voice/Clips/Bruce/system_perf_sent.wav"}}
2026-10-02T00:48:14-10:00job:voice_nws_weather RUN  nice -n 10 python3 "/home/rootrecord/RootRecord-Ecosystem/1 - Servers/1 - RootRecord-Pacific-Solar-Server/Media/Voice/scripts/voice_reports.py" nws_weather
2026-10-02T00:48:54-10:00job:voice_nws_weather | {"ok": true, "report": "nws_weather", "md": "/home/rootrecord/RootRecord-Ecosystem/test-reports/Voice/nws_weather_current.md", "sentences": 9, "status_starting": {"ok": true, "played": true, "phase": "starting", "wav": "/home/rootrecord/RootRecord-Ecosystem/2 - RootRecord-Database/Media/Audio/Voice/Clips/Ava/nws_weather_starting.wav"}, "voice": {"ok": true, "mode": "stitch", "report": "nws_weather", "agent": "ava", "voice": "af_heart", "speed": 1.0, "wav": "/home/rootrecord/RootRecord-Ecosystem/2 - RootRecord-Database/Media/Audio/Voice/nws_weather_current.wav", "clips_used": 0, "live_sentences": 12, "model_loaded": true, "render_s": 13.38, "sample_rate": 24000, "channels": 1, "subtype": "PCM_16", "duration_s": 29.785, "peak_dbfs": -1.5, "rms_dbfs": -20.79, "lead_silence_ms": 113, "qc": "PASS", "wall_s": 13.42, "peak_rss_mb": 1619, "rc": 0}, "deliver": {"ok": true, "sent": true, "persona": "ava", "chat": "-1004367256267", "message_id": 2480, "transcript": false, "report": true, "photo": false, "plan": {"voice": true, "transcript": false, "report": true}}, "status_transit": {"ok": true, "played": true, "phase": "transit", "wav": "/home/rootrecord/RootRecord-Ecosystem/2 - RootRecord-Database/Media/Audio/Voice/Clips/Ava/nws_weather_transit.wav"}, "radio": {"ok": true, "report": "nws_weather", "file": "nws_weather_current.opus", "bytes": 88427, "stage": {"ok": false, "detail": "remote_dir", "report": "nws_weather"}}, "status_send": {"ok": true, "played": true, "phase": "sent", "wav": "/home/rootrecord/RootRecord-Ecosystem/2 - RootRecord-Database/Media/Audio/Voice/Clips/Ava/nws_weather_sent.wav"}}
2026-10-02T00:48:54-10:00job:voice_energy_report RUN  nice -n 10 python3 "/home/rootrecord/RootRecord-Ecosystem/1 - Servers/1 - RootRecord-Pacific-Solar-Server/Media/Voice/scripts/voice_reports.py" energy_report
2026-10-02T00:50:38-10:00job:voice_energy_report | {"ok": true, "report": "energy_report", "md": "/home/rootrecord/RootRecord-Ecosystem/test-reports/Voice/energy_report_current.md", "sentences": 9, "status_starting": {"ok": true, "played": true, "phase": "starting", "wav": "/home/rootrecord/RootRecord-Ecosystem/2 - RootRecord-Database/Media/Audio/Voice/Clips/Carly/energy_report_starting.wav"}, "voice": {"ok": true, "mode": "stitch", "report": "energy_report", "agent": "carly", "voice": "af_nova", "speed": 1.0, "wav": "/home/rootrecord/RootRecord-Ecosystem/2 - RootRecord-Database/Media/Audio/Voice/energy_report_current.wav", "clips_used": 0, "live_sentences": 9, "model_loaded": true, "render_s": 16.78, "sample_rate": 24000, "channels": 1, "subtype": "PCM_16", "duration_s": 34.047, "peak_dbfs": -1.58, "rms_dbfs": -20.28, "lead_silence_ms": 111, "qc": "PASS", "wall_s": 16.94, "peak_rss_mb": 1662, "rc": 0}, "deliver": {"ok": true, "skipped": true, "detail": "blended into the hourly solar desk; the radio file is refreshed"}, "status_transit": {"ok": true, "played": true, "phase": "transit", "wav": "/home/rootrecord/RootRecord-Ecosystem/2 - RootRecord-Database/Media/Audio/Voice/Clips/Carly/energy_report_transit.wav"}, "radio": {"ok": true, "report": "energy_report", "file": "energy_report_current.opus", "bytes": 102437, "stage": {"ok": false, "detail": "remote_dir", "report": "energy_report"}}, "status_send": {"ok": true, "played": true, "phase": "sent", "wav": "/home/rootrecord/RootRecord-Ecosystem/2 - RootRecord-Database/Media/Audio/Voice/Clips/Carly/energy_report_sent.wav"}}
2026-10-02T00:50:38-10:00job:voice_remaining_tasks RUN  nice -n 10 python3 "/home/rootrecord/RootRecord-Ecosystem/1 - Servers/1 - RootRecord-Pacific-Solar-Server/Media/Voice/scripts/voice_reports.py" remaining_tasks
2026-10-02T00:51:12-10:00job:voice_remaining_tasks | {"ok": true, "report": "remaining_tasks", "md": "/home/rootrecord/RootRecord-Ecosystem/test-reports/Voice/remaining_tasks_current.md", "sentences": 5, "status_starting": {"ok": true, "played": true, "phase": "starting", "wav": "/home/rootrecord/RootRecord-Ecosystem/2 - RootRecord-Database/Media/Audio/Voice/Clips/Bruce/remaining_tasks_starting.wav"}, "voice": {"ok": true, "mode": "stitch", "report": "remaining_tasks", "agent": "bruce", "voice": "am_echo", "speed": 1.0, "wav": "/home/rootrecord/RootRecord-Ecosystem/2 - RootRecord-Database/Media/Audio/Voice/remaining_tasks_current.wav", "clips_used": 0, "live_sentences": 4, "model_loaded": true, "render_s": 8.26, "sample_rate": 24000, "channels": 1, "subtype": "PCM_16", "duration_s": 13.458, "peak_dbfs": -2.33, "rms_dbfs": -20.09, "lead_silence_ms": 115, "qc": "PASS", "wall_s": 8.3, "peak_rss_mb": 1379, "rc": 0}, "deliver": {"ok": true, "sent": true, "persona": "bruce", "chat": "-1004367256267", "message_id": 2482, "transcript": false, "report": true, "photo": false, "plan": {"voice": true, "transcript": false, "report": true}}, "status_transit": {"ok": true, "played": true, "phase": "transit", "wav": "/home/rootrecord/RootRecord-Ecosystem/2 - RootRecord-Database/Media/Audio/Voice/Clips/Bruce/remaining_tasks_transit.wav"}, "radio": {"ok": true, "report": "remaining_tasks", "file": "remaining_tasks_current.opus", "bytes": 40784, "stage": {"ok": false, "detail": "remote_dir", "report": "remaining_tasks"}}, "status_send": {"ok": true, "played": true, "phase": "sent", "wav": "/home/rootrecord/RootRecord-Ecosystem/2 - RootRecord-Database/Media/Audio/Voice/Clips/Bruce/remaining_tasks_sent.wav"}}
2026-10-02T00:51:12-10:00job:voice_earthquake_report RUN  nice -n 10 python3 "/home/rootrecord/RootRecord-Ecosystem/1 - Servers/1 - RootRecord-Pacific-Solar-Server/Media/Voice/scripts/voice_reports.py" earthquake_report
2026-10-02T00:52:00-10:00job:voice_earthquake_report | {"ok": true, "report": "earthquake_report", "md": "/home/rootrecord/RootRecord-Ecosystem/test-reports/Voice/earthquake_report_current.md", "sentences": 14, "status_starting": {"ok": true, "played": true, "phase": "starting", "wav": "/home/rootrecord/RootRecord-Ecosystem/2 - RootRecord-Database/Media/Audio/Voice/Clips/Carly/earthquake_report_starting.wav"}, "voice": {"ok": true, "mode": "stitch", "report": "earthquake_report", "agent": "carly", "voice": "af_nova", "speed": 1.0, "wav": "/home/rootrecord/RootRecord-Ecosystem/2 - RootRecord-Database/Media/Audio/Voice/earthquake_report_current.wav", "clips_used": 0, "live_sentences": 13, "model_loaded": true, "render_s": 23.41, "sample_rate": 24000, "channels": 1, "subtype": "PCM_16", "duration_s": 58.166, "peak_dbfs": -1.5, "rms_dbfs": -20.41, "lead_silence_ms": 115, "qc": "PASS", "wall_s": 23.49, "peak_rss_mb": 1795, "rc": 0}, "deliver": {"ok": true, "sent": true, "persona": "carly", "chat": "-1004367256267", "message_id": 2484, "transcript": false, "report": true, "photo": false, "plan": {"voice": true, "transcript": false, "report": true}}, "status_transit": {"ok": true, "played": true, "phase": "transit", "wav": "/home/rootrecord/RootRecord-Ecosystem/2 - RootRecord-Database/Media/Audio/Voice/Clips/Carly/earthquake_report_transit.wav"}, "radio": {"ok": true, "report": "earthquake_report", "file": "earthquake_report_current.opus", "bytes": 176204, "stage": {"ok": false, "detail": "remote_dir", "report": "earthquake_report"}}, "status_send": {"ok": true, "played": true, "phase": "sent", "wav": "/home/rootrecord/RootRecord-Ecosystem/2 - RootRecord-Database/Media/Audio/Voice/Clips/Carly/earthquake_report_sent.wav"}}
2026-10-02T00:52:00-10:00job:voice_kilauea_report RUN  nice -n 10 python3 "/home/rootrecord/RootRecord-Ecosystem/1 - Servers/1 - RootRecord-Pacific-Solar-Server/Media/Voice/scripts/voice_reports.py" kilauea_report
2026-10-02T00:52:41-10:00job:voice_kilauea_report | {"ok": true, "report": "kilauea_report", "md": "/home/rootrecord/RootRecord-Ecosystem/test-reports/Voice/kilauea_report_current.md", "sentences": 8, "status_starting": {"ok": true, "played": true, "phase": "starting", "wav": "/home/rootrecord/RootRecord-Ecosystem/2 - RootRecord-Database/Media/Audio/Voice/Clips/Carly/kilauea_report_starting.wav"}, "voice": {"ok": true, "mode": "stitch", "report": "kilauea_report", "agent": "carly", "voice": "af_nova", "speed": 1.0, "wav": "/home/rootrecord/RootRecord-Ecosystem/2 - RootRecord-Database/Media/Audio/Voice/kilauea_report_current.wav", "clips_used": 0, "live_sentences": 8, "model_loaded": true, "render_s": 15.03, "sample_rate": 24000, "channels": 1, "subtype": "PCM_16", "duration_s": 35.52, "peak_dbfs": -1.5, "rms_dbfs": -20.69, "lead_silence_ms": 101, "qc": "PASS", "wall_s": 15.1, "peak_rss_mb": 1637, "rc": 0}, "deliver": {"ok": true, "sent": true, "persona": "carly", "chat": "-1004367256267", "message_id": 2486, "transcript": false, "report": true, "photo": false, "plan": {"voice": true, "transcript": false, "report": true}}, "status_transit": {"ok": true, "played": true, "phase": "transit", "wav": "/home/rootrecord/RootRecord-Ecosystem/2 - RootRecord-Database/Media/Audio/Voice/Clips/Carly/kilauea_report_transit.wav"}, "radio": {"ok": true, "report": "kilauea_report", "file": "kilauea_report_current.opus", "bytes": 106906, "stage": {"ok": false, "detail": "remote_dir", "report": "kilauea_report"}}, "status_send": {"ok": true, "played": true, "phase": "sent", "wav": "/home/rootrecord/RootRecord-Ecosystem/2 - RootRecord-Database/Media/Audio/Voice/Clips/Carly/kilauea_report_sent.wav"}}
2026-10-02T00:52:41-10:00job:voice_solar_desk RUN  nice -n 10 python3 "/home/rootrecord/RootRecord-Ecosystem/1 - Servers/1 - RootRecord-Pacific-Solar-Server/Media/Voice/scripts/voice_reports.py" solar_desk
2026-10-02T00:53:45-10:00job:voice_solar_desk | {"ok": true, "report": "solar_desk", "md": "/home/rootrecord/RootRecord-Ecosystem/test-reports/Voice/solar_desk_current.md", "sentences": 10, "status_starting": {"ok": true, "played": true, "phase": "starting", "wav": "/home/rootrecord/RootRecord-Ecosystem/2 - RootRecord-Database/Media/Audio/Voice/Clips/Bruce/solar_desk_starting.wav"}, "voice": {"ok": true, "mode": "stitch", "report": "solar_desk", "agent": "bruce", "voice": "am_echo", "speed": 1.0, "wav": "/home/rootrecord/RootRecord-Ecosystem/2 - RootRecord-Database/Media/Audio/Voice/solar_desk_current.wav", "clips_used": 0, "live_sentences": 9, "model_loaded": true, "render_s": 15.92, "sample_rate": 24000, "channels": 1, "subtype": "PCM_16", "duration_s": 39.867, "peak_dbfs": -1.57, "rms_dbfs": -20.16, "lead_silence_ms": 115, "qc": "PASS", "wall_s": 16.03, "peak_rss_mb": 1652, "rc": 0}, "deliver": {"ok": true, "sent": true, "persona": "bruce", "chat": "-1004367256267", "message_id": 2488, "transcript": false, "report": true, "photo": true, "plan": {"voice": true, "transcript": false, "report": true}}, "status_transit": {"ok": true, "played": true, "phase": "transit", "wav": "/home/rootrecord/RootRecord-Ecosystem/2 - RootRecord-Database/Media/Audio/Voice/Clips/Bruce/solar_desk_transit.wav"}, "radio": {"ok": true, "report": "solar_desk", "file": "solar_desk_current.opus", "bytes": 120597, "stage": {"ok": false, "detail": "remote_dir", "report": "solar_desk"}}, "status_send": {"ok": true, "played": true, "phase": "sent", "wav": "/home/rootrecord/RootRecord-Ecosystem/2 - RootRecord-Database/Media/Audio/Voice/Clips/Bruce/solar_desk_sent.wav"}}
2026-10-02T00:53:45-10:00job:voice_security_desk RUN  nice -n 10 python3 "/home/rootrecord/RootRecord-Ecosystem/1 - Servers/1 - RootRecord-Pacific-Solar-Server/Media/Voice/scripts/voice_reports.py" security_desk
2026-10-02T00:55:20-10:00job:voice_security_desk | {"ok": true, "report": "security_desk", "md": "/home/rootrecord/RootRecord-Ecosystem/test-reports/Voice/security_desk_current.md", "sentences": 7, "status_starting": {"ok": true, "played": true, "phase": "starting", "wav": "/home/rootrecord/RootRecord-Ecosystem/2 - RootRecord-Database/Media/Audio/Voice/Clips/Carly/security_desk_starting.wav"}, "voice": {"ok": true, "mode": "stitch", "report": "security_desk", "agent": "carly", "voice": "af_nova", "speed": 1.0, "wav": "/home/rootrecord/RootRecord-Ecosystem/2 - RootRecord-Database/Media/Audio/Voice/security_desk_current.wav", "clips_used": 0, "live_sentences": 6, "model_loaded": true, "render_s": 9.77, "sample_rate": 24000, "channels": 1, "subtype": "PCM_16", "duration_s": 17.831, "peak_dbfs": -2.6, "rms_dbfs": -20.29, "lead_silence_ms": 110, "qc": "PASS", "wall_s": 9.81, "peak_rss_mb": 1371, "rc": 0}, "deliver": {"ok": true, "sent": true, "persona": "carly", "chat": "-1004367256267", "message_id": 2491, "transcript": false, "report": true, "photo": false, "plan": {"voice": true, "transcript": false, "report": true}}, "status_transit": {"ok": true, "played": true, "phase": "transit", "wav": "/home/rootrecord/RootRecord-Ecosystem/2 - RootRecord-Database/Media/Audio/Voice/Clips/Carly/security_desk_transit.wav"}, "radio": {"ok": true, "report": "security_desk", "file": "security_desk_current.opus", "bytes": 53404, "stage": {"ok": false, "detail": "remote_dir", "report": "security_desk"}}, "status_send": {"ok": true, "played": true, "phase": "sent", "wav": "/home/rootrecord/RootRecord-Ecosystem/2 - RootRecord-Database/Media/Audio/Voice/Clips/Carly/security_desk_sent.wav"}}
2026-10-02T00:55:20-10:00job:voice_bandwidth_desk RUN  nice -n 10 python3 "/home/rootrecord/RootRecord-Ecosystem/1 - Servers/1 - RootRecord-Pacific-Solar-Server/Media/Voice/scripts/voice_reports.py" bandwidth_desk
2026-10-02T00:55:53-10:00job:voice_bandwidth_desk | {"ok": true, "report": "bandwidth_desk", "md": "/home/rootrecord/RootRecord-Ecosystem/test-reports/Voice/bandwidth_desk_current.md", "sentences": 5, "status_starting": {"ok": true, "played": true, "phase": "starting", "wav": "/home/rootrecord/RootRecord-Ecosystem/2 - RootRecord-Database/Media/Audio/Voice/Clips/Carly/bandwidth_desk_starting.wav"}, "voice": {"ok": true, "mode": "stitch", "report": "bandwidth_desk", "agent": "carly", "voice": "af_nova", "speed": 1.0, "wav": "/home/rootrecord/RootRecord-Ecosystem/2 - RootRecord-Database/Media/Audio/Voice/bandwidth_desk_current.wav", "clips_used": 0, "live_sentences": 4, "model_loaded": true, "render_s": 9.08, "sample_rate": 24000, "channels": 1, "subtype": "PCM_16", "duration_s": 17.311, "peak_dbfs": -1.5, "rms_dbfs": -20.89, "lead_silence_ms": 113, "qc": "PASS", "wall_s": 9.12, "peak_rss_mb": 1475, "rc": 0}, "deliver": {"ok": true, "sent": true, "persona": "carly", "chat": "-1004367256267", "message_id": 2493, "transcript": false, "report": true, "photo": false, "plan": {"voice": true, "transcript": false, "report": true}}, "status_transit": {"ok": true, "played": true, "phase": "transit", "wav": "/home/rootrecord/RootRecord-Ecosystem/2 - RootRecord-Database/Media/Audio/Voice/Clips/Carly/bandwidth_desk_transit.wav"}, "radio": {"ok": true, "report": "bandwidth_desk", "file": "bandwidth_desk_current.opus", "bytes": 52276, "stage": {"ok": false, "detail": "remote_dir", "report": "bandwidth_desk"}}, "status_send": {"ok": true, "played": true, "phase": "sent", "wav": "/home/rootrecord/RootRecord-Ecosystem/2 - RootRecord-Database/Media/Audio/Voice/Clips/Carly/bandwidth_desk_sent.wav"}}
2026-10-02T00:55:53-10:00job:voice_current_report RUN  nice -n 10 python3 "/home/rootrecord/RootRecord-Ecosystem/1 - Servers/1 - RootRecord-Pacific-Solar-Server/Media/Voice/scripts/voice_reports.py" current_report
2026-10-02T00:56:52-10:00job:voice_current_report | {"ok": true, "report": "current_report", "md": "/home/rootrecord/RootRecord-Ecosystem/2 - RootRecord-Database/Reports/current_report_current.md", "sentences": 25, "status_starting": {"ok": true, "played": true, "phase": "starting", "wav": "/home/rootrecord/RootRecord-Ecosystem/2 - RootRecord-Database/Media/Audio/Voice/Clips/Ava/current_report_starting.wav"}, "voice": {"ok": true, "mode": "stitch", "report": "current_report", "agent": "ava", "voice": "af_heart", "speed": 1.0, "wav": "/home/rootrecord/RootRecord-Ecosystem/2 - RootRecord-Database/Media/Audio/Voice/current_report_current.wav", "clips_used": 0, "live_sentences": 26, "model_loaded": true, "render_s": 33.87, "sample_rate": 24000, "channels": 1, "subtype": "PCM_16", "duration_s": 95.046, "peak_dbfs": -1.5, "rms_dbfs": -20.33, "lead_silence_ms": 114, "qc": "PASS", "wall_s": 33.91, "peak_rss_mb": 1987, "rc": 0}, "deliver": {"ok": true, "sent": true, "persona": "ava", "chat": "-1004367256267", "message_id": 2495, "transcript": false, "report": true, "photo": false, "plan": {"voice": true, "transcript": false, "report": true}}, "status_transit": {"ok": true, "played": true, "phase": "transit", "wav": "/home/rootrecord/RootRecord-Ecosystem/2 - RootRecord-Database/Media/Audio/Voice/Clips/Ava/current_report_transit.wav"}, "radio": {"ok": true, "report": "current_report", "file": "current_report_current.opus", "bytes": 283695, "stage": {"ok": false, "detail": "remote_dir", "report": "current_report"}}, "status_send": {"ok": true, "played": true, "phase": "sent", "wav": "/home/rootrecord/RootRecord-Ecosystem/2 - RootRecord-Database/Media/Audio/Voice/Clips/Ava/current_report_sent.wav"}}
2026-10-02T00:56:53-10:00ENERGY  status=live  B2=off  B1=82.1%  solar=0 W  ac=0 W  usbc=0 W  src=/home/rootrecord/RootRecord-Ecosystem/2 - RootRecord-Database/Energy  LAP=100%/Full/AC
2026-10-02T00:56:53-10:00job:sys_stats_cycle RUN  bash "/home/rootrecord/RootRecord-Ecosystem/1 - Servers/1 - RootRecord-Pacific-Solar-Server/System/scripts/sys-sample.sh"
2026-10-02T00:56:55-10:00job:sys_stats_cycle | SYSTEM  cpu=9%  load=1.82  mem=40%  src=sqlite
2026-10-02T00:56:55-10:00job:sys_stats_cycle | OK wrote /home/rootrecord/RootRecord-Ecosystem/2 - RootRecord-Database/System/samples/sys-20261002-005653.json
2026-10-02T00:58:04-10:00job:github_sync_all | ↑ [ecosystem] committed 173 local file(s)
2026-10-02T00:58:04-10:00job:github_sync_all | ↓ [ecosystem] fetching origin/main
2026-10-02T00:58:04-10:00job:github_sync_all | From github.com:RootRecord-Software-Solutions/RootRecord-Ecosystem
2026-10-02T00:58:04-10:00job:github_sync_all | * branch              main       -> FETCH_HEAD
2026-10-02T00:58:04-10:00job:github_sync_all | ↑ [ecosystem] local is ahead of GitHub
2026-10-02T00:58:04-10:00job:github_sync_all | To github.com:RootRecord-Software-Solutions/RootRecord-Ecosystem.git
2026-10-02T00:58:04-10:00job:github_sync_all | 6a83bc26..6e7966b8  HEAD -> main
2026-10-02T00:58:04-10:00job:github_sync_all | branch 'main' set up to track 'origin/main'.
2026-10-02T00:58:04-10:00job:github_sync_all | ↑ [ecosystem] 173 files → RootRecord-Software-Solutions/RootRecord-Ecosystem (main)
2026-10-02T00:58:04-10:00job:github_sync_all | ↑ [pacific] committed 42 local file(s)
2026-10-02T00:58:04-10:00job:github_sync_all | ↓ [pacific] fetching origin/main
2026-10-02T00:58:04-10:00job:github_sync_all | From github.com:RootRecord-Software-Solutions/RootRecord-Pacific-Solar-Server
2026-10-02T00:58:04-10:00job:github_sync_all | * branch            main       -> FETCH_HEAD
2026-10-02T00:58:04-10:00job:github_sync_all | ↑ [pacific] local is ahead of GitHub
2026-10-02T00:58:04-10:00job:github_sync_all | To github.com:RootRecord-Software-Solutions/RootRecord-Pacific-Solar-Server.git
2026-10-02T00:58:04-10:00job:github_sync_all | 321f3ef..4c8366c  HEAD -> main
2026-10-02T00:58:04-10:00job:github_sync_all | branch 'main' set up to track 'origin/main'.
2026-10-02T00:58:04-10:00job:github_sync_all | ↑ [pacific] 42 files → RootRecord-Software-Solutions/RootRecord-Pacific-Solar-Server (main)
2026-10-02T00:58:04-10:00job:github_sync_all | ↑ [database] committed 87 local file(s)
2026-10-02T00:58:04-10:00job:github_sync_all | ↓ [database] fetching origin/main
2026-10-02T00:58:04-10:00job:github_sync_all | From github.com:RootRecord-Software-Solutions/RootRecord-Database
2026-10-02T00:58:04-10:00job:github_sync_all | * branch              main       -> FETCH_HEAD
2026-10-02T00:58:04-10:00job:github_sync_all | ↑ [database] local is ahead of GitHub
2026-10-02T00:58:04-10:00job:github_sync_all | To github.com:RootRecord-Software-Solutions/RootRecord-Database.git
2026-10-02T00:58:04-10:00job:github_sync_all | e06cd06e..b75eec55  HEAD -> main
2026-10-02T00:58:04-10:00job:github_sync_all | branch 'main' set up to track 'origin/main'.
2026-10-02T00:58:04-10:00job:github_sync_all | ↑ [database] 87 files → RootRecord-Software-Solutions/RootRecord-Database (main)
2026-10-02T00:58:04-10:00job:github_sync_all | ↑ [library] committed 5 local file(s)
2026-10-02T00:58:04-10:00job:github_sync_all | ↓ [library] fetching origin/main
2026-10-02T00:58:04-10:00job:github_sync_all | From github.com:RootRecord-Software-Solutions/RootRecord-Library
2026-10-02T00:58:04-10:00job:github_sync_all | * branch            main       -> FETCH_HEAD
2026-10-02T00:58:04-10:00job:github_sync_all | ↑ [library] local is ahead of GitHub
2026-10-02T00:58:04-10:00job:github_sync_all | To github.com:RootRecord-Software-Solutions/RootRecord-Library.git
2026-10-02T00:58:04-10:00job:github_sync_all | 553cfb4..243fc83  HEAD -> main
2026-10-02T00:58:04-10:00job:github_sync_all | branch 'main' set up to track 'origin/main'.
2026-10-02T00:58:04-10:00job:github_sync_all | ↑ [library] 5 files → RootRecord-Software-Solutions/RootRecord-Library (main)
2026-10-02T00:58:04-10:00job:github_sync_all | ↑ [website] committed 40 local file(s)
2026-10-02T00:58:04-10:00job:github_sync_all | ↓ [website] fetching origin/main
2026-10-02T00:58:04-10:00job:github_sync_all | From github.com:RootRecord-Software-Solutions/RootRecord-Website
2026-10-02T00:58:04-10:00job:github_sync_all | * branch            main       -> FETCH_HEAD
2026-10-02T00:58:04-10:00job:worklog_scan RUN  bash "/home/rootrecord/RootRecord-Ecosystem/1 - Servers/1 - RootRecord-Pacific-Solar-Server/Reports/scripts/worklog_once.sh"
2026-10-02T01:01:04-10:00job:worklog_scan TIMEOUT after 180s
2026-10-02T01:01:04-10:00job:security_camera_frame_grab RUN  bash "/home/rootrecord/RootRecord-Ecosystem/1 - Servers/1 - RootRecord-Pacific-Solar-Server/Security/Cameras/grab_all.sh"
2026-10-02T01:01:22-10:00job:security_camera_frame_grab | 01:01:04  📷  a-eyes  ch1 → ch1-20261002T110104Z.jpg  (297.5 KB, 4.28s)
2026-10-02T01:01:22-10:00job:security_camera_frame_grab | 01:01:09  📷  a-eyes  ch2 → ch2-20261002T110109Z.jpg  (314.2 KB, 4.38s)
2026-10-02T01:01:22-10:00job:security_camera_frame_grab | 01:01:13  📷  a-eyes  ch3 → ch3-20261002T110113Z.jpg  (353.3 KB, 4.28s)
2026-10-02T01:01:22-10:00job:security_camera_frame_grab | 01:01:17  📷  a-eyes  ch4 → ch4-20261002T110117Z.jpg  (226.0 KB, 4.35s)
2026-10-02T01:01:22-10:00job:service_supervisor RUN  bash "/home/rootrecord/RootRecord-Ecosystem/1 - Servers/1 - RootRecord-Pacific-Solar-Server/Automations/scripts/supervise-services.sh"
2026-10-02T01:01:22-10:00job:service_supervisor | [supervisor] weather alive pid=1766628 (act)
2026-10-02T01:01:22-10:00job:service_supervisor | [supervisor] relay alive pid=1766298 (act)
2026-10-02T01:01:22-10:00job:geology_collect RUN  nice -n 10 python3 "/home/rootrecord/RootRecord-Ecosystem/1 - Servers/1 - RootRecord-Pacific-Solar-Server/Geology/scripts/geology_collect.py" all
2026-10-02T01:01:37-10:00job:geology_collect | {"ok": true, "at": "2026-10-02T01:01:22-10:00", "what": "all", "dry_run": false, "sources": {"hawaii": {"ok": true, "count": 31, "new": 0, "new_m2": 0, "ms": 410}, "global": {"ok": true, "count": 28, "new": 0, "ms": 288}, "hvo_notices": {"ok": true, "count": 47, "new": 0, "ms": 3225}, "hvo_status": {"ok": true, "volcanoes": 8, "kilauea": "WATCH", "mauna_loa": "NORMAL", "ms": 10695}}}
2026-10-02T01:01:37-10:00job:status_snapshot RUN  nice -n 10 python3 "/home/rootrecord/RootRecord-Ecosystem/1 - Servers/1 - RootRecord-Pacific-Solar-Server/Website/scripts/live_data_pages.py"
2026-10-02T01:01:37-10:00job:status_snapshot | live-data 6 pages
2026-10-02T01:01:37-10:00job:system_net_sample RUN  nice -n 10 python3 "/home/rootrecord/RootRecord-Ecosystem/1 - Servers/1 - RootRecord-Pacific-Solar-Server/System/scripts/host_desks.py" net-sample
2026-10-02T01:01:37-10:00job:system_net_sample | {"ok": true, "file": "/home/rootrecord/RootRecord-Ecosystem/2 - RootRecord-Database/System/network/Daily/net-20261002.jsonl", "iface": "wlo1", "hour": {"seconds": 3740, "rx": 438669946, "tx": 123959214, "total": 562629160, "iface": "wlo1", "link": "wireless"}, "day": null}
2026-10-02T01:01:37-10:00job:discord_report_relay RUN  nice -n 10 python3 "/home/rootrecord/RootRecord-Ecosystem/1 - Servers/1 - RootRecord-Pacific-Solar-Server/Communications/Discord/scripts/report_relay.py"
2026-10-02T01:01:46-10:00job:discord_report_relay | posted energy_report
2026-10-02T01:01:46-10:00job:discord_report_relay | posted remaining_tasks
2026-10-02T01:01:46-10:00job:discord_report_relay | posted earthquake_report
2026-10-02T01:01:46-10:00job:discord_report_relay | posted kilauea_report
2026-10-02T01:01:46-10:00job:discord_report_relay | posted solar_desk
2026-10-02T01:01:46-10:00job:discord_report_relay | posted security_desk
2026-10-02T01:01:46-10:00job:discord_report_relay | posted bandwidth_desk
2026-10-02T01:01:46-10:00job:discord_report_relay | posted system_perf
2026-10-02T01:01:46-10:00job:radio_rss_poll RUN  nice -n 10 python3 "/home/rootrecord/RootRecord-Ecosystem/1 - Servers/1 - RootRecord-Pacific-Solar-Server/Media/RadioRss/scripts/rss_radio.py" poll
2026-10-02T01:02:00-10:00job:radio_rss_poll | {"ok": true, "polled": [{"feed": "bbc_business", "ok": true, "items": 20, "duplicates": 20}, {"feed": "bea_news", "ok": true, "items": 20, "duplicates": 20}, {"feed": "breaking_defense", "ok": true, "items": 0}, {"feed": "civil_beat", "ok": true, "items": 0}, {"feed": "defense_news", "ok": true, "items": 20, "duplicates": 20}, {"feed": "esa_human_spaceflight", "ok": true, "items": 15, "duplicates": 15}, {"feed": "esa_space_science", "ok": true, "items": 15, "duplicates": 15}, {"feed": "esa_top_news", "ok": true, "items": 9, "duplicates": 9}, {"feed": "fed_monetary", "ok": true, "items": 0}, {"feed": "github_changelog", "ok": true, "items": 0}, {"feed": "hawaii_governor", "ok": true, "items": 0}, {"feed": "marketwatch_top", "ok": true, "items": 10, "duplicates": 8}], "composed": ["c_0d71971bbd237012", "c_318145619184cb41"]}
2026-10-02T01:02:01-10:00job:energy_sun_times RUN  python3 "/home/rootrecord/RootRecord-Ecosystem/1 - Servers/1 - RootRecord-Pacific-Solar-Server/Energy/scripts/sun_times.py"
2026-10-02T01:02:01-10:00job:energy_sun_times | {"ok": true, "date": "2026-10-02", "sunrise": "06:12", "sunset": "18:08", "sunrise_iso": "2026-10-02T06:12", "sunset_iso": "2026-10-02T18:08", "after_sunset": false, "before_sunrise": true, "source": "open-meteo", "now_hst": "01:02", "refreshed": false, "error": null}
2026-10-02T01:02:02-10:00job:energy_moon_phase RUN  python3 "/home/rootrecord/RootRecord-Ecosystem/1 - Servers/1 - RootRecord-Pacific-Solar-Server/Energy/scripts/moon_phase.py"
2026-10-02T01:02:03-10:00job:energy_moon_phase | {"ok": true, "date": "2026-10-02", "phase": 0.7073, "phase_name": "Waning Gibbous", "illumination": 63, "next_phase": "Last Quarter", "next_phase_date": "2026-10-03", "refreshed": true, "error": null}
2026-10-02T01:02:03-10:00job:automations_log_hourly_archive RUN  bash "/home/rootrecord/RootRecord-Ecosystem/1 - Servers/1 - RootRecord-Pacific-Solar-Server/Automations/scripts/archive_automations_log_hourly.sh"
