2026-09-30T23:03:46-10:00job:automations_log_hourly_archive OK
2026-09-30T23:03:46-10:00job:security_timelapse_hourly_compile RUN  bash "/home/rootrecord/RootRecord-Ecosystem/1 - Servers/1 - RootRecord-Pacific-Solar-Server/Security/Cameras/timelapse_hourly.sh"
2026-09-30T23:03:47-10:00job:security_timelapse_hourly_compile | 23:03:47  🎬  a-eyes-timelapse  hour 22 is outside the 05:00-19:00 window, skipping
2026-09-30T23:03:47-10:00ENERGY  status=live  B2=19.9%  B1=75.7%  solar=0 W  ac=99 W  usbc=0 W  src=/home/rootrecord/RootRecord-Ecosystem/2 - RootRecord-Database/Energy  LAP=100%/Full/AC
2026-09-30T23:04:05-10:00  ▸  SUMMARY=river2pro soc=75.24% solar=0W ac_out=0W usbc=23W src=ble+cloud db=ok
2026-09-30T23:04:05-10:00job:sys_stats_cycle RUN  bash "/home/rootrecord/RootRecord-Ecosystem/1 - Servers/1 - RootRecord-Pacific-Solar-Server/System/scripts/sys-sample.sh"
2026-09-30T23:04:06-10:00job:sys_stats_cycle | SYSTEM  cpu=5%  load=2.46  mem=44%  src=sqlite
2026-09-30T23:04:06-10:00job:sys_stats_cycle | OK wrote /home/rootrecord/RootRecord-Ecosystem/2 - RootRecord-Database/System/samples/sys-20260930-230405.json
2026-09-30T23:05:09-10:00job:github_sync_all | ↑ [ecosystem] committed 50 local file(s)
2026-09-30T23:05:09-10:00job:github_sync_all | ↓ [ecosystem] fetching origin/main
2026-09-30T23:05:09-10:00job:github_sync_all | From github.com:RootRecord-Software-Solutions/RootRecord-Ecosystem
2026-09-30T23:05:09-10:00job:github_sync_all | * branch              main       -> FETCH_HEAD
2026-09-30T23:05:09-10:00job:github_sync_all | ↑ [ecosystem] local is ahead of GitHub
2026-09-30T23:05:09-10:00job:github_sync_all | To github.com:RootRecord-Software-Solutions/RootRecord-Ecosystem.git
2026-09-30T23:05:09-10:00job:github_sync_all | 6b58de58..59fe7f68  HEAD -> main
2026-09-30T23:05:09-10:00job:github_sync_all | branch 'main' set up to track 'origin/main'.
2026-09-30T23:05:09-10:00job:github_sync_all | ↑ [ecosystem] 50 files → RootRecord-Software-Solutions/RootRecord-Ecosystem (main)
2026-09-30T23:05:09-10:00job:github_sync_all | ↑ [pacific] committed 1 local file(s)
2026-09-30T23:05:09-10:00job:github_sync_all | ↓ [pacific] fetching origin/main
2026-09-30T23:05:09-10:00job:github_sync_all | From github.com:RootRecord-Software-Solutions/RootRecord-Pacific-Solar-Server
2026-09-30T23:05:09-10:00job:github_sync_all | * branch            main       -> FETCH_HEAD
2026-09-30T23:05:09-10:00job:github_sync_all | ↑ [pacific] local is ahead of GitHub
2026-09-30T23:05:09-10:00job:github_sync_all | To github.com:RootRecord-Software-Solutions/RootRecord-Pacific-Solar-Server.git
2026-09-30T23:05:09-10:00job:github_sync_all | 26c8028..4a85ea5  HEAD -> main
2026-09-30T23:05:09-10:00job:github_sync_all | branch 'main' set up to track 'origin/main'.
2026-09-30T23:05:09-10:00job:github_sync_all | ↑ [pacific] 1 files → RootRecord-Software-Solutions/RootRecord-Pacific-Solar-Server (main)
2026-09-30T23:05:09-10:00job:github_sync_all | ↑ [database] committed 29 local file(s)
2026-09-30T23:05:09-10:00job:github_sync_all | ↓ [database] fetching origin/main
2026-09-30T23:05:09-10:00job:github_sync_all | From github.com:RootRecord-Software-Solutions/RootRecord-Database
2026-09-30T23:05:09-10:00job:github_sync_all | * branch              main       -> FETCH_HEAD
2026-09-30T23:05:09-10:00job:github_sync_all | ↑ [database] local is ahead of GitHub
2026-09-30T23:05:09-10:00job:github_sync_all | To github.com:RootRecord-Software-Solutions/RootRecord-Database.git
2026-09-30T23:05:09-10:00job:github_sync_all | 10ef05b4..841aa44e  HEAD -> main
2026-09-30T23:05:09-10:00job:github_sync_all | branch 'main' set up to track 'origin/main'.
2026-09-30T23:05:09-10:00job:github_sync_all | ↑ [database] 29 files → RootRecord-Software-Solutions/RootRecord-Database (main)
2026-09-30T23:05:09-10:00job:github_sync_all | — [library] no local changes
2026-09-30T23:05:09-10:00job:github_sync_all | ↓ [library] fetching origin/main
2026-09-30T23:05:09-10:00job:github_sync_all | From github.com:RootRecord-Software-Solutions/RootRecord-Library
2026-09-30T23:05:09-10:00job:github_sync_all | * branch            main       -> FETCH_HEAD
2026-09-30T23:05:09-10:00job:github_sync_all | — [library] local and GitHub already match
2026-09-30T23:05:09-10:00job:github_sync_all | — [library] nothing to push
2026-09-30T23:05:09-10:00job:github_sync_all | — [website] no local changes
2026-09-30T23:05:09-10:00job:github_sync_all | ↓ [website] fetching origin/main
2026-09-30T23:05:09-10:00job:github_sync_all | From github.com:RootRecord-Software-Solutions/RootRecord-Website
2026-09-30T23:05:09-10:00job:github_sync_all | * branch            main       -> FETCH_HEAD
2026-09-30T23:05:09-10:00job:github_sync_all | — [website] local and GitHub already match
2026-09-30T23:05:09-10:00job:github_sync_all | — [website] nothing to push
2026-09-30T23:05:09-10:00job:github_sync_all | — [website-personal] no local changes
2026-09-30T23:05:09-10:00job:worklog_scan RUN  bash "/home/rootrecord/RootRecord-Ecosystem/1 - Servers/1 - RootRecord-Pacific-Solar-Server/Reports/scripts/worklog_once.sh"
2026-09-30T23:05:21-10:00job:worklog_scan | OK wrote/updated /home/rootrecord/RootRecord-Ecosystem/2 - RootRecord-Database/Worklog/worklog_current.md
2026-09-30T23:05:21-10:00job:security_camera_frame_grab RUN  bash "/home/rootrecord/RootRecord-Ecosystem/1 - Servers/1 - RootRecord-Pacific-Solar-Server/Security/Cameras/grab_all.sh"
2026-09-30T23:05:39-10:00job:security_camera_frame_grab | 23:05:21  📷  a-eyes  ch1 → ch1-20261001T090521Z.jpg  (276.4 KB, 4.37s)
2026-09-30T23:05:39-10:00job:security_camera_frame_grab | 23:05:26  📷  a-eyes  ch2 → ch2-20261001T090526Z.jpg  (138.2 KB, 4.58s)
2026-09-30T23:05:39-10:00job:security_camera_frame_grab | 23:05:30  📷  a-eyes  ch3 → ch3-20261001T090530Z.jpg  (370.4 KB, 4.57s)
2026-09-30T23:05:39-10:00job:security_camera_frame_grab | 23:05:35  📷  a-eyes  ch4 → ch4-20261001T090535Z.jpg  (299.7 KB, 4.47s)
2026-09-30T23:05:39-10:00job:service_supervisor RUN  bash "/home/rootrecord/RootRecord-Ecosystem/1 - Servers/1 - RootRecord-Pacific-Solar-Server/Automations/scripts/supervise-services.sh"
2026-09-30T23:05:40-10:00job:service_supervisor | [supervisor] weather alive pid=30098 (act)
2026-09-30T23:05:40-10:00job:service_supervisor | [supervisor] relay alive pid=44115 (act)
2026-09-30T23:05:40-10:00job:geology_collect RUN  nice -n 10 python3 "/home/rootrecord/RootRecord-Ecosystem/1 - Servers/1 - RootRecord-Pacific-Solar-Server/Geology/scripts/geology_collect.py" all
2026-09-30T23:05:48-10:00job:geology_collect | {"ok": true, "at": "2026-09-30T23:05:40-10:00", "what": "all", "dry_run": false, "sources": {"hawaii": {"ok": true, "count": 20, "new": 1, "new_m2": 1, "ms": 1008}, "global": {"ok": true, "count": 34, "new": 0, "ms": 302}, "hvo_notices": {"ok": true, "count": 44, "new": 1, "ms": 2859}, "hvo_status": {"ok": true, "volcanoes": 8, "kilauea": "WATCH", "mauna_loa": "NORMAL", "ms": 3523}}}
2026-09-30T23:05:48-10:00job:status_snapshot RUN  nice -n 10 python3 "/home/rootrecord/RootRecord-Ecosystem/1 - Servers/1 - RootRecord-Pacific-Solar-Server/Website/scripts/live_data_pages.py"
2026-09-30T23:05:48-10:00job:status_snapshot | live-data 5 pages
2026-09-30T23:05:48-10:00job:system_net_sample RUN  nice -n 10 python3 "/home/rootrecord/RootRecord-Ecosystem/1 - Servers/1 - RootRecord-Pacific-Solar-Server/System/scripts/host_desks.py" net-sample
2026-09-30T23:05:48-10:00job:system_net_sample | {"ok": true, "file": "/home/rootrecord/RootRecord-Ecosystem/2 - RootRecord-Database/System/network/Daily/net-20260930.jsonl", "iface": "wlo1", "hour": null, "day": null}
2026-09-30T23:05:48-10:00job:discord_report_relay RUN  nice -n 10 python3 "/home/rootrecord/RootRecord-Ecosystem/1 - Servers/1 - RootRecord-Pacific-Solar-Server/Communications/Discord/scripts/report_relay.py"
2026-09-30T23:05:57-10:00job:discord_report_relay | posted energy_report
2026-09-30T23:05:57-10:00job:discord_report_relay | posted remaining_tasks
2026-09-30T23:05:57-10:00job:discord_report_relay | posted earthquake_report
2026-09-30T23:05:57-10:00job:discord_report_relay | posted kilauea_report
2026-09-30T23:05:57-10:00job:discord_report_relay | posted solar_desk
2026-09-30T23:05:57-10:00job:discord_report_relay | posted security_desk
2026-09-30T23:05:57-10:00job:discord_report_relay | posted bandwidth_desk
2026-09-30T23:05:57-10:00job:discord_report_relay | posted system_perf
2026-09-30T23:05:58-10:00ENERGY  status=live  B2=19.9%  B1=75.2%  solar=0 W  ac=99 W  usbc=0 W  src=/home/rootrecord/RootRecord-Ecosystem/2 - RootRecord-Database/Energy  LAP=100%/Full/AC
2026-09-30T23:06:15-10:00  ▸  SUMMARY=river2pro soc=75.12% solar=0W ac_out=0W usbc=20W src=ble+cloud db=ok
2026-09-30T23:06:15-10:00job:sys_stats_cycle RUN  bash "/home/rootrecord/RootRecord-Ecosystem/1 - Servers/1 - RootRecord-Pacific-Solar-Server/System/scripts/sys-sample.sh"
2026-09-30T23:06:17-10:00job:sys_stats_cycle | SYSTEM  cpu=12%  load=1.31  mem=45%  src=sqlite
2026-09-30T23:06:17-10:00job:sys_stats_cycle | OK wrote /home/rootrecord/RootRecord-Ecosystem/2 - RootRecord-Database/System/samples/sys-20260930-230616.json
2026-09-30T23:07:13-10:00job:github_sync_all | ↑ [ecosystem] committed 14 local file(s)
2026-09-30T23:07:13-10:00job:github_sync_all | ↓ [ecosystem] fetching origin/main
2026-09-30T23:07:13-10:00job:github_sync_all | From github.com:RootRecord-Software-Solutions/RootRecord-Ecosystem
2026-09-30T23:07:13-10:00job:github_sync_all | * branch              main       -> FETCH_HEAD
2026-09-30T23:07:13-10:00job:github_sync_all | ↑ [ecosystem] local is ahead of GitHub
2026-09-30T23:07:13-10:00job:github_sync_all | To github.com:RootRecord-Software-Solutions/RootRecord-Ecosystem.git
2026-09-30T23:07:13-10:00job:github_sync_all | 59fe7f68..68440d1d  HEAD -> main
2026-09-30T23:07:13-10:00job:github_sync_all | branch 'main' set up to track 'origin/main'.
2026-09-30T23:07:13-10:00job:github_sync_all | ↑ [ecosystem] 14 files → RootRecord-Software-Solutions/RootRecord-Ecosystem (main)
2026-09-30T23:07:13-10:00job:github_sync_all | ↑ [pacific] committed 1 local file(s)
2026-09-30T23:07:13-10:00job:github_sync_all | ↓ [pacific] fetching origin/main
2026-09-30T23:07:13-10:00job:github_sync_all | From github.com:RootRecord-Software-Solutions/RootRecord-Pacific-Solar-Server
2026-09-30T23:07:13-10:00job:github_sync_all | * branch            main       -> FETCH_HEAD
2026-09-30T23:07:13-10:00job:github_sync_all | ↑ [pacific] local is ahead of GitHub
2026-09-30T23:07:13-10:00job:github_sync_all | To github.com:RootRecord-Software-Solutions/RootRecord-Pacific-Solar-Server.git
2026-09-30T23:07:13-10:00job:github_sync_all | 4a85ea5..a749a0f  HEAD -> main
2026-09-30T23:07:13-10:00job:github_sync_all | branch 'main' set up to track 'origin/main'.
2026-09-30T23:07:13-10:00job:github_sync_all | ↑ [pacific] 1 files → RootRecord-Software-Solutions/RootRecord-Pacific-Solar-Server (main)
2026-09-30T23:07:13-10:00job:github_sync_all | ↑ [database] committed 33 local file(s)
2026-09-30T23:07:13-10:00job:github_sync_all | ↓ [database] fetching origin/main
2026-09-30T23:07:13-10:00job:github_sync_all | From github.com:RootRecord-Software-Solutions/RootRecord-Database
2026-09-30T23:07:13-10:00job:github_sync_all | * branch              main       -> FETCH_HEAD
2026-09-30T23:07:13-10:00job:github_sync_all | ↑ [database] local is ahead of GitHub
2026-09-30T23:07:13-10:00job:github_sync_all | To github.com:RootRecord-Software-Solutions/RootRecord-Database.git
2026-09-30T23:07:13-10:00job:github_sync_all | 841aa44e..691f7721  HEAD -> main
2026-09-30T23:07:13-10:00job:github_sync_all | branch 'main' set up to track 'origin/main'.
2026-09-30T23:07:13-10:00job:github_sync_all | ↑ [database] 33 files → RootRecord-Software-Solutions/RootRecord-Database (main)
2026-09-30T23:07:13-10:00job:github_sync_all | — [library] no local changes
2026-09-30T23:07:13-10:00job:github_sync_all | ↓ [library] fetching origin/main
2026-09-30T23:07:13-10:00job:github_sync_all | From github.com:RootRecord-Software-Solutions/RootRecord-Library
2026-09-30T23:07:13-10:00job:github_sync_all | * branch            main       -> FETCH_HEAD
2026-09-30T23:07:13-10:00job:github_sync_all | — [library] local and GitHub already match
2026-09-30T23:07:13-10:00job:github_sync_all | — [library] nothing to push
2026-09-30T23:07:13-10:00job:github_sync_all | — [website] no local changes
2026-09-30T23:07:13-10:00job:github_sync_all | ↓ [website] fetching origin/main
2026-09-30T23:07:13-10:00job:github_sync_all | From github.com:RootRecord-Software-Solutions/RootRecord-Website
2026-09-30T23:07:13-10:00job:github_sync_all | * branch            main       -> FETCH_HEAD
2026-09-30T23:07:13-10:00job:github_sync_all | — [website] local and GitHub already match
2026-09-30T23:07:13-10:00job:github_sync_all | — [website] nothing to push
2026-09-30T23:07:13-10:00job:github_sync_all | — [website-personal] no local changes
2026-09-30T23:07:13-10:00job:security_camera_frame_grab RUN  bash "/home/rootrecord/RootRecord-Ecosystem/1 - Servers/1 - RootRecord-Pacific-Solar-Server/Security/Cameras/grab_all.sh"
2026-09-30T23:07:30-10:00job:security_camera_frame_grab | 23:07:13  📷  a-eyes  ch1 → ch1-20261001T090713Z.jpg  (274.3 KB, 4.41s)
2026-09-30T23:07:30-10:00job:security_camera_frame_grab | 23:07:17  📷  a-eyes  ch2 → ch2-20261001T090717Z.jpg  (139.0 KB, 4.38s)
2026-09-30T23:07:30-10:00job:security_camera_frame_grab | 23:07:22  📷  a-eyes  ch3 → ch3-20261001T090722Z.jpg  (389.8 KB, 4.46s)
2026-09-30T23:07:30-10:00job:security_camera_frame_grab | 23:07:26  📷  a-eyes  ch4 → ch4-20261001T090726Z.jpg  (287.5 KB, 4.18s)
2026-09-30T23:07:31-10:00ENERGY  status=live  B2=19.9%  B1=75.1%  solar=0 W  ac=99 W  usbc=0 W  src=/home/rootrecord/RootRecord-Ecosystem/2 - RootRecord-Database/Energy  LAP=100%/Full/AC
2026-09-30T23:07:46-10:00  ▸  SUMMARY=delta2 soc=17.73% solar=0W ac_out=99W usbc=0W src=ble db=ok
2026-09-30T23:07:46-10:00job:sys_stats_cycle RUN  bash "/home/rootrecord/RootRecord-Ecosystem/1 - Servers/1 - RootRecord-Pacific-Solar-Server/System/scripts/sys-sample.sh"
2026-09-30T23:07:47-10:00job:sys_stats_cycle | SYSTEM  cpu=6%  load=0.78  mem=45%  src=sqlite
2026-09-30T23:07:47-10:00job:sys_stats_cycle | OK wrote /home/rootrecord/RootRecord-Ecosystem/2 - RootRecord-Database/System/samples/sys-20260930-230746.json
2026-09-30T23:08:37-10:00job:github_sync_all | — [ecosystem] no committable local changes
2026-09-30T23:08:37-10:00job:github_sync_all | ↓ [ecosystem] fetching origin/main
2026-09-30T23:08:37-10:00job:github_sync_all | From github.com:RootRecord-Software-Solutions/RootRecord-Ecosystem
2026-09-30T23:08:37-10:00job:github_sync_all | * branch              main       -> FETCH_HEAD
2026-09-30T23:08:37-10:00job:github_sync_all | — [ecosystem] local and GitHub already match
2026-09-30T23:08:37-10:00job:github_sync_all | — [ecosystem] nothing to push
2026-09-30T23:08:37-10:00job:github_sync_all | — [pacific] no local changes
2026-09-30T23:08:37-10:00job:github_sync_all | ↓ [pacific] fetching origin/main
2026-09-30T23:08:37-10:00job:github_sync_all | From github.com:RootRecord-Software-Solutions/RootRecord-Pacific-Solar-Server
2026-09-30T23:08:37-10:00job:github_sync_all | * branch            main       -> FETCH_HEAD
2026-09-30T23:08:37-10:00job:github_sync_all | — [pacific] local and GitHub already match
2026-09-30T23:08:37-10:00job:github_sync_all | — [pacific] nothing to push
2026-09-30T23:08:37-10:00job:github_sync_all | ↑ [database] committed 12 local file(s)
2026-09-30T23:08:37-10:00job:github_sync_all | ↓ [database] fetching origin/main
2026-09-30T23:08:37-10:00job:github_sync_all | From github.com:RootRecord-Software-Solutions/RootRecord-Database
2026-09-30T23:08:37-10:00job:github_sync_all | * branch              main       -> FETCH_HEAD
2026-09-30T23:08:37-10:00job:github_sync_all | ↑ [database] local is ahead of GitHub
2026-09-30T23:08:37-10:00job:github_sync_all | To github.com:RootRecord-Software-Solutions/RootRecord-Database.git
2026-09-30T23:08:37-10:00job:github_sync_all | 691f7721..ae6f5e06  HEAD -> main
2026-09-30T23:08:37-10:00job:github_sync_all | branch 'main' set up to track 'origin/main'.
2026-09-30T23:08:37-10:00job:github_sync_all | ↑ [database] 12 files → RootRecord-Software-Solutions/RootRecord-Database (main)
2026-09-30T23:08:37-10:00job:github_sync_all | — [library] no local changes
2026-09-30T23:08:37-10:00job:github_sync_all | ↓ [library] fetching origin/main
2026-09-30T23:08:37-10:00job:github_sync_all | From github.com:RootRecord-Software-Solutions/RootRecord-Library
2026-09-30T23:08:37-10:00job:github_sync_all | * branch            main       -> FETCH_HEAD
2026-09-30T23:08:37-10:00job:github_sync_all | — [library] local and GitHub already match
2026-09-30T23:08:37-10:00job:github_sync_all | — [library] nothing to push
2026-09-30T23:08:37-10:00job:github_sync_all | — [website] no local changes
2026-09-30T23:08:37-10:00job:github_sync_all | ↓ [website] fetching origin/main
2026-09-30T23:08:37-10:00job:github_sync_all | From github.com:RootRecord-Software-Solutions/RootRecord-Website
2026-09-30T23:08:37-10:00job:github_sync_all | * branch            main       -> FETCH_HEAD
2026-09-30T23:08:37-10:00job:github_sync_all | — [website] local and GitHub already match
2026-09-30T23:08:37-10:00job:github_sync_all | — [website] nothing to push
2026-09-30T23:08:37-10:00job:github_sync_all | — [website-personal] no local changes
2026-09-30T23:08:37-10:00job:github_sync_all | ↓ [website-personal] fetching origin/main
2026-09-30T23:08:37-10:00job:github_sync_all | From github.com:rootrecordsoftwaresolutions/RootRecord-Website
2026-09-30T23:08:37-10:00job:github_sync_all | * branch            main       -> FETCH_HEAD
2026-09-30T23:08:37-10:00job:github_sync_all | — [website-personal] local and GitHub already match
2026-09-30T23:08:37-10:00job:github_sync_all | — [website-personal] nothing to push
2026-09-30T23:08:37-10:00job:worklog_scan RUN  bash "/home/rootrecord/RootRecord-Ecosystem/1 - Servers/1 - RootRecord-Pacific-Solar-Server/Reports/scripts/worklog_once.sh"
2026-09-30T23:08:47-10:00job:worklog_scan | OK wrote/updated /home/rootrecord/RootRecord-Ecosystem/2 - RootRecord-Database/Worklog/worklog_current.md
2026-09-30T23:08:47-10:00job:status_snapshot RUN  nice -n 10 python3 "/home/rootrecord/RootRecord-Ecosystem/1 - Servers/1 - RootRecord-Pacific-Solar-Server/Website/scripts/live_data_pages.py"
2026-09-30T23:08:47-10:00job:status_snapshot | live-data 5 pages
2026-09-30T23:08:48-10:00ENERGY  status=live  B2=17.7%  B1=75.1%  solar=0 W  ac=99 W  usbc=0 W  src=/home/rootrecord/RootRecord-Ecosystem/2 - RootRecord-Database/Energy  LAP=100%/Full/AC
2026-09-30T23:09:04-10:00  ▸  SUMMARY=river2pro soc=74.96% solar=0W ac_out=0W usbc=26W src=ble+cloud db=ok
2026-09-30T23:09:04-10:00job:sys_stats_cycle RUN  bash "/home/rootrecord/RootRecord-Ecosystem/1 - Servers/1 - RootRecord-Pacific-Solar-Server/System/scripts/sys-sample.sh"
2026-09-30T23:09:05-10:00job:sys_stats_cycle | SYSTEM  cpu=9%  load=1.62  mem=46%  src=sqlite
2026-09-30T23:09:05-10:00job:sys_stats_cycle | OK wrote /home/rootrecord/RootRecord-Ecosystem/2 - RootRecord-Database/System/samples/sys-20260930-230905.json
2026-09-30T23:09:58-10:00job:github_sync_all | ↑ [ecosystem] committed 5 local file(s)
2026-09-30T23:09:58-10:00job:github_sync_all | ↓ [ecosystem] fetching origin/main
2026-09-30T23:09:58-10:00job:github_sync_all | From github.com:RootRecord-Software-Solutions/RootRecord-Ecosystem
2026-09-30T23:09:58-10:00job:github_sync_all | * branch              main       -> FETCH_HEAD
2026-09-30T23:09:58-10:00job:github_sync_all | ↑ [ecosystem] local is ahead of GitHub
2026-09-30T23:09:58-10:00job:github_sync_all | To github.com:RootRecord-Software-Solutions/RootRecord-Ecosystem.git
2026-09-30T23:09:58-10:00job:github_sync_all | 68440d1d..c57f700b  HEAD -> main
2026-09-30T23:09:58-10:00job:github_sync_all | branch 'main' set up to track 'origin/main'.
2026-09-30T23:09:58-10:00job:github_sync_all | ↑ [ecosystem] 5 files → RootRecord-Software-Solutions/RootRecord-Ecosystem (main)
2026-09-30T23:09:58-10:00job:github_sync_all | ↑ [pacific] committed 1 local file(s)
2026-09-30T23:09:58-10:00job:github_sync_all | ↓ [pacific] fetching origin/main
2026-09-30T23:09:58-10:00job:github_sync_all | From github.com:RootRecord-Software-Solutions/RootRecord-Pacific-Solar-Server
2026-09-30T23:09:58-10:00job:github_sync_all | * branch            main       -> FETCH_HEAD
2026-09-30T23:09:58-10:00job:github_sync_all | ↑ [pacific] local is ahead of GitHub
2026-09-30T23:09:58-10:00job:github_sync_all | To github.com:RootRecord-Software-Solutions/RootRecord-Pacific-Solar-Server.git
2026-09-30T23:09:58-10:00job:github_sync_all | a749a0f..5564cc5  HEAD -> main
2026-09-30T23:09:58-10:00job:github_sync_all | branch 'main' set up to track 'origin/main'.
2026-09-30T23:09:58-10:00job:github_sync_all | ↑ [pacific] 1 files → RootRecord-Software-Solutions/RootRecord-Pacific-Solar-Server (main)
2026-09-30T23:09:58-10:00job:github_sync_all | ↑ [database] committed 19 local file(s)
2026-09-30T23:09:58-10:00job:github_sync_all | ↓ [database] fetching origin/main
2026-09-30T23:09:58-10:00job:github_sync_all | From github.com:RootRecord-Software-Solutions/RootRecord-Database
2026-09-30T23:09:58-10:00job:github_sync_all | * branch              main       -> FETCH_HEAD
2026-09-30T23:09:58-10:00job:github_sync_all | ↑ [database] local is ahead of GitHub
2026-09-30T23:09:58-10:00job:github_sync_all | To github.com:RootRecord-Software-Solutions/RootRecord-Database.git
2026-09-30T23:09:58-10:00job:github_sync_all | ae6f5e06..97f9a443  HEAD -> main
2026-09-30T23:09:58-10:00job:github_sync_all | branch 'main' set up to track 'origin/main'.
2026-09-30T23:09:58-10:00job:github_sync_all | ↑ [database] 19 files → RootRecord-Software-Solutions/RootRecord-Database (main)
2026-09-30T23:09:58-10:00job:github_sync_all | — [library] no local changes
2026-09-30T23:09:58-10:00job:github_sync_all | ↓ [library] fetching origin/main
2026-09-30T23:09:58-10:00job:github_sync_all | From github.com:RootRecord-Software-Solutions/RootRecord-Library
2026-09-30T23:09:58-10:00job:github_sync_all | * branch            main       -> FETCH_HEAD
2026-09-30T23:09:58-10:00job:github_sync_all | — [library] local and GitHub already match
2026-09-30T23:09:58-10:00job:github_sync_all | — [library] nothing to push
2026-09-30T23:09:58-10:00job:github_sync_all | — [website] no local changes
2026-09-30T23:09:58-10:00job:github_sync_all | ↓ [website] fetching origin/main
2026-09-30T23:09:58-10:00job:github_sync_all | From github.com:RootRecord-Software-Solutions/RootRecord-Website
2026-09-30T23:09:58-10:00job:github_sync_all | * branch            main       -> FETCH_HEAD
2026-09-30T23:09:58-10:00job:github_sync_all | — [website] local and GitHub already match
2026-09-30T23:09:58-10:00job:github_sync_all | — [website] nothing to push
2026-09-30T23:09:58-10:00job:github_sync_all | — [website-personal] no local changes
2026-09-30T23:09:58-10:00job:security_camera_frame_grab RUN  bash "/home/rootrecord/RootRecord-Ecosystem/1 - Servers/1 - RootRecord-Pacific-Solar-Server/Security/Cameras/grab_all.sh"
2026-09-30T23:10:16-10:00job:security_camera_frame_grab | 23:09:58  📷  a-eyes  ch1 → ch1-20261001T090958Z.jpg  (276.2 KB, 4.44s)
2026-09-30T23:10:16-10:00job:security_camera_frame_grab | 23:10:03  📷  a-eyes  ch2 → ch2-20261001T091003Z.jpg  (138.5 KB, 4.35s)
2026-09-30T23:10:16-10:00job:security_camera_frame_grab | 23:10:07  📷  a-eyes  ch3 → ch3-20261001T091007Z.jpg  (375.0 KB, 4.49s)
2026-09-30T23:10:16-10:00job:security_camera_frame_grab | 23:10:12  📷  a-eyes  ch4 → ch4-20261001T091012Z.jpg  (301.0 KB, 4.35s)
2026-09-30T23:10:16-10:00ENERGY  status=live  B2=17.7%  B1=75.0%  solar=0 W  ac=99 W  usbc=0 W  src=/home/rootrecord/RootRecord-Ecosystem/2 - RootRecord-Database/Energy  LAP=100%/Full/AC
2026-09-30T23:10:32-10:00  ▸  SUMMARY=river2pro soc=74.88% solar=0W ac_out=0W usbc=23W src=ble+cloud db=ok
2026-09-30T23:10:32-10:00job:sys_stats_cycle RUN  bash "/home/rootrecord/RootRecord-Ecosystem/1 - Servers/1 - RootRecord-Pacific-Solar-Server/System/scripts/sys-sample.sh"
2026-09-30T23:10:33-10:00job:sys_stats_cycle | SYSTEM  cpu=9%  load=1.84  mem=48%  src=sqlite
2026-09-30T23:10:33-10:00job:sys_stats_cycle | OK wrote /home/rootrecord/RootRecord-Ecosystem/2 - RootRecord-Database/System/samples/sys-20260930-231032.json
2026-09-30T23:11:39-10:00job:github_sync_all | ↑ [ecosystem] committed 4 local file(s)
2026-09-30T23:11:39-10:00job:github_sync_all | ↓ [ecosystem] fetching origin/main
2026-09-30T23:11:39-10:00job:github_sync_all | From github.com:RootRecord-Software-Solutions/RootRecord-Ecosystem
2026-09-30T23:11:39-10:00job:github_sync_all | * branch              main       -> FETCH_HEAD
2026-09-30T23:11:39-10:00job:github_sync_all | ↑ [ecosystem] local is ahead of GitHub
2026-09-30T23:11:39-10:00job:github_sync_all | To github.com:RootRecord-Software-Solutions/RootRecord-Ecosystem.git
2026-09-30T23:11:39-10:00job:github_sync_all | c57f700b..736a4a40  HEAD -> main
2026-09-30T23:11:39-10:00job:github_sync_all | branch 'main' set up to track 'origin/main'.
2026-09-30T23:11:39-10:00job:github_sync_all | ↑ [ecosystem] 4 files → RootRecord-Software-Solutions/RootRecord-Ecosystem (main)
2026-09-30T23:11:39-10:00job:github_sync_all | ↑ [pacific] committed 4 local file(s)
2026-09-30T23:11:39-10:00job:github_sync_all | ↓ [pacific] fetching origin/main
2026-09-30T23:11:39-10:00job:github_sync_all | From github.com:RootRecord-Software-Solutions/RootRecord-Pacific-Solar-Server
2026-09-30T23:11:39-10:00job:github_sync_all | * branch            main       -> FETCH_HEAD
2026-09-30T23:11:39-10:00job:github_sync_all | ↑ [pacific] local is ahead of GitHub
2026-09-30T23:11:39-10:00job:github_sync_all | To github.com:RootRecord-Software-Solutions/RootRecord-Pacific-Solar-Server.git
2026-09-30T23:11:39-10:00job:github_sync_all | 5564cc5..a8a2f68  HEAD -> main
2026-09-30T23:11:39-10:00job:github_sync_all | branch 'main' set up to track 'origin/main'.
2026-09-30T23:11:39-10:00job:github_sync_all | ↑ [pacific] 4 files → RootRecord-Software-Solutions/RootRecord-Pacific-Solar-Server (main)
2026-09-30T23:11:39-10:00job:github_sync_all | ↑ [database] committed 13 local file(s)
2026-09-30T23:11:39-10:00job:github_sync_all | ↓ [database] fetching origin/main
2026-09-30T23:11:39-10:00job:github_sync_all | From github.com:RootRecord-Software-Solutions/RootRecord-Database
2026-09-30T23:11:39-10:00job:github_sync_all | * branch              main       -> FETCH_HEAD
2026-09-30T23:11:39-10:00job:github_sync_all | ↑ [database] local is ahead of GitHub
2026-09-30T23:11:39-10:00job:github_sync_all | To github.com:RootRecord-Software-Solutions/RootRecord-Database.git
2026-09-30T23:11:39-10:00job:github_sync_all | 97f9a443..d4f83d5e  HEAD -> main
2026-09-30T23:11:39-10:00job:github_sync_all | branch 'main' set up to track 'origin/main'.
2026-09-30T23:11:39-10:00job:github_sync_all | ↑ [database] 13 files → RootRecord-Software-Solutions/RootRecord-Database (main)
2026-09-30T23:11:39-10:00job:github_sync_all | — [library] no local changes
2026-09-30T23:11:39-10:00job:github_sync_all | ↓ [library] fetching origin/main
2026-09-30T23:11:39-10:00job:github_sync_all | From github.com:RootRecord-Software-Solutions/RootRecord-Library
2026-09-30T23:11:39-10:00job:github_sync_all | * branch            main       -> FETCH_HEAD
2026-09-30T23:11:39-10:00job:github_sync_all | — [library] local and GitHub already match
2026-09-30T23:11:39-10:00job:github_sync_all | — [library] nothing to push
2026-09-30T23:11:39-10:00job:github_sync_all | ↑ [website] committed 4 local file(s)
2026-09-30T23:11:39-10:00job:github_sync_all | ↓ [website] fetching origin/main
2026-09-30T23:11:39-10:00job:github_sync_all | From github.com:RootRecord-Software-Solutions/RootRecord-Website
2026-09-30T23:11:39-10:00job:github_sync_all | * branch            main       -> FETCH_HEAD
2026-09-30T23:11:39-10:00job:github_sync_all | ↑ [website] local is ahead of GitHub
2026-09-30T23:11:39-10:00job:github_sync_all | To github.com:RootRecord-Software-Solutions/RootRecord-Website.git
2026-09-30T23:11:39-10:00job:github_sync_all | aab6b4e..6a23ac2  HEAD -> main
2026-09-30T23:11:39-10:00job:status_snapshot RUN  nice -n 10 python3 "/home/rootrecord/RootRecord-Ecosystem/1 - Servers/1 - RootRecord-Pacific-Solar-Server/Website/scripts/live_data_pages.py"
2026-09-30T23:11:40-10:00job:status_snapshot | live-data 5 pages
2026-09-30T23:11:40-10:00ENERGY  status=live  B2=17.7%  B1=74.9%  solar=0 W  ac=99 W  usbc=0 W  src=/home/rootrecord/RootRecord-Ecosystem/2 - RootRecord-Database/Energy  LAP=100%/Full/AC
2026-09-30T23:11:55-10:00  ▸  SUMMARY=delta2 soc=16.82% solar=0W ac_out=81W usbc=0W src=ble db=ok
2026-09-30T23:11:55-10:00job:sys_stats_cycle RUN  bash "/home/rootrecord/RootRecord-Ecosystem/1 - Servers/1 - RootRecord-Pacific-Solar-Server/System/scripts/sys-sample.sh"
2026-09-30T23:11:57-10:00job:sys_stats_cycle | SYSTEM  cpu=19%  load=1.87  mem=51%  src=sqlite
2026-09-30T23:11:57-10:00job:sys_stats_cycle | OK wrote /home/rootrecord/RootRecord-Ecosystem/2 - RootRecord-Database/System/samples/sys-20260930-231156.json
2026-09-30T23:11:57-10:00job:worklog_scan RUN  bash "/home/rootrecord/RootRecord-Ecosystem/1 - Servers/1 - RootRecord-Pacific-Solar-Server/Reports/scripts/worklog_once.sh"
2026-09-30T23:12:02-10:00job:worklog_scan | OK wrote/updated /home/rootrecord/RootRecord-Ecosystem/2 - RootRecord-Database/Worklog/worklog_current.md
2026-09-30T23:12:02-10:00job:security_camera_frame_grab RUN  bash "/home/rootrecord/RootRecord-Ecosystem/1 - Servers/1 - RootRecord-Pacific-Solar-Server/Security/Cameras/grab_all.sh"
2026-09-30T23:12:20-10:00job:security_camera_frame_grab | 23:12:02  📷  a-eyes  ch1 → ch1-20261001T091202Z.jpg  (275.8 KB, 4.39s)
2026-09-30T23:12:20-10:00job:security_camera_frame_grab | 23:12:06  📷  a-eyes  ch2 → ch2-20261001T091206Z.jpg  (139.3 KB, 4.39s)
2026-09-30T23:12:20-10:00job:security_camera_frame_grab | 23:12:11  📷  a-eyes  ch3 → ch3-20261001T091211Z.jpg  (373.9 KB, 4.32s)
2026-09-30T23:12:20-10:00job:security_camera_frame_grab | 23:12:15  📷  a-eyes  ch4 → ch4-20261001T091215Z.jpg  (292.0 KB, 4.38s)
2026-09-30T23:12:20-10:00job:service_supervisor RUN  bash "/home/rootrecord/RootRecord-Ecosystem/1 - Servers/1 - RootRecord-Pacific-Solar-Server/Automations/scripts/supervise-services.sh"
2026-09-30T23:12:20-10:00job:service_supervisor | [supervisor] weather alive pid=30098 (act)
2026-09-30T23:12:20-10:00job:service_supervisor | [supervisor] relay alive pid=44115 (act)
2026-09-30T23:12:20-10:00job:geology_collect RUN  nice -n 10 python3 "/home/rootrecord/RootRecord-Ecosystem/1 - Servers/1 - RootRecord-Pacific-Solar-Server/Geology/scripts/geology_collect.py" all
2026-09-30T23:12:26-10:00job:geology_collect | {"ok": true, "at": "2026-09-30T23:12:20-10:00", "what": "all", "dry_run": false, "sources": {"hawaii": {"ok": true, "count": 21, "new": 1, "new_m2": 0, "ms": 1161}, "global": {"ok": true, "count": 34, "new": 0, "ms": 310}, "hvo_notices": {"ok": true, "count": 44, "new": 0, "ms": 810}, "hvo_status": {"ok": true, "volcanoes": 8, "kilauea": "WATCH", "mauna_loa": "NORMAL", "ms": 3686}}}
2026-09-30T23:12:26-10:00job:system_net_sample RUN  nice -n 10 python3 "/home/rootrecord/RootRecord-Ecosystem/1 - Servers/1 - RootRecord-Pacific-Solar-Server/System/scripts/host_desks.py" net-sample
2026-09-30T23:12:26-10:00job:system_net_sample | {"ok": true, "file": "/home/rootrecord/RootRecord-Ecosystem/2 - RootRecord-Database/System/network/Daily/net-20260930.jsonl", "iface": "wlo1", "hour": null, "day": null}
2026-09-30T23:12:26-10:00job:discord_report_relay RUN  nice -n 10 python3 "/home/rootrecord/RootRecord-Ecosystem/1 - Servers/1 - RootRecord-Pacific-Solar-Server/Communications/Discord/scripts/report_relay.py"
2026-09-30T23:12:26-10:00job:discord_report_relay | same
2026-09-30T23:12:43-10:00  ▸  SUMMARY=river2pro soc=74.74% solar=0W ac_out=0W usbc=20W src=ble+cloud db=ok
2026-09-30T23:12:43-10:00job:sys_stats_cycle RUN  bash "/home/rootrecord/RootRecord-Ecosystem/1 - Servers/1 - RootRecord-Pacific-Solar-Server/System/scripts/sys-sample.sh"
2026-09-30T23:12:44-10:00job:sys_stats_cycle | SYSTEM  cpu=7%  load=1.75  mem=48%  src=sqlite
2026-09-30T23:12:44-10:00job:sys_stats_cycle | OK wrote /home/rootrecord/RootRecord-Ecosystem/2 - RootRecord-Database/System/samples/sys-20260930-231244.json
2026-09-30T23:13:53-10:00job:github_sync_all | ↑ [ecosystem] committed 13 local file(s)
2026-09-30T23:13:53-10:00job:github_sync_all | ↓ [ecosystem] fetching origin/main
2026-09-30T23:13:53-10:00job:github_sync_all | From github.com:RootRecord-Software-Solutions/RootRecord-Ecosystem
2026-09-30T23:13:53-10:00job:github_sync_all | * branch              main       -> FETCH_HEAD
2026-09-30T23:13:53-10:00job:github_sync_all | ↑ [ecosystem] local is ahead of GitHub
2026-09-30T23:13:53-10:00job:github_sync_all | To github.com:RootRecord-Software-Solutions/RootRecord-Ecosystem.git
2026-09-30T23:13:53-10:00job:github_sync_all | 736a4a40..dd4d3525  HEAD -> main
2026-09-30T23:13:53-10:00job:github_sync_all | branch 'main' set up to track 'origin/main'.
2026-09-30T23:13:53-10:00job:github_sync_all | ↑ [ecosystem] 13 files → RootRecord-Software-Solutions/RootRecord-Ecosystem (main)
2026-09-30T23:13:53-10:00job:github_sync_all | ↑ [pacific] committed 2 local file(s)
2026-09-30T23:13:53-10:00job:github_sync_all | ↓ [pacific] fetching origin/main
2026-09-30T23:13:53-10:00job:github_sync_all | From github.com:RootRecord-Software-Solutions/RootRecord-Pacific-Solar-Server
2026-09-30T23:13:53-10:00job:github_sync_all | * branch            main       -> FETCH_HEAD
2026-09-30T23:13:53-10:00job:github_sync_all | ↑ [pacific] local is ahead of GitHub
2026-09-30T23:13:53-10:00job:github_sync_all | To github.com:RootRecord-Software-Solutions/RootRecord-Pacific-Solar-Server.git
2026-09-30T23:13:53-10:00job:github_sync_all | a8a2f68..4ec5cee  HEAD -> main
2026-09-30T23:13:53-10:00job:github_sync_all | branch 'main' set up to track 'origin/main'.
2026-09-30T23:13:53-10:00job:github_sync_all | ↑ [pacific] 2 files → RootRecord-Software-Solutions/RootRecord-Pacific-Solar-Server (main)
2026-09-30T23:13:53-10:00job:github_sync_all | ↑ [database] committed 31 local file(s)
2026-09-30T23:13:53-10:00job:github_sync_all | ↓ [database] fetching origin/main
2026-09-30T23:13:53-10:00job:github_sync_all | From github.com:RootRecord-Software-Solutions/RootRecord-Database
2026-09-30T23:13:53-10:00job:github_sync_all | * branch              main       -> FETCH_HEAD
2026-09-30T23:13:53-10:00job:github_sync_all | ↑ [database] local is ahead of GitHub
2026-09-30T23:13:53-10:00job:github_sync_all | To github.com:RootRecord-Software-Solutions/RootRecord-Database.git
2026-09-30T23:13:53-10:00job:github_sync_all | d4f83d5e..0e236fca  HEAD -> main
2026-09-30T23:13:53-10:00job:github_sync_all | branch 'main' set up to track 'origin/main'.
2026-09-30T23:13:53-10:00job:github_sync_all | ↑ [database] 31 files → RootRecord-Software-Solutions/RootRecord-Database (main)
2026-09-30T23:13:53-10:00job:github_sync_all | — [library] no local changes
2026-09-30T23:13:53-10:00job:github_sync_all | ↓ [library] fetching origin/main
2026-09-30T23:13:53-10:00job:github_sync_all | From github.com:RootRecord-Software-Solutions/RootRecord-Library
2026-09-30T23:13:53-10:00job:github_sync_all | * branch            main       -> FETCH_HEAD
2026-09-30T23:13:53-10:00job:github_sync_all | — [library] local and GitHub already match
2026-09-30T23:13:53-10:00job:github_sync_all | — [library] nothing to push
2026-09-30T23:13:53-10:00job:github_sync_all | ↑ [website] committed 1 local file(s)
2026-09-30T23:13:53-10:00job:github_sync_all | ↓ [website] fetching origin/main
2026-09-30T23:13:53-10:00job:github_sync_all | From github.com:RootRecord-Software-Solutions/RootRecord-Website
2026-09-30T23:13:53-10:00job:github_sync_all | * branch            main       -> FETCH_HEAD
2026-09-30T23:13:53-10:00job:github_sync_all | ↑ [website] local is ahead of GitHub
2026-09-30T23:13:53-10:00job:github_sync_all | To github.com:RootRecord-Software-Solutions/RootRecord-Website.git
2026-09-30T23:13:53-10:00job:github_sync_all | 6a23ac2..a550cc5  HEAD -> main
2026-09-30T23:13:53-10:00job:security_camera_frame_grab RUN  bash "/home/rootrecord/RootRecord-Ecosystem/1 - Servers/1 - RootRecord-Pacific-Solar-Server/Security/Cameras/grab_all.sh"
2026-09-30T23:14:10-10:00job:security_camera_frame_grab | 23:13:53  📷  a-eyes  ch1 → ch1-20261001T091353Z.jpg  (275.6 KB, 4.40s)
2026-09-30T23:14:10-10:00job:security_camera_frame_grab | 23:13:57  📷  a-eyes  ch2 → ch2-20261001T091357Z.jpg  (139.3 KB, 4.39s)
2026-09-30T23:14:10-10:00job:security_camera_frame_grab | 23:14:01  📷  a-eyes  ch3 → ch3-20261001T091401Z.jpg  (373.2 KB, 4.37s)
2026-09-30T23:14:10-10:00job:security_camera_frame_grab | 23:14:06  📷  a-eyes  ch4 → ch4-20261001T091406Z.jpg  (299.8 KB, 4.51s)
2026-09-30T23:14:11-10:00ENERGY  status=live  B2=16.8%  B1=74.7%  solar=0 W  ac=81 W  usbc=0 W  src=/home/rootrecord/RootRecord-Ecosystem/2 - RootRecord-Database/Energy  LAP=100%/Full/AC
2026-09-30T23:14:27-10:00  ▸  SUMMARY=delta2 soc=16.32% solar=0W ac_out=87W usbc=0W src=ble db=ok
2026-09-30T23:14:27-10:00job:sys_stats_cycle RUN  bash "/home/rootrecord/RootRecord-Ecosystem/1 - Servers/1 - RootRecord-Pacific-Solar-Server/System/scripts/sys-sample.sh"
2026-09-30T23:14:28-10:00job:sys_stats_cycle | SYSTEM  cpu=18%  load=2.40  mem=50%  src=sqlite
2026-09-30T23:14:28-10:00job:sys_stats_cycle | OK wrote /home/rootrecord/RootRecord-Ecosystem/2 - RootRecord-Database/System/samples/sys-20260930-231427.json
2026-09-30T23:15:28-10:00job:github_sync_all | ↑ [ecosystem] committed 1 local file(s)
2026-09-30T23:15:28-10:00job:github_sync_all | ↓ [ecosystem] fetching origin/main
2026-09-30T23:15:28-10:00job:github_sync_all | From github.com:RootRecord-Software-Solutions/RootRecord-Ecosystem
2026-09-30T23:15:28-10:00job:github_sync_all | * branch              main       -> FETCH_HEAD
2026-09-30T23:15:28-10:00job:github_sync_all | ↑ [ecosystem] local is ahead of GitHub
2026-09-30T23:15:28-10:00job:github_sync_all | To github.com:RootRecord-Software-Solutions/RootRecord-Ecosystem.git
2026-09-30T23:15:28-10:00job:github_sync_all | dd4d3525..c025ff8b  HEAD -> main
2026-09-30T23:15:28-10:00job:github_sync_all | branch 'main' set up to track 'origin/main'.
2026-09-30T23:15:28-10:00job:github_sync_all | ↑ [ecosystem] 1 files → RootRecord-Software-Solutions/RootRecord-Ecosystem (main)
2026-09-30T23:15:28-10:00job:github_sync_all | — [pacific] no local changes
2026-09-30T23:15:28-10:00job:github_sync_all | ↓ [pacific] fetching origin/main
2026-09-30T23:15:28-10:00job:github_sync_all | From github.com:RootRecord-Software-Solutions/RootRecord-Pacific-Solar-Server
2026-09-30T23:15:28-10:00job:github_sync_all | * branch            main       -> FETCH_HEAD
2026-09-30T23:15:28-10:00job:github_sync_all | — [pacific] local and GitHub already match
2026-09-30T23:15:28-10:00job:github_sync_all | — [pacific] nothing to push
2026-09-30T23:15:28-10:00job:github_sync_all | ↑ [database] committed 12 local file(s)
2026-09-30T23:15:28-10:00job:github_sync_all | ↓ [database] fetching origin/main
2026-09-30T23:15:28-10:00job:github_sync_all | From github.com:RootRecord-Software-Solutions/RootRecord-Database
2026-09-30T23:15:28-10:00job:github_sync_all | * branch              main       -> FETCH_HEAD
2026-09-30T23:15:28-10:00job:github_sync_all | ↑ [database] local is ahead of GitHub
2026-09-30T23:15:28-10:00job:github_sync_all | To github.com:RootRecord-Software-Solutions/RootRecord-Database.git
2026-09-30T23:15:28-10:00job:github_sync_all | 0e236fca..7e587832  HEAD -> main
2026-09-30T23:15:28-10:00job:github_sync_all | branch 'main' set up to track 'origin/main'.
2026-09-30T23:15:28-10:00job:github_sync_all | ↑ [database] 12 files → RootRecord-Software-Solutions/RootRecord-Database (main)
2026-09-30T23:15:28-10:00job:github_sync_all | — [library] no local changes
2026-09-30T23:15:28-10:00job:github_sync_all | ↓ [library] fetching origin/main
2026-09-30T23:15:28-10:00job:github_sync_all | From github.com:RootRecord-Software-Solutions/RootRecord-Library
2026-09-30T23:15:28-10:00job:github_sync_all | * branch            main       -> FETCH_HEAD
2026-09-30T23:15:28-10:00job:github_sync_all | — [library] local and GitHub already match
2026-09-30T23:15:28-10:00job:github_sync_all | — [library] nothing to push
2026-09-30T23:15:28-10:00job:github_sync_all | — [website] no local changes
2026-09-30T23:15:28-10:00job:github_sync_all | ↓ [website] fetching origin/main
2026-09-30T23:15:28-10:00job:github_sync_all | From github.com:RootRecord-Software-Solutions/RootRecord-Website
2026-09-30T23:15:28-10:00job:github_sync_all | * branch            main       -> FETCH_HEAD
2026-09-30T23:15:28-10:00job:github_sync_all | — [website] local and GitHub already match
2026-09-30T23:15:28-10:00job:github_sync_all | — [website] nothing to push
2026-09-30T23:15:28-10:00job:github_sync_all | — [website-personal] no local changes
2026-09-30T23:15:28-10:00job:github_sync_all | ↓ [website-personal] fetching origin/main
2026-09-30T23:15:28-10:00job:github_sync_all | From github.com:rootrecordsoftwaresolutions/RootRecord-Website
2026-09-30T23:15:28-10:00job:github_sync_all | * branch            main       -> FETCH_HEAD
2026-09-30T23:15:28-10:00job:worklog_scan RUN  bash "/home/rootrecord/RootRecord-Ecosystem/1 - Servers/1 - RootRecord-Pacific-Solar-Server/Reports/scripts/worklog_once.sh"
2026-09-30T23:15:32-10:00tunnel timeout — reconnecting
2026-09-30T23:15:32-10:00job:worklog_scan | OK wrote/updated /home/rootrecord/RootRecord-Ecosystem/2 - RootRecord-Database/Worklog/worklog_current.md
2026-09-30T23:15:32-10:00job:status_snapshot RUN  nice -n 10 python3 "/home/rootrecord/RootRecord-Ecosystem/1 - Servers/1 - RootRecord-Pacific-Solar-Server/Website/scripts/live_data_pages.py"
2026-09-30T23:15:32-10:00job:status_snapshot | live-data 5 pages
2026-09-30T23:15:32-10:00job:voice_nws_weather RUN  nice -n 10 python3 "/home/rootrecord/RootRecord-Ecosystem/1 - Servers/1 - RootRecord-Pacific-Solar-Server/Media/Voice/scripts/voice_reports.py" nws_weather
2026-09-30T23:15:32-10:00tunnel timeout — reconnecting
2026-09-30T23:15:44-10:00job:voice_nws_weather | {"ok": true, "report": "nws_weather", "md": "/home/rootrecord/RootRecord-Ecosystem/test-reports/Voice/nws_weather_current.md", "sentences": 4, "voice": {"ok": true, "mode": "stitch", "report": "nws_weather", "agent": "ava", "voice": "af_heart", "speed": 1.0, "wav": "/home/rootrecord/RootRecord-Ecosystem/2 - RootRecord-Database/Media/Audio/Voice/nws_weather_current.wav", "clips_used": 0, "live_sentences": 7, "model_loaded": true, "render_s": 10.88, "sample_rate": 24000, "channels": 1, "subtype": "PCM_16", "duration_s": 17.774, "peak_dbfs": -1.5, "rms_dbfs": -20.28, "lead_silence_ms": 113, "qc": "PASS", "wall_s": 10.92, "peak_rss_mb": 1432, "rc": 0}, "deliver": {"ok": true, "sent": false, "detail": "unchanged"}}
2026-09-30T23:15:44-10:00ENERGY  status=live  B2=16.3%  B1=74.7%  solar=0 W  ac=87 W  usbc=0 W  src=/home/rootrecord/RootRecord-Ecosystem/2 - RootRecord-Database/Energy  LAP=100%/Full/AC
2026-09-30T23:15:51-10:00tunnel connected  conn=3  edge=sjc07
2026-09-30T23:16:01-10:00  ▸  SUMMARY=river2pro soc=74.51% solar=0W ac_out=0W usbc=20W src=ble+cloud db=ok
2026-09-30T23:16:01-10:00job:sys_stats_cycle RUN  bash "/home/rootrecord/RootRecord-Ecosystem/1 - Servers/1 - RootRecord-Pacific-Solar-Server/System/scripts/sys-sample.sh"
2026-09-30T23:16:02-10:00job:sys_stats_cycle | SYSTEM  cpu=12%  load=2.30  mem=51%  src=sqlite
2026-09-30T23:16:02-10:00job:sys_stats_cycle | OK wrote /home/rootrecord/RootRecord-Ecosystem/2 - RootRecord-Database/System/samples/sys-20260930-231601.json
2026-09-30T23:17:02-10:00job:github_sync_all | ↑ [ecosystem] committed 9 local file(s)
2026-09-30T23:17:02-10:00job:github_sync_all | ↓ [ecosystem] fetching origin/main
2026-09-30T23:17:02-10:00job:github_sync_all | From github.com:RootRecord-Software-Solutions/RootRecord-Ecosystem
2026-09-30T23:17:02-10:00job:github_sync_all | * branch              main       -> FETCH_HEAD
2026-09-30T23:17:02-10:00job:github_sync_all | ↑ [ecosystem] local is ahead of GitHub
2026-09-30T23:17:02-10:00job:github_sync_all | To github.com:RootRecord-Software-Solutions/RootRecord-Ecosystem.git
2026-09-30T23:17:02-10:00job:github_sync_all | c025ff8b..28d3c175  HEAD -> main
2026-09-30T23:17:02-10:00job:github_sync_all | branch 'main' set up to track 'origin/main'.
2026-09-30T23:17:02-10:00job:github_sync_all | ↑ [ecosystem] 9 files → RootRecord-Software-Solutions/RootRecord-Ecosystem (main)
2026-09-30T23:17:02-10:00job:github_sync_all | ↑ [pacific] committed 1 local file(s)
2026-09-30T23:17:02-10:00job:github_sync_all | ↓ [pacific] fetching origin/main
2026-09-30T23:17:02-10:00job:github_sync_all | From github.com:RootRecord-Software-Solutions/RootRecord-Pacific-Solar-Server
2026-09-30T23:17:02-10:00job:github_sync_all | * branch            main       -> FETCH_HEAD
2026-09-30T23:17:02-10:00job:github_sync_all | ↑ [pacific] local is ahead of GitHub
2026-09-30T23:17:02-10:00job:github_sync_all | To github.com:RootRecord-Software-Solutions/RootRecord-Pacific-Solar-Server.git
2026-09-30T23:17:02-10:00job:github_sync_all | 4ec5cee..c176e3e  HEAD -> main
2026-09-30T23:17:02-10:00job:github_sync_all | branch 'main' set up to track 'origin/main'.
2026-09-30T23:17:02-10:00job:github_sync_all | ↑ [pacific] 1 files → RootRecord-Software-Solutions/RootRecord-Pacific-Solar-Server (main)
2026-09-30T23:17:02-10:00job:github_sync_all | ↑ [database] committed 22 local file(s)
2026-09-30T23:17:02-10:00job:github_sync_all | ↓ [database] fetching origin/main
2026-09-30T23:17:02-10:00job:github_sync_all | From github.com:RootRecord-Software-Solutions/RootRecord-Database
2026-09-30T23:17:02-10:00job:github_sync_all | * branch              main       -> FETCH_HEAD
2026-09-30T23:17:02-10:00job:github_sync_all | ↑ [database] local is ahead of GitHub
2026-09-30T23:17:02-10:00job:github_sync_all | To github.com:RootRecord-Software-Solutions/RootRecord-Database.git
2026-09-30T23:17:02-10:00job:github_sync_all | 7e587832..86e6d7b7  HEAD -> main
2026-09-30T23:17:02-10:00job:github_sync_all | branch 'main' set up to track 'origin/main'.
2026-09-30T23:17:02-10:00job:github_sync_all | ↑ [database] 22 files → RootRecord-Software-Solutions/RootRecord-Database (main)
2026-09-30T23:17:02-10:00job:github_sync_all | — [library] no local changes
2026-09-30T23:17:02-10:00job:github_sync_all | ↓ [library] fetching origin/main
2026-09-30T23:17:02-10:00job:github_sync_all | From github.com:RootRecord-Software-Solutions/RootRecord-Library
2026-09-30T23:17:02-10:00job:github_sync_all | * branch            main       -> FETCH_HEAD
2026-09-30T23:17:02-10:00job:github_sync_all | — [library] local and GitHub already match
2026-09-30T23:17:02-10:00job:github_sync_all | — [library] nothing to push
2026-09-30T23:17:02-10:00job:github_sync_all | — [website] no local changes
2026-09-30T23:17:02-10:00job:github_sync_all | ↓ [website] fetching origin/main
2026-09-30T23:17:02-10:00job:github_sync_all | From github.com:RootRecord-Software-Solutions/RootRecord-Website
2026-09-30T23:17:02-10:00job:github_sync_all | * branch            main       -> FETCH_HEAD
2026-09-30T23:17:02-10:00job:github_sync_all | — [website] local and GitHub already match
2026-09-30T23:17:02-10:00job:github_sync_all | — [website] nothing to push
2026-09-30T23:17:02-10:00job:github_sync_all | — [website-personal] no local changes
2026-09-30T23:17:02-10:00job:security_camera_frame_grab RUN  bash "/home/rootrecord/RootRecord-Ecosystem/1 - Servers/1 - RootRecord-Pacific-Solar-Server/Security/Cameras/grab_all.sh"
2026-09-30T23:17:20-10:00job:security_camera_frame_grab | 23:17:02  📷  a-eyes  ch1 → ch1-20261001T091702Z.jpg  (276.7 KB, 4.54s)
2026-09-30T23:17:20-10:00job:security_camera_frame_grab | 23:17:07  📷  a-eyes  ch2 → ch2-20261001T091707Z.jpg  (138.5 KB, 4.47s)
2026-09-30T23:17:20-10:00job:security_camera_frame_grab | 23:17:11  📷  a-eyes  ch3 → ch3-20261001T091711Z.jpg  (375.9 KB, 4.38s)
2026-09-30T23:17:20-10:00job:security_camera_frame_grab | 23:17:16  📷  a-eyes  ch4 → ch4-20261001T091716Z.jpg  (315.4 KB, 4.51s)
2026-09-30T23:17:20-10:00ENERGY  status=live  B2=16.3%  B1=74.5%  solar=0 W  ac=87 W  usbc=0 W  src=/home/rootrecord/RootRecord-Ecosystem/2 - RootRecord-Database/Energy  LAP=100%/Full/AC
2026-09-30T23:17:36-10:00  ▸  SUMMARY=delta2 soc=15.61% solar=0W ac_out=78W usbc=0W src=ble db=ok
2026-09-30T23:17:36-10:00job:sys_stats_cycle RUN  bash "/home/rootrecord/RootRecord-Ecosystem/1 - Servers/1 - RootRecord-Pacific-Solar-Server/System/scripts/sys-sample.sh"
2026-09-30T23:17:37-10:00job:sys_stats_cycle | SYSTEM  cpu=18%  load=2.26  mem=51%  src=sqlite
2026-09-30T23:17:37-10:00job:sys_stats_cycle | OK wrote /home/rootrecord/RootRecord-Ecosystem/2 - RootRecord-Database/System/samples/sys-20260930-231736.json
2026-09-30T23:18:23-10:00job:github_sync_all | — [ecosystem] no committable local changes
2026-09-30T23:18:23-10:00job:github_sync_all | ↓ [ecosystem] fetching origin/main
2026-09-30T23:18:23-10:00job:github_sync_all | From github.com:RootRecord-Software-Solutions/RootRecord-Ecosystem
2026-09-30T23:18:23-10:00job:github_sync_all | * branch              main       -> FETCH_HEAD
2026-09-30T23:18:23-10:00job:github_sync_all | — [ecosystem] local and GitHub already match
2026-09-30T23:18:23-10:00job:github_sync_all | — [ecosystem] nothing to push
2026-09-30T23:18:23-10:00job:github_sync_all | — [pacific] no local changes
2026-09-30T23:18:23-10:00job:github_sync_all | ↓ [pacific] fetching origin/main
2026-09-30T23:18:23-10:00job:github_sync_all | From github.com:RootRecord-Software-Solutions/RootRecord-Pacific-Solar-Server
2026-09-30T23:18:23-10:00job:github_sync_all | * branch            main       -> FETCH_HEAD
2026-09-30T23:18:23-10:00job:github_sync_all | — [pacific] local and GitHub already match
2026-09-30T23:18:23-10:00job:github_sync_all | — [pacific] nothing to push
2026-09-30T23:18:23-10:00job:github_sync_all | ↑ [database] committed 12 local file(s)
2026-09-30T23:18:23-10:00job:github_sync_all | ↓ [database] fetching origin/main
2026-09-30T23:18:23-10:00job:github_sync_all | From github.com:RootRecord-Software-Solutions/RootRecord-Database
2026-09-30T23:18:23-10:00job:github_sync_all | * branch              main       -> FETCH_HEAD
2026-09-30T23:18:23-10:00job:github_sync_all | ↑ [database] local is ahead of GitHub
2026-09-30T23:18:23-10:00job:github_sync_all | To github.com:RootRecord-Software-Solutions/RootRecord-Database.git
2026-09-30T23:18:23-10:00job:github_sync_all | 86e6d7b7..3ff37782  HEAD -> main
2026-09-30T23:18:23-10:00job:github_sync_all | branch 'main' set up to track 'origin/main'.
2026-09-30T23:18:23-10:00job:github_sync_all | ↑ [database] 12 files → RootRecord-Software-Solutions/RootRecord-Database (main)
2026-09-30T23:18:23-10:00job:github_sync_all | — [library] no local changes
2026-09-30T23:18:23-10:00job:github_sync_all | ↓ [library] fetching origin/main
2026-09-30T23:18:23-10:00job:github_sync_all | From github.com:RootRecord-Software-Solutions/RootRecord-Library
2026-09-30T23:18:23-10:00job:github_sync_all | * branch            main       -> FETCH_HEAD
2026-09-30T23:18:23-10:00job:github_sync_all | — [library] local and GitHub already match
2026-09-30T23:18:23-10:00job:github_sync_all | — [library] nothing to push
2026-09-30T23:18:23-10:00job:github_sync_all | — [website] no local changes
2026-09-30T23:18:23-10:00job:github_sync_all | ↓ [website] fetching origin/main
2026-09-30T23:18:23-10:00job:github_sync_all | From github.com:RootRecord-Software-Solutions/RootRecord-Website
2026-09-30T23:18:23-10:00job:github_sync_all | * branch            main       -> FETCH_HEAD
2026-09-30T23:18:23-10:00job:github_sync_all | — [website] local and GitHub already match
2026-09-30T23:18:23-10:00job:github_sync_all | — [website] nothing to push
2026-09-30T23:18:23-10:00job:github_sync_all | — [website-personal] no local changes
2026-09-30T23:18:23-10:00job:github_sync_all | ↓ [website-personal] fetching origin/main
2026-09-30T23:18:23-10:00job:github_sync_all | From github.com:rootrecordsoftwaresolutions/RootRecord-Website
2026-09-30T23:18:23-10:00job:github_sync_all | * branch            main       -> FETCH_HEAD
2026-09-30T23:18:23-10:00job:github_sync_all | — [website-personal] local and GitHub already match
2026-09-30T23:18:23-10:00job:github_sync_all | — [website-personal] nothing to push
2026-09-30T23:18:23-10:00job:worklog_scan RUN  bash "/home/rootrecord/RootRecord-Ecosystem/1 - Servers/1 - RootRecord-Pacific-Solar-Server/Reports/scripts/worklog_once.sh"
2026-09-30T23:18:33-10:00job:worklog_scan | OK wrote/updated /home/rootrecord/RootRecord-Ecosystem/2 - RootRecord-Database/Worklog/worklog_current.md
2026-09-30T23:18:33-10:00job:service_supervisor RUN  bash "/home/rootrecord/RootRecord-Ecosystem/1 - Servers/1 - RootRecord-Pacific-Solar-Server/Automations/scripts/supervise-services.sh"
2026-09-30T23:18:34-10:00job:service_supervisor | [supervisor] weather alive pid=30098 (act)
2026-09-30T23:18:34-10:00job:service_supervisor | [supervisor] relay alive pid=44115 (act)
2026-09-30T23:18:34-10:00job:status_snapshot RUN  nice -n 10 python3 "/home/rootrecord/RootRecord-Ecosystem/1 - Servers/1 - RootRecord-Pacific-Solar-Server/Website/scripts/live_data_pages.py"
2026-09-30T23:18:34-10:00job:status_snapshot | live-data 5 pages
2026-09-30T23:18:34-10:00ENERGY  status=live  B2=15.6%  B1=74.5%  solar=0 W  ac=78 W  usbc=0 W  src=/home/rootrecord/RootRecord-Ecosystem/2 - RootRecord-Database/Energy  LAP=100%/Full/AC
2026-09-30T23:18:50-10:00  ▸  SUMMARY=delta2 soc=15.41% solar=0W ac_out=94W usbc=0W src=ble db=ok
2026-09-30T23:18:50-10:00job:sys_stats_cycle RUN  bash "/home/rootrecord/RootRecord-Ecosystem/1 - Servers/1 - RootRecord-Pacific-Solar-Server/System/scripts/sys-sample.sh"
2026-09-30T23:18:51-10:00job:sys_stats_cycle | SYSTEM  cpu=4%  load=1.75  mem=51%  src=sqlite
2026-09-30T23:18:51-10:00job:sys_stats_cycle | OK wrote /home/rootrecord/RootRecord-Ecosystem/2 - RootRecord-Database/System/samples/sys-20260930-231850.json
2026-09-30T23:19:15-10:00tunnel timeout — reconnecting
2026-09-30T23:19:17-10:00tunnel timeout — reconnecting
2026-09-30T23:19:26-10:00tunnel connected  conn=3  edge=lax01
2026-09-30T23:19:52-10:00job:github_sync_all | ↑ [ecosystem] committed 5 local file(s)
2026-09-30T23:19:52-10:00job:github_sync_all | ↓ [ecosystem] fetching origin/main
2026-09-30T23:19:52-10:00job:github_sync_all | From github.com:RootRecord-Software-Solutions/RootRecord-Ecosystem
2026-09-30T23:19:52-10:00job:github_sync_all | * branch              main       -> FETCH_HEAD
2026-09-30T23:19:52-10:00job:github_sync_all | ↑ [ecosystem] local is ahead of GitHub
2026-09-30T23:19:52-10:00job:github_sync_all | To github.com:RootRecord-Software-Solutions/RootRecord-Ecosystem.git
2026-09-30T23:19:52-10:00job:github_sync_all | 28d3c175..35338db9  HEAD -> main
2026-09-30T23:19:52-10:00job:github_sync_all | branch 'main' set up to track 'origin/main'.
2026-09-30T23:19:52-10:00job:github_sync_all | ↑ [ecosystem] 5 files → RootRecord-Software-Solutions/RootRecord-Ecosystem (main)
2026-09-30T23:19:52-10:00job:github_sync_all | ↑ [pacific] committed 1 local file(s)
2026-09-30T23:19:52-10:00job:github_sync_all | ↓ [pacific] fetching origin/main
2026-09-30T23:19:52-10:00job:github_sync_all | From github.com:RootRecord-Software-Solutions/RootRecord-Pacific-Solar-Server
2026-09-30T23:19:52-10:00job:github_sync_all | * branch            main       -> FETCH_HEAD
2026-09-30T23:19:52-10:00job:github_sync_all | ↑ [pacific] local is ahead of GitHub
2026-09-30T23:19:52-10:00job:github_sync_all | To github.com:RootRecord-Software-Solutions/RootRecord-Pacific-Solar-Server.git
2026-09-30T23:19:52-10:00job:github_sync_all | c176e3e..b430885  HEAD -> main
2026-09-30T23:19:52-10:00job:github_sync_all | branch 'main' set up to track 'origin/main'.
2026-09-30T23:19:52-10:00job:github_sync_all | ↑ [pacific] 1 files → RootRecord-Software-Solutions/RootRecord-Pacific-Solar-Server (main)
2026-09-30T23:19:52-10:00job:github_sync_all | ↑ [database] committed 19 local file(s)
2026-09-30T23:19:52-10:00job:github_sync_all | ↓ [database] fetching origin/main
2026-09-30T23:19:52-10:00job:github_sync_all | From github.com:RootRecord-Software-Solutions/RootRecord-Database
2026-09-30T23:19:52-10:00job:github_sync_all | * branch              main       -> FETCH_HEAD
2026-09-30T23:19:52-10:00job:github_sync_all | ↑ [database] local is ahead of GitHub
2026-09-30T23:19:52-10:00job:github_sync_all | To github.com:RootRecord-Software-Solutions/RootRecord-Database.git
2026-09-30T23:19:52-10:00job:github_sync_all | 3ff37782..27c7dd30  HEAD -> main
2026-09-30T23:19:52-10:00job:github_sync_all | branch 'main' set up to track 'origin/main'.
2026-09-30T23:19:52-10:00job:github_sync_all | ↑ [database] 19 files → RootRecord-Software-Solutions/RootRecord-Database (main)
2026-09-30T23:19:52-10:00job:github_sync_all | — [library] no local changes
2026-09-30T23:19:52-10:00job:github_sync_all | ↓ [library] fetching origin/main
2026-09-30T23:19:52-10:00job:github_sync_all | From github.com:RootRecord-Software-Solutions/RootRecord-Library
2026-09-30T23:19:52-10:00job:github_sync_all | * branch            main       -> FETCH_HEAD
2026-09-30T23:19:52-10:00job:github_sync_all | — [library] local and GitHub already match
2026-09-30T23:19:52-10:00job:github_sync_all | — [library] nothing to push
2026-09-30T23:19:52-10:00job:github_sync_all | — [website] no local changes
2026-09-30T23:19:52-10:00job:github_sync_all | ↓ [website] fetching origin/main
2026-09-30T23:19:52-10:00job:github_sync_all | From github.com:RootRecord-Software-Solutions/RootRecord-Website
2026-09-30T23:19:52-10:00job:github_sync_all | * branch            main       -> FETCH_HEAD
2026-09-30T23:19:52-10:00job:github_sync_all | — [website] local and GitHub already match
2026-09-30T23:19:52-10:00job:github_sync_all | — [website] nothing to push
2026-09-30T23:19:52-10:00job:github_sync_all | — [website-personal] no local changes
2026-09-30T23:19:52-10:00job:security_camera_frame_grab RUN  bash "/home/rootrecord/RootRecord-Ecosystem/1 - Servers/1 - RootRecord-Pacific-Solar-Server/Security/Cameras/grab_all.sh"
2026-09-30T23:20:10-10:00job:security_camera_frame_grab | 23:19:52  📷  a-eyes  ch1 → ch1-20261001T091952Z.jpg  (277.1 KB, 4.33s)
2026-09-30T23:20:10-10:00job:security_camera_frame_grab | 23:19:57  📷  a-eyes  ch2 → ch2-20261001T091957Z.jpg  (136.4 KB, 4.47s)
2026-09-30T23:20:10-10:00job:security_camera_frame_grab | 23:20:01  📷  a-eyes  ch3 → ch3-20261001T092001Z.jpg  (374.4 KB, 4.29s)
2026-09-30T23:20:10-10:00job:security_camera_frame_grab | 23:20:06  📷  a-eyes  ch4 → ch4-20261001T092006Z.jpg  (328.3 KB, 4.64s)
2026-09-30T23:20:10-10:00job:geology_collect RUN  nice -n 10 python3 "/home/rootrecord/RootRecord-Ecosystem/1 - Servers/1 - RootRecord-Pacific-Solar-Server/Geology/scripts/geology_collect.py" all
2026-09-30T23:20:13-10:00job:geology_collect | {"ok": true, "at": "2026-09-30T23:20:10-10:00", "what": "all", "dry_run": false, "sources": {"hawaii": {"ok": true, "count": 23, "new": 2, "new_m2": 1, "ms": 1055}, "global": {"ok": true, "count": 34, "new": 1, "ms": 276}, "hvo_notices": {"ok": true, "count": 44, "new": 0, "ms": 703}, "hvo_status": {"ok": true, "volcanoes": 8, "kilauea": "WATCH", "mauna_loa": "NORMAL", "ms": 511}}}
2026-09-30T23:20:13-10:00job:system_net_sample RUN  nice -n 10 python3 "/home/rootrecord/RootRecord-Ecosystem/1 - Servers/1 - RootRecord-Pacific-Solar-Server/System/scripts/host_desks.py" net-sample
2026-09-30T23:20:13-10:00job:system_net_sample | {"ok": true, "file": "/home/rootrecord/RootRecord-Ecosystem/2 - RootRecord-Database/System/network/Daily/net-20260930.jsonl", "iface": "wlo1", "hour": null, "day": null}
2026-09-30T23:20:13-10:00job:discord_report_relay RUN  nice -n 10 python3 "/home/rootrecord/RootRecord-Ecosystem/1 - Servers/1 - RootRecord-Pacific-Solar-Server/Communications/Discord/scripts/report_relay.py"
2026-09-30T23:20:13-10:00job:discord_report_relay | same
2026-09-30T23:20:14-10:00ENERGY  status=live  B2=15.4%  B1=74.5%  solar=0 W  ac=94 W  usbc=0 W  src=/home/rootrecord/RootRecord-Ecosystem/2 - RootRecord-Database/Energy  LAP=100%/Full/AC
2026-09-30T23:20:29-10:00  ▸  SUMMARY=delta2 soc=15.11% solar=0W ac_out=123W usbc=0W src=ble db=ok
2026-09-30T23:20:29-10:00job:sys_stats_cycle RUN  bash "/home/rootrecord/RootRecord-Ecosystem/1 - Servers/1 - RootRecord-Pacific-Solar-Server/System/scripts/sys-sample.sh"
2026-09-30T23:20:30-10:00job:sys_stats_cycle | SYSTEM  cpu=5%  load=1.47  mem=50%  src=sqlite
2026-09-30T23:20:30-10:00job:sys_stats_cycle | OK wrote /home/rootrecord/RootRecord-Ecosystem/2 - RootRecord-Database/System/samples/sys-20260930-232030.json
2026-09-30T23:21:23-10:00job:github_sync_all | ↑ [ecosystem] committed 9 local file(s)
2026-09-30T23:21:23-10:00job:github_sync_all | ↓ [ecosystem] fetching origin/main
2026-09-30T23:21:23-10:00job:github_sync_all | From github.com:RootRecord-Software-Solutions/RootRecord-Ecosystem
2026-09-30T23:21:23-10:00job:github_sync_all | * branch              main       -> FETCH_HEAD
2026-09-30T23:21:23-10:00job:github_sync_all | ↑ [ecosystem] local is ahead of GitHub
2026-09-30T23:21:23-10:00job:github_sync_all | To github.com:RootRecord-Software-Solutions/RootRecord-Ecosystem.git
2026-09-30T23:21:23-10:00job:github_sync_all | 35338db9..6c2a15c8  HEAD -> main
2026-09-30T23:21:23-10:00job:github_sync_all | branch 'main' set up to track 'origin/main'.
2026-09-30T23:21:23-10:00job:github_sync_all | ↑ [ecosystem] 9 files → RootRecord-Software-Solutions/RootRecord-Ecosystem (main)
2026-09-30T23:21:23-10:00job:github_sync_all | — [pacific] no local changes
2026-09-30T23:21:23-10:00job:github_sync_all | ↓ [pacific] fetching origin/main
2026-09-30T23:21:23-10:00job:github_sync_all | From github.com:RootRecord-Software-Solutions/RootRecord-Pacific-Solar-Server
2026-09-30T23:21:23-10:00job:github_sync_all | * branch            main       -> FETCH_HEAD
2026-09-30T23:21:23-10:00job:github_sync_all | — [pacific] local and GitHub already match
2026-09-30T23:21:23-10:00job:github_sync_all | — [pacific] nothing to push
2026-09-30T23:21:23-10:00job:github_sync_all | ↑ [database] committed 22 local file(s)
2026-09-30T23:21:23-10:00job:github_sync_all | ↓ [database] fetching origin/main
2026-09-30T23:21:23-10:00job:github_sync_all | From github.com:RootRecord-Software-Solutions/RootRecord-Database
2026-09-30T23:21:23-10:00job:github_sync_all | * branch              main       -> FETCH_HEAD
2026-09-30T23:21:23-10:00job:github_sync_all | ↑ [database] local is ahead of GitHub
2026-09-30T23:21:23-10:00job:github_sync_all | To github.com:RootRecord-Software-Solutions/RootRecord-Database.git
2026-09-30T23:21:23-10:00job:github_sync_all | 27c7dd30..3ed37164  HEAD -> main
2026-09-30T23:21:23-10:00job:github_sync_all | branch 'main' set up to track 'origin/main'.
2026-09-30T23:21:23-10:00job:github_sync_all | ↑ [database] 22 files → RootRecord-Software-Solutions/RootRecord-Database (main)
2026-09-30T23:21:23-10:00job:github_sync_all | — [library] no local changes
2026-09-30T23:21:23-10:00job:github_sync_all | ↓ [library] fetching origin/main
2026-09-30T23:21:23-10:00job:github_sync_all | From github.com:RootRecord-Software-Solutions/RootRecord-Library
2026-09-30T23:21:23-10:00job:github_sync_all | * branch            main       -> FETCH_HEAD
2026-09-30T23:21:23-10:00job:github_sync_all | — [library] local and GitHub already match
2026-09-30T23:21:23-10:00job:github_sync_all | — [library] nothing to push
2026-09-30T23:21:23-10:00job:github_sync_all | — [website] no local changes
2026-09-30T23:21:23-10:00job:github_sync_all | ↓ [website] fetching origin/main
2026-09-30T23:21:23-10:00job:github_sync_all | From github.com:RootRecord-Software-Solutions/RootRecord-Website
2026-09-30T23:21:23-10:00job:github_sync_all | * branch            main       -> FETCH_HEAD
2026-09-30T23:21:23-10:00job:github_sync_all | — [website] local and GitHub already match
2026-09-30T23:21:23-10:00job:github_sync_all | — [website] nothing to push
2026-09-30T23:21:23-10:00job:github_sync_all | — [website-personal] no local changes
2026-09-30T23:21:23-10:00job:github_sync_all | ↓ [website-personal] fetching origin/main
2026-09-30T23:21:23-10:00job:github_sync_all | From github.com:rootrecordsoftwaresolutions/RootRecord-Website
2026-09-30T23:21:23-10:00job:github_sync_all | * branch            main       -> FETCH_HEAD
2026-09-30T23:21:23-10:00job:worklog_scan RUN  bash "/home/rootrecord/RootRecord-Ecosystem/1 - Servers/1 - RootRecord-Pacific-Solar-Server/Reports/scripts/worklog_once.sh"
2026-09-30T23:21:29-10:00job:worklog_scan | OK wrote/updated /home/rootrecord/RootRecord-Ecosystem/2 - RootRecord-Database/Worklog/worklog_current.md
2026-09-30T23:21:29-10:00job:security_camera_frame_grab RUN  bash "/home/rootrecord/RootRecord-Ecosystem/1 - Servers/1 - RootRecord-Pacific-Solar-Server/Security/Cameras/grab_all.sh"
2026-09-30T23:21:47-10:00job:security_camera_frame_grab | 23:21:29  📷  a-eyes  ch1 → ch1-20261001T092129Z.jpg  (276.6 KB, 4.47s)
2026-09-30T23:21:47-10:00job:security_camera_frame_grab | 23:21:34  📷  a-eyes  ch2 → ch2-20261001T092134Z.jpg  (136.3 KB, 4.67s)
2026-09-30T23:21:47-10:00job:security_camera_frame_grab | 23:21:38  📷  a-eyes  ch3 → ch3-20261001T092138Z.jpg  (381.7 KB, 4.47s)
2026-09-30T23:21:47-10:00job:security_camera_frame_grab | 23:21:43  📷  a-eyes  ch4 → ch4-20261001T092143Z.jpg  (318.4 KB, 4.49s)
2026-09-30T23:21:47-10:00job:status_snapshot RUN  nice -n 10 python3 "/home/rootrecord/RootRecord-Ecosystem/1 - Servers/1 - RootRecord-Pacific-Solar-Server/Website/scripts/live_data_pages.py"
2026-09-30T23:21:47-10:00job:status_snapshot | live-data 5 pages
2026-09-30T23:21:48-10:00ENERGY  status=live  B2=15.1%  B1=74.5%  solar=0 W  ac=123 W  usbc=0 W  src=/home/rootrecord/RootRecord-Ecosystem/2 - RootRecord-Database/Energy  LAP=100%/Full/AC
2026-09-30T23:22:05-10:00  ▸  SUMMARY=river2pro soc=74.16% solar=0W ac_out=0W usbc=20W src=ble+cloud db=ok
2026-09-30T23:22:05-10:00job:sys_stats_cycle RUN  bash "/home/rootrecord/RootRecord-Ecosystem/1 - Servers/1 - RootRecord-Pacific-Solar-Server/System/scripts/sys-sample.sh"
2026-09-30T23:22:06-10:00job:sys_stats_cycle | SYSTEM  cpu=5%  load=0.84  mem=50%  src=sqlite
2026-09-30T23:22:06-10:00job:sys_stats_cycle | OK wrote /home/rootrecord/RootRecord-Ecosystem/2 - RootRecord-Database/System/samples/sys-20260930-232205.json
2026-09-30T23:23:25-10:00job:github_sync_all | ↑ [ecosystem] committed 11 local file(s)
2026-09-30T23:23:25-10:00job:github_sync_all | ↓ [ecosystem] fetching origin/main
2026-09-30T23:23:25-10:00job:github_sync_all | From github.com:RootRecord-Software-Solutions/RootRecord-Ecosystem
2026-09-30T23:23:25-10:00job:github_sync_all | * branch              main       -> FETCH_HEAD
2026-09-30T23:23:25-10:00job:github_sync_all | ↑ [ecosystem] local is ahead of GitHub
2026-09-30T23:23:25-10:00job:github_sync_all | To github.com:RootRecord-Software-Solutions/RootRecord-Ecosystem.git
2026-09-30T23:23:25-10:00job:github_sync_all | 6c2a15c8..743a9074  HEAD -> main
2026-09-30T23:23:25-10:00job:github_sync_all | branch 'main' set up to track 'origin/main'.
2026-09-30T23:23:25-10:00job:github_sync_all | ↑ [ecosystem] 11 files → RootRecord-Software-Solutions/RootRecord-Ecosystem (main)
2026-09-30T23:23:25-10:00job:github_sync_all | ↑ [pacific] committed 3 local file(s)
2026-09-30T23:23:25-10:00job:github_sync_all | ↓ [pacific] fetching origin/main
2026-09-30T23:23:25-10:00job:github_sync_all | From github.com:RootRecord-Software-Solutions/RootRecord-Pacific-Solar-Server
2026-09-30T23:23:25-10:00job:github_sync_all | * branch            main       -> FETCH_HEAD
2026-09-30T23:23:25-10:00job:github_sync_all | ↑ [pacific] local is ahead of GitHub
2026-09-30T23:23:25-10:00job:github_sync_all | To github.com:RootRecord-Software-Solutions/RootRecord-Pacific-Solar-Server.git
2026-09-30T23:23:25-10:00job:github_sync_all | b430885..4ff0f70  HEAD -> main
2026-09-30T23:23:25-10:00job:github_sync_all | branch 'main' set up to track 'origin/main'.
2026-09-30T23:23:25-10:00job:github_sync_all | ↑ [pacific] 3 files → RootRecord-Software-Solutions/RootRecord-Pacific-Solar-Server (main)
2026-09-30T23:23:25-10:00job:github_sync_all | ↑ [database] committed 20 local file(s)
2026-09-30T23:23:25-10:00job:github_sync_all | ↓ [database] fetching origin/main
2026-09-30T23:23:25-10:00job:github_sync_all | From github.com:RootRecord-Software-Solutions/RootRecord-Database
2026-09-30T23:23:25-10:00job:github_sync_all | * branch              main       -> FETCH_HEAD
2026-09-30T23:23:25-10:00job:github_sync_all | ↑ [database] local is ahead of GitHub
2026-09-30T23:23:25-10:00job:github_sync_all | To github.com:RootRecord-Software-Solutions/RootRecord-Database.git
2026-09-30T23:23:25-10:00job:github_sync_all | 3ed37164..ebc651e8  HEAD -> main
2026-09-30T23:23:25-10:00job:github_sync_all | branch 'main' set up to track 'origin/main'.
2026-09-30T23:23:25-10:00job:github_sync_all | ↑ [database] 20 files → RootRecord-Software-Solutions/RootRecord-Database (main)
2026-09-30T23:23:25-10:00job:github_sync_all | — [library] no local changes
2026-09-30T23:23:25-10:00job:github_sync_all | ↓ [library] fetching origin/main
2026-09-30T23:23:25-10:00job:github_sync_all | From github.com:RootRecord-Software-Solutions/RootRecord-Library
2026-09-30T23:23:25-10:00job:github_sync_all | * branch            main       -> FETCH_HEAD
2026-09-30T23:23:25-10:00job:github_sync_all | — [library] local and GitHub already match
2026-09-30T23:23:25-10:00job:github_sync_all | — [library] nothing to push
2026-09-30T23:23:25-10:00job:github_sync_all | — [website] no local changes
2026-09-30T23:23:25-10:00job:github_sync_all | ↓ [website] fetching origin/main
2026-09-30T23:23:25-10:00job:github_sync_all | From github.com:RootRecord-Software-Solutions/RootRecord-Website
2026-09-30T23:23:25-10:00job:github_sync_all | * branch            main       -> FETCH_HEAD
2026-09-30T23:23:25-10:00job:github_sync_all | — [website] local and GitHub already match
2026-09-30T23:23:25-10:00job:github_sync_all | — [website] nothing to push
2026-09-30T23:23:25-10:00job:github_sync_all | — [website-personal] no local changes
2026-09-30T23:23:26-10:00ENERGY  status=live  B2=15.1%  B1=74.2%  solar=0 W  ac=123 W  usbc=0 W  src=/home/rootrecord/RootRecord-Ecosystem/2 - RootRecord-Database/Energy  LAP=100%/Full/AC
2026-09-30T23:23:41-10:00  ▸  SUMMARY=river2pro soc=74.07% solar=0W ac_out=0W usbc=20W src=ble+cloud db=ok
2026-09-30T23:23:41-10:00job:sys_stats_cycle RUN  bash "/home/rootrecord/RootRecord-Ecosystem/1 - Servers/1 - RootRecord-Pacific-Solar-Server/System/scripts/sys-sample.sh"
2026-09-30T23:23:42-10:00job:sys_stats_cycle | SYSTEM  cpu=7%  load=1.92  mem=51%  src=sqlite
2026-09-30T23:23:42-10:00job:sys_stats_cycle | OK wrote /home/rootrecord/RootRecord-Ecosystem/2 - RootRecord-Database/System/samples/sys-20260930-232341.json
2026-09-30T23:23:42-10:00job:worklog_scan RUN  bash "/home/rootrecord/RootRecord-Ecosystem/1 - Servers/1 - RootRecord-Pacific-Solar-Server/Reports/scripts/worklog_once.sh"
2026-09-30T23:23:45-10:00job:worklog_scan | OK wrote/updated /home/rootrecord/RootRecord-Ecosystem/2 - RootRecord-Database/Worklog/worklog_current.md
2026-09-30T23:23:45-10:00job:security_camera_frame_grab RUN  bash "/home/rootrecord/RootRecord-Ecosystem/1 - Servers/1 - RootRecord-Pacific-Solar-Server/Security/Cameras/grab_all.sh"
2026-09-30T23:24:03-10:00job:security_camera_frame_grab | 23:23:45  📷  a-eyes  ch1 → ch1-20261001T092345Z.jpg  (276.8 KB, 4.59s)
2026-09-30T23:24:03-10:00job:security_camera_frame_grab | 23:23:49  📷  a-eyes  ch2 → ch2-20261001T092349Z.jpg  (137.7 KB, 4.61s)
2026-09-30T23:24:03-10:00job:security_camera_frame_grab | 23:23:54  📷  a-eyes  ch3 → ch3-20261001T092354Z.jpg  (373.0 KB, 4.39s)
2026-09-30T23:24:03-10:00job:security_camera_frame_grab | 23:23:58  📷  a-eyes  ch4 → ch4-20261001T092358Z.jpg  (298.4 KB, 4.35s)
2026-09-30T23:24:03-10:00job:status_snapshot RUN  nice -n 10 python3 "/home/rootrecord/RootRecord-Ecosystem/1 - Servers/1 - RootRecord-Pacific-Solar-Server/Website/scripts/live_data_pages.py"
2026-09-30T23:24:03-10:00job:status_snapshot | live-data 5 pages
2026-09-30T23:24:18-10:00  ▸  SUMMARY=delta2 soc=14.3% solar=0W ac_out=78W usbc=0W src=ble db=ok
2026-09-30T23:24:18-10:00job:sys_stats_cycle RUN  bash "/home/rootrecord/RootRecord-Ecosystem/1 - Servers/1 - RootRecord-Pacific-Solar-Server/System/scripts/sys-sample.sh"
2026-09-30T23:24:19-10:00job:sys_stats_cycle | SYSTEM  cpu=10%  load=1.58  mem=51%  src=sqlite
2026-09-30T23:24:19-10:00job:sys_stats_cycle | OK wrote /home/rootrecord/RootRecord-Ecosystem/2 - RootRecord-Database/System/samples/sys-20260930-232419.json
2026-09-30T23:26:15-10:00job:github_sync_all | ↑ [ecosystem] committed 5 local file(s)
2026-09-30T23:26:15-10:00job:github_sync_all | ↓ [ecosystem] fetching origin/main
2026-09-30T23:26:15-10:00job:github_sync_all | From github.com:RootRecord-Software-Solutions/RootRecord-Ecosystem
2026-09-30T23:26:15-10:00job:github_sync_all | * branch              main       -> FETCH_HEAD
2026-09-30T23:26:15-10:00job:github_sync_all | + 7d633599...743a9074 main       -> origin/main  (forced update)
2026-09-30T23:26:15-10:00job:github_sync_all | ↑ [ecosystem] local is ahead of GitHub
2026-09-30T23:26:15-10:00job:github_sync_all | To github.com:RootRecord-Software-Solutions/RootRecord-Ecosystem.git
2026-09-30T23:26:15-10:00job:github_sync_all | 743a9074..bf6ae35e  HEAD -> main
2026-09-30T23:26:15-10:00job:github_sync_all | branch 'main' set up to track 'origin/main'.
2026-09-30T23:26:15-10:00job:github_sync_all | ↑ [ecosystem] 5 files → RootRecord-Software-Solutions/RootRecord-Ecosystem (main)
2026-09-30T23:26:15-10:00job:github_sync_all | ↑ [pacific] committed 1 local file(s)
2026-09-30T23:26:15-10:00job:github_sync_all | ↓ [pacific] fetching origin/main
2026-09-30T23:26:15-10:00job:github_sync_all | From github.com:RootRecord-Software-Solutions/RootRecord-Pacific-Solar-Server
2026-09-30T23:26:15-10:00job:github_sync_all | * branch            main       -> FETCH_HEAD
2026-09-30T23:26:15-10:00job:github_sync_all | ↑ [pacific] local is ahead of GitHub
2026-09-30T23:26:15-10:00job:github_sync_all | To github.com:RootRecord-Software-Solutions/RootRecord-Pacific-Solar-Server.git
2026-09-30T23:26:15-10:00job:github_sync_all | 4ff0f70..c77fae1  HEAD -> main
2026-09-30T23:26:15-10:00job:github_sync_all | branch 'main' set up to track 'origin/main'.
2026-09-30T23:26:15-10:00job:github_sync_all | ↑ [pacific] 1 files → RootRecord-Software-Solutions/RootRecord-Pacific-Solar-Server (main)
2026-09-30T23:26:15-10:00job:github_sync_all | ↑ [database] committed 23 local file(s)
2026-09-30T23:26:15-10:00job:github_sync_all | ↓ [database] fetching origin/main
2026-09-30T23:26:15-10:00job:github_sync_all | From github.com:RootRecord-Software-Solutions/RootRecord-Database
2026-09-30T23:26:15-10:00job:github_sync_all | * branch              main       -> FETCH_HEAD
2026-09-30T23:26:15-10:00job:github_sync_all | ↑ [database] local is ahead of GitHub
2026-09-30T23:26:15-10:00job:github_sync_all | To github.com:RootRecord-Software-Solutions/RootRecord-Database.git
2026-09-30T23:26:15-10:00job:github_sync_all | ebc651e8..fb41bff9  HEAD -> main
2026-09-30T23:26:15-10:00job:github_sync_all | branch 'main' set up to track 'origin/main'.
2026-09-30T23:26:15-10:00job:github_sync_all | ↑ [database] 23 files → RootRecord-Software-Solutions/RootRecord-Database (main)
2026-09-30T23:26:15-10:00job:github_sync_all | — [library] no local changes
2026-09-30T23:26:15-10:00job:github_sync_all | ↓ [library] fetching origin/main
2026-09-30T23:26:15-10:00job:github_sync_all | From github.com:RootRecord-Software-Solutions/RootRecord-Library
2026-09-30T23:26:15-10:00job:github_sync_all | * branch            main       -> FETCH_HEAD
2026-09-30T23:26:15-10:00job:github_sync_all | — [library] local and GitHub already match
2026-09-30T23:26:15-10:00job:github_sync_all | — [library] nothing to push
2026-09-30T23:26:15-10:00job:github_sync_all | ↑ [website] committed 2 local file(s)
2026-09-30T23:26:15-10:00job:github_sync_all | ↓ [website] fetching origin/main
2026-09-30T23:26:15-10:00job:github_sync_all | From github.com:RootRecord-Software-Solutions/RootRecord-Website
2026-09-30T23:26:15-10:00job:github_sync_all | * branch            main       -> FETCH_HEAD
2026-09-30T23:26:15-10:00job:github_sync_all | ↑ [website] local is ahead of GitHub
2026-09-30T23:26:15-10:00job:github_sync_all | To github.com:RootRecord-Software-Solutions/RootRecord-Website.git
2026-09-30T23:26:15-10:00job:service_supervisor RUN  bash "/home/rootrecord/RootRecord-Ecosystem/1 - Servers/1 - RootRecord-Pacific-Solar-Server/Automations/scripts/supervise-services.sh"
2026-09-30T23:26:15-10:00job:service_supervisor | [supervisor] weather alive pid=30098 (act)
2026-09-30T23:26:15-10:00job:service_supervisor | [supervisor] relay alive pid=44115 (act)
2026-09-30T23:26:16-10:00ENERGY  status=live  B2=14.3%  B1=74.1%  solar=0 W  ac=78 W  usbc=0 W  src=/home/rootrecord/RootRecord-Ecosystem/2 - RootRecord-Database/Energy  LAP=100%/Full/AC
2026-09-30T23:26:32-10:00  ▸  SUMMARY=river2pro soc=73.93% solar=0W ac_out=0W usbc=23W src=ble+cloud db=ok
2026-09-30T23:26:32-10:00job:sys_stats_cycle RUN  bash "/home/rootrecord/RootRecord-Ecosystem/1 - Servers/1 - RootRecord-Pacific-Solar-Server/System/scripts/sys-sample.sh"
2026-09-30T23:26:33-10:00job:sys_stats_cycle | SYSTEM  cpu=6%  load=1.08  mem=53%  src=sqlite
2026-09-30T23:26:33-10:00job:sys_stats_cycle | OK wrote /home/rootrecord/RootRecord-Ecosystem/2 - RootRecord-Database/System/samples/sys-20260930-232633.json
2026-09-30T23:26:33-10:00job:worklog_scan RUN  bash "/home/rootrecord/RootRecord-Ecosystem/1 - Servers/1 - RootRecord-Pacific-Solar-Server/Reports/scripts/worklog_once.sh"
2026-09-30T23:26:45-10:00job:worklog_scan | OK wrote/updated /home/rootrecord/RootRecord-Ecosystem/2 - RootRecord-Database/Worklog/worklog_current.md
2026-09-30T23:26:45-10:00job:security_camera_frame_grab RUN  bash "/home/rootrecord/RootRecord-Ecosystem/1 - Servers/1 - RootRecord-Pacific-Solar-Server/Security/Cameras/grab_all.sh"
2026-09-30T23:27:03-10:00job:security_camera_frame_grab | 23:26:45  📷  a-eyes  ch1 → ch1-20261001T092645Z.jpg  (277.0 KB, 4.19s)
2026-09-30T23:27:03-10:00job:security_camera_frame_grab | 23:26:50  📷  a-eyes  ch2 → ch2-20261001T092650Z.jpg  (137.2 KB, 4.50s)
2026-09-30T23:27:03-10:00job:security_camera_frame_grab | 23:26:54  📷  a-eyes  ch3 → ch3-20261001T092654Z.jpg  (376.8 KB, 4.27s)
2026-09-30T23:27:03-10:00job:security_camera_frame_grab | 23:26:59  📷  a-eyes  ch4 → ch4-20261001T092659Z.jpg  (296.7 KB, 4.32s)
2026-09-30T23:27:03-10:00job:geology_collect RUN  nice -n 10 python3 "/home/rootrecord/RootRecord-Ecosystem/1 - Servers/1 - RootRecord-Pacific-Solar-Server/Geology/scripts/geology_collect.py" all
2026-09-30T23:27:09-10:00job:geology_collect | {"ok": true, "at": "2026-09-30T23:27:03-10:00", "what": "all", "dry_run": false, "sources": {"hawaii": {"ok": true, "count": 24, "new": 1, "new_m2": 1, "ms": 300}, "global": {"ok": true, "count": 36, "new": 2, "ms": 305}, "hvo_notices": {"ok": true, "count": 44, "new": 0, "ms": 4903}, "hvo_status": {"ok": true, "volcanoes": 8, "kilauea": "WATCH", "mauna_loa": "NORMAL", "ms": 614}}}
2026-09-30T23:27:09-10:00job:status_snapshot RUN  nice -n 10 python3 "/home/rootrecord/RootRecord-Ecosystem/1 - Servers/1 - RootRecord-Pacific-Solar-Server/Website/scripts/live_data_pages.py"
2026-09-30T23:27:09-10:00job:status_snapshot | live-data 5 pages
2026-09-30T23:27:09-10:00job:system_net_sample RUN  nice -n 10 python3 "/home/rootrecord/RootRecord-Ecosystem/1 - Servers/1 - RootRecord-Pacific-Solar-Server/System/scripts/host_desks.py" net-sample
2026-09-30T23:27:09-10:00job:system_net_sample | {"ok": true, "file": "/home/rootrecord/RootRecord-Ecosystem/2 - RootRecord-Database/System/network/Daily/net-20260930.jsonl", "iface": "wlo1", "hour": null, "day": null}
2026-09-30T23:27:09-10:00job:discord_report_relay RUN  nice -n 10 python3 "/home/rootrecord/RootRecord-Ecosystem/1 - Servers/1 - RootRecord-Pacific-Solar-Server/Communications/Discord/scripts/report_relay.py"
2026-09-30T23:27:10-10:00job:discord_report_relay | same
2026-09-30T23:27:25-10:00  ▸  SUMMARY=delta2 soc=13.59% solar=0W ac_out=83W usbc=0W src=ble db=ok
2026-09-30T23:27:25-10:00job:sys_stats_cycle RUN  bash "/home/rootrecord/RootRecord-Ecosystem/1 - Servers/1 - RootRecord-Pacific-Solar-Server/System/scripts/sys-sample.sh"
2026-09-30T23:27:26-10:00job:sys_stats_cycle | SYSTEM  cpu=5%  load=1.05  mem=52%  src=sqlite
2026-09-30T23:27:26-10:00job:sys_stats_cycle | OK wrote /home/rootrecord/RootRecord-Ecosystem/2 - RootRecord-Database/System/samples/sys-20260930-232725.json
2026-09-30T23:28:34-10:00job:github_sync_all | ↑ [ecosystem] committed 16 local file(s)
2026-09-30T23:28:34-10:00job:github_sync_all | ↓ [ecosystem] fetching origin/main
2026-09-30T23:28:34-10:00job:github_sync_all | From github.com:RootRecord-Software-Solutions/RootRecord-Ecosystem
2026-09-30T23:28:34-10:00job:github_sync_all | * branch              main       -> FETCH_HEAD
2026-09-30T23:28:34-10:00job:github_sync_all | ↑ [ecosystem] local is ahead of GitHub
2026-09-30T23:28:34-10:00job:github_sync_all | To github.com:RootRecord-Software-Solutions/RootRecord-Ecosystem.git
2026-09-30T23:28:34-10:00job:github_sync_all | bf6ae35e..7e77dfe8  HEAD -> main
2026-09-30T23:28:34-10:00job:github_sync_all | branch 'main' set up to track 'origin/main'.
2026-09-30T23:28:34-10:00job:github_sync_all | ↑ [ecosystem] 16 files → RootRecord-Software-Solutions/RootRecord-Ecosystem (main)
2026-09-30T23:28:34-10:00job:github_sync_all | ↑ [pacific] committed 3 local file(s)
2026-09-30T23:28:34-10:00job:github_sync_all | ↓ [pacific] fetching origin/main
2026-09-30T23:28:34-10:00job:github_sync_all | From github.com:RootRecord-Software-Solutions/RootRecord-Pacific-Solar-Server
2026-09-30T23:28:34-10:00job:github_sync_all | * branch            main       -> FETCH_HEAD
2026-09-30T23:28:34-10:00job:github_sync_all | ↑ [pacific] local is ahead of GitHub
2026-09-30T23:28:34-10:00job:github_sync_all | To github.com:RootRecord-Software-Solutions/RootRecord-Pacific-Solar-Server.git
2026-09-30T23:28:34-10:00job:github_sync_all | c77fae1..ab9e994  HEAD -> main
2026-09-30T23:28:34-10:00job:github_sync_all | branch 'main' set up to track 'origin/main'.
2026-09-30T23:28:34-10:00job:github_sync_all | ↑ [pacific] 3 files → RootRecord-Software-Solutions/RootRecord-Pacific-Solar-Server (main)
2026-09-30T23:28:34-10:00job:github_sync_all | ↑ [database] committed 33 local file(s)
2026-09-30T23:28:34-10:00job:github_sync_all | ↓ [database] fetching origin/main
2026-09-30T23:28:34-10:00job:github_sync_all | From github.com:RootRecord-Software-Solutions/RootRecord-Database
2026-09-30T23:28:34-10:00job:github_sync_all | * branch              main       -> FETCH_HEAD
2026-09-30T23:28:34-10:00job:github_sync_all | ↑ [database] local is ahead of GitHub
2026-09-30T23:28:34-10:00job:github_sync_all | To github.com:RootRecord-Software-Solutions/RootRecord-Database.git
2026-09-30T23:28:34-10:00job:github_sync_all | fb41bff9..87460acc  HEAD -> main
2026-09-30T23:28:34-10:00job:github_sync_all | branch 'main' set up to track 'origin/main'.
2026-09-30T23:28:34-10:00job:github_sync_all | ↑ [database] 33 files → RootRecord-Software-Solutions/RootRecord-Database (main)
2026-09-30T23:28:34-10:00job:github_sync_all | — [library] no local changes
2026-09-30T23:28:34-10:00job:github_sync_all | ↓ [library] fetching origin/main
2026-09-30T23:28:34-10:00job:github_sync_all | From github.com:RootRecord-Software-Solutions/RootRecord-Library
2026-09-30T23:28:34-10:00job:github_sync_all | * branch            main       -> FETCH_HEAD
2026-09-30T23:28:34-10:00job:github_sync_all | — [library] local and GitHub already match
2026-09-30T23:28:34-10:00job:github_sync_all | — [library] nothing to push
2026-09-30T23:28:34-10:00job:github_sync_all | — [website] no local changes
2026-09-30T23:28:34-10:00job:github_sync_all | ↓ [website] fetching origin/main
2026-09-30T23:28:34-10:00job:github_sync_all | From github.com:RootRecord-Software-Solutions/RootRecord-Website
2026-09-30T23:28:34-10:00job:github_sync_all | * branch            main       -> FETCH_HEAD
2026-09-30T23:28:34-10:00job:github_sync_all | — [website] local and GitHub already match
2026-09-30T23:28:34-10:00job:github_sync_all | — [website] nothing to push
2026-09-30T23:28:34-10:00job:github_sync_all | — [website-personal] no local changes
2026-09-30T23:28:34-10:00job:security_camera_frame_grab RUN  bash "/home/rootrecord/RootRecord-Ecosystem/1 - Servers/1 - RootRecord-Pacific-Solar-Server/Security/Cameras/grab_all.sh"
2026-09-30T23:28:51-10:00job:security_camera_frame_grab | 23:28:34  📷  a-eyes  ch1 → ch1-20261001T092834Z.jpg  (277.4 KB, 4.52s)
2026-09-30T23:28:51-10:00job:security_camera_frame_grab | 23:28:38  📷  a-eyes  ch2 → ch2-20261001T092838Z.jpg  (136.1 KB, 4.37s)
2026-09-30T23:28:51-10:00job:security_camera_frame_grab | 23:28:43  📷  a-eyes  ch3 → ch3-20261001T092843Z.jpg  (375.4 KB, 4.39s)
2026-09-30T23:28:51-10:00job:security_camera_frame_grab | 23:28:47  📷  a-eyes  ch4 → ch4-20261001T092847Z.jpg  (304.5 KB, 4.36s)
2026-09-30T23:28:52-10:00ENERGY  status=live  B2=13.6%  B1=73.9%  solar=0 W  ac=83 W  usbc=0 W  src=/home/rootrecord/RootRecord-Ecosystem/2 - RootRecord-Database/Energy  LAP=100%/Full/AC
2026-09-30T23:29:07-10:00  ▸  SUMMARY=delta2 soc=13.29% solar=0W ac_out=75W usbc=0W src=ble db=ok
2026-09-30T23:29:07-10:00job:sys_stats_cycle RUN  bash "/home/rootrecord/RootRecord-Ecosystem/1 - Servers/1 - RootRecord-Pacific-Solar-Server/System/scripts/sys-sample.sh"
2026-09-30T23:29:08-10:00job:sys_stats_cycle | SYSTEM  cpu=6%  load=1.15  mem=52%  src=sqlite
2026-09-30T23:29:08-10:00job:sys_stats_cycle | OK wrote /home/rootrecord/RootRecord-Ecosystem/2 - RootRecord-Database/System/samples/sys-20260930-232907.json
2026-09-30T23:30:08-10:00job:github_sync_all | — [ecosystem] no committable local changes
2026-09-30T23:30:08-10:00job:github_sync_all | ↓ [ecosystem] fetching origin/main
2026-09-30T23:30:08-10:00job:github_sync_all | From github.com:RootRecord-Software-Solutions/RootRecord-Ecosystem
2026-09-30T23:30:08-10:00job:github_sync_all | * branch              main       -> FETCH_HEAD
2026-09-30T23:30:08-10:00job:github_sync_all | — [ecosystem] local and GitHub already match
2026-09-30T23:30:08-10:00job:github_sync_all | — [ecosystem] nothing to push
2026-09-30T23:30:08-10:00job:github_sync_all | — [pacific] no local changes
2026-09-30T23:30:08-10:00job:github_sync_all | ↓ [pacific] fetching origin/main
2026-09-30T23:30:08-10:00job:github_sync_all | From github.com:RootRecord-Software-Solutions/RootRecord-Pacific-Solar-Server
2026-09-30T23:30:08-10:00job:github_sync_all | * branch            main       -> FETCH_HEAD
2026-09-30T23:30:08-10:00job:github_sync_all | — [pacific] local and GitHub already match
2026-09-30T23:30:08-10:00job:github_sync_all | — [pacific] nothing to push
2026-09-30T23:30:08-10:00job:github_sync_all | ↑ [database] committed 12 local file(s)
2026-09-30T23:30:08-10:00job:github_sync_all | ↓ [database] fetching origin/main
2026-09-30T23:30:08-10:00job:github_sync_all | From github.com:RootRecord-Software-Solutions/RootRecord-Database
2026-09-30T23:30:08-10:00job:github_sync_all | * branch              main       -> FETCH_HEAD
2026-09-30T23:30:08-10:00job:github_sync_all | ↑ [database] local is ahead of GitHub
2026-09-30T23:30:08-10:00job:github_sync_all | To github.com:RootRecord-Software-Solutions/RootRecord-Database.git
2026-09-30T23:30:08-10:00job:github_sync_all | 87460acc..94c12664  HEAD -> main
2026-09-30T23:30:08-10:00job:github_sync_all | branch 'main' set up to track 'origin/main'.
2026-09-30T23:30:08-10:00job:github_sync_all | ↑ [database] 12 files → RootRecord-Software-Solutions/RootRecord-Database (main)
2026-09-30T23:30:08-10:00job:github_sync_all | — [library] no local changes
2026-09-30T23:30:08-10:00job:github_sync_all | ↓ [library] fetching origin/main
2026-09-30T23:30:08-10:00job:github_sync_all | From github.com:RootRecord-Software-Solutions/RootRecord-Library
2026-09-30T23:30:08-10:00job:github_sync_all | * branch            main       -> FETCH_HEAD
2026-09-30T23:30:08-10:00job:github_sync_all | — [library] local and GitHub already match
2026-09-30T23:30:08-10:00job:github_sync_all | — [library] nothing to push
2026-09-30T23:30:08-10:00job:github_sync_all | — [website] no local changes
2026-09-30T23:30:08-10:00job:github_sync_all | ↓ [website] fetching origin/main
2026-09-30T23:30:08-10:00job:github_sync_all | From github.com:RootRecord-Software-Solutions/RootRecord-Website
2026-09-30T23:30:08-10:00job:github_sync_all | * branch            main       -> FETCH_HEAD
2026-09-30T23:30:08-10:00job:github_sync_all | — [website] local and GitHub already match
2026-09-30T23:30:08-10:00job:github_sync_all | — [website] nothing to push
2026-09-30T23:30:08-10:00job:github_sync_all | — [website-personal] no local changes
2026-09-30T23:30:08-10:00job:github_sync_all | ↓ [website-personal] fetching origin/main
2026-09-30T23:30:08-10:00job:github_sync_all | From github.com:rootrecordsoftwaresolutions/RootRecord-Website
2026-09-30T23:30:08-10:00job:github_sync_all | * branch            main       -> FETCH_HEAD
2026-09-30T23:30:08-10:00job:github_sync_all | — [website-personal] local and GitHub already match
2026-09-30T23:30:08-10:00job:github_sync_all | — [website-personal] nothing to push
2026-09-30T23:30:08-10:00job:github_sync_all | — [mainland] no local changes
2026-09-30T23:30:08-10:00job:worklog_scan RUN  bash "/home/rootrecord/RootRecord-Ecosystem/1 - Servers/1 - RootRecord-Pacific-Solar-Server/Reports/scripts/worklog_once.sh"
2026-09-30T23:30:12-10:00job:worklog_scan | OK wrote/updated /home/rootrecord/RootRecord-Ecosystem/2 - RootRecord-Database/Worklog/worklog_current.md
2026-09-30T23:30:12-10:00job:status_snapshot RUN  nice -n 10 python3 "/home/rootrecord/RootRecord-Ecosystem/1 - Servers/1 - RootRecord-Pacific-Solar-Server/Website/scripts/live_data_pages.py"
2026-09-30T23:30:12-10:00job:status_snapshot | live-data 5 pages
2026-09-30T23:30:12-10:00job:voice_nws_weather RUN  nice -n 10 python3 "/home/rootrecord/RootRecord-Ecosystem/1 - Servers/1 - RootRecord-Pacific-Solar-Server/Media/Voice/scripts/voice_reports.py" nws_weather
2026-09-30T23:30:23-10:00job:voice_nws_weather | {"ok": true, "report": "nws_weather", "md": "/home/rootrecord/RootRecord-Ecosystem/test-reports/Voice/nws_weather_current.md", "sentences": 4, "voice": {"ok": true, "mode": "stitch", "report": "nws_weather", "agent": "ava", "voice": "af_heart", "speed": 1.0, "wav": "/home/rootrecord/RootRecord-Ecosystem/2 - RootRecord-Database/Media/Audio/Voice/nws_weather_current.wav", "clips_used": 0, "live_sentences": 7, "model_loaded": true, "render_s": 10.0, "sample_rate": 24000, "channels": 1, "subtype": "PCM_16", "duration_s": 17.785, "peak_dbfs": -1.5, "rms_dbfs": -20.22, "lead_silence_ms": 113, "qc": "PASS", "wall_s": 10.07, "peak_rss_mb": 1429, "rc": 0}, "deliver": {"ok": true, "sent": false, "detail": "unchanged"}}
2026-09-30T23:30:23-10:00job:voice_energy_report RUN  nice -n 10 python3 "/home/rootrecord/RootRecord-Ecosystem/1 - Servers/1 - RootRecord-Pacific-Solar-Server/Media/Voice/scripts/voice_reports.py" energy_report
2026-09-30T23:30:24-10:00job:voice_energy_report | {"ok": true, "report": "energy_report", "md": "/home/rootrecord/RootRecord-Ecosystem/test-reports/Voice/energy_report_current.md", "sentences": 5, "voice": {"ok": true, "skipped": true, "detail": "blended into the hourly solar desk; this run refreshes the camera look"}}
2026-09-30T23:30:24-10:00ENERGY  status=live  B2=13.3%  B1=73.9%  solar=0 W  ac=75 W  usbc=0 W  src=/home/rootrecord/RootRecord-Ecosystem/2 - RootRecord-Database/Energy  LAP=100%/Full/AC
2026-09-30T23:30:39-10:00  ▸  SUMMARY=delta2 soc=12.88% solar=0W ac_out=95W usbc=0W src=ble db=ok
2026-09-30T23:30:39-10:00job:sys_stats_cycle RUN  bash "/home/rootrecord/RootRecord-Ecosystem/1 - Servers/1 - RootRecord-Pacific-Solar-Server/System/scripts/sys-sample.sh"
2026-09-30T23:30:40-10:00job:sys_stats_cycle | SYSTEM  cpu=5%  load=1.11  mem=51%  src=sqlite
2026-09-30T23:30:40-10:00job:sys_stats_cycle | OK wrote /home/rootrecord/RootRecord-Ecosystem/2 - RootRecord-Database/System/samples/sys-20260930-233039.json
2026-09-30T23:31:39-10:00job:github_sync_all | ↑ [ecosystem] committed 11 local file(s)
2026-09-30T23:31:39-10:00job:github_sync_all | ↓ [ecosystem] fetching origin/main
2026-09-30T23:31:39-10:00job:github_sync_all | From github.com:RootRecord-Software-Solutions/RootRecord-Ecosystem
2026-09-30T23:31:39-10:00job:github_sync_all | * branch              main       -> FETCH_HEAD
2026-09-30T23:31:39-10:00job:github_sync_all | ↑ [ecosystem] local is ahead of GitHub
2026-09-30T23:31:39-10:00job:github_sync_all | To github.com:RootRecord-Software-Solutions/RootRecord-Ecosystem.git
2026-09-30T23:31:39-10:00job:github_sync_all | 7e77dfe8..a225a1de  HEAD -> main
2026-09-30T23:31:39-10:00job:github_sync_all | branch 'main' set up to track 'origin/main'.
2026-09-30T23:31:39-10:00job:github_sync_all | ↑ [ecosystem] 11 files → RootRecord-Software-Solutions/RootRecord-Ecosystem (main)
2026-09-30T23:31:39-10:00job:github_sync_all | ↑ [pacific] committed 1 local file(s)
2026-09-30T23:31:39-10:00job:github_sync_all | ↓ [pacific] fetching origin/main
2026-09-30T23:31:39-10:00job:github_sync_all | From github.com:RootRecord-Software-Solutions/RootRecord-Pacific-Solar-Server
2026-09-30T23:31:39-10:00job:github_sync_all | * branch            main       -> FETCH_HEAD
2026-09-30T23:31:39-10:00job:github_sync_all | ↑ [pacific] local is ahead of GitHub
2026-09-30T23:31:39-10:00job:github_sync_all | To github.com:RootRecord-Software-Solutions/RootRecord-Pacific-Solar-Server.git
2026-09-30T23:31:39-10:00job:github_sync_all | ab9e994..e83b393  HEAD -> main
2026-09-30T23:31:39-10:00job:github_sync_all | branch 'main' set up to track 'origin/main'.
2026-09-30T23:31:39-10:00job:github_sync_all | ↑ [pacific] 1 files → RootRecord-Software-Solutions/RootRecord-Pacific-Solar-Server (main)
2026-09-30T23:31:39-10:00job:github_sync_all | ↑ [database] committed 21 local file(s)
2026-09-30T23:31:39-10:00job:github_sync_all | ↓ [database] fetching origin/main
2026-09-30T23:31:39-10:00job:github_sync_all | From github.com:RootRecord-Software-Solutions/RootRecord-Database
2026-09-30T23:31:39-10:00job:github_sync_all | * branch              main       -> FETCH_HEAD
2026-09-30T23:31:39-10:00job:github_sync_all | ↑ [database] local is ahead of GitHub
2026-09-30T23:31:39-10:00job:github_sync_all | To github.com:RootRecord-Software-Solutions/RootRecord-Database.git
2026-09-30T23:31:39-10:00job:github_sync_all | 94c12664..5945ff66  HEAD -> main
2026-09-30T23:31:39-10:00job:github_sync_all | branch 'main' set up to track 'origin/main'.
2026-09-30T23:31:39-10:00job:github_sync_all | ↑ [database] 21 files → RootRecord-Software-Solutions/RootRecord-Database (main)
2026-09-30T23:31:39-10:00job:github_sync_all | — [library] no local changes
2026-09-30T23:31:39-10:00job:github_sync_all | ↓ [library] fetching origin/main
2026-09-30T23:31:39-10:00job:github_sync_all | From github.com:RootRecord-Software-Solutions/RootRecord-Library
2026-09-30T23:31:39-10:00job:github_sync_all | * branch            main       -> FETCH_HEAD
2026-09-30T23:31:39-10:00job:github_sync_all | — [library] local and GitHub already match
2026-09-30T23:31:39-10:00job:github_sync_all | — [library] nothing to push
2026-09-30T23:31:39-10:00job:github_sync_all | — [website] no local changes
2026-09-30T23:31:39-10:00job:github_sync_all | ↓ [website] fetching origin/main
2026-09-30T23:31:39-10:00job:github_sync_all | From github.com:RootRecord-Software-Solutions/RootRecord-Website
2026-09-30T23:31:39-10:00job:github_sync_all | * branch            main       -> FETCH_HEAD
2026-09-30T23:31:39-10:00job:github_sync_all | — [website] local and GitHub already match
2026-09-30T23:31:39-10:00job:github_sync_all | — [website] nothing to push
2026-09-30T23:31:39-10:00job:github_sync_all | — [website-personal] no local changes
2026-09-30T23:31:39-10:00job:security_camera_frame_grab RUN  bash "/home/rootrecord/RootRecord-Ecosystem/1 - Servers/1 - RootRecord-Pacific-Solar-Server/Security/Cameras/grab_all.sh"
2026-09-30T23:31:57-10:00job:security_camera_frame_grab | 23:31:39  📷  a-eyes  ch1 → ch1-20261001T093139Z.jpg  (276.9 KB, 4.41s)
2026-09-30T23:31:57-10:00job:security_camera_frame_grab | 23:31:43  📷  a-eyes  ch2 → ch2-20261001T093143Z.jpg  (133.6 KB, 4.36s)
2026-09-30T23:31:57-10:00job:security_camera_frame_grab | 23:31:48  📷  a-eyes  ch3 → ch3-20261001T093148Z.jpg  (377.1 KB, 4.47s)
2026-09-30T23:31:57-10:00job:security_camera_frame_grab | 23:31:52  📷  a-eyes  ch4 → ch4-20261001T093152Z.jpg  (314.1 KB, 4.38s)
2026-09-30T23:31:57-10:00ENERGY  status=live  B2=12.9%  B1=73.9%  solar=0 W  ac=95 W  usbc=0 W  src=/home/rootrecord/RootRecord-Ecosystem/2 - RootRecord-Database/Energy  LAP=100%/Full/AC
2026-09-30T23:32:14-10:00  ▸  SUMMARY=river2pro soc=73.6% solar=0W ac_out=0W usbc=20W src=ble+cloud db=ok
2026-09-30T23:32:14-10:00job:sys_stats_cycle RUN  bash "/home/rootrecord/RootRecord-Ecosystem/1 - Servers/1 - RootRecord-Pacific-Solar-Server/System/scripts/sys-sample.sh"
2026-09-30T23:32:15-10:00job:sys_stats_cycle | SYSTEM  cpu=8%  load=1.05  mem=52%  src=sqlite
2026-09-30T23:32:15-10:00job:sys_stats_cycle | OK wrote /home/rootrecord/RootRecord-Ecosystem/2 - RootRecord-Database/System/samples/sys-20260930-233214.json
2026-09-30T23:33:05-10:00job:github_sync_all | — [ecosystem] no committable local changes
2026-09-30T23:33:05-10:00job:github_sync_all | ↓ [ecosystem] fetching origin/main
2026-09-30T23:33:05-10:00job:github_sync_all | From github.com:RootRecord-Software-Solutions/RootRecord-Ecosystem
2026-09-30T23:33:05-10:00job:github_sync_all | * branch              main       -> FETCH_HEAD
2026-09-30T23:33:05-10:00job:github_sync_all | — [ecosystem] local and GitHub already match
2026-09-30T23:33:05-10:00job:github_sync_all | — [ecosystem] nothing to push
2026-09-30T23:33:05-10:00job:github_sync_all | — [pacific] no local changes
2026-09-30T23:33:05-10:00job:github_sync_all | ↓ [pacific] fetching origin/main
2026-09-30T23:33:05-10:00job:github_sync_all | From github.com:RootRecord-Software-Solutions/RootRecord-Pacific-Solar-Server
2026-09-30T23:33:05-10:00job:github_sync_all | * branch            main       -> FETCH_HEAD
2026-09-30T23:33:05-10:00job:github_sync_all | — [pacific] local and GitHub already match
2026-09-30T23:33:05-10:00job:github_sync_all | — [pacific] nothing to push
2026-09-30T23:33:05-10:00job:github_sync_all | ↑ [database] committed 12 local file(s)
2026-09-30T23:33:05-10:00job:github_sync_all | ↓ [database] fetching origin/main
2026-09-30T23:33:05-10:00job:github_sync_all | From github.com:RootRecord-Software-Solutions/RootRecord-Database
2026-09-30T23:33:05-10:00job:github_sync_all | * branch              main       -> FETCH_HEAD
2026-09-30T23:33:05-10:00job:github_sync_all | ↑ [database] local is ahead of GitHub
2026-09-30T23:33:05-10:00job:github_sync_all | To github.com:RootRecord-Software-Solutions/RootRecord-Database.git
2026-09-30T23:33:05-10:00job:github_sync_all | 5945ff66..f561d9ff  HEAD -> main
2026-09-30T23:33:05-10:00job:github_sync_all | branch 'main' set up to track 'origin/main'.
2026-09-30T23:33:05-10:00job:github_sync_all | ↑ [database] 12 files → RootRecord-Software-Solutions/RootRecord-Database (main)
2026-09-30T23:33:05-10:00job:github_sync_all | — [library] no local changes
2026-09-30T23:33:05-10:00job:github_sync_all | ↓ [library] fetching origin/main
2026-09-30T23:33:05-10:00job:github_sync_all | From github.com:RootRecord-Software-Solutions/RootRecord-Library
2026-09-30T23:33:05-10:00job:github_sync_all | * branch            main       -> FETCH_HEAD
2026-09-30T23:33:05-10:00job:github_sync_all | — [library] local and GitHub already match
2026-09-30T23:33:05-10:00job:github_sync_all | — [library] nothing to push
2026-09-30T23:33:05-10:00job:github_sync_all | — [website] no local changes
2026-09-30T23:33:05-10:00job:github_sync_all | ↓ [website] fetching origin/main
2026-09-30T23:33:05-10:00job:github_sync_all | From github.com:RootRecord-Software-Solutions/RootRecord-Website
2026-09-30T23:33:05-10:00job:github_sync_all | * branch            main       -> FETCH_HEAD
2026-09-30T23:33:05-10:00job:github_sync_all | — [website] local and GitHub already match
2026-09-30T23:33:05-10:00job:github_sync_all | — [website] nothing to push
2026-09-30T23:33:05-10:00job:github_sync_all | — [website-personal] no local changes
2026-09-30T23:33:05-10:00job:github_sync_all | ↓ [website-personal] fetching origin/main
2026-09-30T23:33:05-10:00job:github_sync_all | From github.com:rootrecordsoftwaresolutions/RootRecord-Website
2026-09-30T23:33:05-10:00job:github_sync_all | * branch            main       -> FETCH_HEAD
2026-09-30T23:33:05-10:00job:github_sync_all | — [website-personal] local and GitHub already match
2026-09-30T23:33:05-10:00job:github_sync_all | — [website-personal] nothing to push
2026-09-30T23:33:05-10:00job:github_sync_all | — [mainland] no local changes
2026-09-30T23:33:05-10:00job:worklog_scan RUN  bash "/home/rootrecord/RootRecord-Ecosystem/1 - Servers/1 - RootRecord-Pacific-Solar-Server/Reports/scripts/worklog_once.sh"
2026-09-30T23:33:08-10:00job:worklog_scan | OK wrote/updated /home/rootrecord/RootRecord-Ecosystem/2 - RootRecord-Database/Worklog/worklog_current.md
2026-09-30T23:33:08-10:00job:service_supervisor RUN  bash "/home/rootrecord/RootRecord-Ecosystem/1 - Servers/1 - RootRecord-Pacific-Solar-Server/Automations/scripts/supervise-services.sh"
2026-09-30T23:33:08-10:00job:service_supervisor | [supervisor] weather alive pid=30098 (act)
2026-09-30T23:33:08-10:00job:service_supervisor | [supervisor] relay alive pid=44115 (act)
2026-09-30T23:33:08-10:00job:status_snapshot RUN  nice -n 10 python3 "/home/rootrecord/RootRecord-Ecosystem/1 - Servers/1 - RootRecord-Pacific-Solar-Server/Website/scripts/live_data_pages.py"
2026-09-30T23:33:08-10:00job:status_snapshot | live-data 5 pages
2026-09-30T23:33:09-10:00ENERGY  status=live  B2=12.9%  B1=73.6%  solar=0 W  ac=95 W  usbc=0 W  src=/home/rootrecord/RootRecord-Ecosystem/2 - RootRecord-Database/Energy  LAP=100%/Full/AC
2026-09-30T23:33:24-10:00  ▸  SUMMARY=river2pro soc=73.54% solar=0W ac_out=0W usbc=17W src=ble+cloud db=ok
2026-09-30T23:33:24-10:00job:sys_stats_cycle RUN  bash "/home/rootrecord/RootRecord-Ecosystem/1 - Servers/1 - RootRecord-Pacific-Solar-Server/System/scripts/sys-sample.sh"
2026-09-30T23:33:25-10:00job:sys_stats_cycle | SYSTEM  cpu=5%  load=1.01  mem=54%  src=sqlite
2026-09-30T23:33:25-10:00job:sys_stats_cycle | OK wrote /home/rootrecord/RootRecord-Ecosystem/2 - RootRecord-Database/System/samples/sys-20260930-233324.json
2026-09-30T23:33:25-10:00job:security_camera_frame_grab RUN  bash "/home/rootrecord/RootRecord-Ecosystem/1 - Servers/1 - RootRecord-Pacific-Solar-Server/Security/Cameras/grab_all.sh"
2026-09-30T23:33:43-10:00job:security_camera_frame_grab | 23:33:25  📷  a-eyes  ch1 → ch1-20261001T093325Z.jpg  (276.7 KB, 4.68s)
2026-09-30T23:33:43-10:00job:security_camera_frame_grab | 23:33:30  📷  a-eyes  ch2 → ch2-20261001T093330Z.jpg  (130.5 KB, 4.28s)
2026-09-30T23:33:43-10:00job:security_camera_frame_grab | 23:33:34  📷  a-eyes  ch3 → ch3-20261001T093334Z.jpg  (376.9 KB, 4.37s)
2026-09-30T23:33:43-10:00job:security_camera_frame_grab | 23:33:38  📷  a-eyes  ch4 → ch4-20261001T093338Z.jpg  (293.5 KB, 4.47s)
2026-09-30T23:33:43-10:00job:geology_collect RUN  nice -n 10 python3 "/home/rootrecord/RootRecord-Ecosystem/1 - Servers/1 - RootRecord-Pacific-Solar-Server/Geology/scripts/geology_collect.py" all
2026-09-30T23:33:50-10:00job:geology_collect | {"ok": true, "at": "2026-09-30T23:33:43-10:00", "what": "all", "dry_run": false, "sources": {"hawaii": {"ok": true, "count": 25, "new": 1, "new_m2": 1, "ms": 707}, "global": {"ok": true, "count": 36, "new": 0, "ms": 624}, "hvo_notices": {"ok": true, "count": 44, "new": 0, "ms": 3289}, "hvo_status": {"ok": true, "volcanoes": 8, "kilauea": "WATCH", "mauna_loa": "NORMAL", "ms": 2230}}}
2026-09-30T23:33:50-10:00job:system_net_sample RUN  nice -n 10 python3 "/home/rootrecord/RootRecord-Ecosystem/1 - Servers/1 - RootRecord-Pacific-Solar-Server/System/scripts/host_desks.py" net-sample
2026-09-30T23:33:50-10:00job:system_net_sample | {"ok": true, "file": "/home/rootrecord/RootRecord-Ecosystem/2 - RootRecord-Database/System/network/Daily/net-20260930.jsonl", "iface": "wlo1", "hour": null, "day": null}
2026-09-30T23:33:50-10:00job:discord_report_relay RUN  nice -n 10 python3 "/home/rootrecord/RootRecord-Ecosystem/1 - Servers/1 - RootRecord-Pacific-Solar-Server/Communications/Discord/scripts/report_relay.py"
2026-09-30T23:33:52-10:00job:discord_report_relay | posted energy_report
2026-09-30T23:34:07-10:00  ▸  SUMMARY=delta2 soc=12.18% solar=0W ac_out=73W usbc=0W src=ble db=ok
2026-09-30T23:34:07-10:00job:sys_stats_cycle RUN  bash "/home/rootrecord/RootRecord-Ecosystem/1 - Servers/1 - RootRecord-Pacific-Solar-Server/System/scripts/sys-sample.sh"
2026-09-30T23:34:08-10:00job:sys_stats_cycle | SYSTEM  cpu=14%  load=0.91  mem=52%  src=sqlite
2026-09-30T23:34:08-10:00job:sys_stats_cycle | OK wrote /home/rootrecord/RootRecord-Ecosystem/2 - RootRecord-Database/System/samples/sys-20260930-233407.json
2026-09-30T23:35:15-10:00job:github_sync_all | ↑ [ecosystem] committed 13 local file(s)
2026-09-30T23:35:15-10:00job:github_sync_all | ↓ [ecosystem] fetching origin/main
2026-09-30T23:35:15-10:00job:github_sync_all | From github.com:RootRecord-Software-Solutions/RootRecord-Ecosystem
2026-09-30T23:35:15-10:00job:github_sync_all | * branch              main       -> FETCH_HEAD
2026-09-30T23:35:15-10:00job:github_sync_all | ↑ [ecosystem] local is ahead of GitHub
2026-09-30T23:35:15-10:00job:github_sync_all | To github.com:RootRecord-Software-Solutions/RootRecord-Ecosystem.git
2026-09-30T23:35:15-10:00job:github_sync_all | a225a1de..9193617a  HEAD -> main
2026-09-30T23:35:15-10:00job:github_sync_all | branch 'main' set up to track 'origin/main'.
2026-09-30T23:35:15-10:00job:github_sync_all | ↑ [ecosystem] 13 files → RootRecord-Software-Solutions/RootRecord-Ecosystem (main)
2026-09-30T23:35:15-10:00job:github_sync_all | ↑ [pacific] committed 1 local file(s)
2026-09-30T23:35:15-10:00job:github_sync_all | ↓ [pacific] fetching origin/main
2026-09-30T23:35:15-10:00job:github_sync_all | From github.com:RootRecord-Software-Solutions/RootRecord-Pacific-Solar-Server
2026-09-30T23:35:15-10:00job:github_sync_all | * branch            main       -> FETCH_HEAD
2026-09-30T23:35:15-10:00job:github_sync_all | ↑ [pacific] local is ahead of GitHub
2026-09-30T23:35:15-10:00job:github_sync_all | To github.com:RootRecord-Software-Solutions/RootRecord-Pacific-Solar-Server.git
2026-09-30T23:35:15-10:00job:github_sync_all | e83b393..e6c33a4  HEAD -> main
2026-09-30T23:35:15-10:00job:github_sync_all | branch 'main' set up to track 'origin/main'.
2026-09-30T23:35:15-10:00job:github_sync_all | ↑ [pacific] 1 files → RootRecord-Software-Solutions/RootRecord-Pacific-Solar-Server (main)
2026-09-30T23:35:15-10:00job:github_sync_all | ↑ [database] committed 32 local file(s)
2026-09-30T23:35:15-10:00job:github_sync_all | ↓ [database] fetching origin/main
2026-09-30T23:35:15-10:00job:github_sync_all | From github.com:RootRecord-Software-Solutions/RootRecord-Database
2026-09-30T23:35:15-10:00job:github_sync_all | * branch              main       -> FETCH_HEAD
2026-09-30T23:35:15-10:00job:github_sync_all | ↑ [database] local is ahead of GitHub
2026-09-30T23:35:15-10:00job:github_sync_all | To github.com:RootRecord-Software-Solutions/RootRecord-Database.git
2026-09-30T23:35:15-10:00job:github_sync_all | f561d9ff..4be52cf7  HEAD -> main
2026-09-30T23:35:15-10:00job:github_sync_all | branch 'main' set up to track 'origin/main'.
2026-09-30T23:35:15-10:00job:github_sync_all | ↑ [database] 32 files → RootRecord-Software-Solutions/RootRecord-Database (main)
2026-09-30T23:35:15-10:00job:github_sync_all | — [library] no local changes
2026-09-30T23:35:15-10:00job:github_sync_all | ↓ [library] fetching origin/main
2026-09-30T23:35:15-10:00job:github_sync_all | From github.com:RootRecord-Software-Solutions/RootRecord-Library
2026-09-30T23:35:15-10:00job:github_sync_all | * branch            main       -> FETCH_HEAD
2026-09-30T23:35:15-10:00job:github_sync_all | — [library] local and GitHub already match
2026-09-30T23:35:15-10:00job:github_sync_all | — [library] nothing to push
2026-09-30T23:35:15-10:00job:github_sync_all | — [website] no local changes
2026-09-30T23:35:15-10:00job:github_sync_all | ↓ [website] fetching origin/main
2026-09-30T23:35:15-10:00job:github_sync_all | From github.com:RootRecord-Software-Solutions/RootRecord-Website
2026-09-30T23:35:15-10:00job:github_sync_all | * branch            main       -> FETCH_HEAD
2026-09-30T23:35:15-10:00job:github_sync_all | — [website] local and GitHub already match
2026-09-30T23:35:15-10:00job:github_sync_all | — [website] nothing to push
2026-09-30T23:35:15-10:00job:github_sync_all | — [website-personal] no local changes
2026-09-30T23:35:15-10:00job:security_camera_frame_grab RUN  bash "/home/rootrecord/RootRecord-Ecosystem/1 - Servers/1 - RootRecord-Pacific-Solar-Server/Security/Cameras/grab_all.sh"
2026-09-30T23:35:32-10:00job:security_camera_frame_grab | 23:35:15  📷  a-eyes  ch1 → ch1-20261001T093515Z.jpg  (275.8 KB, 4.43s)
2026-09-30T23:35:32-10:00job:security_camera_frame_grab | 23:35:19  📷  a-eyes  ch2 → ch2-20261001T093519Z.jpg  (128.2 KB, 4.50s)
2026-09-30T23:35:32-10:00job:security_camera_frame_grab | 23:35:24  📷  a-eyes  ch3 → ch3-20261001T093524Z.jpg  (377.6 KB, 4.27s)
2026-09-30T23:35:32-10:00job:security_camera_frame_grab | 23:35:28  📷  a-eyes  ch4 → ch4-20261001T093528Z.jpg  (291.6 KB, 4.26s)
2026-09-30T23:35:33-10:00ENERGY  status=live  B2=12.2%  B1=73.5%  solar=0 W  ac=73 W  usbc=0 W  src=/home/rootrecord/RootRecord-Ecosystem/2 - RootRecord-Database/Energy  LAP=100%/Full/AC
2026-09-30T23:35:48-10:00  ▸  SUMMARY=delta2 soc=11.88% solar=0W ac_out=70W usbc=0W src=ble db=ok
2026-09-30T23:35:48-10:00job:sys_stats_cycle RUN  bash "/home/rootrecord/RootRecord-Ecosystem/1 - Servers/1 - RootRecord-Pacific-Solar-Server/System/scripts/sys-sample.sh"
2026-09-30T23:35:49-10:00job:sys_stats_cycle | SYSTEM  cpu=5%  load=1.13  mem=54%  src=sqlite
2026-09-30T23:35:49-10:00job:sys_stats_cycle | OK wrote /home/rootrecord/RootRecord-Ecosystem/2 - RootRecord-Database/System/samples/sys-20260930-233548.json
2026-09-30T23:36:41-10:00job:github_sync_all | — [ecosystem] no committable local changes
2026-09-30T23:36:41-10:00job:github_sync_all | ↓ [ecosystem] fetching origin/main
2026-09-30T23:36:41-10:00job:github_sync_all | From github.com:RootRecord-Software-Solutions/RootRecord-Ecosystem
2026-09-30T23:36:41-10:00job:github_sync_all | * branch              main       -> FETCH_HEAD
2026-09-30T23:36:41-10:00job:github_sync_all | — [ecosystem] local and GitHub already match
2026-09-30T23:36:41-10:00job:github_sync_all | — [ecosystem] nothing to push
2026-09-30T23:36:41-10:00job:github_sync_all | — [pacific] no local changes
2026-09-30T23:36:41-10:00job:github_sync_all | ↓ [pacific] fetching origin/main
2026-09-30T23:36:41-10:00job:github_sync_all | From github.com:RootRecord-Software-Solutions/RootRecord-Pacific-Solar-Server
2026-09-30T23:36:41-10:00job:github_sync_all | * branch            main       -> FETCH_HEAD
2026-09-30T23:36:41-10:00job:github_sync_all | — [pacific] local and GitHub already match
2026-09-30T23:36:41-10:00job:github_sync_all | — [pacific] nothing to push
2026-09-30T23:36:41-10:00job:github_sync_all | ↑ [database] committed 13 local file(s)
2026-09-30T23:36:41-10:00job:github_sync_all | ↓ [database] fetching origin/main
2026-09-30T23:36:41-10:00job:github_sync_all | From github.com:RootRecord-Software-Solutions/RootRecord-Database
2026-09-30T23:36:41-10:00job:github_sync_all | * branch              main       -> FETCH_HEAD
2026-09-30T23:36:41-10:00job:github_sync_all | ↑ [database] local is ahead of GitHub
2026-09-30T23:36:41-10:00job:github_sync_all | To github.com:RootRecord-Software-Solutions/RootRecord-Database.git
2026-09-30T23:36:41-10:00job:github_sync_all | 4be52cf7..cd34ae84  HEAD -> main
2026-09-30T23:36:41-10:00job:github_sync_all | branch 'main' set up to track 'origin/main'.
2026-09-30T23:36:41-10:00job:github_sync_all | ↑ [database] 13 files → RootRecord-Software-Solutions/RootRecord-Database (main)
2026-09-30T23:36:41-10:00job:github_sync_all | — [library] no local changes
2026-09-30T23:36:41-10:00job:github_sync_all | ↓ [library] fetching origin/main
2026-09-30T23:36:41-10:00job:github_sync_all | From github.com:RootRecord-Software-Solutions/RootRecord-Library
2026-09-30T23:36:41-10:00job:github_sync_all | * branch            main       -> FETCH_HEAD
2026-09-30T23:36:41-10:00job:github_sync_all | — [library] local and GitHub already match
2026-09-30T23:36:41-10:00job:github_sync_all | — [library] nothing to push
2026-09-30T23:36:41-10:00job:github_sync_all | — [website] no local changes
2026-09-30T23:36:41-10:00job:github_sync_all | ↓ [website] fetching origin/main
2026-09-30T23:36:41-10:00job:github_sync_all | From github.com:RootRecord-Software-Solutions/RootRecord-Website
2026-09-30T23:36:41-10:00job:github_sync_all | * branch            main       -> FETCH_HEAD
2026-09-30T23:36:41-10:00job:github_sync_all | — [website] local and GitHub already match
2026-09-30T23:36:41-10:00job:github_sync_all | — [website] nothing to push
2026-09-30T23:36:41-10:00job:github_sync_all | — [website-personal] no local changes
2026-09-30T23:36:41-10:00job:github_sync_all | ↓ [website-personal] fetching origin/main
2026-09-30T23:36:41-10:00job:github_sync_all | From github.com:rootrecordsoftwaresolutions/RootRecord-Website
2026-09-30T23:36:41-10:00job:github_sync_all | * branch            main       -> FETCH_HEAD
2026-09-30T23:36:41-10:00job:github_sync_all | — [website-personal] local and GitHub already match
2026-09-30T23:36:41-10:00job:github_sync_all | — [website-personal] nothing to push
2026-09-30T23:36:41-10:00job:github_sync_all | — [mainland] no local changes
2026-09-30T23:36:41-10:00job:worklog_scan RUN  bash "/home/rootrecord/RootRecord-Ecosystem/1 - Servers/1 - RootRecord-Pacific-Solar-Server/Reports/scripts/worklog_once.sh"
2026-09-30T23:36:52-10:00job:worklog_scan | OK wrote/updated /home/rootrecord/RootRecord-Ecosystem/2 - RootRecord-Database/Worklog/worklog_current.md
2026-09-30T23:36:52-10:00job:status_snapshot RUN  nice -n 10 python3 "/home/rootrecord/RootRecord-Ecosystem/1 - Servers/1 - RootRecord-Pacific-Solar-Server/Website/scripts/live_data_pages.py"
2026-09-30T23:36:52-10:00job:status_snapshot | live-data 5 pages
2026-09-30T23:36:52-10:00ENERGY  status=live  B2=11.9%  B1=73.5%  solar=0 W  ac=70 W  usbc=0 W  src=/home/rootrecord/RootRecord-Ecosystem/2 - RootRecord-Database/Energy  LAP=100%/Full/AC
2026-09-30T23:37:07-10:00  ▸  SUMMARY=delta2 soc=11.57% solar=0W ac_out=78W usbc=0W src=ble db=ok
2026-09-30T23:37:07-10:00job:sys_stats_cycle RUN  bash "/home/rootrecord/RootRecord-Ecosystem/1 - Servers/1 - RootRecord-Pacific-Solar-Server/System/scripts/sys-sample.sh"
2026-09-30T23:37:08-10:00job:sys_stats_cycle | SYSTEM  cpu=6%  load=1.53  mem=57%  src=sqlite
2026-09-30T23:37:08-10:00job:sys_stats_cycle | OK wrote /home/rootrecord/RootRecord-Ecosystem/2 - RootRecord-Database/System/samples/sys-20260930-233708.json
2026-09-30T23:38:08-10:00job:github_sync_all | ↑ [ecosystem] committed 5 local file(s)
2026-09-30T23:38:08-10:00job:github_sync_all | ↓ [ecosystem] fetching origin/main
2026-09-30T23:38:08-10:00job:github_sync_all | From github.com:RootRecord-Software-Solutions/RootRecord-Ecosystem
2026-09-30T23:38:08-10:00job:github_sync_all | * branch              main       -> FETCH_HEAD
2026-09-30T23:38:08-10:00job:github_sync_all | ↑ [ecosystem] local is ahead of GitHub
2026-09-30T23:38:08-10:00job:github_sync_all | To github.com:RootRecord-Software-Solutions/RootRecord-Ecosystem.git
2026-09-30T23:38:08-10:00job:github_sync_all | 9193617a..7dd1bda9  HEAD -> main
2026-09-30T23:38:08-10:00job:github_sync_all | branch 'main' set up to track 'origin/main'.
2026-09-30T23:38:08-10:00job:github_sync_all | ↑ [ecosystem] 5 files → RootRecord-Software-Solutions/RootRecord-Ecosystem (main)
2026-09-30T23:38:08-10:00job:github_sync_all | ↑ [pacific] committed 1 local file(s)
2026-09-30T23:38:08-10:00job:github_sync_all | ↓ [pacific] fetching origin/main
2026-09-30T23:38:08-10:00job:github_sync_all | From github.com:RootRecord-Software-Solutions/RootRecord-Pacific-Solar-Server
2026-09-30T23:38:08-10:00job:github_sync_all | * branch            main       -> FETCH_HEAD
2026-09-30T23:38:08-10:00job:github_sync_all | ↑ [pacific] local is ahead of GitHub
2026-09-30T23:38:08-10:00job:github_sync_all | To github.com:RootRecord-Software-Solutions/RootRecord-Pacific-Solar-Server.git
2026-09-30T23:38:08-10:00job:github_sync_all | e6c33a4..b7a2ba5  HEAD -> main
2026-09-30T23:38:08-10:00job:github_sync_all | branch 'main' set up to track 'origin/main'.
2026-09-30T23:38:08-10:00job:github_sync_all | ↑ [pacific] 1 files → RootRecord-Software-Solutions/RootRecord-Pacific-Solar-Server (main)
2026-09-30T23:38:08-10:00job:github_sync_all | ↑ [database] committed 19 local file(s)
2026-09-30T23:38:08-10:00job:github_sync_all | ↓ [database] fetching origin/main
2026-09-30T23:38:08-10:00job:github_sync_all | From github.com:RootRecord-Software-Solutions/RootRecord-Database
2026-09-30T23:38:08-10:00job:github_sync_all | * branch              main       -> FETCH_HEAD
2026-09-30T23:38:08-10:00job:github_sync_all | ↑ [database] local is ahead of GitHub
2026-09-30T23:38:08-10:00job:github_sync_all | To github.com:RootRecord-Software-Solutions/RootRecord-Database.git
2026-09-30T23:38:08-10:00job:github_sync_all | cd34ae84..a1c700a7  HEAD -> main
2026-09-30T23:38:08-10:00job:github_sync_all | branch 'main' set up to track 'origin/main'.
2026-09-30T23:38:08-10:00job:github_sync_all | ↑ [database] 19 files → RootRecord-Software-Solutions/RootRecord-Database (main)
2026-09-30T23:38:08-10:00job:github_sync_all | — [library] no local changes
2026-09-30T23:38:08-10:00job:github_sync_all | ↓ [library] fetching origin/main
2026-09-30T23:38:08-10:00job:github_sync_all | From github.com:RootRecord-Software-Solutions/RootRecord-Library
2026-09-30T23:38:08-10:00job:github_sync_all | * branch            main       -> FETCH_HEAD
2026-09-30T23:38:08-10:00job:github_sync_all | — [library] local and GitHub already match
2026-09-30T23:38:08-10:00job:github_sync_all | — [library] nothing to push
2026-09-30T23:38:08-10:00job:github_sync_all | — [website] no local changes
2026-09-30T23:38:08-10:00job:github_sync_all | ↓ [website] fetching origin/main
2026-09-30T23:38:08-10:00job:github_sync_all | From github.com:RootRecord-Software-Solutions/RootRecord-Website
2026-09-30T23:38:08-10:00job:github_sync_all | * branch            main       -> FETCH_HEAD
2026-09-30T23:38:08-10:00job:github_sync_all | — [website] local and GitHub already match
2026-09-30T23:38:08-10:00job:github_sync_all | — [website] nothing to push
2026-09-30T23:38:08-10:00job:github_sync_all | — [website-personal] no local changes
2026-09-30T23:38:08-10:00job:security_camera_frame_grab RUN  bash "/home/rootrecord/RootRecord-Ecosystem/1 - Servers/1 - RootRecord-Pacific-Solar-Server/Security/Cameras/grab_all.sh"
2026-09-30T23:38:26-10:00job:security_camera_frame_grab | 23:38:08  📷  a-eyes  ch1 → ch1-20261001T093808Z.jpg  (276.7 KB, 4.54s)
2026-09-30T23:38:26-10:00job:security_camera_frame_grab | 23:38:13  📷  a-eyes  ch2 → ch2-20261001T093813Z.jpg  (124.2 KB, 4.39s)
2026-09-30T23:38:26-10:00job:security_camera_frame_grab | 23:38:17  📷  a-eyes  ch3 → ch3-20261001T093817Z.jpg  (375.5 KB, 4.41s)
2026-09-30T23:38:26-10:00job:security_camera_frame_grab | 23:38:22  📷  a-eyes  ch4 → ch4-20261001T093822Z.jpg  (258.6 KB, 4.41s)
2026-09-30T23:38:27-10:00ENERGY  status=live  B2=11.6%  B1=73.5%  solar=0 W  ac=78 W  usbc=0 W  src=/home/rootrecord/RootRecord-Ecosystem/2 - RootRecord-Database/Energy  LAP=100%/Full/AC
2026-09-30T23:38:43-10:00  ▸  SUMMARY=river2pro soc=73.27% solar=0W ac_out=0W usbc=20W src=ble+cloud db=ok
2026-09-30T23:38:43-10:00job:sys_stats_cycle RUN  bash "/home/rootrecord/RootRecord-Ecosystem/1 - Servers/1 - RootRecord-Pacific-Solar-Server/System/scripts/sys-sample.sh"
2026-09-30T23:38:44-10:00job:sys_stats_cycle | SYSTEM  cpu=7%  load=1.77  mem=56%  src=sqlite
2026-09-30T23:38:44-10:00job:sys_stats_cycle | OK wrote /home/rootrecord/RootRecord-Ecosystem/2 - RootRecord-Database/System/samples/sys-20260930-233844.json
2026-09-30T23:39:36-10:00job:github_sync_all | — [ecosystem] no committable local changes
2026-09-30T23:39:36-10:00job:github_sync_all | ↓ [ecosystem] fetching origin/main
2026-09-30T23:39:36-10:00job:github_sync_all | From github.com:RootRecord-Software-Solutions/RootRecord-Ecosystem
2026-09-30T23:39:36-10:00job:github_sync_all | * branch              main       -> FETCH_HEAD
2026-09-30T23:39:36-10:00job:github_sync_all | — [ecosystem] local and GitHub already match
2026-09-30T23:39:36-10:00job:github_sync_all | — [ecosystem] nothing to push
2026-09-30T23:39:36-10:00job:github_sync_all | — [pacific] no local changes
2026-09-30T23:39:36-10:00job:github_sync_all | ↓ [pacific] fetching origin/main
2026-09-30T23:39:36-10:00job:github_sync_all | From github.com:RootRecord-Software-Solutions/RootRecord-Pacific-Solar-Server
2026-09-30T23:39:36-10:00job:github_sync_all | * branch            main       -> FETCH_HEAD
2026-09-30T23:39:36-10:00job:github_sync_all | — [pacific] local and GitHub already match
2026-09-30T23:39:36-10:00job:github_sync_all | — [pacific] nothing to push
2026-09-30T23:39:36-10:00job:github_sync_all | ↑ [database] committed 12 local file(s)
2026-09-30T23:39:36-10:00job:github_sync_all | ↓ [database] fetching origin/main
2026-09-30T23:39:36-10:00job:github_sync_all | From github.com:RootRecord-Software-Solutions/RootRecord-Database
2026-09-30T23:39:36-10:00job:github_sync_all | * branch              main       -> FETCH_HEAD
2026-09-30T23:39:36-10:00job:github_sync_all | ↑ [database] local is ahead of GitHub
2026-09-30T23:39:36-10:00job:github_sync_all | To github.com:RootRecord-Software-Solutions/RootRecord-Database.git
2026-09-30T23:39:36-10:00job:github_sync_all | a1c700a7..c8238d66  HEAD -> main
2026-09-30T23:39:36-10:00job:github_sync_all | branch 'main' set up to track 'origin/main'.
2026-09-30T23:39:36-10:00job:github_sync_all | ↑ [database] 12 files → RootRecord-Software-Solutions/RootRecord-Database (main)
2026-09-30T23:39:36-10:00job:github_sync_all | — [library] no local changes
2026-09-30T23:39:36-10:00job:github_sync_all | ↓ [library] fetching origin/main
2026-09-30T23:39:36-10:00job:github_sync_all | From github.com:RootRecord-Software-Solutions/RootRecord-Library
2026-09-30T23:39:36-10:00job:github_sync_all | * branch            main       -> FETCH_HEAD
2026-09-30T23:39:36-10:00job:github_sync_all | — [library] local and GitHub already match
2026-09-30T23:39:36-10:00job:github_sync_all | — [library] nothing to push
2026-09-30T23:39:36-10:00job:github_sync_all | — [website] no local changes
2026-09-30T23:39:36-10:00job:github_sync_all | ↓ [website] fetching origin/main
2026-09-30T23:39:36-10:00job:github_sync_all | From github.com:RootRecord-Software-Solutions/RootRecord-Website
2026-09-30T23:39:36-10:00job:github_sync_all | * branch            main       -> FETCH_HEAD
2026-09-30T23:39:36-10:00job:github_sync_all | — [website] local and GitHub already match
2026-09-30T23:39:36-10:00job:github_sync_all | — [website] nothing to push
2026-09-30T23:39:36-10:00job:github_sync_all | — [website-personal] no local changes
2026-09-30T23:39:36-10:00job:github_sync_all | ↓ [website-personal] fetching origin/main
2026-09-30T23:39:36-10:00job:github_sync_all | From github.com:rootrecordsoftwaresolutions/RootRecord-Website
2026-09-30T23:39:36-10:00job:github_sync_all | * branch            main       -> FETCH_HEAD
2026-09-30T23:39:36-10:00job:github_sync_all | — [website-personal] local and GitHub already match
2026-09-30T23:39:36-10:00job:github_sync_all | — [website-personal] nothing to push
2026-09-30T23:39:36-10:00job:github_sync_all | — [mainland] no local changes
2026-09-30T23:39:36-10:00job:worklog_scan RUN  bash "/home/rootrecord/RootRecord-Ecosystem/1 - Servers/1 - RootRecord-Pacific-Solar-Server/Reports/scripts/worklog_once.sh"
2026-09-30T23:39:39-10:00job:worklog_scan | OK wrote/updated /home/rootrecord/RootRecord-Ecosystem/2 - RootRecord-Database/Worklog/worklog_current.md
2026-09-30T23:39:39-10:00job:service_supervisor RUN  bash "/home/rootrecord/RootRecord-Ecosystem/1 - Servers/1 - RootRecord-Pacific-Solar-Server/Automations/scripts/supervise-services.sh"
2026-09-30T23:39:39-10:00job:service_supervisor | [supervisor] weather alive pid=30098 (act)
2026-09-30T23:39:39-10:00job:service_supervisor | [supervisor] relay alive pid=44115 (act)
2026-09-30T23:39:39-10:00job:status_snapshot RUN  nice -n 10 python3 "/home/rootrecord/RootRecord-Ecosystem/1 - Servers/1 - RootRecord-Pacific-Solar-Server/Website/scripts/live_data_pages.py"
2026-09-30T23:39:39-10:00job:status_snapshot | live-data 5 pages
2026-09-30T23:39:39-10:00ENERGY  status=live  B2=11.6%  B1=73.3%  solar=0 W  ac=78 W  usbc=0 W  src=/home/rootrecord/RootRecord-Ecosystem/2 - RootRecord-Database/Energy  LAP=100%/Full/AC
2026-09-30T23:39:55-10:00  ▸  SUMMARY=river2pro soc=73.21% solar=0W ac_out=0W usbc=20W src=ble+cloud db=ok
2026-09-30T23:39:55-10:00job:sys_stats_cycle RUN  bash "/home/rootrecord/RootRecord-Ecosystem/1 - Servers/1 - RootRecord-Pacific-Solar-Server/System/scripts/sys-sample.sh"
2026-09-30T23:39:56-10:00job:sys_stats_cycle | SYSTEM  cpu=5%  load=0.99  mem=55%  src=sqlite
2026-09-30T23:39:56-10:00job:sys_stats_cycle | OK wrote /home/rootrecord/RootRecord-Ecosystem/2 - RootRecord-Database/System/samples/sys-20260930-233955.json
2026-09-30T23:39:56-10:00job:security_camera_frame_grab RUN  bash "/home/rootrecord/RootRecord-Ecosystem/1 - Servers/1 - RootRecord-Pacific-Solar-Server/Security/Cameras/grab_all.sh"
2026-09-30T23:40:13-10:00job:security_camera_frame_grab | 23:39:56  📷  a-eyes  ch1 → ch1-20261001T093956Z.jpg  (276.4 KB, 4.33s)
2026-09-30T23:40:13-10:00job:security_camera_frame_grab | 23:40:00  📷  a-eyes  ch2 → ch2-20261001T094000Z.jpg  (124.6 KB, 4.37s)
2026-09-30T23:40:13-10:00job:security_camera_frame_grab | 23:40:04  📷  a-eyes  ch3 → ch3-20261001T094004Z.jpg  (374.0 KB, 4.37s)
2026-09-30T23:40:13-10:00job:security_camera_frame_grab | 23:40:09  📷  a-eyes  ch4 → ch4-20261001T094009Z.jpg  (248.9 KB, 4.50s)
2026-09-30T23:40:14-10:00job:geology_collect RUN  nice -n 10 python3 "/home/rootrecord/RootRecord-Ecosystem/1 - Servers/1 - RootRecord-Pacific-Solar-Server/Geology/scripts/geology_collect.py" all
2026-09-30T23:40:20-10:00job:geology_collect | {"ok": true, "at": "2026-09-30T23:40:14-10:00", "what": "all", "dry_run": false, "sources": {"hawaii": {"ok": true, "count": 27, "new": 2, "new_m2": 1, "ms": 827}, "global": {"ok": true, "count": 36, "new": 0, "ms": 306}, "hvo_notices": {"ok": true, "count": 44, "new": 0, "ms": 4908}, "hvo_status": {"ok": true, "volcanoes": 8, "kilauea": "WATCH", "mauna_loa": "NORMAL", "ms": 618}}}
2026-09-30T23:40:20-10:00job:system_net_sample RUN  nice -n 10 python3 "/home/rootrecord/RootRecord-Ecosystem/1 - Servers/1 - RootRecord-Pacific-Solar-Server/System/scripts/host_desks.py" net-sample
2026-09-30T23:40:20-10:00job:system_net_sample | {"ok": true, "file": "/home/rootrecord/RootRecord-Ecosystem/2 - RootRecord-Database/System/network/Daily/net-20260930.jsonl", "iface": "wlo1", "hour": null, "day": null}
2026-09-30T23:40:21-10:00job:discord_report_relay RUN  nice -n 10 python3 "/home/rootrecord/RootRecord-Ecosystem/1 - Servers/1 - RootRecord-Pacific-Solar-Server/Communications/Discord/scripts/report_relay.py"
2026-09-30T23:40:21-10:00job:discord_report_relay | same
2026-09-30T23:40:36-10:00  ▸  SUMMARY=delta2 soc=10.87% solar=0W ac_out=78W usbc=0W src=ble db=ok
2026-09-30T23:40:36-10:00job:sys_stats_cycle RUN  bash "/home/rootrecord/RootRecord-Ecosystem/1 - Servers/1 - RootRecord-Pacific-Solar-Server/System/scripts/sys-sample.sh"
2026-09-30T23:40:37-10:00job:sys_stats_cycle | SYSTEM  cpu=10%  load=1.41  mem=55%  src=sqlite
2026-09-30T23:40:37-10:00job:sys_stats_cycle | OK wrote /home/rootrecord/RootRecord-Ecosystem/2 - RootRecord-Database/System/samples/sys-20260930-234037.json
2026-09-30T23:41:41-10:00job:github_sync_all | ↑ [ecosystem] committed 13 local file(s)
2026-09-30T23:41:41-10:00job:github_sync_all | ↓ [ecosystem] fetching origin/main
2026-09-30T23:41:41-10:00job:github_sync_all | From github.com:RootRecord-Software-Solutions/RootRecord-Ecosystem
2026-09-30T23:41:41-10:00job:github_sync_all | * branch              main       -> FETCH_HEAD
2026-09-30T23:41:41-10:00job:github_sync_all | ↑ [ecosystem] local is ahead of GitHub
2026-09-30T23:41:41-10:00job:github_sync_all | To github.com:RootRecord-Software-Solutions/RootRecord-Ecosystem.git
2026-09-30T23:41:41-10:00job:github_sync_all | 7dd1bda9..ce2f625c  HEAD -> main
2026-09-30T23:41:41-10:00job:github_sync_all | branch 'main' set up to track 'origin/main'.
2026-09-30T23:41:41-10:00job:github_sync_all | ↑ [ecosystem] 13 files → RootRecord-Software-Solutions/RootRecord-Ecosystem (main)
2026-09-30T23:41:41-10:00job:github_sync_all | ↑ [pacific] committed 1 local file(s)
2026-09-30T23:41:41-10:00job:github_sync_all | ↓ [pacific] fetching origin/main
2026-09-30T23:41:41-10:00job:github_sync_all | From github.com:RootRecord-Software-Solutions/RootRecord-Pacific-Solar-Server
2026-09-30T23:41:41-10:00job:github_sync_all | * branch            main       -> FETCH_HEAD
2026-09-30T23:41:41-10:00job:github_sync_all | ↑ [pacific] local is ahead of GitHub
2026-09-30T23:41:41-10:00job:github_sync_all | To github.com:RootRecord-Software-Solutions/RootRecord-Pacific-Solar-Server.git
2026-09-30T23:41:41-10:00job:github_sync_all | b7a2ba5..874daf8  HEAD -> main
2026-09-30T23:41:41-10:00job:github_sync_all | branch 'main' set up to track 'origin/main'.
2026-09-30T23:41:41-10:00job:github_sync_all | ↑ [pacific] 1 files → RootRecord-Software-Solutions/RootRecord-Pacific-Solar-Server (main)
2026-09-30T23:41:41-10:00job:github_sync_all | ↑ [database] committed 32 local file(s)
2026-09-30T23:41:41-10:00job:github_sync_all | ↓ [database] fetching origin/main
2026-09-30T23:41:41-10:00job:github_sync_all | From github.com:RootRecord-Software-Solutions/RootRecord-Database
2026-09-30T23:41:41-10:00job:github_sync_all | * branch              main       -> FETCH_HEAD
2026-09-30T23:41:41-10:00job:github_sync_all | ↑ [database] local is ahead of GitHub
2026-09-30T23:41:41-10:00job:github_sync_all | To github.com:RootRecord-Software-Solutions/RootRecord-Database.git
2026-09-30T23:41:41-10:00job:github_sync_all | c8238d66..153da749  HEAD -> main
2026-09-30T23:41:41-10:00job:github_sync_all | branch 'main' set up to track 'origin/main'.
2026-09-30T23:41:41-10:00job:github_sync_all | ↑ [database] 32 files → RootRecord-Software-Solutions/RootRecord-Database (main)
2026-09-30T23:41:41-10:00job:github_sync_all | — [library] no local changes
2026-09-30T23:41:41-10:00job:github_sync_all | ↓ [library] fetching origin/main
2026-09-30T23:41:41-10:00job:github_sync_all | From github.com:RootRecord-Software-Solutions/RootRecord-Library
2026-09-30T23:41:41-10:00job:github_sync_all | * branch            main       -> FETCH_HEAD
2026-09-30T23:41:41-10:00job:github_sync_all | — [library] local and GitHub already match
2026-09-30T23:41:41-10:00job:github_sync_all | — [library] nothing to push
2026-09-30T23:41:41-10:00job:github_sync_all | — [website] no local changes
2026-09-30T23:41:41-10:00job:github_sync_all | ↓ [website] fetching origin/main
2026-09-30T23:41:41-10:00job:github_sync_all | From github.com:RootRecord-Software-Solutions/RootRecord-Website
2026-09-30T23:41:41-10:00job:github_sync_all | * branch            main       -> FETCH_HEAD
2026-09-30T23:41:41-10:00job:github_sync_all | — [website] local and GitHub already match
2026-09-30T23:41:41-10:00job:github_sync_all | — [website] nothing to push
2026-09-30T23:41:41-10:00job:github_sync_all | — [website-personal] no local changes
2026-09-30T23:41:41-10:00job:security_camera_frame_grab RUN  bash "/home/rootrecord/RootRecord-Ecosystem/1 - Servers/1 - RootRecord-Pacific-Solar-Server/Security/Cameras/grab_all.sh"
2026-09-30T23:42:01-10:00job:security_camera_frame_grab | 23:41:41  📷  a-eyes  ch1 → ch1-20261001T094141Z.jpg  (276.6 KB, 4.52s)
2026-09-30T23:42:01-10:00job:security_camera_frame_grab | 23:41:46  📷  a-eyes  ch2 → ch2-20261001T094146Z.jpg  (124.1 KB, 4.48s)
2026-09-30T23:42:01-10:00job:security_camera_frame_grab | 23:41:50  📷  a-eyes  ch3 → ch3-20261001T094150Z.jpg  (372.9 KB, 5.81s)
2026-09-30T23:42:01-10:00job:security_camera_frame_grab | 23:41:56  📷  a-eyes  ch4 → ch4-20261001T094156Z.jpg  (248.5 KB, 4.68s)
2026-09-30T23:42:01-10:00ENERGY  status=live  B2=10.9%  B1=73.2%  solar=0 W  ac=78 W  usbc=0 W  src=/home/rootrecord/RootRecord-Ecosystem/2 - RootRecord-Database/Energy  LAP=100%/Full/AC
2026-09-30T23:42:17-10:00  ▸  SUMMARY=delta2 soc=10.57% solar=0W ac_out=51W usbc=0W src=ble db=ok
2026-09-30T23:42:17-10:00job:sys_stats_cycle RUN  bash "/home/rootrecord/RootRecord-Ecosystem/1 - Servers/1 - RootRecord-Pacific-Solar-Server/System/scripts/sys-sample.sh"
2026-09-30T23:42:18-10:00job:sys_stats_cycle | SYSTEM  cpu=5%  load=1.54  mem=55%  src=sqlite
2026-09-30T23:42:18-10:00job:sys_stats_cycle | OK wrote /home/rootrecord/RootRecord-Ecosystem/2 - RootRecord-Database/System/samples/sys-20260930-234217.json
2026-09-30T23:43:22-10:00job:github_sync_all | — [ecosystem] no committable local changes
2026-09-30T23:43:22-10:00job:github_sync_all | ↓ [ecosystem] fetching origin/main
2026-09-30T23:43:22-10:00job:github_sync_all | From github.com:RootRecord-Software-Solutions/RootRecord-Ecosystem
2026-09-30T23:43:22-10:00job:github_sync_all | * branch              main       -> FETCH_HEAD
2026-09-30T23:43:22-10:00job:github_sync_all | — [ecosystem] local and GitHub already match
2026-09-30T23:43:22-10:00job:github_sync_all | — [ecosystem] nothing to push
2026-09-30T23:43:22-10:00job:github_sync_all | — [pacific] no local changes
2026-09-30T23:43:22-10:00job:github_sync_all | ↓ [pacific] fetching origin/main
2026-09-30T23:43:22-10:00job:github_sync_all | From github.com:RootRecord-Software-Solutions/RootRecord-Pacific-Solar-Server
2026-09-30T23:43:22-10:00job:github_sync_all | * branch            main       -> FETCH_HEAD
2026-09-30T23:43:22-10:00job:github_sync_all | — [pacific] local and GitHub already match
2026-09-30T23:43:22-10:00job:github_sync_all | — [pacific] nothing to push
2026-09-30T23:43:22-10:00job:github_sync_all | ↑ [database] committed 12 local file(s)
2026-09-30T23:43:22-10:00job:github_sync_all | ↓ [database] fetching origin/main
2026-09-30T23:43:22-10:00job:github_sync_all | From github.com:RootRecord-Software-Solutions/RootRecord-Database
2026-09-30T23:43:22-10:00job:github_sync_all | * branch              main       -> FETCH_HEAD
2026-09-30T23:43:22-10:00job:github_sync_all | ↑ [database] local is ahead of GitHub
2026-09-30T23:43:22-10:00job:github_sync_all | To github.com:RootRecord-Software-Solutions/RootRecord-Database.git
2026-09-30T23:43:22-10:00job:github_sync_all | 153da749..4fe43fe4  HEAD -> main
2026-09-30T23:43:22-10:00job:github_sync_all | branch 'main' set up to track 'origin/main'.
2026-09-30T23:43:22-10:00job:github_sync_all | ↑ [database] 12 files → RootRecord-Software-Solutions/RootRecord-Database (main)
2026-09-30T23:43:22-10:00job:github_sync_all | — [library] no local changes
2026-09-30T23:43:22-10:00job:github_sync_all | ↓ [library] fetching origin/main
2026-09-30T23:43:22-10:00job:github_sync_all | From github.com:RootRecord-Software-Solutions/RootRecord-Library
2026-09-30T23:43:22-10:00job:github_sync_all | * branch            main       -> FETCH_HEAD
2026-09-30T23:43:22-10:00job:github_sync_all | — [library] local and GitHub already match
2026-09-30T23:43:22-10:00job:github_sync_all | — [library] nothing to push
2026-09-30T23:43:22-10:00job:github_sync_all | ↑ [website] committed 4 local file(s)
2026-09-30T23:43:22-10:00job:github_sync_all | ↓ [website] fetching origin/main
2026-09-30T23:43:22-10:00job:github_sync_all | From github.com:RootRecord-Software-Solutions/RootRecord-Website
2026-09-30T23:43:22-10:00job:github_sync_all | * branch            main       -> FETCH_HEAD
2026-09-30T23:43:22-10:00job:github_sync_all | ↑ [website] local is ahead of GitHub
2026-09-30T23:43:22-10:00job:github_sync_all | To github.com:RootRecord-Software-Solutions/RootRecord-Website.git
2026-09-30T23:43:22-10:00job:github_sync_all | 98f8f33..27a40ab  HEAD -> main
2026-09-30T23:43:22-10:00job:github_sync_all | branch 'main' set up to track 'origin/main'.
2026-09-30T23:43:22-10:00job:github_sync_all | ↑ [website] 4 files → RootRecord-Software-Solutions/RootRecord-Website (main)
2026-09-30T23:43:22-10:00job:github_sync_all | ↑ [website-personal] committed 4 local file(s)
2026-09-30T23:43:22-10:00job:github_sync_all | ↓ [website-personal] fetching origin/main
2026-09-30T23:43:22-10:00job:github_sync_all | From github.com:rootrecordsoftwaresolutions/RootRecord-Website
2026-09-30T23:43:22-10:00job:github_sync_all | * branch            main       -> FETCH_HEAD
2026-09-30T23:43:22-10:00job:worklog_scan RUN  bash "/home/rootrecord/RootRecord-Ecosystem/1 - Servers/1 - RootRecord-Pacific-Solar-Server/Reports/scripts/worklog_once.sh"
2026-09-30T23:43:33-10:00job:worklog_scan | OK wrote/updated /home/rootrecord/RootRecord-Ecosystem/2 - RootRecord-Database/Worklog/worklog_current.md
2026-09-30T23:43:33-10:00job:status_snapshot RUN  nice -n 10 python3 "/home/rootrecord/RootRecord-Ecosystem/1 - Servers/1 - RootRecord-Pacific-Solar-Server/Website/scripts/live_data_pages.py"
2026-09-30T23:43:33-10:00job:status_snapshot | live-data 5 pages
2026-09-30T23:43:33-10:00ENERGY  status=live  B2=10.6%  B1=73.2%  solar=0 W  ac=51 W  usbc=0 W  src=/home/rootrecord/RootRecord-Ecosystem/2 - RootRecord-Database/Energy  LAP=100%/Full/AC
2026-09-30T23:43:48-10:00  ▸  SUMMARY=delta2 soc=10.37% solar=0W ac_out=61W usbc=0W src=ble db=ok
2026-09-30T23:43:48-10:00job:sys_stats_cycle RUN  bash "/home/rootrecord/RootRecord-Ecosystem/1 - Servers/1 - RootRecord-Pacific-Solar-Server/System/scripts/sys-sample.sh"
2026-09-30T23:43:50-10:00job:sys_stats_cycle | SYSTEM  cpu=5%  load=0.98  mem=54%  src=sqlite
2026-09-30T23:43:50-10:00job:sys_stats_cycle | OK wrote /home/rootrecord/RootRecord-Ecosystem/2 - RootRecord-Database/System/samples/sys-20260930-234349.json
2026-09-30T23:44:54-10:00job:github_sync_all | ↑ [ecosystem] committed 5 local file(s)
2026-09-30T23:44:54-10:00job:github_sync_all | ↓ [ecosystem] fetching origin/main
2026-09-30T23:44:54-10:00job:github_sync_all | From github.com:RootRecord-Software-Solutions/RootRecord-Ecosystem
2026-09-30T23:44:54-10:00job:github_sync_all | * branch              main       -> FETCH_HEAD
2026-09-30T23:44:54-10:00job:github_sync_all | ↑ [ecosystem] local is ahead of GitHub
2026-09-30T23:44:54-10:00job:github_sync_all | To github.com:RootRecord-Software-Solutions/RootRecord-Ecosystem.git
2026-09-30T23:44:54-10:00job:github_sync_all | ce2f625c..a0922749  HEAD -> main
2026-09-30T23:44:54-10:00job:github_sync_all | branch 'main' set up to track 'origin/main'.
2026-09-30T23:44:54-10:00job:github_sync_all | ↑ [ecosystem] 5 files → RootRecord-Software-Solutions/RootRecord-Ecosystem (main)
2026-09-30T23:44:54-10:00job:github_sync_all | ↑ [pacific] committed 1 local file(s)
2026-09-30T23:44:54-10:00job:github_sync_all | ↓ [pacific] fetching origin/main
2026-09-30T23:44:54-10:00job:github_sync_all | From github.com:RootRecord-Software-Solutions/RootRecord-Pacific-Solar-Server
2026-09-30T23:44:54-10:00job:github_sync_all | * branch            main       -> FETCH_HEAD
2026-09-30T23:44:54-10:00job:github_sync_all | ↑ [pacific] local is ahead of GitHub
2026-09-30T23:44:54-10:00job:github_sync_all | To github.com:RootRecord-Software-Solutions/RootRecord-Pacific-Solar-Server.git
2026-09-30T23:44:54-10:00job:github_sync_all | 874daf8..d9efa02  HEAD -> main
2026-09-30T23:44:54-10:00job:github_sync_all | branch 'main' set up to track 'origin/main'.
2026-09-30T23:44:54-10:00job:github_sync_all | ↑ [pacific] 1 files → RootRecord-Software-Solutions/RootRecord-Pacific-Solar-Server (main)
2026-09-30T23:44:54-10:00job:github_sync_all | ↑ [database] committed 20 local file(s)
2026-09-30T23:44:54-10:00job:github_sync_all | ↓ [database] fetching origin/main
2026-09-30T23:44:54-10:00job:github_sync_all | From github.com:RootRecord-Software-Solutions/RootRecord-Database
2026-09-30T23:44:54-10:00job:github_sync_all | * branch              main       -> FETCH_HEAD
2026-09-30T23:44:54-10:00job:github_sync_all | ↑ [database] local is ahead of GitHub
2026-09-30T23:44:54-10:00job:github_sync_all | To github.com:RootRecord-Software-Solutions/RootRecord-Database.git
2026-09-30T23:44:54-10:00job:github_sync_all | 4fe43fe4..97a77522  HEAD -> main
2026-09-30T23:44:54-10:00job:github_sync_all | branch 'main' set up to track 'origin/main'.
2026-09-30T23:44:54-10:00job:github_sync_all | ↑ [database] 20 files → RootRecord-Software-Solutions/RootRecord-Database (main)
2026-09-30T23:44:54-10:00job:github_sync_all | — [library] no local changes
2026-09-30T23:44:54-10:00job:github_sync_all | ↓ [library] fetching origin/main
2026-09-30T23:44:54-10:00job:github_sync_all | From github.com:RootRecord-Software-Solutions/RootRecord-Library
2026-09-30T23:44:54-10:00job:github_sync_all | * branch            main       -> FETCH_HEAD
2026-09-30T23:44:54-10:00job:github_sync_all | — [library] local and GitHub already match
2026-09-30T23:44:54-10:00job:github_sync_all | — [library] nothing to push
2026-09-30T23:44:54-10:00job:github_sync_all | — [website] no local changes
2026-09-30T23:44:54-10:00job:github_sync_all | ↓ [website] fetching origin/main
2026-09-30T23:44:54-10:00job:github_sync_all | From github.com:RootRecord-Software-Solutions/RootRecord-Website
2026-09-30T23:44:54-10:00job:github_sync_all | * branch            main       -> FETCH_HEAD
2026-09-30T23:44:54-10:00job:github_sync_all | — [website] local and GitHub already match
2026-09-30T23:44:54-10:00job:github_sync_all | — [website] nothing to push
2026-09-30T23:44:54-10:00job:github_sync_all | — [website-personal] no local changes
2026-09-30T23:44:54-10:00job:security_camera_frame_grab RUN  bash "/home/rootrecord/RootRecord-Ecosystem/1 - Servers/1 - RootRecord-Pacific-Solar-Server/Security/Cameras/grab_all.sh"
2026-09-30T23:45:12-10:00job:security_camera_frame_grab | 23:44:55  📷  a-eyes  ch1 → ch1-20261001T094455Z.jpg  (275.8 KB, 4.46s)
2026-09-30T23:45:12-10:00job:security_camera_frame_grab | 23:44:59  📷  a-eyes  ch2 → ch2-20261001T094459Z.jpg  (123.0 KB, 4.47s)
2026-09-30T23:45:12-10:00job:security_camera_frame_grab | 23:45:04  📷  a-eyes  ch3 → ch3-20261001T094504Z.jpg  (375.0 KB, 4.37s)
2026-09-30T23:45:12-10:00job:security_camera_frame_grab | 23:45:08  📷  a-eyes  ch4 → ch4-20261001T094508Z.jpg  (245.8 KB, 4.37s)
2026-09-30T23:45:12-10:00job:voice_nws_weather RUN  nice -n 10 python3 "/home/rootrecord/RootRecord-Ecosystem/1 - Servers/1 - RootRecord-Pacific-Solar-Server/Media/Voice/scripts/voice_reports.py" nws_weather
2026-09-30T23:45:23-10:00job:voice_nws_weather | {"ok": true, "report": "nws_weather", "md": "/home/rootrecord/RootRecord-Ecosystem/test-reports/Voice/nws_weather_current.md", "sentences": 4, "voice": {"ok": true, "mode": "stitch", "report": "nws_weather", "agent": "ava", "voice": "af_heart", "speed": 1.0, "wav": "/home/rootrecord/RootRecord-Ecosystem/2 - RootRecord-Database/Media/Audio/Voice/nws_weather_current.wav", "clips_used": 0, "live_sentences": 7, "model_loaded": true, "render_s": 9.99, "sample_rate": 24000, "channels": 1, "subtype": "PCM_16", "duration_s": 17.787, "peak_dbfs": -1.5, "rms_dbfs": -20.24, "lead_silence_ms": 113, "qc": "PASS", "wall_s": 10.04, "peak_rss_mb": 1441, "rc": 0}, "deliver": {"ok": true, "sent": false, "detail": "unchanged"}}
2026-09-30T23:45:24-10:00ENERGY  status=live  B2=10.4%  B1=73.2%  solar=0 W  ac=61 W  usbc=0 W  src=/home/rootrecord/RootRecord-Ecosystem/2 - RootRecord-Database/Energy  LAP=100%/Full/AC
2026-09-30T23:45:39-10:00  ▸  SUMMARY=delta2 soc=10.06% solar=0W ac_out=51W usbc=0W src=ble db=ok
2026-09-30T23:45:39-10:00job:sys_stats_cycle RUN  bash "/home/rootrecord/RootRecord-Ecosystem/1 - Servers/1 - RootRecord-Pacific-Solar-Server/System/scripts/sys-sample.sh"
2026-09-30T23:45:40-10:00job:sys_stats_cycle | SYSTEM  cpu=4%  load=0.92  mem=54%  src=sqlite
2026-09-30T23:45:40-10:00job:sys_stats_cycle | OK wrote /home/rootrecord/RootRecord-Ecosystem/2 - RootRecord-Database/System/samples/sys-20260930-234540.json
2026-09-30T23:46:41-10:00job:github_sync_all | ↑ [ecosystem] committed 4 local file(s)
2026-09-30T23:46:41-10:00job:github_sync_all | ↓ [ecosystem] fetching origin/main
2026-09-30T23:46:41-10:00job:github_sync_all | From github.com:RootRecord-Software-Solutions/RootRecord-Ecosystem
2026-09-30T23:46:41-10:00job:github_sync_all | * branch              main       -> FETCH_HEAD
2026-09-30T23:46:41-10:00job:github_sync_all | ↑ [ecosystem] local is ahead of GitHub
2026-09-30T23:46:41-10:00job:github_sync_all | To github.com:RootRecord-Software-Solutions/RootRecord-Ecosystem.git
2026-09-30T23:46:41-10:00job:github_sync_all | a0922749..28f3d847  HEAD -> main
2026-09-30T23:46:41-10:00job:github_sync_all | branch 'main' set up to track 'origin/main'.
2026-09-30T23:46:41-10:00job:github_sync_all | ↑ [ecosystem] 4 files → RootRecord-Software-Solutions/RootRecord-Ecosystem (main)
2026-09-30T23:46:41-10:00job:github_sync_all | — [pacific] no local changes
2026-09-30T23:46:41-10:00job:github_sync_all | ↓ [pacific] fetching origin/main
2026-09-30T23:46:41-10:00job:github_sync_all | From github.com:RootRecord-Software-Solutions/RootRecord-Pacific-Solar-Server
2026-09-30T23:46:41-10:00job:github_sync_all | * branch            main       -> FETCH_HEAD
2026-09-30T23:46:41-10:00job:github_sync_all | — [pacific] local and GitHub already match
2026-09-30T23:46:41-10:00job:github_sync_all | — [pacific] nothing to push
2026-09-30T23:46:41-10:00job:github_sync_all | ↑ [database] committed 14 local file(s)
2026-09-30T23:46:41-10:00job:github_sync_all | ↓ [database] fetching origin/main
2026-09-30T23:46:41-10:00job:github_sync_all | From github.com:RootRecord-Software-Solutions/RootRecord-Database
2026-09-30T23:46:41-10:00job:github_sync_all | * branch              main       -> FETCH_HEAD
2026-09-30T23:46:41-10:00job:github_sync_all | ↑ [database] local is ahead of GitHub
2026-09-30T23:46:41-10:00job:github_sync_all | To github.com:RootRecord-Software-Solutions/RootRecord-Database.git
2026-09-30T23:46:41-10:00job:github_sync_all | 97a77522..d2fcba13  HEAD -> main
2026-09-30T23:46:41-10:00job:github_sync_all | branch 'main' set up to track 'origin/main'.
2026-09-30T23:46:41-10:00job:github_sync_all | ↑ [database] 14 files → RootRecord-Software-Solutions/RootRecord-Database (main)
2026-09-30T23:46:41-10:00job:github_sync_all | — [library] no local changes
2026-09-30T23:46:41-10:00job:github_sync_all | ↓ [library] fetching origin/main
2026-09-30T23:46:41-10:00job:github_sync_all | From github.com:RootRecord-Software-Solutions/RootRecord-Library
2026-09-30T23:46:41-10:00job:github_sync_all | * branch            main       -> FETCH_HEAD
2026-09-30T23:46:41-10:00job:github_sync_all | — [library] local and GitHub already match
2026-09-30T23:46:41-10:00job:github_sync_all | — [library] nothing to push
2026-09-30T23:46:41-10:00job:github_sync_all | ↑ [website] committed 1 local file(s)
2026-09-30T23:46:41-10:00job:github_sync_all | ↓ [website] fetching origin/main
2026-09-30T23:46:41-10:00job:github_sync_all | From github.com:RootRecord-Software-Solutions/RootRecord-Website
2026-09-30T23:46:41-10:00job:github_sync_all | * branch            main       -> FETCH_HEAD
2026-09-30T23:46:41-10:00job:github_sync_all | ↑ [website] local is ahead of GitHub
2026-09-30T23:46:41-10:00job:github_sync_all | To github.com:RootRecord-Software-Solutions/RootRecord-Website.git
2026-09-30T23:46:41-10:00job:github_sync_all | 27a40ab..d80adc5  HEAD -> main
2026-09-30T23:46:41-10:00job:github_sync_all | branch 'main' set up to track 'origin/main'.
2026-09-30T23:46:41-10:00job:github_sync_all | ↑ [website] 1 files → RootRecord-Software-Solutions/RootRecord-Website (main)
2026-09-30T23:46:41-10:00job:github_sync_all | ↑ [website-personal] committed 3 local file(s)
2026-09-30T23:46:41-10:00job:worklog_scan RUN  bash "/home/rootrecord/RootRecord-Ecosystem/1 - Servers/1 - RootRecord-Pacific-Solar-Server/Reports/scripts/worklog_once.sh"
2026-09-30T23:46:47-10:00job:worklog_scan | OK wrote/updated /home/rootrecord/RootRecord-Ecosystem/2 - RootRecord-Database/Worklog/worklog_current.md
2026-09-30T23:46:47-10:00job:security_camera_frame_grab RUN  bash "/home/rootrecord/RootRecord-Ecosystem/1 - Servers/1 - RootRecord-Pacific-Solar-Server/Security/Cameras/grab_all.sh"
2026-09-30T23:47:05-10:00job:security_camera_frame_grab | 23:46:47  📷  a-eyes  ch1 → ch1-20261001T094647Z.jpg  (276.1 KB, 4.42s)
2026-09-30T23:47:05-10:00job:security_camera_frame_grab | 23:46:52  📷  a-eyes  ch2 → ch2-20261001T094652Z.jpg  (123.2 KB, 4.37s)
2026-09-30T23:47:05-10:00job:security_camera_frame_grab | 23:46:56  📷  a-eyes  ch3 → ch3-20261001T094656Z.jpg  (376.7 KB, 4.37s)
2026-09-30T23:47:05-10:00job:security_camera_frame_grab | 23:47:00  📷  a-eyes  ch4 → ch4-20261001T094700Z.jpg  (244.2 KB, 4.38s)
2026-09-30T23:47:05-10:00job:service_supervisor RUN  bash "/home/rootrecord/RootRecord-Ecosystem/1 - Servers/1 - RootRecord-Pacific-Solar-Server/Automations/scripts/supervise-services.sh"
2026-09-30T23:47:05-10:00job:service_supervisor | [supervisor] weather alive pid=30098 (act)
2026-09-30T23:47:05-10:00job:service_supervisor | [supervisor] relay alive pid=44115 (act)
2026-09-30T23:47:05-10:00job:geology_collect RUN  nice -n 10 python3 "/home/rootrecord/RootRecord-Ecosystem/1 - Servers/1 - RootRecord-Pacific-Solar-Server/Geology/scripts/geology_collect.py" all
2026-09-30T23:47:27-10:00job:geology_collect | {"ok": true, "at": "2026-09-30T23:47:05-10:00", "what": "all", "dry_run": false, "sources": {"hawaii": {"ok": true, "count": 29, "new": 2, "new_m2": 0, "ms": 433}, "global": {"ok": true, "count": 36, "new": 0, "ms": 287}, "hvo_notices": {"ok": true, "count": 44, "new": 0, "ms": 10842}, "hvo_status": {"ok": true, "volcanoes": 8, "kilauea": "WATCH", "mauna_loa": "NORMAL", "ms": 10648}}}
2026-09-30T23:47:27-10:00job:status_snapshot RUN  nice -n 10 python3 "/home/rootrecord/RootRecord-Ecosystem/1 - Servers/1 - RootRecord-Pacific-Solar-Server/Website/scripts/live_data_pages.py"
2026-09-30T23:47:27-10:00job:status_snapshot | live-data 5 pages
2026-09-30T23:47:27-10:00job:system_net_sample RUN  nice -n 10 python3 "/home/rootrecord/RootRecord-Ecosystem/1 - Servers/1 - RootRecord-Pacific-Solar-Server/System/scripts/host_desks.py" net-sample
2026-09-30T23:47:28-10:00job:system_net_sample | {"ok": true, "file": "/home/rootrecord/RootRecord-Ecosystem/2 - RootRecord-Database/System/network/Daily/net-20260930.jsonl", "iface": "wlo1", "hour": null, "day": null}
2026-09-30T23:47:28-10:00job:discord_report_relay RUN  nice -n 10 python3 "/home/rootrecord/RootRecord-Ecosystem/1 - Servers/1 - RootRecord-Pacific-Solar-Server/Communications/Discord/scripts/report_relay.py"
2026-09-30T23:47:28-10:00job:discord_report_relay | same
2026-09-30T23:47:28-10:00ENERGY  status=live  B2=10.1%  B1=73.2%  solar=0 W  ac=51 W  usbc=0 W  src=/home/rootrecord/RootRecord-Ecosystem/2 - RootRecord-Database/Energy  LAP=100%/Full/AC
2026-09-30T23:47:45-10:00  ▸  SUMMARY=river2pro soc=72.79% solar=0W ac_out=0W usbc=20W src=ble+cloud db=ok
2026-09-30T23:47:45-10:00job:sys_stats_cycle RUN  bash "/home/rootrecord/RootRecord-Ecosystem/1 - Servers/1 - RootRecord-Pacific-Solar-Server/System/scripts/sys-sample.sh"
2026-09-30T23:47:46-10:00job:sys_stats_cycle | SYSTEM  cpu=6%  load=0.78  mem=54%  src=sqlite
2026-09-30T23:47:46-10:00job:sys_stats_cycle | OK wrote /home/rootrecord/RootRecord-Ecosystem/2 - RootRecord-Database/System/samples/sys-20260930-234745.json
2026-09-30T23:48:46-10:00job:github_sync_all | ↑ [ecosystem] committed 18 local file(s)
2026-09-30T23:48:46-10:00job:github_sync_all | ↓ [ecosystem] fetching origin/main
2026-09-30T23:48:46-10:00job:github_sync_all | From github.com:RootRecord-Software-Solutions/RootRecord-Ecosystem
2026-09-30T23:48:46-10:00job:github_sync_all | * branch              main       -> FETCH_HEAD
2026-09-30T23:48:46-10:00job:github_sync_all | ↑ [ecosystem] local is ahead of GitHub
2026-09-30T23:48:46-10:00job:github_sync_all | To github.com:RootRecord-Software-Solutions/RootRecord-Ecosystem.git
2026-09-30T23:48:46-10:00job:github_sync_all | 28f3d847..c5fbf7f8  HEAD -> main
2026-09-30T23:48:46-10:00job:github_sync_all | branch 'main' set up to track 'origin/main'.
2026-09-30T23:48:46-10:00job:github_sync_all | ↑ [ecosystem] 18 files → RootRecord-Software-Solutions/RootRecord-Ecosystem (main)
2026-09-30T23:48:46-10:00job:github_sync_all | ↑ [pacific] committed 6 local file(s)
2026-09-30T23:48:46-10:00job:github_sync_all | ↓ [pacific] fetching origin/main
2026-09-30T23:48:46-10:00job:github_sync_all | From github.com:RootRecord-Software-Solutions/RootRecord-Pacific-Solar-Server
2026-09-30T23:48:46-10:00job:github_sync_all | * branch            main       -> FETCH_HEAD
2026-09-30T23:48:46-10:00job:github_sync_all | ↑ [pacific] local is ahead of GitHub
2026-09-30T23:48:46-10:00job:github_sync_all | To github.com:RootRecord-Software-Solutions/RootRecord-Pacific-Solar-Server.git
2026-09-30T23:48:46-10:00job:github_sync_all | d9efa02..96d8395  HEAD -> main
2026-09-30T23:48:46-10:00job:github_sync_all | branch 'main' set up to track 'origin/main'.
2026-09-30T23:48:46-10:00job:github_sync_all | ↑ [pacific] 6 files → RootRecord-Software-Solutions/RootRecord-Pacific-Solar-Server (main)
2026-09-30T23:48:46-10:00job:github_sync_all | ↑ [database] committed 27 local file(s)
2026-09-30T23:48:46-10:00job:github_sync_all | ↓ [database] fetching origin/main
2026-09-30T23:48:46-10:00job:github_sync_all | From github.com:RootRecord-Software-Solutions/RootRecord-Database
2026-09-30T23:48:46-10:00job:github_sync_all | * branch              main       -> FETCH_HEAD
2026-09-30T23:48:46-10:00job:github_sync_all | ↑ [database] local is ahead of GitHub
2026-09-30T23:48:46-10:00job:github_sync_all | To github.com:RootRecord-Software-Solutions/RootRecord-Database.git
2026-09-30T23:48:46-10:00job:github_sync_all | d2fcba13..4eadddc2  HEAD -> main
2026-09-30T23:48:46-10:00job:github_sync_all | branch 'main' set up to track 'origin/main'.
2026-09-30T23:48:46-10:00job:github_sync_all | ↑ [database] 27 files → RootRecord-Software-Solutions/RootRecord-Database (main)
2026-09-30T23:48:46-10:00job:github_sync_all | — [library] no local changes
2026-09-30T23:48:46-10:00job:github_sync_all | ↓ [library] fetching origin/main
2026-09-30T23:48:46-10:00job:github_sync_all | From github.com:RootRecord-Software-Solutions/RootRecord-Library
2026-09-30T23:48:46-10:00job:github_sync_all | * branch            main       -> FETCH_HEAD
2026-09-30T23:48:46-10:00job:github_sync_all | — [library] local and GitHub already match
2026-09-30T23:48:46-10:00job:github_sync_all | — [library] nothing to push
2026-09-30T23:48:46-10:00job:github_sync_all | ↑ [website] committed 5 local file(s)
2026-09-30T23:48:46-10:00job:github_sync_all | ↓ [website] fetching origin/main
2026-09-30T23:48:46-10:00job:github_sync_all | From github.com:RootRecord-Software-Solutions/RootRecord-Website
2026-09-30T23:48:46-10:00job:github_sync_all | * branch            main       -> FETCH_HEAD
2026-09-30T23:48:46-10:00job:github_sync_all | ↑ [website] local is ahead of GitHub
2026-09-30T23:48:46-10:00job:github_sync_all | To github.com:RootRecord-Software-Solutions/RootRecord-Website.git
2026-09-30T23:48:46-10:00job:github_sync_all | d80adc5..e4d9982  HEAD -> main
2026-09-30T23:48:46-10:00job:security_camera_frame_grab RUN  bash "/home/rootrecord/RootRecord-Ecosystem/1 - Servers/1 - RootRecord-Pacific-Solar-Server/Security/Cameras/grab_all.sh"
2026-09-30T23:49:04-10:00job:security_camera_frame_grab | 23:48:46  📷  a-eyes  ch1 → ch1-20261001T094846Z.jpg  (275.6 KB, 4.52s)
2026-09-30T23:49:04-10:00job:security_camera_frame_grab | 23:48:51  📷  a-eyes  ch2 → ch2-20261001T094851Z.jpg  (122.4 KB, 4.47s)
2026-09-30T23:49:04-10:00job:security_camera_frame_grab | 23:48:55  📷  a-eyes  ch3 → ch3-20261001T094855Z.jpg  (376.6 KB, 4.39s)
2026-09-30T23:49:04-10:00job:security_camera_frame_grab | 23:49:00  📷  a-eyes  ch4 → ch4-20261001T094900Z.jpg  (240.1 KB, 4.38s)
2026-09-30T23:49:04-10:00ENERGY  status=live  B2=10.1%  B1=72.8%  solar=0 W  ac=51 W  usbc=0 W  src=/home/rootrecord/RootRecord-Ecosystem/2 - RootRecord-Database/Energy  LAP=100%/Full/AC
2026-09-30T23:49:19-10:00  ▸  SUMMARY=river2pro soc=72.71% solar=0W ac_out=0W usbc=17W src=ble+cloud db=ok
2026-09-30T23:49:19-10:00job:sys_stats_cycle RUN  bash "/home/rootrecord/RootRecord-Ecosystem/1 - Servers/1 - RootRecord-Pacific-Solar-Server/System/scripts/sys-sample.sh"
2026-09-30T23:49:20-10:00job:sys_stats_cycle | SYSTEM  cpu=3%  load=1.49  mem=54%  src=sqlite
2026-09-30T23:49:20-10:00job:sys_stats_cycle | OK wrote /home/rootrecord/RootRecord-Ecosystem/2 - RootRecord-Database/System/samples/sys-20260930-234920.json
2026-09-30T23:50:32-10:00job:github_sync_all | ↑ [ecosystem] committed 2 local file(s)
2026-09-30T23:50:32-10:00job:github_sync_all | ↓ [ecosystem] fetching origin/main
2026-09-30T23:50:32-10:00job:github_sync_all | From github.com:RootRecord-Software-Solutions/RootRecord-Ecosystem
2026-09-30T23:50:32-10:00job:github_sync_all | * branch              main       -> FETCH_HEAD
2026-09-30T23:50:32-10:00job:github_sync_all | ↑ [ecosystem] local is ahead of GitHub
2026-09-30T23:50:32-10:00job:github_sync_all | To github.com:RootRecord-Software-Solutions/RootRecord-Ecosystem.git
2026-09-30T23:50:32-10:00job:github_sync_all | c5fbf7f8..accb6515  HEAD -> main
2026-09-30T23:50:32-10:00job:github_sync_all | branch 'main' set up to track 'origin/main'.
2026-09-30T23:50:32-10:00job:github_sync_all | ↑ [ecosystem] 2 files → RootRecord-Software-Solutions/RootRecord-Ecosystem (main)
2026-09-30T23:50:32-10:00job:github_sync_all | ↑ [pacific] committed 2 local file(s)
2026-09-30T23:50:32-10:00job:github_sync_all | ↓ [pacific] fetching origin/main
2026-09-30T23:50:32-10:00job:github_sync_all | From github.com:RootRecord-Software-Solutions/RootRecord-Pacific-Solar-Server
2026-09-30T23:50:32-10:00job:github_sync_all | * branch            main       -> FETCH_HEAD
2026-09-30T23:50:32-10:00job:github_sync_all | ↑ [pacific] local is ahead of GitHub
2026-09-30T23:50:32-10:00job:github_sync_all | To github.com:RootRecord-Software-Solutions/RootRecord-Pacific-Solar-Server.git
2026-09-30T23:50:32-10:00job:github_sync_all | 96d8395..2a468e8  HEAD -> main
2026-09-30T23:50:32-10:00job:github_sync_all | branch 'main' set up to track 'origin/main'.
2026-09-30T23:50:32-10:00job:github_sync_all | ↑ [pacific] 2 files → RootRecord-Software-Solutions/RootRecord-Pacific-Solar-Server (main)
2026-09-30T23:50:32-10:00job:github_sync_all | ↑ [database] committed 12 local file(s)
2026-09-30T23:50:32-10:00job:github_sync_all | ↓ [database] fetching origin/main
2026-09-30T23:50:32-10:00job:github_sync_all | From github.com:RootRecord-Software-Solutions/RootRecord-Database
2026-09-30T23:50:32-10:00job:github_sync_all | * branch              main       -> FETCH_HEAD
2026-09-30T23:50:32-10:00job:github_sync_all | ↑ [database] local is ahead of GitHub
2026-09-30T23:50:32-10:00job:github_sync_all | To github.com:RootRecord-Software-Solutions/RootRecord-Database.git
2026-09-30T23:50:32-10:00job:github_sync_all | 4eadddc2..d0f92f7e  HEAD -> main
2026-09-30T23:50:32-10:00job:github_sync_all | branch 'main' set up to track 'origin/main'.
2026-09-30T23:50:32-10:00job:github_sync_all | ↑ [database] 12 files → RootRecord-Software-Solutions/RootRecord-Database (main)
2026-09-30T23:50:32-10:00job:github_sync_all | — [library] no local changes
2026-09-30T23:50:32-10:00job:github_sync_all | ↓ [library] fetching origin/main
2026-09-30T23:50:32-10:00job:github_sync_all | From github.com:RootRecord-Software-Solutions/RootRecord-Library
2026-09-30T23:50:32-10:00job:github_sync_all | * branch            main       -> FETCH_HEAD
2026-09-30T23:50:32-10:00job:github_sync_all | — [library] local and GitHub already match
2026-09-30T23:50:32-10:00job:github_sync_all | — [library] nothing to push
2026-09-30T23:50:32-10:00job:github_sync_all | ↑ [website] committed 3 local file(s)
2026-09-30T23:50:32-10:00job:github_sync_all | ↓ [website] fetching origin/main
2026-09-30T23:50:32-10:00job:github_sync_all | From github.com:RootRecord-Software-Solutions/RootRecord-Website
2026-09-30T23:50:32-10:00job:github_sync_all | * branch            main       -> FETCH_HEAD
2026-09-30T23:50:32-10:00job:github_sync_all | ↑ [website] local is ahead of GitHub
2026-09-30T23:50:32-10:00job:github_sync_all | To github.com:RootRecord-Software-Solutions/RootRecord-Website.git
2026-09-30T23:50:32-10:00job:github_sync_all | e4d9982..b6399b3  HEAD -> main
2026-09-30T23:50:32-10:00job:worklog_scan RUN  bash "/home/rootrecord/RootRecord-Ecosystem/1 - Servers/1 - RootRecord-Pacific-Solar-Server/Reports/scripts/worklog_once.sh"
2026-09-30T23:50:36-10:00job:worklog_scan | OK wrote/updated /home/rootrecord/RootRecord-Ecosystem/2 - RootRecord-Database/Worklog/worklog_current.md
2026-09-30T23:50:36-10:00job:status_snapshot RUN  nice -n 10 python3 "/home/rootrecord/RootRecord-Ecosystem/1 - Servers/1 - RootRecord-Pacific-Solar-Server/Website/scripts/live_data_pages.py"
2026-09-30T23:50:36-10:00job:status_snapshot | live-data 5 pages
2026-09-30T23:50:36-10:00ENERGY  status=live  B2=10.1%  B1=72.7%  solar=0 W  ac=51 W  usbc=0 W  src=/home/rootrecord/RootRecord-Ecosystem/2 - RootRecord-Database/Energy  LAP=100%/Full/AC
2026-09-30T23:50:53-10:00  ▸  SUMMARY=river2pro soc=72.64% solar=0W ac_out=0W usbc=23W src=ble+cloud db=ok
2026-09-30T23:50:53-10:00job:sys_stats_cycle RUN  bash "/home/rootrecord/RootRecord-Ecosystem/1 - Servers/1 - RootRecord-Pacific-Solar-Server/System/scripts/sys-sample.sh"
2026-09-30T23:50:54-10:00job:sys_stats_cycle | SYSTEM  cpu=5%  load=0.96  mem=55%  src=sqlite
2026-09-30T23:50:54-10:00job:sys_stats_cycle | OK wrote /home/rootrecord/RootRecord-Ecosystem/2 - RootRecord-Database/System/samples/sys-20260930-235053.json
2026-09-30T23:50:54-10:00job:security_camera_frame_grab RUN  bash "/home/rootrecord/RootRecord-Ecosystem/1 - Servers/1 - RootRecord-Pacific-Solar-Server/Security/Cameras/grab_all.sh"
2026-09-30T23:51:14-10:00job:security_camera_frame_grab | 23:50:54  📷  a-eyes  ch1 → ch1-20261001T095054Z.jpg  (276.0 KB, 6.89s)
2026-09-30T23:51:14-10:00job:security_camera_frame_grab | 23:51:01  📷  a-eyes  ch2 → ch2-20261001T095101Z.jpg  (120.7 KB, 4.46s)
2026-09-30T23:51:14-10:00job:security_camera_frame_grab | 23:51:05  📷  a-eyes  ch3 → ch3-20261001T095105Z.jpg  (371.6 KB, 4.14s)
2026-09-30T23:51:14-10:00job:security_camera_frame_grab | 23:51:10  📷  a-eyes  ch4 → ch4-20261001T095110Z.jpg  (246.4 KB, 4.31s)
2026-09-30T23:51:29-10:00  ▸  SUMMARY=delta2 soc=9.26% solar=0W ac_out=45W usbc=0W src=ble db=ok
2026-09-30T23:51:29-10:00job:sys_stats_cycle RUN  bash "/home/rootrecord/RootRecord-Ecosystem/1 - Servers/1 - RootRecord-Pacific-Solar-Server/System/scripts/sys-sample.sh"
2026-09-30T23:51:30-10:00job:sys_stats_cycle | SYSTEM  cpu=7%  load=0.77  mem=55%  src=sqlite
2026-09-30T23:51:30-10:00job:sys_stats_cycle | OK wrote /home/rootrecord/RootRecord-Ecosystem/2 - RootRecord-Database/System/samples/sys-20260930-235130.json
2026-09-30T23:53:08-10:00job:github_sync_all | ↑ [ecosystem] committed 11 local file(s)
2026-09-30T23:53:08-10:00job:github_sync_all | ↓ [ecosystem] fetching origin/main
2026-09-30T23:53:08-10:00job:github_sync_all | From github.com:RootRecord-Software-Solutions/RootRecord-Ecosystem
2026-09-30T23:53:08-10:00job:github_sync_all | * branch              main       -> FETCH_HEAD
2026-09-30T23:53:08-10:00job:github_sync_all | ↑ [ecosystem] local is ahead of GitHub
2026-09-30T23:53:08-10:00job:github_sync_all | To github.com:RootRecord-Software-Solutions/RootRecord-Ecosystem.git
2026-09-30T23:53:08-10:00job:github_sync_all | accb6515..a35b8aba  HEAD -> main
2026-09-30T23:53:08-10:00job:github_sync_all | branch 'main' set up to track 'origin/main'.
2026-09-30T23:53:08-10:00job:github_sync_all | ↑ [ecosystem] 11 files → RootRecord-Software-Solutions/RootRecord-Ecosystem (main)
2026-09-30T23:53:08-10:00job:github_sync_all | ↑ [pacific] committed 8 local file(s)
2026-09-30T23:53:08-10:00job:github_sync_all | ↓ [pacific] fetching origin/main
2026-09-30T23:53:08-10:00job:github_sync_all | From github.com:RootRecord-Software-Solutions/RootRecord-Pacific-Solar-Server
2026-09-30T23:53:08-10:00job:github_sync_all | * branch            main       -> FETCH_HEAD
2026-09-30T23:53:08-10:00job:github_sync_all | ↑ [pacific] local is ahead of GitHub
2026-09-30T23:53:08-10:00job:github_sync_all | To github.com:RootRecord-Software-Solutions/RootRecord-Pacific-Solar-Server.git
2026-09-30T23:53:08-10:00job:github_sync_all | 2a468e8..0fb0dfe  HEAD -> main
2026-09-30T23:53:08-10:00job:github_sync_all | branch 'main' set up to track 'origin/main'.
2026-09-30T23:53:08-10:00job:github_sync_all | ↑ [pacific] 8 files → RootRecord-Software-Solutions/RootRecord-Pacific-Solar-Server (main)
2026-09-30T23:53:08-10:00job:github_sync_all | ↑ [database] committed 24 local file(s)
2026-09-30T23:53:08-10:00job:github_sync_all | ↓ [database] fetching origin/main
2026-09-30T23:53:08-10:00job:github_sync_all | From github.com:RootRecord-Software-Solutions/RootRecord-Database
2026-09-30T23:53:08-10:00job:github_sync_all | * branch              main       -> FETCH_HEAD
2026-09-30T23:53:08-10:00job:github_sync_all | ↑ [database] local is ahead of GitHub
2026-09-30T23:53:08-10:00job:github_sync_all | To github.com:RootRecord-Software-Solutions/RootRecord-Database.git
2026-09-30T23:53:08-10:00job:github_sync_all | d0f92f7e..e349c3d5  HEAD -> main
2026-09-30T23:53:08-10:00job:github_sync_all | branch 'main' set up to track 'origin/main'.
2026-09-30T23:53:08-10:00job:github_sync_all | ↑ [database] 24 files → RootRecord-Software-Solutions/RootRecord-Database (main)
2026-09-30T23:53:08-10:00job:github_sync_all | — [library] no local changes
2026-09-30T23:53:08-10:00job:github_sync_all | ↓ [library] fetching origin/main
2026-09-30T23:53:08-10:00job:github_sync_all | From github.com:RootRecord-Software-Solutions/RootRecord-Library
2026-09-30T23:53:08-10:00job:github_sync_all | * branch            main       -> FETCH_HEAD
2026-09-30T23:53:08-10:00job:github_sync_all | — [library] local and GitHub already match
2026-09-30T23:53:08-10:00job:github_sync_all | — [library] nothing to push
2026-09-30T23:53:08-10:00job:github_sync_all | ↑ [website] committed 8 local file(s)
2026-09-30T23:53:08-10:00job:github_sync_all | ↓ [website] fetching origin/main
2026-09-30T23:53:08-10:00job:github_sync_all | From github.com:RootRecord-Software-Solutions/RootRecord-Website
2026-09-30T23:53:08-10:00job:github_sync_all | * branch            main       -> FETCH_HEAD
2026-09-30T23:53:08-10:00job:github_sync_all | b6399b3..da5053f  main       -> origin/main
2026-09-30T23:53:08-10:00job:github_sync_all | ↓ [website] GitHub has changes; merging origin/main
2026-09-30T23:53:08-10:00job:github_sync_all | Merge made by the 'ort' strategy.
2026-09-30T23:53:09-10:00ENERGY  status=live  B2=9.3%  B1=72.6%  solar=0 W  ac=45 W  usbc=0 W  src=/home/rootrecord/RootRecord-Ecosystem/2 - RootRecord-Database/Energy  LAP=100%/Full/AC
2026-09-30T23:53:25-10:00  ▸  SUMMARY=river2pro soc=72.5% solar=0W ac_out=0W usbc=23W src=ble+cloud db=ok
2026-09-30T23:53:25-10:00job:sys_stats_cycle RUN  bash "/home/rootrecord/RootRecord-Ecosystem/1 - Servers/1 - RootRecord-Pacific-Solar-Server/System/scripts/sys-sample.sh"
2026-09-30T23:53:27-10:00job:sys_stats_cycle | SYSTEM  cpu=3%  load=0.58  mem=55%  src=sqlite
2026-09-30T23:53:27-10:00job:sys_stats_cycle | OK wrote /home/rootrecord/RootRecord-Ecosystem/2 - RootRecord-Database/System/samples/sys-20260930-235326.json
2026-09-30T23:53:27-10:00job:worklog_scan RUN  bash "/home/rootrecord/RootRecord-Ecosystem/1 - Servers/1 - RootRecord-Pacific-Solar-Server/Reports/scripts/worklog_once.sh"
2026-09-30T23:53:37-10:00job:worklog_scan | OK wrote/updated /home/rootrecord/RootRecord-Ecosystem/2 - RootRecord-Database/Worklog/worklog_current.md
2026-09-30T23:53:37-10:00job:security_camera_frame_grab RUN  bash "/home/rootrecord/RootRecord-Ecosystem/1 - Servers/1 - RootRecord-Pacific-Solar-Server/Security/Cameras/grab_all.sh"
2026-09-30T23:53:55-10:00job:security_camera_frame_grab | 23:53:38  📷  a-eyes  ch1 → ch1-20261001T095338Z.jpg  (276.3 KB, 4.30s)
2026-09-30T23:53:55-10:00job:security_camera_frame_grab | 23:53:42  📷  a-eyes  ch2 → ch2-20261001T095342Z.jpg  (120.9 KB, 4.37s)
2026-09-30T23:53:55-10:00job:security_camera_frame_grab | 23:53:46  📷  a-eyes  ch3 → ch3-20261001T095346Z.jpg  (373.9 KB, 4.37s)
2026-09-30T23:53:55-10:00job:security_camera_frame_grab | 23:53:51  📷  a-eyes  ch4 → ch4-20261001T095351Z.jpg  (239.2 KB, 4.39s)
2026-09-30T23:53:55-10:00job:service_supervisor RUN  bash "/home/rootrecord/RootRecord-Ecosystem/1 - Servers/1 - RootRecord-Pacific-Solar-Server/Automations/scripts/supervise-services.sh"
2026-09-30T23:53:55-10:00job:service_supervisor | [supervisor] weather alive pid=30098 (act)
2026-09-30T23:53:55-10:00job:service_supervisor | [supervisor] relay alive pid=44115 (act)
2026-09-30T23:53:55-10:00job:geology_collect RUN  nice -n 10 python3 "/home/rootrecord/RootRecord-Ecosystem/1 - Servers/1 - RootRecord-Pacific-Solar-Server/Geology/scripts/geology_collect.py" all
2026-09-30T23:54:11-10:00job:geology_collect | {"ok": true, "at": "2026-09-30T23:53:55-10:00", "what": "all", "dry_run": false, "sources": {"hawaii": {"ok": true, "count": 32, "new": 3, "new_m2": 3, "ms": 440}, "global": {"ok": true, "count": 36, "new": 0, "ms": 285}, "hvo_notices": {"ok": true, "count": 44, "new": 0, "ms": 10704}, "hvo_status": {"ok": true, "volcanoes": 8, "kilauea": "WATCH", "mauna_loa": "NORMAL", "ms": 4476}}}
2026-09-30T23:54:11-10:00job:status_snapshot RUN  nice -n 10 python3 "/home/rootrecord/RootRecord-Ecosystem/1 - Servers/1 - RootRecord-Pacific-Solar-Server/Website/scripts/live_data_pages.py"
2026-09-30T23:54:11-10:00job:status_snapshot | live-data 5 pages
2026-09-30T23:54:11-10:00job:system_net_sample RUN  nice -n 10 python3 "/home/rootrecord/RootRecord-Ecosystem/1 - Servers/1 - RootRecord-Pacific-Solar-Server/System/scripts/host_desks.py" net-sample
2026-09-30T23:54:11-10:00job:system_net_sample | {"ok": true, "file": "/home/rootrecord/RootRecord-Ecosystem/2 - RootRecord-Database/System/network/Daily/net-20260930.jsonl", "iface": "wlo1", "hour": {"seconds": 3618, "rx": 1885121366, "tx": 94549367, "total": 1979670733, "iface": "wlo1", "link": "wireless"}, "day": null}
2026-09-30T23:54:11-10:00job:discord_report_relay RUN  nice -n 10 python3 "/home/rootrecord/RootRecord-Ecosystem/1 - Servers/1 - RootRecord-Pacific-Solar-Server/Communications/Discord/scripts/report_relay.py"
2026-09-30T23:54:12-10:00job:discord_report_relay | same
2026-09-30T23:54:12-10:00ENERGY  status=live  B2=9.3%  B1=72.5%  solar=0 W  ac=45 W  usbc=0 W  src=/home/rootrecord/RootRecord-Ecosystem/2 - RootRecord-Database/Energy  LAP=100%/Full/AC
2026-09-30T23:54:27-10:00  ▸  SUMMARY=delta2 soc=8.86% solar=0W ac_out=59W usbc=0W src=ble db=ok
2026-09-30T23:54:27-10:00job:sys_stats_cycle RUN  bash "/home/rootrecord/RootRecord-Ecosystem/1 - Servers/1 - RootRecord-Pacific-Solar-Server/System/scripts/sys-sample.sh"
2026-09-30T23:54:28-10:00job:sys_stats_cycle | SYSTEM  cpu=9%  load=1.62  mem=57%  src=sqlite
2026-09-30T23:54:28-10:00job:sys_stats_cycle | OK wrote /home/rootrecord/RootRecord-Ecosystem/2 - RootRecord-Database/System/samples/sys-20260930-235428.json
2026-09-30T23:55:36-10:00job:github_sync_all | ↑ [ecosystem] committed 19 local file(s)
2026-09-30T23:55:36-10:00job:github_sync_all | ↓ [ecosystem] fetching origin/main
2026-09-30T23:55:36-10:00job:github_sync_all | From github.com:RootRecord-Software-Solutions/RootRecord-Ecosystem
2026-09-30T23:55:36-10:00job:github_sync_all | * branch              main       -> FETCH_HEAD
2026-09-30T23:55:36-10:00job:github_sync_all | ↑ [ecosystem] local is ahead of GitHub
2026-09-30T23:55:36-10:00job:github_sync_all | To github.com:RootRecord-Software-Solutions/RootRecord-Ecosystem.git
2026-09-30T23:55:36-10:00job:github_sync_all | a35b8aba..8b0b77be  HEAD -> main
2026-09-30T23:55:36-10:00job:github_sync_all | branch 'main' set up to track 'origin/main'.
2026-09-30T23:55:36-10:00job:github_sync_all | ↑ [ecosystem] 19 files → RootRecord-Software-Solutions/RootRecord-Ecosystem (main)
2026-09-30T23:55:36-10:00job:github_sync_all | ↑ [pacific] committed 6 local file(s)
2026-09-30T23:55:36-10:00job:github_sync_all | ↓ [pacific] fetching origin/main
2026-09-30T23:55:36-10:00job:github_sync_all | From github.com:RootRecord-Software-Solutions/RootRecord-Pacific-Solar-Server
2026-09-30T23:55:36-10:00job:github_sync_all | * branch            main       -> FETCH_HEAD
2026-09-30T23:55:36-10:00job:github_sync_all | ↑ [pacific] local is ahead of GitHub
2026-09-30T23:55:36-10:00job:github_sync_all | To github.com:RootRecord-Software-Solutions/RootRecord-Pacific-Solar-Server.git
2026-09-30T23:55:36-10:00job:github_sync_all | 0fb0dfe..43f8d45  HEAD -> main
2026-09-30T23:55:36-10:00job:github_sync_all | branch 'main' set up to track 'origin/main'.
2026-09-30T23:55:36-10:00job:github_sync_all | ↑ [pacific] 6 files → RootRecord-Software-Solutions/RootRecord-Pacific-Solar-Server (main)
2026-09-30T23:55:36-10:00job:github_sync_all | ↑ [database] committed 32 local file(s)
2026-09-30T23:55:36-10:00job:github_sync_all | ↓ [database] fetching origin/main
2026-09-30T23:55:36-10:00job:github_sync_all | From github.com:RootRecord-Software-Solutions/RootRecord-Database
2026-09-30T23:55:36-10:00job:github_sync_all | * branch              main       -> FETCH_HEAD
2026-09-30T23:55:36-10:00job:github_sync_all | ↑ [database] local is ahead of GitHub
2026-09-30T23:55:36-10:00job:github_sync_all | To github.com:RootRecord-Software-Solutions/RootRecord-Database.git
2026-09-30T23:55:36-10:00job:github_sync_all | e349c3d5..b7deb6b6  HEAD -> main
2026-09-30T23:55:36-10:00job:github_sync_all | branch 'main' set up to track 'origin/main'.
2026-09-30T23:55:36-10:00job:github_sync_all | ↑ [database] 32 files → RootRecord-Software-Solutions/RootRecord-Database (main)
2026-09-30T23:55:36-10:00job:github_sync_all | — [library] no local changes
2026-09-30T23:55:36-10:00job:github_sync_all | ↓ [library] fetching origin/main
2026-09-30T23:55:36-10:00job:github_sync_all | From github.com:RootRecord-Software-Solutions/RootRecord-Library
2026-09-30T23:55:36-10:00job:github_sync_all | * branch            main       -> FETCH_HEAD
2026-09-30T23:55:36-10:00job:github_sync_all | — [library] local and GitHub already match
2026-09-30T23:55:36-10:00job:github_sync_all | — [library] nothing to push
2026-09-30T23:55:36-10:00job:github_sync_all | ↑ [website] committed 2 local file(s)
2026-09-30T23:55:36-10:00job:github_sync_all | ↓ [website] fetching origin/main
2026-09-30T23:55:36-10:00job:github_sync_all | From github.com:RootRecord-Software-Solutions/RootRecord-Website
2026-09-30T23:55:36-10:00job:github_sync_all | * branch            main       -> FETCH_HEAD
2026-09-30T23:55:36-10:00job:github_sync_all | + f0df954...b6399b3 main       -> origin/main  (forced update)
2026-09-30T23:55:36-10:00job:github_sync_all | ↑ [website] local is ahead of GitHub
2026-09-30T23:55:36-10:00job:github_sync_all | To github.com:RootRecord-Software-Solutions/RootRecord-Website.git
2026-09-30T23:55:36-10:00job:security_camera_frame_grab RUN  bash "/home/rootrecord/RootRecord-Ecosystem/1 - Servers/1 - RootRecord-Pacific-Solar-Server/Security/Cameras/grab_all.sh"
2026-09-30T23:55:54-10:00job:security_camera_frame_grab | 23:55:36  📷  a-eyes  ch1 → ch1-20261001T095536Z.jpg  (276.6 KB, 4.44s)
2026-09-30T23:55:54-10:00job:security_camera_frame_grab | 23:55:41  📷  a-eyes  ch2 → ch2-20261001T095541Z.jpg  (121.0 KB, 4.48s)
2026-09-30T23:55:54-10:00job:security_camera_frame_grab | 23:55:45  📷  a-eyes  ch3 → ch3-20261001T095545Z.jpg  (372.7 KB, 4.48s)
2026-09-30T23:55:54-10:00job:security_camera_frame_grab | 23:55:50  📷  a-eyes  ch4 → ch4-20261001T095550Z.jpg  (232.8 KB, 4.50s)
2026-09-30T23:55:55-10:00ENERGY  status=live  B2=8.9%  B1=72.5%  solar=0 W  ac=59 W  usbc=0 W  src=/home/rootrecord/RootRecord-Ecosystem/2 - RootRecord-Database/Energy  LAP=100%/Full/AC
2026-09-30T23:56:11-10:00  ▸  SUMMARY=river2pro soc=72.35% solar=0W ac_out=0W usbc=26W src=ble+cloud db=ok
2026-09-30T23:56:11-10:00job:sys_stats_cycle RUN  bash "/home/rootrecord/RootRecord-Ecosystem/1 - Servers/1 - RootRecord-Pacific-Solar-Server/System/scripts/sys-sample.sh"
2026-09-30T23:56:13-10:00job:sys_stats_cycle | SYSTEM  cpu=7%  load=1.05  mem=61%  src=sqlite
2026-09-30T23:56:13-10:00job:sys_stats_cycle | OK wrote /home/rootrecord/RootRecord-Ecosystem/2 - RootRecord-Database/System/samples/sys-20260930-235612.json
2026-09-30T23:57:04-10:00job:github_sync_all | — [ecosystem] no committable local changes
2026-09-30T23:57:04-10:00job:github_sync_all | ↓ [ecosystem] fetching origin/main
2026-09-30T23:57:04-10:00job:github_sync_all | From github.com:RootRecord-Software-Solutions/RootRecord-Ecosystem
2026-09-30T23:57:04-10:00job:github_sync_all | * branch              main       -> FETCH_HEAD
2026-09-30T23:57:04-10:00job:github_sync_all | — [ecosystem] local and GitHub already match
2026-09-30T23:57:04-10:00job:github_sync_all | — [ecosystem] nothing to push
2026-09-30T23:57:04-10:00job:github_sync_all | — [pacific] no local changes
2026-09-30T23:57:04-10:00job:github_sync_all | ↓ [pacific] fetching origin/main
2026-09-30T23:57:04-10:00job:github_sync_all | From github.com:RootRecord-Software-Solutions/RootRecord-Pacific-Solar-Server
2026-09-30T23:57:04-10:00job:github_sync_all | * branch            main       -> FETCH_HEAD
2026-09-30T23:57:04-10:00job:github_sync_all | — [pacific] local and GitHub already match
2026-09-30T23:57:04-10:00job:github_sync_all | — [pacific] nothing to push
2026-09-30T23:57:04-10:00job:github_sync_all | ↑ [database] committed 13 local file(s)
2026-09-30T23:57:04-10:00job:github_sync_all | ↓ [database] fetching origin/main
2026-09-30T23:57:04-10:00job:github_sync_all | From github.com:RootRecord-Software-Solutions/RootRecord-Database
2026-09-30T23:57:04-10:00job:github_sync_all | * branch              main       -> FETCH_HEAD
2026-09-30T23:57:04-10:00job:github_sync_all | ↑ [database] local is ahead of GitHub
2026-09-30T23:57:04-10:00job:github_sync_all | To github.com:RootRecord-Software-Solutions/RootRecord-Database.git
2026-09-30T23:57:04-10:00job:github_sync_all | b7deb6b6..6f4fbba7  HEAD -> main
2026-09-30T23:57:04-10:00job:github_sync_all | branch 'main' set up to track 'origin/main'.
2026-09-30T23:57:04-10:00job:github_sync_all | ↑ [database] 13 files → RootRecord-Software-Solutions/RootRecord-Database (main)
2026-09-30T23:57:04-10:00job:github_sync_all | — [library] no local changes
2026-09-30T23:57:04-10:00job:github_sync_all | ↓ [library] fetching origin/main
2026-09-30T23:57:04-10:00job:github_sync_all | From github.com:RootRecord-Software-Solutions/RootRecord-Library
2026-09-30T23:57:04-10:00job:github_sync_all | * branch            main       -> FETCH_HEAD
2026-09-30T23:57:04-10:00job:github_sync_all | — [library] local and GitHub already match
2026-09-30T23:57:04-10:00job:github_sync_all | — [library] nothing to push
2026-09-30T23:57:04-10:00job:github_sync_all | — [website] no local changes
2026-09-30T23:57:04-10:00job:github_sync_all | ↓ [website] fetching origin/main
2026-09-30T23:57:04-10:00job:github_sync_all | From github.com:RootRecord-Software-Solutions/RootRecord-Website
2026-09-30T23:57:04-10:00job:github_sync_all | * branch            main       -> FETCH_HEAD
2026-09-30T23:57:04-10:00job:github_sync_all | — [website] local and GitHub already match
2026-09-30T23:57:04-10:00job:github_sync_all | — [website] nothing to push
2026-09-30T23:57:04-10:00job:github_sync_all | — [website-personal] no local changes
2026-09-30T23:57:04-10:00job:github_sync_all | ↓ [website-personal] fetching origin/main
2026-09-30T23:57:04-10:00job:github_sync_all | From github.com:rootrecordsoftwaresolutions/RootRecord-Website
2026-09-30T23:57:04-10:00job:github_sync_all | * branch            main       -> FETCH_HEAD
2026-09-30T23:57:04-10:00job:github_sync_all | — [website-personal] local and GitHub already match
2026-09-30T23:57:04-10:00job:github_sync_all | — [website-personal] nothing to push
2026-09-30T23:57:04-10:00job:github_sync_all | — [mainland] no local changes
2026-09-30T23:57:04-10:00job:worklog_scan RUN  bash "/home/rootrecord/RootRecord-Ecosystem/1 - Servers/1 - RootRecord-Pacific-Solar-Server/Reports/scripts/worklog_once.sh"
2026-09-30T23:57:07-10:00job:worklog_scan | OK wrote/updated /home/rootrecord/RootRecord-Ecosystem/2 - RootRecord-Database/Worklog/worklog_current.md
2026-09-30T23:57:07-10:00job:status_snapshot RUN  nice -n 10 python3 "/home/rootrecord/RootRecord-Ecosystem/1 - Servers/1 - RootRecord-Pacific-Solar-Server/Website/scripts/live_data_pages.py"
2026-09-30T23:57:07-10:00job:status_snapshot | live-data 5 pages
2026-09-30T23:57:08-10:00ENERGY  status=live  B2=8.9%  B1=72.3%  solar=0 W  ac=59 W  usbc=0 W  src=/home/rootrecord/RootRecord-Ecosystem/2 - RootRecord-Database/Energy  LAP=100%/Full/AC
2026-09-30T23:57:23-10:00  ▸  SUMMARY=river2pro soc=72.28% solar=0W ac_out=0W usbc=20W src=ble+cloud db=ok
2026-09-30T23:57:23-10:00job:sys_stats_cycle RUN  bash "/home/rootrecord/RootRecord-Ecosystem/1 - Servers/1 - RootRecord-Pacific-Solar-Server/System/scripts/sys-sample.sh"
2026-09-30T23:57:24-10:00job:sys_stats_cycle | SYSTEM  cpu=9%  load=1.38  mem=60%  src=sqlite
2026-09-30T23:57:24-10:00job:sys_stats_cycle | OK wrote /home/rootrecord/RootRecord-Ecosystem/2 - RootRecord-Database/System/samples/sys-20260930-235723.json
2026-09-30T23:57:24-10:00job:security_camera_frame_grab RUN  bash "/home/rootrecord/RootRecord-Ecosystem/1 - Servers/1 - RootRecord-Pacific-Solar-Server/Security/Cameras/grab_all.sh"
2026-09-30T23:57:42-10:00job:security_camera_frame_grab | 23:57:24  📷  a-eyes  ch1 → ch1-20261001T095724Z.jpg  (276.6 KB, 4.54s)
2026-09-30T23:57:42-10:00job:security_camera_frame_grab | 23:57:29  📷  a-eyes  ch2 → ch2-20261001T095729Z.jpg  (124.5 KB, 4.27s)
2026-09-30T23:57:42-10:00job:security_camera_frame_grab | 23:57:33  📷  a-eyes  ch3 → ch3-20261001T095733Z.jpg  (372.2 KB, 4.58s)
2026-09-30T23:57:42-10:00job:security_camera_frame_grab | 23:57:38  📷  a-eyes  ch4 → ch4-20261001T095738Z.jpg  (253.2 KB, 4.38s)
2026-09-30T23:57:58-10:00  ▸  SUMMARY=delta2 soc=8.35% solar=0W ac_out=44W usbc=0W src=ble db=ok
2026-09-30T23:57:58-10:00job:sys_stats_cycle RUN  bash "/home/rootrecord/RootRecord-Ecosystem/1 - Servers/1 - RootRecord-Pacific-Solar-Server/System/scripts/sys-sample.sh"
2026-09-30T23:57:59-10:00job:sys_stats_cycle | SYSTEM  cpu=7%  load=1.15  mem=60%  src=sqlite
2026-09-30T23:57:59-10:00job:sys_stats_cycle | OK wrote /home/rootrecord/RootRecord-Ecosystem/2 - RootRecord-Database/System/samples/sys-20260930-235758.json
2026-09-30T23:59:11-10:00job:github_sync_all | ↑ [ecosystem] committed 6 local file(s)
2026-09-30T23:59:11-10:00job:github_sync_all | ↓ [ecosystem] fetching origin/main
2026-09-30T23:59:11-10:00job:github_sync_all | From github.com:RootRecord-Software-Solutions/RootRecord-Ecosystem
2026-09-30T23:59:11-10:00job:github_sync_all | * branch              main       -> FETCH_HEAD
2026-09-30T23:59:11-10:00job:github_sync_all | ↑ [ecosystem] local is ahead of GitHub
2026-09-30T23:59:11-10:00job:github_sync_all | To github.com:RootRecord-Software-Solutions/RootRecord-Ecosystem.git
2026-09-30T23:59:11-10:00job:github_sync_all | 8b0b77be..ed4fc393  HEAD -> main
2026-09-30T23:59:11-10:00job:github_sync_all | branch 'main' set up to track 'origin/main'.
2026-09-30T23:59:11-10:00job:github_sync_all | ↑ [ecosystem] 6 files → RootRecord-Software-Solutions/RootRecord-Ecosystem (main)
2026-09-30T23:59:11-10:00job:github_sync_all | ↑ [pacific] committed 2 local file(s)
2026-09-30T23:59:11-10:00job:github_sync_all | ↓ [pacific] fetching origin/main
2026-09-30T23:59:11-10:00job:github_sync_all | From github.com:RootRecord-Software-Solutions/RootRecord-Pacific-Solar-Server
2026-09-30T23:59:11-10:00job:github_sync_all | * branch            main       -> FETCH_HEAD
2026-09-30T23:59:11-10:00job:github_sync_all | ↑ [pacific] local is ahead of GitHub
2026-09-30T23:59:11-10:00job:github_sync_all | To github.com:RootRecord-Software-Solutions/RootRecord-Pacific-Solar-Server.git
2026-09-30T23:59:11-10:00job:github_sync_all | 43f8d45..997a1fe  HEAD -> main
2026-09-30T23:59:11-10:00job:github_sync_all | branch 'main' set up to track 'origin/main'.
2026-09-30T23:59:11-10:00job:github_sync_all | ↑ [pacific] 2 files → RootRecord-Software-Solutions/RootRecord-Pacific-Solar-Server (main)
2026-09-30T23:59:11-10:00job:github_sync_all | ↑ [database] committed 24 local file(s)
2026-09-30T23:59:11-10:00job:github_sync_all | ↓ [database] fetching origin/main
2026-09-30T23:59:11-10:00job:github_sync_all | From github.com:RootRecord-Software-Solutions/RootRecord-Database
2026-09-30T23:59:11-10:00job:github_sync_all | * branch              main       -> FETCH_HEAD
2026-09-30T23:59:11-10:00job:github_sync_all | ↑ [database] local is ahead of GitHub
2026-09-30T23:59:11-10:00job:github_sync_all | To github.com:RootRecord-Software-Solutions/RootRecord-Database.git
2026-09-30T23:59:11-10:00job:github_sync_all | 6f4fbba7..5e0f1c50  HEAD -> main
2026-09-30T23:59:11-10:00job:github_sync_all | branch 'main' set up to track 'origin/main'.
2026-09-30T23:59:11-10:00job:github_sync_all | ↑ [database] 24 files → RootRecord-Software-Solutions/RootRecord-Database (main)
2026-09-30T23:59:11-10:00job:github_sync_all | — [library] no local changes
2026-09-30T23:59:11-10:00job:github_sync_all | ↓ [library] fetching origin/main
2026-09-30T23:59:11-10:00job:github_sync_all | From github.com:RootRecord-Software-Solutions/RootRecord-Library
2026-09-30T23:59:11-10:00job:github_sync_all | * branch            main       -> FETCH_HEAD
2026-09-30T23:59:11-10:00job:github_sync_all | — [library] local and GitHub already match
2026-09-30T23:59:11-10:00job:github_sync_all | — [library] nothing to push
2026-09-30T23:59:11-10:00job:github_sync_all | ↑ [website] committed 1 local file(s)
2026-09-30T23:59:11-10:00job:github_sync_all | ↓ [website] fetching origin/main
2026-09-30T23:59:11-10:00job:github_sync_all | From github.com:RootRecord-Software-Solutions/RootRecord-Website
2026-09-30T23:59:11-10:00job:github_sync_all | * branch            main       -> FETCH_HEAD
2026-09-30T23:59:11-10:00job:github_sync_all | ↑ [website] local is ahead of GitHub
2026-09-30T23:59:11-10:00job:github_sync_all | To github.com:RootRecord-Software-Solutions/RootRecord-Website.git
2026-09-30T23:59:11-10:00job:github_sync_all | 2bd8aea..1605bb7  HEAD -> main
2026-09-30T23:59:11-10:00ENERGY  status=live  B2=8.3%  B1=72.3%  solar=0 W  ac=44 W  usbc=0 W  src=/home/rootrecord/RootRecord-Ecosystem/2 - RootRecord-Database/Energy  LAP=100%/Full/AC
2026-09-30T23:59:26-10:00  ▸  SUMMARY=delta2 soc=8.15% solar=0W ac_out=57W usbc=0W src=ble db=ok
2026-09-30T23:59:26-10:00job:sys_stats_cycle RUN  bash "/home/rootrecord/RootRecord-Ecosystem/1 - Servers/1 - RootRecord-Pacific-Solar-Server/System/scripts/sys-sample.sh"
2026-09-30T23:59:28-10:00job:sys_stats_cycle | SYSTEM  cpu=9%  load=0.84  mem=59%  src=sqlite
2026-09-30T23:59:28-10:00job:sys_stats_cycle | OK wrote /home/rootrecord/RootRecord-Ecosystem/2 - RootRecord-Database/System/samples/sys-20260930-235927.json
2026-09-30T23:59:28-10:00job:worklog_scan RUN  bash "/home/rootrecord/RootRecord-Ecosystem/1 - Servers/1 - RootRecord-Pacific-Solar-Server/Reports/scripts/worklog_once.sh"
2026-09-30T23:59:34-10:00job:worklog_scan | OK wrote/updated /home/rootrecord/RootRecord-Ecosystem/2 - RootRecord-Database/Worklog/worklog_current.md
2026-09-30T23:59:34-10:00job:security_camera_frame_grab RUN  bash "/home/rootrecord/RootRecord-Ecosystem/1 - Servers/1 - RootRecord-Pacific-Solar-Server/Security/Cameras/grab_all.sh"
2026-09-30T23:59:52-10:00job:security_camera_frame_grab | 23:59:34  📷  a-eyes  ch1 → ch1-20261001T095934Z.jpg  (277.6 KB, 4.56s)
2026-09-30T23:59:52-10:00job:security_camera_frame_grab | 23:59:39  📷  a-eyes  ch2 → ch2-20261001T095939Z.jpg  (122.0 KB, 4.47s)
2026-09-30T23:59:52-10:00job:security_camera_frame_grab | 23:59:43  📷  a-eyes  ch3 → ch3-20261001T095943Z.jpg  (346.5 KB, 4.38s)
2026-09-30T23:59:52-10:00job:security_camera_frame_grab | 23:59:48  📷  a-eyes  ch4 → ch4-20261001T095948Z.jpg  (251.4 KB, 4.35s)
2026-09-30T23:59:52-10:00job:service_supervisor RUN  bash "/home/rootrecord/RootRecord-Ecosystem/1 - Servers/1 - RootRecord-Pacific-Solar-Server/Automations/scripts/supervise-services.sh"
2026-09-30T23:59:52-10:00job:service_supervisor | [supervisor] weather alive pid=30098 (act)
2026-09-30T23:59:52-10:00job:service_supervisor | [supervisor] relay alive pid=44115 (act)
2026-09-30T23:59:52-10:00job:status_snapshot RUN  nice -n 10 python3 "/home/rootrecord/RootRecord-Ecosystem/1 - Servers/1 - RootRecord-Pacific-Solar-Server/Website/scripts/live_data_pages.py"
2026-09-30T23:59:52-10:00job:status_snapshot | live-data 5 pages
2026-10-01T00:00:07-10:00  ▸  SUMMARY=delta2 soc=8.05% solar=0W ac_out=45W usbc=0W src=ble db=ok
2026-10-01T00:00:07-10:00job:sys_stats_cycle RUN  bash "/home/rootrecord/RootRecord-Ecosystem/1 - Servers/1 - RootRecord-Pacific-Solar-Server/System/scripts/sys-sample.sh"
2026-10-01T00:00:08-10:00job:sys_stats_cycle | SYSTEM  cpu=12%  load=1.46  mem=61%  src=sqlite
2026-10-01T00:00:08-10:00job:sys_stats_cycle | OK wrote /home/rootrecord/RootRecord-Ecosystem/2 - RootRecord-Database/System/samples/sys-20261001-000007.json
2026-10-01T00:01:09-10:00job:github_sync_all | ↑ [ecosystem] committed 6 local file(s)
2026-10-01T00:01:09-10:00job:github_sync_all | ↓ [ecosystem] fetching origin/main
2026-10-01T00:01:09-10:00job:github_sync_all | From github.com:RootRecord-Software-Solutions/RootRecord-Ecosystem
2026-10-01T00:01:09-10:00job:github_sync_all | * branch              main       -> FETCH_HEAD
2026-10-01T00:01:09-10:00job:github_sync_all | ↑ [ecosystem] local is ahead of GitHub
2026-10-01T00:01:09-10:00job:github_sync_all | To github.com:RootRecord-Software-Solutions/RootRecord-Ecosystem.git
2026-10-01T00:01:09-10:00job:github_sync_all | ed4fc393..54a27934  HEAD -> main
2026-10-01T00:01:09-10:00job:github_sync_all | branch 'main' set up to track 'origin/main'.
2026-10-01T00:01:09-10:00job:github_sync_all | ↑ [ecosystem] 6 files → RootRecord-Software-Solutions/RootRecord-Ecosystem (main)
2026-10-01T00:01:09-10:00job:github_sync_all | ↑ [pacific] committed 2 local file(s)
2026-10-01T00:01:09-10:00job:github_sync_all | ↓ [pacific] fetching origin/main
2026-10-01T00:01:09-10:00job:github_sync_all | From github.com:RootRecord-Software-Solutions/RootRecord-Pacific-Solar-Server
2026-10-01T00:01:09-10:00job:github_sync_all | * branch            main       -> FETCH_HEAD
2026-10-01T00:01:09-10:00job:github_sync_all | ↑ [pacific] local is ahead of GitHub
2026-10-01T00:01:09-10:00job:github_sync_all | To github.com:RootRecord-Software-Solutions/RootRecord-Pacific-Solar-Server.git
2026-10-01T00:01:09-10:00job:github_sync_all | 997a1fe..63e29c9  HEAD -> main
2026-10-01T00:01:09-10:00job:github_sync_all | branch 'main' set up to track 'origin/main'.
2026-10-01T00:01:09-10:00job:github_sync_all | ↑ [pacific] 2 files → RootRecord-Software-Solutions/RootRecord-Pacific-Solar-Server (main)
2026-10-01T00:01:09-10:00job:github_sync_all | ↑ [database] committed 26 local file(s)
2026-10-01T00:01:09-10:00job:github_sync_all | ↓ [database] fetching origin/main
2026-10-01T00:01:09-10:00job:github_sync_all | From github.com:RootRecord-Software-Solutions/RootRecord-Database
2026-10-01T00:01:09-10:00job:github_sync_all | * branch              main       -> FETCH_HEAD
2026-10-01T00:01:09-10:00job:github_sync_all | ↑ [database] local is ahead of GitHub
2026-10-01T00:01:09-10:00job:github_sync_all | To github.com:RootRecord-Software-Solutions/RootRecord-Database.git
2026-10-01T00:01:09-10:00job:github_sync_all | 5e0f1c50..7e8ee7d3  HEAD -> main
2026-10-01T00:01:09-10:00job:github_sync_all | branch 'main' set up to track 'origin/main'.
2026-10-01T00:01:09-10:00job:github_sync_all | ↑ [database] 26 files → RootRecord-Software-Solutions/RootRecord-Database (main)
2026-10-01T00:01:09-10:00job:github_sync_all | — [library] no local changes
2026-10-01T00:01:09-10:00job:github_sync_all | ↓ [library] fetching origin/main
2026-10-01T00:01:09-10:00job:github_sync_all | From github.com:RootRecord-Software-Solutions/RootRecord-Library
2026-10-01T00:01:09-10:00job:github_sync_all | * branch            main       -> FETCH_HEAD
2026-10-01T00:01:09-10:00job:github_sync_all | — [library] local and GitHub already match
2026-10-01T00:01:09-10:00job:github_sync_all | — [library] nothing to push
2026-10-01T00:01:09-10:00job:github_sync_all | ↑ [website] committed 1 local file(s)
2026-10-01T00:01:09-10:00job:github_sync_all | ↓ [website] fetching origin/main
2026-10-01T00:01:09-10:00job:github_sync_all | From github.com:RootRecord-Software-Solutions/RootRecord-Website
2026-10-01T00:01:09-10:00job:github_sync_all | * branch            main       -> FETCH_HEAD
2026-10-01T00:01:09-10:00job:github_sync_all | ↑ [website] local is ahead of GitHub
2026-10-01T00:01:09-10:00job:github_sync_all | To github.com:RootRecord-Software-Solutions/RootRecord-Website.git
2026-10-01T00:01:09-10:00job:github_sync_all | 1605bb7..cd7505d  HEAD -> main
2026-10-01T00:01:09-10:00job:geology_collect RUN  nice -n 10 python3 "/home/rootrecord/RootRecord-Ecosystem/1 - Servers/1 - RootRecord-Pacific-Solar-Server/Geology/scripts/geology_collect.py" all
2026-10-01T00:01:17-10:00job:geology_collect | {"ok": true, "at": "2026-10-01T00:01:10-10:00", "what": "all", "dry_run": false, "sources": {"hawaii": {"ok": true, "count": 35, "new": 3, "new_m2": 3, "ms": 841}, "global": {"ok": true, "count": 37, "new": 1, "ms": 300}, "hvo_notices": {"ok": true, "count": 44, "new": 42, "ms": 5009}, "hvo_status": {"ok": true, "volcanoes": 8, "kilauea": "WATCH", "mauna_loa": "NORMAL", "ms": 1592}}}
2026-10-01T00:01:17-10:00job:system_net_sample RUN  nice -n 10 python3 "/home/rootrecord/RootRecord-Ecosystem/1 - Servers/1 - RootRecord-Pacific-Solar-Server/System/scripts/host_desks.py" net-sample
2026-10-01T00:01:17-10:00job:system_net_sample | {"ok": true, "file": "/home/rootrecord/RootRecord-Ecosystem/2 - RootRecord-Database/System/network/Daily/net-20261001.jsonl", "iface": "wlo1", "hour": {"seconds": 3806, "rx": 1974024192, "tx": 97237385, "total": 2071261577, "iface": "wlo1", "link": "wireless"}, "day": null}
2026-10-01T00:01:18-10:00job:discord_report_relay RUN  nice -n 10 python3 "/home/rootrecord/RootRecord-Ecosystem/1 - Servers/1 - RootRecord-Pacific-Solar-Server/Communications/Discord/scripts/report_relay.py"
2026-10-01T00:01:18-10:00job:discord_report_relay | same
2026-10-01T00:01:18-10:00job:voice_system_perf RUN  nice -n 10 python3 "/home/rootrecord/RootRecord-Ecosystem/1 - Servers/1 - RootRecord-Pacific-Solar-Server/Media/Voice/scripts/system_perf.py"
2026-10-01T00:01:39-10:00job:voice_system_perf | {"ok": true, "report": "system_perf", "md": "/home/rootrecord/RootRecord-Ecosystem/test-reports/Voice/system_perf_current.md", "cpu_pct": 9.8, "mem_pct": 60.8, "voice_rc": 0, "voice": {"ok": true, "mode": "stitch", "report": "system_perf", "agent": "bruce", "voice": "am_echo", "speed": 1.0, "wav": "/home/rootrecord/RootRecord-Ecosystem/2 - RootRecord-Database/Media/Audio/Voice/system_perf_current.wav", "clips_used": 0, "live_sentences": 11, "model_loaded": true, "render_s": 15.25, "sample_rate": 24000, "channels": 1, "subtype": "PCM_16", "duration_s": 30.156, "peak_dbfs": -1.5, "rms_dbfs": -20.25, "lead_silence_ms": 113, "qc": "PASS", "wall_s": 15.31, "peak_rss_mb": 1601}, "deliver": {"ok": true, "sent": true, "persona": "bruce", "chat": "-1004367256267", "message_id": 2143, "transcript": false, "report": true, "photo": false, "plan": {"voice": true, "transcript": false, "report": true}}}
2026-10-01T00:01:39-10:00job:voice_energy_report RUN  nice -n 10 python3 "/home/rootrecord/RootRecord-Ecosystem/1 - Servers/1 - RootRecord-Pacific-Solar-Server/Media/Voice/scripts/voice_reports.py" energy_report
2026-10-01T00:02:48-10:00job:voice_energy_report | {"ok": true, "report": "energy_report", "md": "/home/rootrecord/RootRecord-Ecosystem/test-reports/Voice/energy_report_current.md", "sentences": 5, "voice": {"ok": true, "skipped": true, "detail": "blended into the hourly solar desk; this run refreshes the camera look"}}
2026-10-01T00:02:48-10:00job:voice_remaining_tasks RUN  nice -n 10 python3 "/home/rootrecord/RootRecord-Ecosystem/1 - Servers/1 - RootRecord-Pacific-Solar-Server/Media/Voice/scripts/voice_reports.py" remaining_tasks
2026-10-01T00:03:01-10:00job:voice_remaining_tasks | {"ok": true, "report": "remaining_tasks", "md": "/home/rootrecord/RootRecord-Ecosystem/test-reports/Voice/remaining_tasks_current.md", "sentences": 3, "voice": {"ok": true, "mode": "stitch", "report": "remaining_tasks", "agent": "bruce", "voice": "am_echo", "speed": 1.0, "wav": "/home/rootrecord/RootRecord-Ecosystem/2 - RootRecord-Database/Media/Audio/Voice/remaining_tasks_current.wav", "clips_used": 0, "live_sentences": 3, "model_loaded": true, "render_s": 8.87, "sample_rate": 24000, "channels": 1, "subtype": "PCM_16", "duration_s": 9.153, "peak_dbfs": -1.72, "rms_dbfs": -20.03, "lead_silence_ms": 112, "qc": "PASS", "wall_s": 8.97, "peak_rss_mb": 1280, "rc": 0}, "deliver": {"ok": true, "sent": true, "persona": "bruce", "chat": "-1004367256267", "message_id": 2145, "transcript": false, "report": true, "photo": false, "plan": {"voice": true, "transcript": false, "report": true}}}
2026-10-01T00:03:01-10:00job:voice_earthquake_report RUN  nice -n 10 python3 "/home/rootrecord/RootRecord-Ecosystem/1 - Servers/1 - RootRecord-Pacific-Solar-Server/Media/Voice/scripts/voice_reports.py" earthquake_report
2026-10-01T00:03:40-10:00job:voice_earthquake_report | {"ok": true, "report": "earthquake_report", "md": "/home/rootrecord/RootRecord-Ecosystem/test-reports/Voice/earthquake_report_current.md", "sentences": 15, "voice": {"ok": true, "mode": "stitch", "report": "earthquake_report", "agent": "carly", "voice": "af_nova", "speed": 1.0, "wav": "/home/rootrecord/RootRecord-Ecosystem/2 - RootRecord-Database/Media/Audio/Voice/earthquake_report_current.wav", "clips_used": 0, "live_sentences": 14, "model_loaded": true, "render_s": 28.48, "sample_rate": 24000, "channels": 1, "subtype": "PCM_16", "duration_s": 67.23, "peak_dbfs": -1.5, "rms_dbfs": -20.57, "lead_silence_ms": 111, "qc": "PASS", "wall_s": 28.6, "peak_rss_mb": 1671, "rc": 0}, "deliver": {"ok": true, "sent": true, "persona": "carly", "chat": "-1004367256267", "message_id": 2147, "transcript": false, "report": true, "photo": false, "plan": {"voice": true, "transcript": false, "report": true}}}
2026-10-01T00:03:40-10:00job:voice_kilauea_report RUN  nice -n 10 python3 "/home/rootrecord/RootRecord-Ecosystem/1 - Servers/1 - RootRecord-Pacific-Solar-Server/Media/Voice/scripts/voice_reports.py" kilauea_report
2026-10-01T00:04:01-10:00job:voice_kilauea_report | {"ok": true, "report": "kilauea_report", "md": "/home/rootrecord/RootRecord-Ecosystem/test-reports/Voice/kilauea_report_current.md", "sentences": 7, "voice": {"ok": true, "mode": "stitch", "report": "kilauea_report", "agent": "carly", "voice": "af_nova", "speed": 1.0, "wav": "/home/rootrecord/RootRecord-Ecosystem/2 - RootRecord-Database/Media/Audio/Voice/kilauea_report_current.wav", "clips_used": 0, "live_sentences": 8, "model_loaded": true, "render_s": 16.31, "sample_rate": 24000, "channels": 1, "subtype": "PCM_16", "duration_s": 33.535, "peak_dbfs": -1.8, "rms_dbfs": -20.36, "lead_silence_ms": 114, "qc": "PASS", "wall_s": 16.4, "peak_rss_mb": 1641, "rc": 0}, "deliver": {"ok": true, "sent": true, "persona": "carly", "chat": "-1004367256267", "message_id": 2149, "transcript": false, "report": true, "photo": false, "plan": {"voice": true, "transcript": false, "report": true}}}
2026-10-01T00:04:01-10:00job:voice_solar_desk RUN  nice -n 10 python3 "/home/rootrecord/RootRecord-Ecosystem/1 - Servers/1 - RootRecord-Pacific-Solar-Server/Media/Voice/scripts/voice_reports.py" solar_desk
2026-10-01T00:04:23-10:00job:voice_solar_desk | {"ok": true, "report": "solar_desk", "md": "/home/rootrecord/RootRecord-Ecosystem/test-reports/Voice/solar_desk_current.md", "sentences": 6, "voice": {"ok": true, "mode": "stitch", "report": "solar_desk", "agent": "bruce", "voice": "am_echo", "speed": 1.0, "wav": "/home/rootrecord/RootRecord-Ecosystem/2 - RootRecord-Database/Media/Audio/Voice/solar_desk_current.wav", "clips_used": 0, "live_sentences": 6, "model_loaded": true, "render_s": 13.92, "sample_rate": 24000, "channels": 1, "subtype": "PCM_16", "duration_s": 25.563, "peak_dbfs": -1.5, "rms_dbfs": -20.25, "lead_silence_ms": 114, "qc": "PASS", "wall_s": 13.98, "peak_rss_mb": 1575, "rc": 0}, "deliver": {"ok": true, "sent": true, "persona": "bruce", "chat": "-1004367256267", "message_id": 2151, "transcript": false, "report": true, "photo": true, "plan": {"voice": true, "transcript": false, "report": true}}}
2026-10-01T00:04:23-10:00job:voice_security_desk RUN  nice -n 10 python3 "/home/rootrecord/RootRecord-Ecosystem/1 - Servers/1 - RootRecord-Pacific-Solar-Server/Media/Voice/scripts/voice_reports.py" security_desk
2026-10-01T00:05:37-10:00job:voice_security_desk | {"ok": true, "report": "security_desk", "md": "/home/rootrecord/RootRecord-Ecosystem/test-reports/Voice/security_desk_current.md", "sentences": 6, "voice": {"ok": true, "mode": "stitch", "report": "security_desk", "agent": "carly", "voice": "af_nova", "speed": 1.0, "wav": "/home/rootrecord/RootRecord-Ecosystem/2 - RootRecord-Database/Media/Audio/Voice/security_desk_current.wav", "clips_used": 0, "live_sentences": 5, "model_loaded": true, "render_s": 10.41, "sample_rate": 24000, "channels": 1, "subtype": "PCM_16", "duration_s": 15.808, "peak_dbfs": -3.29, "rms_dbfs": -20.31, "lead_silence_ms": 111, "qc": "PASS", "wall_s": 10.52, "peak_rss_mb": 1392, "rc": 0}, "deliver": {"ok": true, "sent": true, "persona": "carly", "chat": "-1004367256267", "message_id": 2154, "transcript": false, "report": true, "photo": false, "plan": {"voice": true, "transcript": false, "report": true}}}
2026-10-01T00:05:37-10:00job:voice_bandwidth_desk RUN  nice -n 10 python3 "/home/rootrecord/RootRecord-Ecosystem/1 - Servers/1 - RootRecord-Pacific-Solar-Server/Media/Voice/scripts/voice_reports.py" bandwidth_desk
2026-10-01T00:05:51-10:00job:voice_bandwidth_desk | {"ok": true, "report": "bandwidth_desk", "md": "/home/rootrecord/RootRecord-Ecosystem/test-reports/Voice/bandwidth_desk_current.md", "sentences": 4, "voice": {"ok": true, "mode": "stitch", "report": "bandwidth_desk", "agent": "carly", "voice": "af_nova", "speed": 1.0, "wav": "/home/rootrecord/RootRecord-Ecosystem/2 - RootRecord-Database/Media/Audio/Voice/bandwidth_desk_current.wav", "clips_used": 0, "live_sentences": 3, "model_loaded": true, "render_s": 9.18, "sample_rate": 24000, "channels": 1, "subtype": "PCM_16", "duration_s": 13.087, "peak_dbfs": -1.5, "rms_dbfs": -20.71, "lead_silence_ms": 115, "qc": "PASS", "wall_s": 9.24, "peak_rss_mb": 1382, "rc": 0}, "deliver": {"ok": true, "sent": true, "persona": "carly", "chat": "-1004367256267", "message_id": 2156, "transcript": false, "report": true, "photo": false, "plan": {"voice": true, "transcript": false, "report": true}}}
2026-10-01T00:05:51-10:00job:discord_report_8h RUN  nice -n 10 python3 "/home/rootrecord/RootRecord-Ecosystem/1 - Servers/1 - RootRecord-Pacific-Solar-Server/Communications/Discord/scripts/report_rollups.py" 8h
2026-10-01T00:06:08-10:00job:discord_report_8h | posted nws_weather
2026-10-01T00:06:08-10:00job:discord_report_8h | posted energy_report
2026-10-01T00:06:08-10:00job:discord_report_8h | posted remaining_tasks
2026-10-01T00:06:08-10:00job:discord_report_8h | posted morning_report
2026-10-01T00:06:08-10:00job:discord_report_8h | posted midday_report
2026-10-01T00:06:08-10:00job:discord_report_8h | posted late_report
2026-10-01T00:06:08-10:00job:discord_report_8h | posted earthquake_report
2026-10-01T00:06:08-10:00job:discord_report_8h | posted hurricane_desk
2026-10-01T00:06:08-10:00job:discord_report_8h | posted kilauea_report
2026-10-01T00:06:08-10:00job:discord_report_8h | posted solar_desk
2026-10-01T00:06:08-10:00job:discord_report_8h | posted security_desk
2026-10-01T00:06:08-10:00job:discord_report_8h | posted bandwidth_desk
2026-10-01T00:06:08-10:00job:discord_report_8h | posted official_weather
2026-10-01T00:06:08-10:00job:discord_report_8h | posted boot_brief
2026-10-01T00:06:08-10:00job:discord_report_8h | posted system_perf
2026-10-01T00:06:08-10:00job:automations_log_hourly_archive RUN  bash "/home/rootrecord/RootRecord-Ecosystem/1 - Servers/1 - RootRecord-Pacific-Solar-Server/Automations/scripts/archive_automations_log_hourly.sh"
