2026-10-02T01:02:03-10:00job:automations_log_hourly_archive OK
2026-10-02T01:02:03-10:00job:security_timelapse_hourly_compile RUN  bash "/home/rootrecord/RootRecord-Ecosystem/1 - Servers/1 - RootRecord-Pacific-Solar-Server/Security/Cameras/timelapse_hourly.sh"
2026-10-02T01:02:03-10:00job:security_timelapse_hourly_compile | 01:02:03  🎬  a-eyes-timelapse  hour 00 is outside the 05:00-19:00 window, skipping
2026-10-02T01:02:03-10:00ENERGY  status=live  B2=off  B1=82.1%  solar=0 W  ac=0 W  usbc=0 W  src=/home/rootrecord/RootRecord-Ecosystem/2 - RootRecord-Database/Energy  LAP=100%/Full/AC
2026-10-02T01:02:03-10:00job:sys_stats_cycle RUN  bash "/home/rootrecord/RootRecord-Ecosystem/1 - Servers/1 - RootRecord-Pacific-Solar-Server/System/scripts/sys-sample.sh"
2026-10-02T01:02:05-10:00job:sys_stats_cycle | SYSTEM  cpu=4%  load=1.61  mem=43%  src=sqlite
2026-10-02T01:02:05-10:00job:sys_stats_cycle | OK wrote /home/rootrecord/RootRecord-Ecosystem/2 - RootRecord-Database/System/samples/sys-20261002-010204.json
2026-10-02T01:03:16-10:00job:github_sync_all | ↑ [ecosystem] committed 50 local file(s)
2026-10-02T01:03:16-10:00job:github_sync_all | ↓ [ecosystem] fetching origin/main
2026-10-02T01:03:16-10:00job:github_sync_all | From github.com:RootRecord-Software-Solutions/RootRecord-Ecosystem
2026-10-02T01:03:16-10:00job:github_sync_all | * branch              main       -> FETCH_HEAD
2026-10-02T01:03:16-10:00job:github_sync_all | ↑ [ecosystem] local is ahead of GitHub
2026-10-02T01:03:16-10:00job:github_sync_all | To github.com:RootRecord-Software-Solutions/RootRecord-Ecosystem.git
2026-10-02T01:03:16-10:00job:github_sync_all | 6e7966b8..7d8f7d9d  HEAD -> main
2026-10-02T01:03:16-10:00job:github_sync_all | branch 'main' set up to track 'origin/main'.
2026-10-02T01:03:16-10:00job:github_sync_all | ↑ [ecosystem] 50 files → RootRecord-Software-Solutions/RootRecord-Ecosystem (main)
2026-10-02T01:03:16-10:00job:github_sync_all | ↑ [pacific] committed 20 local file(s)
2026-10-02T01:03:16-10:00job:github_sync_all | ↓ [pacific] fetching origin/main
2026-10-02T01:03:16-10:00job:github_sync_all | From github.com:RootRecord-Software-Solutions/RootRecord-Pacific-Solar-Server
2026-10-02T01:03:16-10:00job:github_sync_all | * branch            main       -> FETCH_HEAD
2026-10-02T01:03:16-10:00job:github_sync_all | ↑ [pacific] local is ahead of GitHub
2026-10-02T01:03:16-10:00job:github_sync_all | To github.com:RootRecord-Software-Solutions/RootRecord-Pacific-Solar-Server.git
2026-10-02T01:03:16-10:00job:github_sync_all | 4c8366c..96de9ee  HEAD -> main
2026-10-02T01:03:16-10:00job:github_sync_all | branch 'main' set up to track 'origin/main'.
2026-10-02T01:03:16-10:00job:github_sync_all | ↑ [pacific] 20 files → RootRecord-Software-Solutions/RootRecord-Pacific-Solar-Server (main)
2026-10-02T01:03:16-10:00job:github_sync_all | ↑ [database] committed 43 local file(s)
2026-10-02T01:03:16-10:00job:github_sync_all | ↓ [database] fetching origin/main
2026-10-02T01:03:16-10:00job:github_sync_all | From github.com:RootRecord-Software-Solutions/RootRecord-Database
2026-10-02T01:03:16-10:00job:github_sync_all | * branch              main       -> FETCH_HEAD
2026-10-02T01:03:16-10:00job:github_sync_all | ↑ [database] local is ahead of GitHub
2026-10-02T01:03:16-10:00job:github_sync_all | To github.com:RootRecord-Software-Solutions/RootRecord-Database.git
2026-10-02T01:03:16-10:00job:github_sync_all | b75eec55..c9eab256  HEAD -> main
2026-10-02T01:03:16-10:00job:github_sync_all | branch 'main' set up to track 'origin/main'.
2026-10-02T01:03:16-10:00job:github_sync_all | ↑ [database] 43 files → RootRecord-Software-Solutions/RootRecord-Database (main)
2026-10-02T01:03:16-10:00job:github_sync_all | — [library] no local changes
2026-10-02T01:03:16-10:00job:github_sync_all | ↓ [library] fetching origin/main
2026-10-02T01:03:16-10:00job:github_sync_all | From github.com:RootRecord-Software-Solutions/RootRecord-Library
2026-10-02T01:03:16-10:00job:github_sync_all | * branch            main       -> FETCH_HEAD
2026-10-02T01:03:16-10:00job:github_sync_all | — [library] local and GitHub already match
2026-10-02T01:03:16-10:00job:github_sync_all | — [library] nothing to push
2026-10-02T01:03:16-10:00job:github_sync_all | ↑ [website] committed 17 local file(s)
2026-10-02T01:03:16-10:00job:github_sync_all | ↓ [website] fetching origin/main
2026-10-02T01:03:16-10:00job:github_sync_all | From github.com:RootRecord-Software-Solutions/RootRecord-Website
2026-10-02T01:03:16-10:00job:github_sync_all | * branch            main       -> FETCH_HEAD
2026-10-02T01:03:16-10:00job:github_sync_all | ↑ [website] local is ahead of GitHub
2026-10-02T01:03:16-10:00job:github_sync_all | To github.com:RootRecord-Software-Solutions/RootRecord-Website.git
2026-10-02T01:03:16-10:00job:github_sync_all | a051f1c..6965931  HEAD -> main
2026-10-02T01:03:16-10:00job:security_camera_frame_grab RUN  bash "/home/rootrecord/RootRecord-Ecosystem/1 - Servers/1 - RootRecord-Pacific-Solar-Server/Security/Cameras/grab_all.sh"
2026-10-02T01:03:34-10:00job:security_camera_frame_grab | 01:03:16  📷  a-eyes  ch1 → ch1-20261002T110316Z.jpg  (295.9 KB, 4.33s)
2026-10-02T01:03:34-10:00job:security_camera_frame_grab | 01:03:20  📷  a-eyes  ch2 → ch2-20261002T110320Z.jpg  (313.5 KB, 4.38s)
2026-10-02T01:03:34-10:00job:security_camera_frame_grab | 01:03:25  📷  a-eyes  ch3 → ch3-20261002T110325Z.jpg  (332.6 KB, 4.38s)
2026-10-02T01:03:34-10:00job:security_camera_frame_grab | 01:03:29  📷  a-eyes  ch4 → ch4-20261002T110329Z.jpg  (222.9 KB, 4.58s)
2026-10-02T01:03:34-10:00ENERGY  status=live  B2=off  B1=82.1%  solar=0 W  ac=0 W  usbc=0 W  src=/home/rootrecord/RootRecord-Ecosystem/2 - RootRecord-Database/Energy  LAP=100%/Full/AC
2026-10-02T01:03:34-10:00job:sys_stats_cycle RUN  bash "/home/rootrecord/RootRecord-Ecosystem/1 - Servers/1 - RootRecord-Pacific-Solar-Server/System/scripts/sys-sample.sh"
2026-10-02T01:03:35-10:00job:sys_stats_cycle | SYSTEM  cpu=3%  load=0.82  mem=43%  src=sqlite
2026-10-02T01:03:35-10:00job:sys_stats_cycle | OK wrote /home/rootrecord/RootRecord-Ecosystem/2 - RootRecord-Database/System/samples/sys-20261002-010334.json
2026-10-02T01:04:37-10:00job:github_sync_all | ↑ [ecosystem] committed 6 local file(s)
2026-10-02T01:04:37-10:00job:github_sync_all | ↓ [ecosystem] fetching origin/main
2026-10-02T01:04:37-10:00job:github_sync_all | From github.com:RootRecord-Software-Solutions/RootRecord-Ecosystem
2026-10-02T01:04:37-10:00job:github_sync_all | * branch              main       -> FETCH_HEAD
2026-10-02T01:04:37-10:00job:github_sync_all | ↑ [ecosystem] local is ahead of GitHub
2026-10-02T01:04:37-10:00job:github_sync_all | To github.com:RootRecord-Software-Solutions/RootRecord-Ecosystem.git
2026-10-02T01:04:37-10:00job:github_sync_all | 7d8f7d9d..b9d0d40a  HEAD -> main
2026-10-02T01:04:37-10:00job:github_sync_all | branch 'main' set up to track 'origin/main'.
2026-10-02T01:04:37-10:00job:github_sync_all | ↑ [ecosystem] 6 files → RootRecord-Software-Solutions/RootRecord-Ecosystem (main)
2026-10-02T01:04:37-10:00job:github_sync_all | ↑ [pacific] committed 1 local file(s)
2026-10-02T01:04:37-10:00job:github_sync_all | ↓ [pacific] fetching origin/main
2026-10-02T01:04:37-10:00job:github_sync_all | From github.com:RootRecord-Software-Solutions/RootRecord-Pacific-Solar-Server
2026-10-02T01:04:37-10:00job:github_sync_all | * branch            main       -> FETCH_HEAD
2026-10-02T01:04:37-10:00job:github_sync_all | ↑ [pacific] local is ahead of GitHub
2026-10-02T01:04:37-10:00job:github_sync_all | To github.com:RootRecord-Software-Solutions/RootRecord-Pacific-Solar-Server.git
2026-10-02T01:04:37-10:00job:github_sync_all | 96de9ee..4bbea7d  HEAD -> main
2026-10-02T01:04:37-10:00job:github_sync_all | branch 'main' set up to track 'origin/main'.
2026-10-02T01:04:37-10:00job:github_sync_all | ↑ [pacific] 1 files → RootRecord-Software-Solutions/RootRecord-Pacific-Solar-Server (main)
2026-10-02T01:04:37-10:00job:github_sync_all | ↑ [database] committed 14 local file(s)
2026-10-02T01:04:37-10:00job:github_sync_all | ↓ [database] fetching origin/main
2026-10-02T01:04:37-10:00job:github_sync_all | From github.com:RootRecord-Software-Solutions/RootRecord-Database
2026-10-02T01:04:37-10:00job:github_sync_all | * branch              main       -> FETCH_HEAD
2026-10-02T01:04:37-10:00job:github_sync_all | ↑ [database] local is ahead of GitHub
2026-10-02T01:04:37-10:00job:github_sync_all | To github.com:RootRecord-Software-Solutions/RootRecord-Database.git
2026-10-02T01:04:37-10:00job:github_sync_all | c9eab256..47eac11f  HEAD -> main
2026-10-02T01:04:37-10:00job:github_sync_all | branch 'main' set up to track 'origin/main'.
2026-10-02T01:04:37-10:00job:github_sync_all | ↑ [database] 14 files → RootRecord-Software-Solutions/RootRecord-Database (main)
2026-10-02T01:04:37-10:00job:github_sync_all | — [library] no local changes
2026-10-02T01:04:37-10:00job:github_sync_all | ↓ [library] fetching origin/main
2026-10-02T01:04:37-10:00job:github_sync_all | From github.com:RootRecord-Software-Solutions/RootRecord-Library
2026-10-02T01:04:37-10:00job:github_sync_all | * branch            main       -> FETCH_HEAD
2026-10-02T01:04:37-10:00job:github_sync_all | — [library] local and GitHub already match
2026-10-02T01:04:37-10:00job:github_sync_all | — [library] nothing to push
2026-10-02T01:04:37-10:00job:github_sync_all | — [website] no local changes
2026-10-02T01:04:37-10:00job:github_sync_all | ↓ [website] fetching origin/main
2026-10-02T01:04:37-10:00job:github_sync_all | From github.com:RootRecord-Software-Solutions/RootRecord-Website
2026-10-02T01:04:37-10:00job:github_sync_all | * branch            main       -> FETCH_HEAD
2026-10-02T01:04:37-10:00job:github_sync_all | — [website] local and GitHub already match
2026-10-02T01:04:37-10:00job:github_sync_all | — [website] nothing to push
2026-10-02T01:04:37-10:00job:github_sync_all | — [website-personal] no local changes
2026-10-02T01:04:37-10:00job:worklog_scan RUN  bash "/home/rootrecord/RootRecord-Ecosystem/1 - Servers/1 - RootRecord-Pacific-Solar-Server/Reports/scripts/worklog_once.sh"
2026-10-02T01:07:37-10:00job:worklog_scan TIMEOUT after 180s
2026-10-02T01:07:37-10:00job:status_snapshot RUN  nice -n 10 python3 "/home/rootrecord/RootRecord-Ecosystem/1 - Servers/1 - RootRecord-Pacific-Solar-Server/Website/scripts/live_data_pages.py"
2026-10-02T01:07:37-10:00job:status_snapshot | live-data 6 pages
2026-10-02T01:07:37-10:00job:voice_timing_report RUN  nice -n 10 python3 "/home/rootrecord/RootRecord-Ecosystem/1 - Servers/1 - RootRecord-Pacific-Solar-Server/Reports/Voice-Timing/scripts/voice_timing_report.py"
2026-10-02T01:07:37-10:00job:voice_timing_report | [ok] voice-timing written (303 runs): /home/rootrecord/RootRecord-Ecosystem/5 - RootRecord-Library/Documentation/01-Operations/voice-timing.md
2026-10-02T01:07:38-10:00ENERGY  status=live  B2=off  B1=82.1%  solar=0 W  ac=0 W  usbc=0 W  src=/home/rootrecord/RootRecord-Ecosystem/2 - RootRecord-Database/Energy  LAP=100%/Full/AC
2026-10-02T01:07:38-10:00job:sys_stats_cycle RUN  bash "/home/rootrecord/RootRecord-Ecosystem/1 - Servers/1 - RootRecord-Pacific-Solar-Server/System/scripts/sys-sample.sh"
2026-10-02T01:07:40-10:00job:sys_stats_cycle | SYSTEM  cpu=4%  load=1.60  mem=43%  src=sqlite
2026-10-02T01:07:40-10:00job:sys_stats_cycle | OK wrote /home/rootrecord/RootRecord-Ecosystem/2 - RootRecord-Database/System/samples/sys-20261002-010738.json
2026-10-02T01:08:50-10:00job:github_sync_all | ↑ [ecosystem] committed 7 local file(s)
2026-10-02T01:08:50-10:00job:github_sync_all | ↓ [ecosystem] fetching origin/main
2026-10-02T01:08:50-10:00job:github_sync_all | From github.com:RootRecord-Software-Solutions/RootRecord-Ecosystem
2026-10-02T01:08:50-10:00job:github_sync_all | * branch              main       -> FETCH_HEAD
2026-10-02T01:08:50-10:00job:github_sync_all | ↑ [ecosystem] local is ahead of GitHub
2026-10-02T01:08:50-10:00job:github_sync_all | To github.com:RootRecord-Software-Solutions/RootRecord-Ecosystem.git
2026-10-02T01:08:50-10:00job:github_sync_all | b9d0d40a..50e4b006  HEAD -> main
2026-10-02T01:08:50-10:00job:github_sync_all | branch 'main' set up to track 'origin/main'.
2026-10-02T01:08:50-10:00job:github_sync_all | ↑ [ecosystem] 7 files → RootRecord-Software-Solutions/RootRecord-Ecosystem (main)
2026-10-02T01:08:50-10:00job:github_sync_all | ↑ [pacific] committed 1 local file(s)
2026-10-02T01:08:50-10:00job:github_sync_all | ↓ [pacific] fetching origin/main
2026-10-02T01:08:50-10:00job:github_sync_all | From github.com:RootRecord-Software-Solutions/RootRecord-Pacific-Solar-Server
2026-10-02T01:08:50-10:00job:github_sync_all | * branch            main       -> FETCH_HEAD
2026-10-02T01:08:50-10:00job:github_sync_all | ↑ [pacific] local is ahead of GitHub
2026-10-02T01:08:50-10:00job:github_sync_all | To github.com:RootRecord-Software-Solutions/RootRecord-Pacific-Solar-Server.git
2026-10-02T01:08:50-10:00job:github_sync_all | 4bbea7d..a0c1e96  HEAD -> main
2026-10-02T01:08:50-10:00job:github_sync_all | branch 'main' set up to track 'origin/main'.
2026-10-02T01:08:50-10:00job:github_sync_all | ↑ [pacific] 1 files → RootRecord-Software-Solutions/RootRecord-Pacific-Solar-Server (main)
2026-10-02T01:08:50-10:00job:github_sync_all | ↑ [database] committed 19 local file(s)
2026-10-02T01:08:50-10:00job:github_sync_all | ↓ [database] fetching origin/main
2026-10-02T01:08:50-10:00job:github_sync_all | From github.com:RootRecord-Software-Solutions/RootRecord-Database
2026-10-02T01:08:50-10:00job:github_sync_all | * branch              main       -> FETCH_HEAD
2026-10-02T01:08:50-10:00job:github_sync_all | ↑ [database] local is ahead of GitHub
2026-10-02T01:08:50-10:00job:github_sync_all | To github.com:RootRecord-Software-Solutions/RootRecord-Database.git
2026-10-02T01:08:50-10:00job:github_sync_all | 47eac11f..97fc6d2d  HEAD -> main
2026-10-02T01:08:50-10:00job:github_sync_all | branch 'main' set up to track 'origin/main'.
2026-10-02T01:08:50-10:00job:github_sync_all | ↑ [database] 19 files → RootRecord-Software-Solutions/RootRecord-Database (main)
2026-10-02T01:08:50-10:00job:github_sync_all | ↑ [library] committed 1 local file(s)
2026-10-02T01:08:50-10:00job:github_sync_all | ↓ [library] fetching origin/main
2026-10-02T01:08:50-10:00job:github_sync_all | From github.com:RootRecord-Software-Solutions/RootRecord-Library
2026-10-02T01:08:50-10:00job:github_sync_all | * branch            main       -> FETCH_HEAD
2026-10-02T01:08:50-10:00job:github_sync_all | ↑ [library] local is ahead of GitHub
2026-10-02T01:08:50-10:00job:github_sync_all | To github.com:RootRecord-Software-Solutions/RootRecord-Library.git
2026-10-02T01:08:50-10:00job:github_sync_all | 243fc83..a4be80c  HEAD -> main
2026-10-02T01:08:50-10:00job:github_sync_all | branch 'main' set up to track 'origin/main'.
2026-10-02T01:08:50-10:00job:github_sync_all | ↑ [library] 1 files → RootRecord-Software-Solutions/RootRecord-Library (main)
2026-10-02T01:08:50-10:00job:github_sync_all | — [website] no local changes
2026-10-02T01:08:50-10:00job:github_sync_all | ↓ [website] fetching origin/main
2026-10-02T01:08:50-10:00job:github_sync_all | From github.com:RootRecord-Software-Solutions/RootRecord-Website
2026-10-02T01:08:50-10:00job:github_sync_all | * branch            main       -> FETCH_HEAD
2026-10-02T01:08:50-10:00job:security_camera_frame_grab RUN  bash "/home/rootrecord/RootRecord-Ecosystem/1 - Servers/1 - RootRecord-Pacific-Solar-Server/Security/Cameras/grab_all.sh"
2026-10-02T01:09:07-10:00job:security_camera_frame_grab | 01:08:50  📷  a-eyes  ch1 → ch1-20261002T110850Z.jpg  (296.4 KB, 4.49s)
2026-10-02T01:09:07-10:00job:security_camera_frame_grab | 01:08:54  📷  a-eyes  ch2 → ch2-20261002T110854Z.jpg  (312.0 KB, 4.25s)
2026-10-02T01:09:07-10:00job:security_camera_frame_grab | 01:08:58  📷  a-eyes  ch3 → ch3-20261002T110858Z.jpg  (324.7 KB, 4.48s)
2026-10-02T01:09:07-10:00job:security_camera_frame_grab | 01:09:03  📷  a-eyes  ch4 → ch4-20261002T110903Z.jpg  (219.1 KB, 4.30s)
2026-10-02T01:09:07-10:00job:service_supervisor RUN  bash "/home/rootrecord/RootRecord-Ecosystem/1 - Servers/1 - RootRecord-Pacific-Solar-Server/Automations/scripts/supervise-services.sh"
2026-10-02T01:09:07-10:00job:service_supervisor | [supervisor] weather alive pid=1766628 (act)
2026-10-02T01:09:07-10:00job:service_supervisor | [supervisor] relay alive pid=1766298 (act)
2026-10-02T01:09:07-10:00job:geology_collect RUN  nice -n 10 python3 "/home/rootrecord/RootRecord-Ecosystem/1 - Servers/1 - RootRecord-Pacific-Solar-Server/Geology/scripts/geology_collect.py" all
2026-10-02T01:09:13-10:00job:geology_collect | {"ok": true, "at": "2026-10-02T01:09:08-10:00", "what": "all", "dry_run": false, "sources": {"hawaii": {"ok": true, "count": 30, "new": 0, "new_m2": 0, "ms": 788}, "global": {"ok": true, "count": 28, "new": 0, "ms": 257}, "hvo_notices": {"ok": true, "count": 47, "new": 0, "ms": 3422}, "hvo_status": {"ok": true, "volcanoes": 8, "kilauea": "WATCH", "mauna_loa": "NORMAL", "ms": 925}}}
2026-10-02T01:09:13-10:00job:system_net_sample RUN  nice -n 10 python3 "/home/rootrecord/RootRecord-Ecosystem/1 - Servers/1 - RootRecord-Pacific-Solar-Server/System/scripts/host_desks.py" net-sample
2026-10-02T01:09:13-10:00job:system_net_sample | {"ok": true, "file": "/home/rootrecord/RootRecord-Ecosystem/2 - RootRecord-Database/System/network/Daily/net-20261002.jsonl", "iface": "wlo1", "hour": {"seconds": 3738, "rx": 445179456, "tx": 122109118, "total": 567288574, "iface": "wlo1", "link": "wireless"}, "day": null}
2026-10-02T01:09:13-10:00job:discord_report_relay RUN  nice -n 10 python3 "/home/rootrecord/RootRecord-Ecosystem/1 - Servers/1 - RootRecord-Pacific-Solar-Server/Communications/Discord/scripts/report_relay.py"
2026-10-02T01:09:13-10:00job:discord_report_relay | same
2026-10-02T01:09:13-10:00job:radio_rss_poll RUN  nice -n 10 python3 "/home/rootrecord/RootRecord-Ecosystem/1 - Servers/1 - RootRecord-Pacific-Solar-Server/Media/RadioRss/scripts/rss_radio.py" poll
2026-10-02T01:09:20-10:00job:radio_rss_poll | {"ok": true, "polled": [{"feed": "nasa_artemis", "ok": true, "items": 0}, {"feed": "nasa_jpl", "ok": true, "items": 0}, {"feed": "nasa_news", "ok": true, "items": 0}, {"feed": "nasa_recent", "ok": true, "items": 0}, {"feed": "nasa_station", "ok": true, "items": 0}, {"feed": "nasaspaceflight", "ok": true, "items": 0}, {"feed": "nist_cyber_insights", "ok": true, "items": 20, "duplicates": 20}, {"feed": "nist_cybersecurity", "ok": true, "items": 0, "duplicates": 0}, {"feed": "nist_news", "ok": true, "items": 20, "duplicates": 20}, {"feed": "nsf_news", "ok": true, "items": 0}, {"feed": "ntsb_investigations", "ok": true, "skipped": "robots"}, {"feed": "ntsb_press", "ok": true, "skipped": "robots"}], "composed": []}
2026-10-02T01:09:20-10:00ENERGY  status=live  B2=off  B1=82.1%  solar=0 W  ac=0 W  usbc=0 W  src=/home/rootrecord/RootRecord-Ecosystem/2 - RootRecord-Database/Energy  LAP=100%/Full/AC
2026-10-02T01:09:20-10:00job:sys_stats_cycle RUN  bash "/home/rootrecord/RootRecord-Ecosystem/1 - Servers/1 - RootRecord-Pacific-Solar-Server/System/scripts/sys-sample.sh"
2026-10-02T01:09:22-10:00job:sys_stats_cycle | SYSTEM  cpu=3%  load=0.52  mem=44%  src=sqlite
2026-10-02T01:09:22-10:00job:sys_stats_cycle | OK wrote /home/rootrecord/RootRecord-Ecosystem/2 - RootRecord-Database/System/samples/sys-20261002-010921.json
2026-10-02T01:10:30-10:00job:github_sync_all | ↑ [ecosystem] committed 18 local file(s)
2026-10-02T01:10:30-10:00job:github_sync_all | ↓ [ecosystem] fetching origin/main
2026-10-02T01:10:30-10:00job:github_sync_all | From github.com:RootRecord-Software-Solutions/RootRecord-Ecosystem
2026-10-02T01:10:30-10:00job:github_sync_all | * branch              main       -> FETCH_HEAD
2026-10-02T01:10:30-10:00job:github_sync_all | ↑ [ecosystem] local is ahead of GitHub
2026-10-02T01:10:30-10:00job:github_sync_all | To github.com:RootRecord-Software-Solutions/RootRecord-Ecosystem.git
2026-10-02T01:10:30-10:00job:github_sync_all | 50e4b006..1895fcc1  HEAD -> main
2026-10-02T01:10:30-10:00job:github_sync_all | branch 'main' set up to track 'origin/main'.
2026-10-02T01:10:30-10:00job:github_sync_all | ↑ [ecosystem] 18 files → RootRecord-Software-Solutions/RootRecord-Ecosystem (main)
2026-10-02T01:10:30-10:00job:github_sync_all | ↑ [pacific] committed 1 local file(s)
2026-10-02T01:10:30-10:00job:github_sync_all | ↓ [pacific] fetching origin/main
2026-10-02T01:10:30-10:00job:github_sync_all | From github.com:RootRecord-Software-Solutions/RootRecord-Pacific-Solar-Server
2026-10-02T01:10:30-10:00job:github_sync_all | * branch            main       -> FETCH_HEAD
2026-10-02T01:10:30-10:00job:github_sync_all | ↑ [pacific] local is ahead of GitHub
2026-10-02T01:10:30-10:00job:github_sync_all | To github.com:RootRecord-Software-Solutions/RootRecord-Pacific-Solar-Server.git
2026-10-02T01:10:30-10:00job:github_sync_all | a0c1e96..2f06c13  HEAD -> main
2026-10-02T01:10:30-10:00job:github_sync_all | branch 'main' set up to track 'origin/main'.
2026-10-02T01:10:30-10:00job:github_sync_all | ↑ [pacific] 1 files → RootRecord-Software-Solutions/RootRecord-Pacific-Solar-Server (main)
2026-10-02T01:10:30-10:00job:github_sync_all | ↑ [database] committed 27 local file(s)
2026-10-02T01:10:30-10:00job:github_sync_all | ↓ [database] fetching origin/main
2026-10-02T01:10:30-10:00job:github_sync_all | From github.com:RootRecord-Software-Solutions/RootRecord-Database
2026-10-02T01:10:30-10:00job:github_sync_all | * branch              main       -> FETCH_HEAD
2026-10-02T01:10:30-10:00job:github_sync_all | ↑ [database] local is ahead of GitHub
2026-10-02T01:10:30-10:00job:github_sync_all | To github.com:RootRecord-Software-Solutions/RootRecord-Database.git
2026-10-02T01:10:30-10:00job:github_sync_all | 97fc6d2d..53373080  HEAD -> main
2026-10-02T01:10:30-10:00job:github_sync_all | branch 'main' set up to track 'origin/main'.
2026-10-02T01:10:30-10:00job:github_sync_all | ↑ [database] 27 files → RootRecord-Software-Solutions/RootRecord-Database (main)
2026-10-02T01:10:30-10:00job:github_sync_all | — [library] no local changes
2026-10-02T01:10:30-10:00job:github_sync_all | ↓ [library] fetching origin/main
2026-10-02T01:10:30-10:00job:github_sync_all | From github.com:RootRecord-Software-Solutions/RootRecord-Library
2026-10-02T01:10:30-10:00job:github_sync_all | * branch            main       -> FETCH_HEAD
2026-10-02T01:10:30-10:00job:github_sync_all | — [library] local and GitHub already match
2026-10-02T01:10:30-10:00job:github_sync_all | — [library] nothing to push
2026-10-02T01:10:30-10:00job:github_sync_all | — [website] no local changes
2026-10-02T01:10:30-10:00job:github_sync_all | ↓ [website] fetching origin/main
2026-10-02T01:10:30-10:00job:github_sync_all | From github.com:RootRecord-Software-Solutions/RootRecord-Website
2026-10-02T01:10:30-10:00job:github_sync_all | * branch            main       -> FETCH_HEAD
2026-10-02T01:10:30-10:00job:github_sync_all | — [website] local and GitHub already match
2026-10-02T01:10:30-10:00job:github_sync_all | — [website] nothing to push
2026-10-02T01:10:30-10:00job:github_sync_all | — [website-personal] no local changes
2026-10-02T01:10:30-10:00job:worklog_scan RUN  bash "/home/rootrecord/RootRecord-Ecosystem/1 - Servers/1 - RootRecord-Pacific-Solar-Server/Reports/scripts/worklog_once.sh"
2026-10-02T01:13:30-10:00job:worklog_scan TIMEOUT after 180s
2026-10-02T01:13:30-10:00job:security_camera_frame_grab RUN  bash "/home/rootrecord/RootRecord-Ecosystem/1 - Servers/1 - RootRecord-Pacific-Solar-Server/Security/Cameras/grab_all.sh"
2026-10-02T01:13:48-10:00job:security_camera_frame_grab | 01:13:31  📷  a-eyes  ch1 → ch1-20261002T111331Z.jpg  (296.6 KB, 4.37s)
2026-10-02T01:13:48-10:00job:security_camera_frame_grab | 01:13:35  📷  a-eyes  ch2 → ch2-20261002T111335Z.jpg  (314.4 KB, 4.38s)
2026-10-02T01:13:48-10:00job:security_camera_frame_grab | 01:13:39  📷  a-eyes  ch3 → ch3-20261002T111339Z.jpg  (323.9 KB, 4.48s)
2026-10-02T01:13:48-10:00job:security_camera_frame_grab | 01:13:44  📷  a-eyes  ch4 → ch4-20261002T111344Z.jpg  (220.9 KB, 4.38s)
2026-10-02T01:13:48-10:00job:status_snapshot RUN  nice -n 10 python3 "/home/rootrecord/RootRecord-Ecosystem/1 - Servers/1 - RootRecord-Pacific-Solar-Server/Website/scripts/live_data_pages.py"
2026-10-02T01:13:48-10:00job:status_snapshot | live-data 6 pages
2026-10-02T01:13:49-10:00job:voice_system_perf RUN  nice -n 10 python3 "/home/rootrecord/RootRecord-Ecosystem/1 - Servers/1 - RootRecord-Pacific-Solar-Server/Media/Voice/scripts/system_perf.py"
2026-10-02T01:14:33-10:00job:voice_system_perf | {"ok": true, "report": "system_perf", "md": "/home/rootrecord/RootRecord-Ecosystem/test-reports/Voice/system_perf_current.md", "cpu_pct": 6.3, "mem_pct": 43.9, "status_starting": {"ok": true, "played": true, "phase": "starting", "wav": "/home/rootrecord/RootRecord-Ecosystem/2 - RootRecord-Database/Media/Audio/Voice/Clips/Bruce/system_perf_starting.wav"}, "voice_rc": 0, "voice": {"ok": true, "mode": "stitch", "report": "system_perf", "agent": "bruce", "voice": "am_echo", "speed": 1.0, "wav": "/home/rootrecord/RootRecord-Ecosystem/2 - RootRecord-Database/Media/Audio/Voice/system_perf_current.wav", "clips_used": 0, "live_sentences": 11, "model_loaded": true, "render_s": 13.56, "sample_rate": 24000, "channels": 1, "subtype": "PCM_16", "duration_s": 29.554, "peak_dbfs": -1.5, "rms_dbfs": -20.23, "lead_silence_ms": 113, "qc": "PASS", "wall_s": 13.6, "peak_rss_mb": 1604}, "deliver": {"ok": true, "sent": true, "persona": "bruce", "chat": "-1004367256267", "message_id": 2497, "transcript": false, "report": true, "photo": false, "plan": {"voice": true, "transcript": false, "report": true}}, "status_transit": {"ok": true, "played": true, "phase": "transit", "wav": "/home/rootrecord/RootRecord-Ecosystem/2 - RootRecord-Database/Media/Audio/Voice/Clips/Bruce/system_perf_transit.wav"}, "radio": {"ok": true, "report": "system_perf", "file": "system_perf_current.opus", "bytes": 88478, "stage": {"ok": true, "report": "system_perf", "slot": "01:30", "file": "system_perf-half.opus"}}, "status_send": {"ok": true, "played": true, "phase": "sent", "wav": "/home/rootrecord/RootRecord-Ecosystem/2 - RootRecord-Database/Media/Audio/Voice/Clips/Bruce/system_perf_sent.wav"}}
2026-10-02T01:14:33-10:00job:voice_nws_weather RUN  nice -n 10 python3 "/home/rootrecord/RootRecord-Ecosystem/1 - Servers/1 - RootRecord-Pacific-Solar-Server/Media/Voice/scripts/voice_reports.py" nws_weather
2026-10-02T01:15:27-10:00job:voice_nws_weather | {"ok": true, "report": "nws_weather", "md": "/home/rootrecord/RootRecord-Ecosystem/test-reports/Voice/nws_weather_current.md", "sentences": 8, "status_starting": {"ok": true, "played": true, "phase": "starting", "wav": "/home/rootrecord/RootRecord-Ecosystem/2 - RootRecord-Database/Media/Audio/Voice/Clips/Ava/nws_weather_starting.wav"}, "voice": {"ok": true, "mode": "stitch", "report": "nws_weather", "agent": "ava", "voice": "af_heart", "speed": 1.0, "wav": "/home/rootrecord/RootRecord-Ecosystem/2 - RootRecord-Database/Media/Audio/Voice/nws_weather_current.wav", "clips_used": 0, "live_sentences": 16, "model_loaded": true, "render_s": 21.13, "sample_rate": 24000, "channels": 1, "subtype": "PCM_16", "duration_s": 49.986, "peak_dbfs": -1.5, "rms_dbfs": -20.5, "lead_silence_ms": 113, "qc": "PASS", "wall_s": 21.17, "peak_rss_mb": 1843, "rc": 0}, "deliver": {"ok": true, "sent": true, "persona": "ava", "chat": "-1004367256267", "message_id": 2499, "transcript": false, "report": true, "photo": false, "plan": {"voice": true, "transcript": false, "report": true}}, "status_transit": {"ok": true, "played": true, "phase": "transit", "wav": "/home/rootrecord/RootRecord-Ecosystem/2 - RootRecord-Database/Media/Audio/Voice/Clips/Ava/nws_weather_transit.wav"}, "radio": {"ok": true, "report": "nws_weather", "file": "nws_weather_current.opus", "bytes": 148866, "stage": {"ok": true, "report": "nws_weather", "slot": "01:30", "file": "nws_weather-half.opus"}}, "status_send": {"ok": true, "played": true, "phase": "sent", "wav": "/home/rootrecord/RootRecord-Ecosystem/2 - RootRecord-Database/Media/Audio/Voice/Clips/Ava/nws_weather_sent.wav"}}
2026-10-02T01:15:27-10:00job:voice_energy_report RUN  nice -n 10 python3 "/home/rootrecord/RootRecord-Ecosystem/1 - Servers/1 - RootRecord-Pacific-Solar-Server/Media/Voice/scripts/voice_reports.py" energy_report
2026-10-02T01:17:10-10:00job:voice_energy_report | {"ok": true, "report": "energy_report", "md": "/home/rootrecord/RootRecord-Ecosystem/test-reports/Voice/energy_report_current.md", "sentences": 8, "status_starting": {"ok": true, "played": true, "phase": "starting", "wav": "/home/rootrecord/RootRecord-Ecosystem/2 - RootRecord-Database/Media/Audio/Voice/Clips/Carly/energy_report_starting.wav"}, "voice": {"ok": true, "mode": "stitch", "report": "energy_report", "agent": "carly", "voice": "af_nova", "speed": 1.0, "wav": "/home/rootrecord/RootRecord-Ecosystem/2 - RootRecord-Database/Media/Audio/Voice/energy_report_current.wav", "clips_used": 0, "live_sentences": 8, "model_loaded": true, "render_s": 13.57, "sample_rate": 24000, "channels": 1, "subtype": "PCM_16", "duration_s": 29.169, "peak_dbfs": -1.93, "rms_dbfs": -20.3, "lead_silence_ms": 111, "qc": "PASS", "wall_s": 13.61, "peak_rss_mb": 1634, "rc": 0}, "deliver": {"ok": true, "skipped": true, "detail": "blended into the hourly solar desk; the radio file is refreshed"}, "status_transit": {"ok": true, "played": true, "phase": "transit", "wav": "/home/rootrecord/RootRecord-Ecosystem/2 - RootRecord-Database/Media/Audio/Voice/Clips/Carly/energy_report_transit.wav"}, "radio": {"ok": true, "report": "energy_report", "file": "energy_report_current.opus", "bytes": 87540, "stage": {"ok": true, "report": "energy_report", "slot": "01:30", "file": "energy_report-half.opus"}}, "status_send": {"ok": true, "played": true, "phase": "sent", "wav": "/home/rootrecord/RootRecord-Ecosystem/2 - RootRecord-Database/Media/Audio/Voice/Clips/Carly/energy_report_sent.wav"}}
2026-10-02T01:17:10-10:00job:voice_remaining_tasks RUN  nice -n 10 python3 "/home/rootrecord/RootRecord-Ecosystem/1 - Servers/1 - RootRecord-Pacific-Solar-Server/Media/Voice/scripts/voice_reports.py" remaining_tasks
2026-10-02T01:17:51-10:00job:voice_remaining_tasks | {"ok": true, "report": "remaining_tasks", "md": "/home/rootrecord/RootRecord-Ecosystem/test-reports/Voice/remaining_tasks_current.md", "sentences": 5, "status_starting": {"ok": true, "played": true, "phase": "starting", "wav": "/home/rootrecord/RootRecord-Ecosystem/2 - RootRecord-Database/Media/Audio/Voice/Clips/Bruce/remaining_tasks_starting.wav"}, "voice": {"ok": true, "mode": "stitch", "report": "remaining_tasks", "agent": "bruce", "voice": "am_echo", "speed": 1.0, "wav": "/home/rootrecord/RootRecord-Ecosystem/2 - RootRecord-Database/Media/Audio/Voice/remaining_tasks_current.wav", "clips_used": 0, "live_sentences": 4, "model_loaded": true, "render_s": 8.58, "sample_rate": 24000, "channels": 1, "subtype": "PCM_16", "duration_s": 13.702, "peak_dbfs": -2.28, "rms_dbfs": -20.07, "lead_silence_ms": 115, "qc": "PASS", "wall_s": 8.62, "peak_rss_mb": 1399, "rc": 0}, "deliver": {"ok": true, "sent": true, "persona": "bruce", "chat": "-1004367256267", "message_id": 2501, "transcript": false, "report": true, "photo": false, "plan": {"voice": true, "transcript": false, "report": true}}, "status_transit": {"ok": true, "played": true, "phase": "transit", "wav": "/home/rootrecord/RootRecord-Ecosystem/2 - RootRecord-Database/Media/Audio/Voice/Clips/Bruce/remaining_tasks_transit.wav"}, "radio": {"ok": true, "report": "remaining_tasks", "file": "remaining_tasks_current.opus", "bytes": 41455, "stage": {"ok": true, "report": "remaining_tasks", "slot": "01:30", "file": "remaining_tasks-half.opus"}}, "status_send": {"ok": true, "played": true, "phase": "sent", "wav": "/home/rootrecord/RootRecord-Ecosystem/2 - RootRecord-Database/Media/Audio/Voice/Clips/Bruce/remaining_tasks_sent.wav"}}
2026-10-02T01:17:51-10:00job:voice_earthquake_report RUN  nice -n 10 python3 "/home/rootrecord/RootRecord-Ecosystem/1 - Servers/1 - RootRecord-Pacific-Solar-Server/Media/Voice/scripts/voice_reports.py" earthquake_report
2026-10-02T01:19:20-10:00job:voice_earthquake_report FAIL code=1
2026-10-02T01:19:20-10:00job:voice_earthquake_report ! Traceback (most recent call last):
2026-10-02T01:19:20-10:00job:voice_earthquake_report !   File "/home/rootrecord/RootRecord-Ecosystem/1 - Servers/1 - RootRecord-Pacific-Solar-Server/Media/Voice/scripts/voice_reports.py", line 1853, in <module>
2026-10-02T01:19:20-10:00job:voice_earthquake_report !     raise SystemExit(main())  # info: raise SystemExit ( main ( ) )
2026-10-02T01:19:20-10:00job:voice_earthquake_report !                      ~~~~^^
2026-10-02T01:19:20-10:00job:voice_earthquake_report !   File "/home/rootrecord/RootRecord-Ecosystem/1 - Servers/1 - RootRecord-Pacific-Solar-Server/Media/Voice/scripts/voice_reports.py", line 1846, in main
2026-10-02T01:19:20-10:00job:voice_earthquake_report !     res["radio"] = radio_push.push_report(report)  # info: res [ "radio" ] = radio_push . push_report ( report )
2026-10-02T01:19:20-10:00job:voice_earthquake_report !                    ~~~~~~~~~~~~~~~~~~~~~~^^^^^^^^
2026-10-02T01:19:20-10:00job:voice_earthquake_report !   File "/home/rootrecord/RootRecord-Ecosystem/1 - Servers/1 - RootRecord-Pacific-Solar-Server/Media/Voice/scripts/radio_push.py", line 241, in push_report
2026-10-02T01:19:20-10:00job:voice_earthquake_report !     staged = stage_on_air(report)
2026-10-02T01:19:20-10:00job:voice_earthquake_report !   File "/home/rootrecord/RootRecord-Ecosystem/1 - Servers/1 - RootRecord-Pacific-Solar-Server/Media/Voice/scripts/radio_push.py", line 265, in stage_on_air
2026-10-02T01:19:20-10:00job:voice_earthquake_report !     if report not in status_cue.CUES:
2026-10-02T01:19:20-10:00job:voice_earthquake_report !                      ^^^^^^^^^^^^^^^
2026-10-02T01:19:20-10:00job:voice_earthquake_report ! AttributeError: module 'status_cue' has no attribute 'CUES'
2026-10-02T01:19:20-10:00job:voice_kilauea_report RUN  nice -n 10 python3 "/home/rootrecord/RootRecord-Ecosystem/1 - Servers/1 - RootRecord-Pacific-Solar-Server/Media/Voice/scripts/voice_reports.py" kilauea_report
2026-10-02T01:19:23-10:00job:voice_kilauea_report | {"ok": true, "report": "kilauea_report", "md": "/home/rootrecord/RootRecord-Ecosystem/test-reports/Voice/kilauea_report_current.md", "sentences": 8, "status_starting": {"ok": true, "played": true, "phase": "starting", "wav": "/home/rootrecord/RootRecord-Ecosystem/2 - RootRecord-Database/Media/Audio/Voice/Clips/Carly/kilauea_report_starting.wav"}, "voice": {"rc": 75, "detail": "busy (single-flight) — WAV skipped"}}
2026-10-02T01:19:23-10:00job:voice_solar_desk RUN  nice -n 10 python3 "/home/rootrecord/RootRecord-Ecosystem/1 - Servers/1 - RootRecord-Pacific-Solar-Server/Media/Voice/scripts/voice_reports.py" solar_desk
2026-10-02T01:19:26-10:00job:voice_solar_desk | {"ok": true, "report": "solar_desk", "md": "/home/rootrecord/RootRecord-Ecosystem/test-reports/Voice/solar_desk_current.md", "sentences": 9, "status_starting": {"ok": true, "played": true, "phase": "starting", "wav": "/home/rootrecord/RootRecord-Ecosystem/2 - RootRecord-Database/Media/Audio/Voice/Clips/Bruce/solar_desk_starting.wav"}, "voice": {"rc": 75, "detail": "busy (single-flight) — WAV skipped"}}
2026-10-02T01:19:26-10:00job:voice_security_desk RUN  nice -n 10 python3 "/home/rootrecord/RootRecord-Ecosystem/1 - Servers/1 - RootRecord-Pacific-Solar-Server/Media/Voice/scripts/voice_reports.py" security_desk
2026-10-02T01:19:29-10:00job:voice_security_desk | {"ok": true, "report": "security_desk", "md": "/home/rootrecord/RootRecord-Ecosystem/test-reports/Voice/security_desk_current.md", "sentences": 7, "status_starting": {"ok": true, "played": true, "phase": "starting", "wav": "/home/rootrecord/RootRecord-Ecosystem/2 - RootRecord-Database/Media/Audio/Voice/Clips/Carly/security_desk_starting.wav"}, "voice": {"rc": 75, "detail": "busy (single-flight) — WAV skipped"}}
2026-10-02T01:19:29-10:00job:voice_bandwidth_desk RUN  nice -n 10 python3 "/home/rootrecord/RootRecord-Ecosystem/1 - Servers/1 - RootRecord-Pacific-Solar-Server/Media/Voice/scripts/voice_reports.py" bandwidth_desk
2026-10-02T01:19:32-10:00job:voice_bandwidth_desk | {"ok": true, "report": "bandwidth_desk", "md": "/home/rootrecord/RootRecord-Ecosystem/test-reports/Voice/bandwidth_desk_current.md", "sentences": 5, "status_starting": {"ok": true, "played": true, "phase": "starting", "wav": "/home/rootrecord/RootRecord-Ecosystem/2 - RootRecord-Database/Media/Audio/Voice/Clips/Carly/bandwidth_desk_starting.wav"}, "voice": {"rc": 75, "detail": "busy (single-flight) — WAV skipped"}}
2026-10-02T01:19:32-10:00job:voice_current_report RUN  nice -n 10 python3 "/home/rootrecord/RootRecord-Ecosystem/1 - Servers/1 - RootRecord-Pacific-Solar-Server/Media/Voice/scripts/voice_reports.py" current_report
2026-10-02T01:19:35-10:00job:voice_current_report | {"ok": true, "report": "current_report", "md": "/home/rootrecord/RootRecord-Ecosystem/2 - RootRecord-Database/Reports/current_report_current.md", "sentences": 24, "status_starting": {"ok": true, "played": true, "phase": "starting", "wav": "/home/rootrecord/RootRecord-Ecosystem/2 - RootRecord-Database/Media/Audio/Voice/Clips/Ava/current_report_starting.wav"}, "voice": {"rc": 75, "detail": "busy (single-flight) — WAV skipped"}}
2026-10-02T01:19:36-10:00ENERGY  status=live  B2=off  B1=63.3%  solar=0 W  ac=0 W  usbc=0 W  src=/home/rootrecord/RootRecord-Ecosystem/2 - RootRecord-Database/Energy  LAP=100%/Full/AC
2026-10-02T01:19:36-10:00job:sys_stats_cycle RUN  bash "/home/rootrecord/RootRecord-Ecosystem/1 - Servers/1 - RootRecord-Pacific-Solar-Server/System/scripts/sys-sample.sh"
2026-10-02T01:19:39-10:00job:sys_stats_cycle | SYSTEM  cpu=23%  load=2.05  mem=47%  src=sqlite
2026-10-02T01:19:39-10:00job:sys_stats_cycle | OK wrote /home/rootrecord/RootRecord-Ecosystem/2 - RootRecord-Database/System/samples/sys-20261002-011936.json
2026-10-02T01:20:54-10:00job:github_sync_all | ↑ [ecosystem] committed 72 local file(s)
2026-10-02T01:20:54-10:00job:github_sync_all | ↓ [ecosystem] fetching origin/main
2026-10-02T01:20:54-10:00job:github_sync_all | From github.com:RootRecord-Software-Solutions/RootRecord-Ecosystem
2026-10-02T01:20:54-10:00job:github_sync_all | * branch              main       -> FETCH_HEAD
2026-10-02T01:20:54-10:00job:github_sync_all | ↑ [ecosystem] local is ahead of GitHub
2026-10-02T01:20:54-10:00job:github_sync_all | To github.com:RootRecord-Software-Solutions/RootRecord-Ecosystem.git
2026-10-02T01:20:54-10:00job:github_sync_all | 1895fcc1..062cb13d  HEAD -> main
2026-10-02T01:20:54-10:00job:github_sync_all | branch 'main' set up to track 'origin/main'.
2026-10-02T01:20:54-10:00job:github_sync_all | ↑ [ecosystem] 72 files → RootRecord-Software-Solutions/RootRecord-Ecosystem (main)
2026-10-02T01:20:54-10:00job:github_sync_all | ↑ [pacific] committed 7 local file(s)
2026-10-02T01:20:54-10:00job:github_sync_all | ↓ [pacific] fetching origin/main
2026-10-02T01:20:54-10:00job:github_sync_all | From github.com:RootRecord-Software-Solutions/RootRecord-Pacific-Solar-Server
2026-10-02T01:20:54-10:00job:github_sync_all | * branch            main       -> FETCH_HEAD
2026-10-02T01:20:54-10:00job:github_sync_all | ↑ [pacific] local is ahead of GitHub
2026-10-02T01:20:54-10:00job:github_sync_all | To github.com:RootRecord-Software-Solutions/RootRecord-Pacific-Solar-Server.git
2026-10-02T01:20:54-10:00job:github_sync_all | 2f06c13..a077469  HEAD -> main
2026-10-02T01:20:54-10:00job:github_sync_all | branch 'main' set up to track 'origin/main'.
2026-10-02T01:20:54-10:00job:github_sync_all | ↑ [pacific] 7 files → RootRecord-Software-Solutions/RootRecord-Pacific-Solar-Server (main)
2026-10-02T01:20:54-10:00job:github_sync_all | ↑ [database] committed 46 local file(s)
2026-10-02T01:20:54-10:00job:github_sync_all | ↓ [database] fetching origin/main
2026-10-02T01:20:54-10:00job:github_sync_all | From github.com:RootRecord-Software-Solutions/RootRecord-Database
2026-10-02T01:20:54-10:00job:github_sync_all | * branch              main       -> FETCH_HEAD
2026-10-02T01:20:54-10:00job:github_sync_all | ↑ [database] local is ahead of GitHub
2026-10-02T01:20:54-10:00job:github_sync_all | To github.com:RootRecord-Software-Solutions/RootRecord-Database.git
2026-10-02T01:20:54-10:00job:github_sync_all | 53373080..5cbdd93d  HEAD -> main
2026-10-02T01:20:54-10:00job:github_sync_all | branch 'main' set up to track 'origin/main'.
2026-10-02T01:20:54-10:00job:github_sync_all | ↑ [database] 46 files → RootRecord-Software-Solutions/RootRecord-Database (main)
2026-10-02T01:20:54-10:00job:github_sync_all | ↑ [library] committed 7 local file(s)
2026-10-02T01:20:54-10:00job:github_sync_all | ↓ [library] fetching origin/main
2026-10-02T01:20:54-10:00job:github_sync_all | From github.com:RootRecord-Software-Solutions/RootRecord-Library
2026-10-02T01:20:54-10:00job:github_sync_all | * branch            main       -> FETCH_HEAD
2026-10-02T01:20:54-10:00job:github_sync_all | ↑ [library] local is ahead of GitHub
2026-10-02T01:20:54-10:00job:github_sync_all | To github.com:RootRecord-Software-Solutions/RootRecord-Library.git
2026-10-02T01:20:54-10:00job:github_sync_all | a4be80c..8507e54  HEAD -> main
2026-10-02T01:20:54-10:00job:github_sync_all | branch 'main' set up to track 'origin/main'.
2026-10-02T01:20:54-10:00job:github_sync_all | ↑ [library] 7 files → RootRecord-Software-Solutions/RootRecord-Library (main)
2026-10-02T01:20:54-10:00job:github_sync_all | — [website] no local changes
2026-10-02T01:20:54-10:00job:github_sync_all | ↓ [website] fetching origin/main
2026-10-02T01:20:54-10:00job:github_sync_all | From github.com:RootRecord-Software-Solutions/RootRecord-Website
2026-10-02T01:20:54-10:00job:github_sync_all | * branch            main       -> FETCH_HEAD
2026-10-02T01:20:54-10:00job:worklog_scan RUN  bash "/home/rootrecord/RootRecord-Ecosystem/1 - Servers/1 - RootRecord-Pacific-Solar-Server/Reports/scripts/worklog_once.sh"
2026-10-02T01:23:54-10:00job:worklog_scan TIMEOUT after 180s
2026-10-02T01:23:54-10:00job:security_camera_frame_grab RUN  bash "/home/rootrecord/RootRecord-Ecosystem/1 - Servers/1 - RootRecord-Pacific-Solar-Server/Security/Cameras/grab_all.sh"
2026-10-02T01:24:12-10:00job:security_camera_frame_grab | 01:23:54  📷  a-eyes  ch1 → ch1-20261002T112354Z.jpg  (293.3 KB, 4.48s)
2026-10-02T01:24:12-10:00job:security_camera_frame_grab | 01:23:59  📷  a-eyes  ch2 → ch2-20261002T112359Z.jpg  (299.7 KB, 4.27s)
2026-10-02T01:24:12-10:00job:security_camera_frame_grab | 01:24:03  📷  a-eyes  ch3 → ch3-20261002T112403Z.jpg  (323.3 KB, 4.40s)
2026-10-02T01:24:12-10:00job:security_camera_frame_grab | 01:24:07  📷  a-eyes  ch4 → ch4-20261002T112407Z.jpg  (259.7 KB, 4.56s)
2026-10-02T01:24:12-10:00job:service_supervisor RUN  bash "/home/rootrecord/RootRecord-Ecosystem/1 - Servers/1 - RootRecord-Pacific-Solar-Server/Automations/scripts/supervise-services.sh"
2026-10-02T01:24:12-10:00job:service_supervisor | [supervisor] weather alive pid=1766628 (act)
2026-10-02T01:24:12-10:00job:service_supervisor | [supervisor] relay alive pid=3419587 (act)
2026-10-02T01:24:12-10:00job:geology_collect RUN  nice -n 10 python3 "/home/rootrecord/RootRecord-Ecosystem/1 - Servers/1 - RootRecord-Pacific-Solar-Server/Geology/scripts/geology_collect.py" all
2026-10-02T01:24:15-10:00job:geology_collect | {"ok": true, "at": "2026-10-02T01:24:12-10:00", "what": "all", "dry_run": false, "sources": {"hawaii": {"ok": true, "count": 25, "new": 0, "new_m2": 0, "ms": 469}, "global": {"ok": true, "count": 28, "new": 0, "ms": 285}, "hvo_notices": {"ok": true, "count": 47, "new": 0, "ms": 1218}, "hvo_status": {"ok": true, "volcanoes": 8, "kilauea": "WATCH", "mauna_loa": "NORMAL", "ms": 681}}}
2026-10-02T01:24:15-10:00job:status_snapshot RUN  nice -n 10 python3 "/home/rootrecord/RootRecord-Ecosystem/1 - Servers/1 - RootRecord-Pacific-Solar-Server/Website/scripts/live_data_pages.py"
2026-10-02T01:24:15-10:00job:status_snapshot | live-data 6 pages
2026-10-02T01:24:15-10:00job:system_net_sample RUN  nice -n 10 python3 "/home/rootrecord/RootRecord-Ecosystem/1 - Servers/1 - RootRecord-Pacific-Solar-Server/System/scripts/host_desks.py" net-sample
2026-10-02T01:24:15-10:00job:system_net_sample | {"ok": true, "file": "/home/rootrecord/RootRecord-Ecosystem/2 - RootRecord-Database/System/network/Daily/net-20261002.jsonl", "iface": "wlo1", "hour": {"seconds": 3711, "rx": 466277249, "tx": 124932452, "total": 591209701, "iface": "wlo1", "link": "wireless"}, "day": null}
2026-10-02T01:24:15-10:00job:discord_report_relay RUN  nice -n 10 python3 "/home/rootrecord/RootRecord-Ecosystem/1 - Servers/1 - RootRecord-Pacific-Solar-Server/Communications/Discord/scripts/report_relay.py"
2026-10-02T01:24:23-10:00job:discord_report_relay | posted nws_weather
2026-10-02T01:24:23-10:00job:discord_report_relay | posted energy_report
2026-10-02T01:24:23-10:00job:discord_report_relay | posted earthquake_report
2026-10-02T01:24:23-10:00job:discord_report_relay | posted kilauea_report
2026-10-02T01:24:23-10:00job:discord_report_relay | posted solar_desk
2026-10-02T01:24:23-10:00job:discord_report_relay | posted security_desk
2026-10-02T01:24:23-10:00job:discord_report_relay | posted bandwidth_desk
2026-10-02T01:24:23-10:00job:discord_report_relay | posted system_perf
2026-10-02T01:24:24-10:00job:radio_rss_poll RUN  nice -n 10 python3 "/home/rootrecord/RootRecord-Ecosystem/1 - Servers/1 - RootRecord-Pacific-Solar-Server/Media/RadioRss/scripts/rss_radio.py" poll
2026-10-02T01:24:39-10:00job:radio_rss_poll | {"ok": true, "polled": [{"feed": "bbc_business", "ok": true, "items": 20, "duplicates": 20}, {"feed": "bea_news", "ok": true, "items": 20, "duplicates": 20}, {"feed": "breaking_defense", "ok": true, "items": 0}, {"feed": "civil_beat", "ok": true, "items": 0}, {"feed": "defense_news", "ok": true, "items": 20, "duplicates": 20}, {"feed": "esa_human_spaceflight", "ok": true, "items": 15, "duplicates": 14}, {"feed": "esa_space_science", "ok": true, "items": 15, "duplicates": 15}, {"feed": "esa_top_news", "ok": true, "items": 9, "duplicates": 9}, {"feed": "fed_monetary", "ok": true, "items": 0}, {"feed": "github_changelog", "ok": true, "items": 0}, {"feed": "hawaii_governor", "ok": true, "items": 0}, {"feed": "marketwatch_top", "ok": true, "items": 10, "duplicates": 10}], "composed": ["c_f4b7e5e609ee5b77"]}
2026-10-02T01:24:40-10:00ENERGY  status=live  B2=off  B1=61.9%  solar=0 W  ac=0 W  usbc=0 W  src=/home/rootrecord/RootRecord-Ecosystem/2 - RootRecord-Database/Energy  LAP=100%/Full/AC
2026-10-02T01:24:40-10:00job:sys_stats_cycle RUN  bash "/home/rootrecord/RootRecord-Ecosystem/1 - Servers/1 - RootRecord-Pacific-Solar-Server/System/scripts/sys-sample.sh"
2026-10-02T01:24:42-10:00job:sys_stats_cycle | SYSTEM  cpu=9%  load=1.36  mem=42%  src=sqlite
2026-10-02T01:24:42-10:00job:sys_stats_cycle | OK wrote /home/rootrecord/RootRecord-Ecosystem/2 - RootRecord-Database/System/samples/sys-20261002-012441.json
2026-10-02T01:25:53-10:00job:github_sync_all | ↑ [ecosystem] committed 47 local file(s)
2026-10-02T01:25:53-10:00job:github_sync_all | ↓ [ecosystem] fetching origin/main
2026-10-02T01:25:53-10:00job:github_sync_all | From github.com:RootRecord-Software-Solutions/RootRecord-Ecosystem
2026-10-02T01:25:53-10:00job:github_sync_all | * branch              main       -> FETCH_HEAD
2026-10-02T01:25:53-10:00job:github_sync_all | ↑ [ecosystem] local is ahead of GitHub
2026-10-02T01:25:53-10:00job:github_sync_all | To github.com:RootRecord-Software-Solutions/RootRecord-Ecosystem.git
2026-10-02T01:25:53-10:00job:github_sync_all | 062cb13d..185a36e3  HEAD -> main
2026-10-02T01:25:53-10:00job:github_sync_all | branch 'main' set up to track 'origin/main'.
2026-10-02T01:25:53-10:00job:github_sync_all | ↑ [ecosystem] 47 files → RootRecord-Software-Solutions/RootRecord-Ecosystem (main)
2026-10-02T01:25:53-10:00job:github_sync_all | ↑ [pacific] committed 12 local file(s)
2026-10-02T01:25:53-10:00job:github_sync_all | ↓ [pacific] fetching origin/main
2026-10-02T01:25:53-10:00job:github_sync_all | From github.com:RootRecord-Software-Solutions/RootRecord-Pacific-Solar-Server
2026-10-02T01:25:53-10:00job:github_sync_all | * branch            main       -> FETCH_HEAD
2026-10-02T01:25:53-10:00job:github_sync_all | ↑ [pacific] local is ahead of GitHub
2026-10-02T01:25:53-10:00job:github_sync_all | To github.com:RootRecord-Software-Solutions/RootRecord-Pacific-Solar-Server.git
2026-10-02T01:25:53-10:00job:github_sync_all | a077469..ddcb4b7  HEAD -> main
2026-10-02T01:25:53-10:00job:github_sync_all | branch 'main' set up to track 'origin/main'.
2026-10-02T01:25:53-10:00job:github_sync_all | ↑ [pacific] 12 files → RootRecord-Software-Solutions/RootRecord-Pacific-Solar-Server (main)
2026-10-02T01:25:53-10:00job:github_sync_all | ↑ [database] committed 50 local file(s)
2026-10-02T01:25:53-10:00job:github_sync_all | ↓ [database] fetching origin/main
2026-10-02T01:25:53-10:00job:github_sync_all | From github.com:RootRecord-Software-Solutions/RootRecord-Database
2026-10-02T01:25:53-10:00job:github_sync_all | * branch              main       -> FETCH_HEAD
2026-10-02T01:25:53-10:00job:github_sync_all | ↑ [database] local is ahead of GitHub
2026-10-02T01:25:53-10:00job:github_sync_all | To github.com:RootRecord-Software-Solutions/RootRecord-Database.git
2026-10-02T01:25:53-10:00job:github_sync_all | 5cbdd93d..c2188d12  HEAD -> main
2026-10-02T01:25:53-10:00job:github_sync_all | branch 'main' set up to track 'origin/main'.
2026-10-02T01:25:53-10:00job:github_sync_all | ↑ [database] 50 files → RootRecord-Software-Solutions/RootRecord-Database (main)
2026-10-02T01:25:53-10:00job:github_sync_all | ↑ [library] committed 3 local file(s)
2026-10-02T01:25:53-10:00job:github_sync_all | ↓ [library] fetching origin/main
2026-10-02T01:25:53-10:00job:github_sync_all | From github.com:RootRecord-Software-Solutions/RootRecord-Library
2026-10-02T01:25:53-10:00job:github_sync_all | * branch            main       -> FETCH_HEAD
2026-10-02T01:25:53-10:00job:github_sync_all | ↑ [library] local is ahead of GitHub
2026-10-02T01:25:53-10:00job:github_sync_all | To github.com:RootRecord-Software-Solutions/RootRecord-Library.git
2026-10-02T01:25:53-10:00job:github_sync_all | 8507e54..7526d20  HEAD -> main
2026-10-02T01:25:53-10:00job:github_sync_all | branch 'main' set up to track 'origin/main'.
2026-10-02T01:25:53-10:00job:github_sync_all | ↑ [library] 3 files → RootRecord-Software-Solutions/RootRecord-Library (main)
2026-10-02T01:25:53-10:00job:github_sync_all | ↑ [website] committed 15 local file(s)
2026-10-02T01:25:53-10:00job:github_sync_all | ↓ [website] fetching origin/main
2026-10-02T01:25:53-10:00job:github_sync_all | From github.com:RootRecord-Software-Solutions/RootRecord-Website
2026-10-02T01:25:53-10:00job:github_sync_all | * branch            main       -> FETCH_HEAD
2026-10-02T01:25:53-10:00job:security_camera_frame_grab RUN  bash "/home/rootrecord/RootRecord-Ecosystem/1 - Servers/1 - RootRecord-Pacific-Solar-Server/Security/Cameras/grab_all.sh"
2026-10-02T01:26:12-10:00job:security_camera_frame_grab | 01:25:53  📷  a-eyes  ch1 → ch1-20261002T112553Z.jpg  (292.5 KB, 4.34s)
2026-10-02T01:26:12-10:00job:security_camera_frame_grab | 01:25:58  📷  a-eyes  ch2 → ch2-20261002T112558Z.jpg  (301.8 KB, 4.58s)
2026-10-02T01:26:12-10:00job:security_camera_frame_grab | 01:26:02  📷  a-eyes  ch3 → ch3-20261002T112602Z.jpg  (313.4 KB, 5.38s)
2026-10-02T01:26:12-10:00job:security_camera_frame_grab | 01:26:08  📷  a-eyes  ch4 → ch4-20261002T112608Z.jpg  (258.8 KB, 4.42s)
2026-10-02T01:26:12-10:00ENERGY  status=live  B2=off  B1=61.5%  solar=0 W  ac=0 W  usbc=0 W  src=/home/rootrecord/RootRecord-Ecosystem/2 - RootRecord-Database/Energy  LAP=100%/Full/AC
2026-10-02T01:26:12-10:00job:sys_stats_cycle RUN  bash "/home/rootrecord/RootRecord-Ecosystem/1 - Servers/1 - RootRecord-Pacific-Solar-Server/System/scripts/sys-sample.sh"
2026-10-02T01:26:14-10:00job:sys_stats_cycle | SYSTEM  cpu=10%  load=1.53  mem=42%  src=sqlite
2026-10-02T01:26:14-10:00job:sys_stats_cycle | OK wrote /home/rootrecord/RootRecord-Ecosystem/2 - RootRecord-Database/System/samples/sys-20261002-012613.json
2026-10-02T01:27:21-10:00job:github_sync_all | ↑ [ecosystem] committed 11 local file(s)
2026-10-02T01:27:21-10:00job:github_sync_all | ↓ [ecosystem] fetching origin/main
2026-10-02T01:27:21-10:00job:github_sync_all | From github.com:RootRecord-Software-Solutions/RootRecord-Ecosystem
2026-10-02T01:27:21-10:00job:github_sync_all | * branch              main       -> FETCH_HEAD
2026-10-02T01:27:21-10:00job:github_sync_all | ↑ [ecosystem] local is ahead of GitHub
2026-10-02T01:27:21-10:00job:github_sync_all | To github.com:RootRecord-Software-Solutions/RootRecord-Ecosystem.git
2026-10-02T01:27:21-10:00job:github_sync_all | 185a36e3..d73298a4  HEAD -> main
2026-10-02T01:27:21-10:00job:github_sync_all | branch 'main' set up to track 'origin/main'.
2026-10-02T01:27:21-10:00job:github_sync_all | ↑ [ecosystem] 11 files → RootRecord-Software-Solutions/RootRecord-Ecosystem (main)
2026-10-02T01:27:21-10:00job:github_sync_all | ↑ [pacific] committed 1 local file(s)
2026-10-02T01:27:21-10:00job:github_sync_all | ↓ [pacific] fetching origin/main
2026-10-02T01:27:21-10:00job:github_sync_all | From github.com:RootRecord-Software-Solutions/RootRecord-Pacific-Solar-Server
2026-10-02T01:27:21-10:00job:github_sync_all | * branch            main       -> FETCH_HEAD
2026-10-02T01:27:21-10:00job:github_sync_all | ↑ [pacific] local is ahead of GitHub
2026-10-02T01:27:21-10:00job:github_sync_all | To github.com:RootRecord-Software-Solutions/RootRecord-Pacific-Solar-Server.git
2026-10-02T01:27:21-10:00job:github_sync_all | ddcb4b7..3fb1618  HEAD -> main
2026-10-02T01:27:21-10:00job:github_sync_all | branch 'main' set up to track 'origin/main'.
2026-10-02T01:27:21-10:00job:github_sync_all | ↑ [pacific] 1 files → RootRecord-Software-Solutions/RootRecord-Pacific-Solar-Server (main)
2026-10-02T01:27:21-10:00job:github_sync_all | ↑ [database] committed 22 local file(s)
2026-10-02T01:27:21-10:00job:github_sync_all | ↓ [database] fetching origin/main
2026-10-02T01:27:21-10:00job:github_sync_all | From github.com:RootRecord-Software-Solutions/RootRecord-Database
2026-10-02T01:27:21-10:00job:github_sync_all | * branch              main       -> FETCH_HEAD
2026-10-02T01:27:21-10:00job:github_sync_all | ↑ [database] local is ahead of GitHub
2026-10-02T01:27:21-10:00job:github_sync_all | To github.com:RootRecord-Software-Solutions/RootRecord-Database.git
2026-10-02T01:27:21-10:00job:github_sync_all | c2188d12..a21a2c40  HEAD -> main
2026-10-02T01:27:21-10:00job:github_sync_all | branch 'main' set up to track 'origin/main'.
2026-10-02T01:27:21-10:00job:github_sync_all | ↑ [database] 22 files → RootRecord-Software-Solutions/RootRecord-Database (main)
2026-10-02T01:27:21-10:00job:github_sync_all | ↑ [library] committed 4 local file(s)
2026-10-02T01:27:21-10:00job:github_sync_all | ↓ [library] fetching origin/main
2026-10-02T01:27:21-10:00job:github_sync_all | From github.com:RootRecord-Software-Solutions/RootRecord-Library
2026-10-02T01:27:21-10:00job:github_sync_all | * branch            main       -> FETCH_HEAD
2026-10-02T01:27:21-10:00job:github_sync_all | ↑ [library] local is ahead of GitHub
2026-10-02T01:27:21-10:00job:github_sync_all | To github.com:RootRecord-Software-Solutions/RootRecord-Library.git
2026-10-02T01:27:21-10:00job:github_sync_all | 7526d20..978f585  HEAD -> main
2026-10-02T01:27:21-10:00job:github_sync_all | branch 'main' set up to track 'origin/main'.
2026-10-02T01:27:21-10:00job:github_sync_all | ↑ [library] 4 files → RootRecord-Software-Solutions/RootRecord-Library (main)
2026-10-02T01:27:21-10:00job:github_sync_all | — [website] no local changes
2026-10-02T01:27:21-10:00job:github_sync_all | ↓ [website] fetching origin/main
2026-10-02T01:27:21-10:00job:github_sync_all | From github.com:RootRecord-Software-Solutions/RootRecord-Website
2026-10-02T01:27:21-10:00job:github_sync_all | * branch            main       -> FETCH_HEAD
2026-10-02T01:27:21-10:00job:worklog_scan RUN  bash "/home/rootrecord/RootRecord-Ecosystem/1 - Servers/1 - RootRecord-Pacific-Solar-Server/Reports/scripts/worklog_once.sh"
2026-10-02T01:30:21-10:00job:worklog_scan TIMEOUT after 180s
2026-10-02T01:30:21-10:00job:status_snapshot RUN  nice -n 10 python3 "/home/rootrecord/RootRecord-Ecosystem/1 - Servers/1 - RootRecord-Pacific-Solar-Server/Website/scripts/live_data_pages.py"
2026-10-02T01:30:21-10:00job:status_snapshot | live-data 6 pages
2026-10-02T01:30:22-10:00ENERGY  status=live  B2=off  B1=60.3%  solar=0 W  ac=0 W  usbc=0 W  src=/home/rootrecord/RootRecord-Ecosystem/2 - RootRecord-Database/Energy  LAP=100%/Full/AC
2026-10-02T01:30:22-10:00job:sys_stats_cycle RUN  bash "/home/rootrecord/RootRecord-Ecosystem/1 - Servers/1 - RootRecord-Pacific-Solar-Server/System/scripts/sys-sample.sh"
2026-10-02T01:30:24-10:00job:sys_stats_cycle | SYSTEM  cpu=7%  load=2.95  mem=43%  src=sqlite
2026-10-02T01:30:24-10:00job:sys_stats_cycle | OK wrote /home/rootrecord/RootRecord-Ecosystem/2 - RootRecord-Database/System/samples/sys-20261002-013022.json
2026-10-02T01:31:29-10:00job:github_sync_all | ↑ [ecosystem] committed 33 local file(s)
2026-10-02T01:31:29-10:00job:github_sync_all | ↓ [ecosystem] fetching origin/main
2026-10-02T01:31:29-10:00job:github_sync_all | From github.com:RootRecord-Software-Solutions/RootRecord-Ecosystem
2026-10-02T01:31:29-10:00job:github_sync_all | * branch              main       -> FETCH_HEAD
2026-10-02T01:31:29-10:00job:github_sync_all | ↑ [ecosystem] local is ahead of GitHub
2026-10-02T01:31:29-10:00job:github_sync_all | To github.com:RootRecord-Software-Solutions/RootRecord-Ecosystem.git
2026-10-02T01:31:29-10:00job:github_sync_all | d73298a4..8ac288ee  HEAD -> main
2026-10-02T01:31:29-10:00job:github_sync_all | branch 'main' set up to track 'origin/main'.
2026-10-02T01:31:29-10:00job:github_sync_all | ↑ [ecosystem] 33 files → RootRecord-Software-Solutions/RootRecord-Ecosystem (main)
2026-10-02T01:31:29-10:00job:github_sync_all | ↑ [pacific] committed 1 local file(s)
2026-10-02T01:31:29-10:00job:github_sync_all | ↓ [pacific] fetching origin/main
2026-10-02T01:31:29-10:00job:github_sync_all | From github.com:RootRecord-Software-Solutions/RootRecord-Pacific-Solar-Server
2026-10-02T01:31:29-10:00job:github_sync_all | * branch            main       -> FETCH_HEAD
2026-10-02T01:31:29-10:00job:github_sync_all | ↑ [pacific] local is ahead of GitHub
2026-10-02T01:31:29-10:00job:github_sync_all | To github.com:RootRecord-Software-Solutions/RootRecord-Pacific-Solar-Server.git
2026-10-02T01:31:29-10:00job:github_sync_all | 3fb1618..129cde9  HEAD -> main
2026-10-02T01:31:29-10:00job:github_sync_all | branch 'main' set up to track 'origin/main'.
2026-10-02T01:31:29-10:00job:github_sync_all | ↑ [pacific] 1 files → RootRecord-Software-Solutions/RootRecord-Pacific-Solar-Server (main)
2026-10-02T01:31:29-10:00job:github_sync_all | ↑ [database] committed 29 local file(s)
2026-10-02T01:31:29-10:00job:github_sync_all | ↓ [database] fetching origin/main
2026-10-02T01:31:29-10:00job:github_sync_all | From github.com:RootRecord-Software-Solutions/RootRecord-Database
2026-10-02T01:31:29-10:00job:github_sync_all | * branch              main       -> FETCH_HEAD
2026-10-02T01:31:29-10:00job:github_sync_all | ↑ [database] local is ahead of GitHub
2026-10-02T01:31:29-10:00job:github_sync_all | To github.com:RootRecord-Software-Solutions/RootRecord-Database.git
2026-10-02T01:31:29-10:00job:github_sync_all | a21a2c40..5117b251  HEAD -> main
2026-10-02T01:31:29-10:00job:github_sync_all | branch 'main' set up to track 'origin/main'.
2026-10-02T01:31:29-10:00job:github_sync_all | ↑ [database] 29 files → RootRecord-Software-Solutions/RootRecord-Database (main)
2026-10-02T01:31:29-10:00job:github_sync_all | ↑ [library] committed 2 local file(s)
2026-10-02T01:31:29-10:00job:github_sync_all | ↓ [library] fetching origin/main
2026-10-02T01:31:29-10:00job:github_sync_all | From github.com:RootRecord-Software-Solutions/RootRecord-Library
2026-10-02T01:31:29-10:00job:github_sync_all | * branch            main       -> FETCH_HEAD
2026-10-02T01:31:29-10:00job:github_sync_all | ↑ [library] local is ahead of GitHub
2026-10-02T01:31:29-10:00job:github_sync_all | To github.com:RootRecord-Software-Solutions/RootRecord-Library.git
2026-10-02T01:31:29-10:00job:github_sync_all | 978f585..18be46e  HEAD -> main
2026-10-02T01:31:29-10:00job:github_sync_all | branch 'main' set up to track 'origin/main'.
2026-10-02T01:31:29-10:00job:github_sync_all | ↑ [library] 2 files → RootRecord-Software-Solutions/RootRecord-Library (main)
2026-10-02T01:31:29-10:00job:github_sync_all | — [website] no local changes
2026-10-02T01:31:29-10:00job:github_sync_all | ↓ [website] fetching origin/main
2026-10-02T01:31:29-10:00job:github_sync_all | From github.com:RootRecord-Software-Solutions/RootRecord-Website
2026-10-02T01:31:29-10:00job:github_sync_all | * branch            main       -> FETCH_HEAD
2026-10-02T01:31:29-10:00job:security_camera_frame_grab RUN  bash "/home/rootrecord/RootRecord-Ecosystem/1 - Servers/1 - RootRecord-Pacific-Solar-Server/Security/Cameras/grab_all.sh"
2026-10-02T01:31:39-10:00tunnel timeout — reconnecting
2026-10-02T01:31:39-10:00tunnel timeout — reconnecting
2026-10-02T01:31:39-10:00tunnel timeout — reconnecting
2026-10-02T01:31:40-10:00tunnel timeout — reconnecting
2026-10-02T01:31:40-10:00tunnel timeout — reconnecting
2026-10-02T01:31:41-10:00tunnel timeout — reconnecting
2026-10-02T01:31:42-10:00tunnel timeout — reconnecting
2026-10-02T01:31:42-10:00tunnel connected  conn=0  edge=lax13
2026-10-02T01:31:47-10:00job:security_camera_frame_grab | 01:31:29  📷  a-eyes  ch1 → ch1-20261002T113129Z.jpg  (298.8 KB, 4.49s)
2026-10-02T01:31:47-10:00job:security_camera_frame_grab | 01:31:33  📷  a-eyes  ch2 → ch2-20261002T113133Z.jpg  (295.3 KB, 4.54s)
2026-10-02T01:31:47-10:00job:security_camera_frame_grab | 01:31:38  📷  a-eyes  ch3 → ch3-20261002T113138Z.jpg  (317.2 KB, 4.53s)
2026-10-02T01:31:47-10:00job:security_camera_frame_grab | 01:31:42  📷  a-eyes  ch4 → ch4-20261002T113142Z.jpg  (254.8 KB, 4.32s)
2026-10-02T01:31:47-10:00job:service_supervisor RUN  bash "/home/rootrecord/RootRecord-Ecosystem/1 - Servers/1 - RootRecord-Pacific-Solar-Server/Automations/scripts/supervise-services.sh"
2026-10-02T01:31:47-10:00job:service_supervisor | [supervisor] weather alive pid=1766628 (act)
2026-10-02T01:31:47-10:00job:service_supervisor | [supervisor] relay alive pid=3419587 (act)
2026-10-02T01:31:47-10:00job:geology_collect RUN  nice -n 10 python3 "/home/rootrecord/RootRecord-Ecosystem/1 - Servers/1 - RootRecord-Pacific-Solar-Server/Geology/scripts/geology_collect.py" all
2026-10-02T01:31:51-10:00job:geology_collect | {"ok": true, "at": "2026-10-02T01:31:47-10:00", "what": "all", "dry_run": false, "sources": {"hawaii": {"ok": true, "count": 24, "new": 0, "new_m2": 0, "ms": 848}, "global": {"ok": true, "count": 28, "new": 0, "ms": 360}, "hvo_notices": {"ok": true, "count": 47, "new": 0, "ms": 1329}, "hvo_status": {"ok": true, "volcanoes": 8, "kilauea": "WATCH", "mauna_loa": "NORMAL", "ms": 1019}}}
2026-10-02T01:31:51-10:00job:system_net_sample RUN  nice -n 10 python3 "/home/rootrecord/RootRecord-Ecosystem/1 - Servers/1 - RootRecord-Pacific-Solar-Server/System/scripts/host_desks.py" net-sample
2026-10-02T01:31:51-10:00job:system_net_sample | {"ok": true, "file": "/home/rootrecord/RootRecord-Ecosystem/2 - RootRecord-Database/System/network/Daily/net-20261002.jsonl", "iface": "wlo1", "hour": {"seconds": 3799, "rx": 427214765, "tx": 124127020, "total": 551341785, "iface": "wlo1", "link": "wireless"}, "day": null}
2026-10-02T01:31:51-10:00job:discord_report_relay RUN  nice -n 10 python3 "/home/rootrecord/RootRecord-Ecosystem/1 - Servers/1 - RootRecord-Pacific-Solar-Server/Communications/Discord/scripts/report_relay.py"
2026-10-02T01:31:51-10:00job:discord_report_relay | same
2026-10-02T01:31:51-10:00job:radio_rss_poll RUN  nice -n 10 python3 "/home/rootrecord/RootRecord-Ecosystem/1 - Servers/1 - RootRecord-Pacific-Solar-Server/Media/RadioRss/scripts/rss_radio.py" poll
2026-10-02T01:31:52-10:00tunnel connected  conn=3  edge=lax10
2026-10-02T01:31:52-10:00tunnel connected  conn=1  edge=lax07
2026-10-02T01:31:52-10:00tunnel connected  conn=2  edge=lax13
2026-10-02T01:31:57-10:00job:radio_rss_poll | {"ok": true, "polled": [{"feed": "nasa_artemis", "ok": true, "items": 0}, {"feed": "nasa_jpl", "ok": true, "items": 0}, {"feed": "nasa_news", "ok": true, "items": 0}, {"feed": "nasa_recent", "ok": true, "items": 0}, {"feed": "nasa_station", "ok": true, "items": 0}, {"feed": "nasaspaceflight", "ok": true, "items": 0}, {"feed": "nist_cyber_insights", "ok": true, "items": 20, "duplicates": 20}, {"feed": "nist_cybersecurity", "ok": true, "items": 0, "duplicates": 0}, {"feed": "nist_news", "ok": true, "items": 20, "duplicates": 20}, {"feed": "nsf_news", "ok": true, "items": 0}, {"feed": "ntsb_investigations", "ok": true, "skipped": "robots"}, {"feed": "ntsb_press", "ok": true, "skipped": "robots"}], "composed": []}
2026-10-02T01:31:57-10:00ENERGY  status=live  B2=off  B1=59.9%  solar=0 W  ac=0 W  usbc=0 W  src=/home/rootrecord/RootRecord-Ecosystem/2 - RootRecord-Database/Energy  LAP=100%/Full/AC
2026-10-02T01:31:57-10:00job:sys_stats_cycle RUN  bash "/home/rootrecord/RootRecord-Ecosystem/1 - Servers/1 - RootRecord-Pacific-Solar-Server/System/scripts/sys-sample.sh"
2026-10-02T01:31:59-10:00job:sys_stats_cycle | SYSTEM  cpu=26%  load=1.02  mem=41%  src=sqlite
2026-10-02T01:31:59-10:00job:sys_stats_cycle | OK wrote /home/rootrecord/RootRecord-Ecosystem/2 - RootRecord-Database/System/samples/sys-20261002-013157.json
2026-10-02T01:33:10-10:00job:github_sync_all | ↑ [ecosystem] committed 19 local file(s)
2026-10-02T01:33:10-10:00job:github_sync_all | ↓ [ecosystem] fetching origin/main
2026-10-02T01:33:10-10:00job:github_sync_all | From github.com:RootRecord-Software-Solutions/RootRecord-Ecosystem
2026-10-02T01:33:10-10:00job:github_sync_all | * branch              main       -> FETCH_HEAD
2026-10-02T01:33:10-10:00job:github_sync_all | ↑ [ecosystem] local is ahead of GitHub
2026-10-02T01:33:10-10:00job:github_sync_all | To github.com:RootRecord-Software-Solutions/RootRecord-Ecosystem.git
2026-10-02T01:33:10-10:00job:github_sync_all | 8ac288ee..dcdaae7b  HEAD -> main
2026-10-02T01:33:10-10:00job:github_sync_all | branch 'main' set up to track 'origin/main'.
2026-10-02T01:33:10-10:00job:github_sync_all | ↑ [ecosystem] 19 files → RootRecord-Software-Solutions/RootRecord-Ecosystem (main)
2026-10-02T01:33:10-10:00job:github_sync_all | ↑ [pacific] committed 2 local file(s)
2026-10-02T01:33:10-10:00job:github_sync_all | ↓ [pacific] fetching origin/main
2026-10-02T01:33:10-10:00job:github_sync_all | From github.com:RootRecord-Software-Solutions/RootRecord-Pacific-Solar-Server
2026-10-02T01:33:10-10:00job:github_sync_all | * branch            main       -> FETCH_HEAD
2026-10-02T01:33:10-10:00job:github_sync_all | ↑ [pacific] local is ahead of GitHub
2026-10-02T01:33:10-10:00job:github_sync_all | To github.com:RootRecord-Software-Solutions/RootRecord-Pacific-Solar-Server.git
2026-10-02T01:33:10-10:00job:github_sync_all | 129cde9..4ada536  HEAD -> main
2026-10-02T01:33:10-10:00job:github_sync_all | branch 'main' set up to track 'origin/main'.
2026-10-02T01:33:10-10:00job:github_sync_all | ↑ [pacific] 2 files → RootRecord-Software-Solutions/RootRecord-Pacific-Solar-Server (main)
2026-10-02T01:33:10-10:00job:github_sync_all | ↑ [database] committed 34 local file(s)
2026-10-02T01:33:10-10:00job:github_sync_all | ↓ [database] fetching origin/main
2026-10-02T01:33:10-10:00job:github_sync_all | From github.com:RootRecord-Software-Solutions/RootRecord-Database
2026-10-02T01:33:10-10:00job:github_sync_all | * branch              main       -> FETCH_HEAD
2026-10-02T01:33:10-10:00job:github_sync_all | ↑ [database] local is ahead of GitHub
2026-10-02T01:33:10-10:00job:github_sync_all | To github.com:RootRecord-Software-Solutions/RootRecord-Database.git
2026-10-02T01:33:10-10:00job:github_sync_all | 5117b251..553ac845  HEAD -> main
2026-10-02T01:33:10-10:00job:github_sync_all | branch 'main' set up to track 'origin/main'.
2026-10-02T01:33:10-10:00job:github_sync_all | ↑ [database] 34 files → RootRecord-Software-Solutions/RootRecord-Database (main)
2026-10-02T01:33:10-10:00job:github_sync_all | ↑ [library] committed 3 local file(s)
2026-10-02T01:33:10-10:00job:github_sync_all | ↓ [library] fetching origin/main
2026-10-02T01:33:10-10:00job:github_sync_all | From github.com:RootRecord-Software-Solutions/RootRecord-Library
2026-10-02T01:33:10-10:00job:github_sync_all | * branch            main       -> FETCH_HEAD
2026-10-02T01:33:10-10:00job:github_sync_all | ↑ [library] local is ahead of GitHub
2026-10-02T01:33:10-10:00job:github_sync_all | To github.com:RootRecord-Software-Solutions/RootRecord-Library.git
2026-10-02T01:33:10-10:00job:github_sync_all | 18be46e..b2fcc37  HEAD -> main
2026-10-02T01:33:10-10:00job:github_sync_all | branch 'main' set up to track 'origin/main'.
2026-10-02T01:33:10-10:00job:github_sync_all | ↑ [library] 3 files → RootRecord-Software-Solutions/RootRecord-Library (main)
2026-10-02T01:33:10-10:00job:github_sync_all | — [website] no local changes
2026-10-02T01:33:10-10:00job:github_sync_all | ↓ [website] fetching origin/main
2026-10-02T01:33:10-10:00job:github_sync_all | From github.com:RootRecord-Software-Solutions/RootRecord-Website
2026-10-02T01:33:10-10:00job:github_sync_all | * branch            main       -> FETCH_HEAD
2026-10-02T01:33:10-10:00job:worklog_scan RUN  bash "/home/rootrecord/RootRecord-Ecosystem/1 - Servers/1 - RootRecord-Pacific-Solar-Server/Reports/scripts/worklog_once.sh"
2026-10-02T01:33:52-10:00tunnel timeout — reconnecting
2026-10-02T01:33:52-10:00tunnel timeout — reconnecting
2026-10-02T01:33:52-10:00tunnel timeout — reconnecting
2026-10-02T01:33:53-10:00tunnel timeout — reconnecting
2026-10-02T01:33:53-10:00tunnel timeout — reconnecting
2026-10-02T01:33:53-10:00tunnel timeout — reconnecting
2026-10-02T01:33:53-10:00tunnel connected  conn=0  edge=lax08
2026-10-02T01:33:53-10:00tunnel timeout — reconnecting
2026-10-02T01:34:07-10:00tunnel connected  conn=1  edge=lax10
2026-10-02T01:34:07-10:00tunnel connected  conn=2  edge=lax13
2026-10-02T01:34:07-10:00tunnel connected  conn=3  edge=lax13
2026-10-02T01:34:17-10:00tunnel timeout — reconnecting
2026-10-02T01:34:17-10:00tunnel timeout — reconnecting
2026-10-02T01:34:45-10:00tunnel timeout — reconnecting
2026-10-02T01:34:48-10:00tunnel timeout — reconnecting
2026-10-02T01:35:02-10:00tunnel connected  conn=1  edge=lax08
2026-10-02T01:36:10-10:00job:worklog_scan TIMEOUT after 180s
2026-10-02T01:36:10-10:00job:security_camera_frame_grab RUN  bash "/home/rootrecord/RootRecord-Ecosystem/1 - Servers/1 - RootRecord-Pacific-Solar-Server/Security/Cameras/grab_all.sh"
2026-10-02T01:36:28-10:00job:security_camera_frame_grab | 01:36:10  📷  a-eyes  ch1 → ch1-20261002T113610Z.jpg  (299.6 KB, 4.54s)
2026-10-02T01:36:28-10:00job:security_camera_frame_grab | 01:36:15  📷  a-eyes  ch2 → ch2-20261002T113615Z.jpg  (298.2 KB, 4.59s)
2026-10-02T01:36:28-10:00job:security_camera_frame_grab | 01:36:19  📷  a-eyes  ch3 → ch3-20261002T113619Z.jpg  (308.2 KB, 4.42s)
2026-10-02T01:36:28-10:00job:security_camera_frame_grab | 01:36:24  📷  a-eyes  ch4 → ch4-20261002T113624Z.jpg  (290.2 KB, 4.46s)
2026-10-02T01:36:28-10:00job:status_snapshot RUN  nice -n 10 python3 "/home/rootrecord/RootRecord-Ecosystem/1 - Servers/1 - RootRecord-Pacific-Solar-Server/Website/scripts/live_data_pages.py"
2026-10-02T01:36:28-10:00job:status_snapshot | live-data 6 pages
2026-10-02T01:36:29-10:00job:radio_news_update RUN  nice -n 10 python3 "/home/rootrecord/RootRecord-Ecosystem/1 - Servers/1 - RootRecord-Pacific-Solar-Server/Media/RadioRss/scripts/rss_radio.py" news-hour --speak
2026-10-02T01:39:59-10:00job:radio_news_update | {"ok": true, "report": "news_update", "words": 723, "hour": 1, "voices": ["bruce", "carly", "ava", "bruce", "carly"], "script": "/home/rootrecord/RootRecord-Ecosystem/2 - RootRecord-Database/Media/RadioRss/processed/scripts/news_update/news_update.speak.txt", "polled": 27, "stories": 311, "speak": {"ok": true, "report": "news_update", "file": "news_update_current.opus", "bytes": 975308, "stage": {"ok": true, "report": "news_update", "slot": "02:00", "file": "news_update-hour.opus"}, "status_send": {"ok": true, "played": true, "phase": "sent", "wav": "/home/rootrecord/RootRecord-Ecosystem/2 - RootRecord-Database/Media/Audio/Voice/Clips/Ava/news_update_sent.wav"}, "voices": ["bruce", "carly", "ava", "bruce", "carly"], "wav": "/home/rootrecord/RootRecord-Ecosystem/2 - RootRecord-Database/Media/Audio/Voice/news_update_current.wav"}, "detail": "broadcast"}
2026-10-02T01:39:59-10:00ENERGY  status=live  B2=off  B1=57.6%  solar=0 W  ac=0 W  usbc=0 W  src=/home/rootrecord/RootRecord-Ecosystem/2 - RootRecord-Database/Energy  LAP=100%/Full/AC
2026-10-02T01:39:59-10:00job:sys_stats_cycle RUN  bash "/home/rootrecord/RootRecord-Ecosystem/1 - Servers/1 - RootRecord-Pacific-Solar-Server/System/scripts/sys-sample.sh"
2026-10-02T01:40:01-10:00job:sys_stats_cycle | SYSTEM  cpu=9%  load=4.54  mem=43%  src=sqlite
2026-10-02T01:40:01-10:00job:sys_stats_cycle | OK wrote /home/rootrecord/RootRecord-Ecosystem/2 - RootRecord-Database/System/samples/sys-20261002-014000.json
2026-10-02T01:41:16-10:00job:github_sync_all | ↑ [ecosystem] committed 42 local file(s)
2026-10-02T01:41:16-10:00job:github_sync_all | ↓ [ecosystem] fetching origin/main
2026-10-02T01:41:16-10:00job:github_sync_all | From github.com:RootRecord-Software-Solutions/RootRecord-Ecosystem
2026-10-02T01:41:16-10:00job:github_sync_all | * branch              main       -> FETCH_HEAD
2026-10-02T01:41:16-10:00job:github_sync_all | ↑ [ecosystem] local is ahead of GitHub
2026-10-02T01:41:16-10:00job:github_sync_all | To github.com:RootRecord-Software-Solutions/RootRecord-Ecosystem.git
2026-10-02T01:41:16-10:00job:github_sync_all | dcdaae7b..93b16a2b  HEAD -> main
2026-10-02T01:41:16-10:00job:github_sync_all | branch 'main' set up to track 'origin/main'.
2026-10-02T01:41:16-10:00job:github_sync_all | ↑ [ecosystem] 42 files → RootRecord-Software-Solutions/RootRecord-Ecosystem (main)
2026-10-02T01:41:16-10:00job:github_sync_all | ↑ [pacific] committed 4 local file(s)
2026-10-02T01:41:16-10:00job:github_sync_all | ↓ [pacific] fetching origin/main
2026-10-02T01:41:16-10:00job:github_sync_all | From github.com:RootRecord-Software-Solutions/RootRecord-Pacific-Solar-Server
2026-10-02T01:41:16-10:00job:github_sync_all | * branch            main       -> FETCH_HEAD
2026-10-02T01:41:16-10:00job:github_sync_all | ↑ [pacific] local is ahead of GitHub
2026-10-02T01:41:16-10:00job:github_sync_all | To github.com:RootRecord-Software-Solutions/RootRecord-Pacific-Solar-Server.git
2026-10-02T01:41:16-10:00job:github_sync_all | 4ada536..e929490  HEAD -> main
2026-10-02T01:41:16-10:00job:github_sync_all | branch 'main' set up to track 'origin/main'.
2026-10-02T01:41:16-10:00job:github_sync_all | ↑ [pacific] 4 files → RootRecord-Software-Solutions/RootRecord-Pacific-Solar-Server (main)
2026-10-02T01:41:16-10:00job:github_sync_all | ↑ [database] committed 51 local file(s)
2026-10-02T01:41:16-10:00job:github_sync_all | ↓ [database] fetching origin/main
2026-10-02T01:41:16-10:00job:github_sync_all | From github.com:RootRecord-Software-Solutions/RootRecord-Database
2026-10-02T01:41:16-10:00job:github_sync_all | * branch              main       -> FETCH_HEAD
2026-10-02T01:41:16-10:00job:github_sync_all | ↑ [database] local is ahead of GitHub
2026-10-02T01:41:16-10:00job:github_sync_all | To github.com:RootRecord-Software-Solutions/RootRecord-Database.git
2026-10-02T01:41:16-10:00job:github_sync_all | 553ac845..96f1a401  HEAD -> main
2026-10-02T01:41:16-10:00job:github_sync_all | branch 'main' set up to track 'origin/main'.
2026-10-02T01:41:16-10:00job:github_sync_all | ↑ [database] 51 files → RootRecord-Software-Solutions/RootRecord-Database (main)
2026-10-02T01:41:16-10:00job:github_sync_all | ↑ [library] committed 2 local file(s)
2026-10-02T01:41:16-10:00job:github_sync_all | ↓ [library] fetching origin/main
2026-10-02T01:41:16-10:00job:github_sync_all | From github.com:RootRecord-Software-Solutions/RootRecord-Library
2026-10-02T01:41:16-10:00job:github_sync_all | * branch            main       -> FETCH_HEAD
2026-10-02T01:41:16-10:00job:github_sync_all | ↑ [library] local is ahead of GitHub
2026-10-02T01:41:16-10:00job:github_sync_all | To github.com:RootRecord-Software-Solutions/RootRecord-Library.git
2026-10-02T01:41:16-10:00job:github_sync_all | b2fcc37..8b5c8ec  HEAD -> main
2026-10-02T01:41:16-10:00job:github_sync_all | branch 'main' set up to track 'origin/main'.
2026-10-02T01:41:16-10:00job:github_sync_all | ↑ [library] 2 files → RootRecord-Software-Solutions/RootRecord-Library (main)
2026-10-02T01:41:16-10:00job:github_sync_all | — [website] no local changes
2026-10-02T01:41:16-10:00job:github_sync_all | ↓ [website] fetching origin/main
2026-10-02T01:41:16-10:00job:github_sync_all | From github.com:RootRecord-Software-Solutions/RootRecord-Website
2026-10-02T01:41:16-10:00job:github_sync_all | * branch            main       -> FETCH_HEAD
2026-10-02T01:41:16-10:00job:worklog_scan RUN  bash "/home/rootrecord/RootRecord-Ecosystem/1 - Servers/1 - RootRecord-Pacific-Solar-Server/Reports/scripts/worklog_once.sh"
2026-10-02T01:44:17-10:00job:worklog_scan TIMEOUT after 180s
2026-10-02T01:44:17-10:00job:security_camera_frame_grab RUN  bash "/home/rootrecord/RootRecord-Ecosystem/1 - Servers/1 - RootRecord-Pacific-Solar-Server/Security/Cameras/grab_all.sh"
2026-10-02T01:44:34-10:00job:security_camera_frame_grab | 01:44:17  📷  a-eyes  ch1 → ch1-20261002T114417Z.jpg  (295.8 KB, 4.36s)
2026-10-02T01:44:34-10:00job:security_camera_frame_grab | 01:44:21  📷  a-eyes  ch2 → ch2-20261002T114421Z.jpg  (282.2 KB, 4.37s)
2026-10-02T01:44:34-10:00job:security_camera_frame_grab | 01:44:25  📷  a-eyes  ch3 → ch3-20261002T114425Z.jpg  (294.2 KB, 4.30s)
2026-10-02T01:44:34-10:00job:security_camera_frame_grab | 01:44:30  📷  a-eyes  ch4 → ch4-20261002T114430Z.jpg  (310.3 KB, 4.39s)
2026-10-02T01:44:34-10:00job:service_supervisor RUN  bash "/home/rootrecord/RootRecord-Ecosystem/1 - Servers/1 - RootRecord-Pacific-Solar-Server/Automations/scripts/supervise-services.sh"
2026-10-02T01:44:34-10:00job:service_supervisor | [supervisor] weather alive pid=1766628 (act)
2026-10-02T01:44:34-10:00job:service_supervisor | [supervisor] relay alive pid=3419587 (act)
2026-10-02T01:44:34-10:00job:geology_collect RUN  nice -n 10 python3 "/home/rootrecord/RootRecord-Ecosystem/1 - Servers/1 - RootRecord-Pacific-Solar-Server/Geology/scripts/geology_collect.py" all
2026-10-02T01:44:38-10:00job:geology_collect | {"ok": true, "at": "2026-10-02T01:44:34-10:00", "what": "all", "dry_run": false, "sources": {"hawaii": {"ok": true, "count": 24, "new": 1, "new_m2": 0, "ms": 407}, "global": {"ok": true, "count": 29, "new": 1, "ms": 287}, "hvo_notices": {"ok": true, "count": 47, "new": 0, "ms": 2345}, "hvo_status": {"ok": true, "volcanoes": 8, "kilauea": "WATCH", "mauna_loa": "NORMAL", "ms": 721}}}
2026-10-02T01:44:38-10:00job:status_snapshot RUN  nice -n 10 python3 "/home/rootrecord/RootRecord-Ecosystem/1 - Servers/1 - RootRecord-Pacific-Solar-Server/Website/scripts/live_data_pages.py"
2026-10-02T01:44:38-10:00job:status_snapshot | live-data 6 pages
2026-10-02T01:44:38-10:00job:system_net_sample RUN  nice -n 10 python3 "/home/rootrecord/RootRecord-Ecosystem/1 - Servers/1 - RootRecord-Pacific-Solar-Server/System/scripts/host_desks.py" net-sample
2026-10-02T01:44:38-10:00job:system_net_sample | {"ok": true, "file": "/home/rootrecord/RootRecord-Ecosystem/2 - RootRecord-Database/System/network/Daily/net-20261002.jsonl", "iface": "wlo1", "hour": {"seconds": 4193, "rx": 431078681, "tx": 128989444, "total": 560068125, "iface": "wlo1", "link": "wireless"}, "day": null}
2026-10-02T01:44:38-10:00job:discord_report_relay RUN  nice -n 10 python3 "/home/rootrecord/RootRecord-Ecosystem/1 - Servers/1 - RootRecord-Pacific-Solar-Server/Communications/Discord/scripts/report_relay.py"
2026-10-02T01:44:39-10:00job:discord_report_relay | posted solar_desk
2026-10-02T01:44:39-10:00job:radio_rss_poll RUN  nice -n 10 python3 "/home/rootrecord/RootRecord-Ecosystem/1 - Servers/1 - RootRecord-Pacific-Solar-Server/Media/RadioRss/scripts/rss_radio.py" poll
2026-10-02T01:44:46-10:00job:radio_rss_poll | {"ok": true, "polled": [{"feed": "esa_human_spaceflight", "ok": true, "items": 15, "duplicates": 15}, {"feed": "esa_space_science", "ok": true, "items": 15, "duplicates": 15}, {"feed": "esa_top_news", "ok": true, "items": 9, "duplicates": 9}, {"feed": "github_changelog", "ok": true, "items": 0}, {"feed": "nasa_artemis", "ok": true, "items": 0}, {"feed": "nasa_jpl", "ok": true, "items": 0}, {"feed": "nasa_news", "ok": true, "items": 0}, {"feed": "nasa_recent", "ok": true, "items": 10, "duplicates": 10}, {"feed": "nasa_station", "ok": true, "items": 0}, {"feed": "nist_cyber_insights", "ok": true, "items": 0}, {"feed": "nist_cybersecurity", "ok": true, "items": 0}, {"feed": "nist_news", "ok": true, "items": 0}], "composed": ["c_e87466bc34f8e59b", "c_dc8988485ddcfa76", "c_fa3ed6bfb3c1db77"]}
2026-10-02T01:44:46-10:00job:voice_system_perf RUN  nice -n 10 python3 "/home/rootrecord/RootRecord-Ecosystem/1 - Servers/1 - RootRecord-Pacific-Solar-Server/Media/Voice/scripts/system_perf.py"
2026-10-02T01:45:31-10:00job:voice_system_perf | {"ok": true, "report": "system_perf", "md": "/home/rootrecord/RootRecord-Ecosystem/test-reports/Voice/system_perf_current.md", "cpu_pct": 23.7, "mem_pct": 43.0, "status_starting": {"ok": true, "played": true, "phase": "starting", "wav": "/home/rootrecord/RootRecord-Ecosystem/2 - RootRecord-Database/Media/Audio/Voice/Clips/Bruce/system_perf_starting.wav"}, "voice_rc": 0, "voice": {"ok": true, "mode": "stitch", "report": "system_perf", "agent": "bruce", "voice": "am_echo", "speed": 1.0, "wav": "/home/rootrecord/RootRecord-Ecosystem/2 - RootRecord-Database/Media/Audio/Voice/system_perf_current.wav", "clips_used": 0, "live_sentences": 11, "model_loaded": true, "render_s": 13.73, "sample_rate": 24000, "channels": 1, "subtype": "PCM_16", "duration_s": 30.146, "peak_dbfs": -1.5, "rms_dbfs": -20.26, "lead_silence_ms": 113, "qc": "PASS", "wall_s": 13.78, "peak_rss_mb": 1558}, "deliver": {"ok": true, "sent": true, "persona": "bruce", "chat": "-1004367256267", "message_id": 2505, "transcript": false, "report": true, "photo": false, "plan": {"voice": true, "transcript": false, "report": true}}, "status_transit": {"ok": true, "played": true, "phase": "transit", "wav": "/home/rootrecord/RootRecord-Ecosystem/2 - RootRecord-Database/Media/Audio/Voice/Clips/Bruce/system_perf_transit.wav"}, "radio": {"ok": true, "report": "system_perf", "file": "system_perf_current.opus", "bytes": 90222, "stage": {"ok": true, "report": "system_perf", "slot": "02:00", "file": "system_perf-hour.opus"}}, "status_send": {"ok": true, "played": true, "phase": "sent", "wav": "/home/rootrecord/RootRecord-Ecosystem/2 - RootRecord-Database/Media/Audio/Voice/Clips/Bruce/system_perf_sent.wav"}}
2026-10-02T01:45:31-10:00job:voice_nws_weather RUN  nice -n 10 python3 "/home/rootrecord/RootRecord-Ecosystem/1 - Servers/1 - RootRecord-Pacific-Solar-Server/Media/Voice/scripts/voice_reports.py" nws_weather
2026-10-02T01:46:25-10:00job:voice_nws_weather | {"ok": true, "report": "nws_weather", "md": "/home/rootrecord/RootRecord-Ecosystem/test-reports/Voice/nws_weather_current.md", "sentences": 7, "status_starting": {"ok": true, "played": true, "phase": "starting", "wav": "/home/rootrecord/RootRecord-Ecosystem/2 - RootRecord-Database/Media/Audio/Voice/Clips/Ava/nws_weather_starting.wav"}, "voice": {"ok": true, "mode": "stitch", "report": "nws_weather", "agent": "ava", "voice": "af_heart", "speed": 1.0, "wav": "/home/rootrecord/RootRecord-Ecosystem/2 - RootRecord-Database/Media/Audio/Voice/nws_weather_current.wav", "clips_used": 0, "live_sentences": 15, "model_loaded": true, "render_s": 20.18, "sample_rate": 24000, "channels": 1, "subtype": "PCM_16", "duration_s": 48.991, "peak_dbfs": -1.5, "rms_dbfs": -20.51, "lead_silence_ms": 113, "qc": "PASS", "wall_s": 20.25, "peak_rss_mb": 1772, "rc": 0}, "deliver": {"ok": true, "sent": true, "persona": "ava", "chat": "-1004367256267", "message_id": 2507, "transcript": false, "report": true, "photo": false, "plan": {"voice": true, "transcript": false, "report": true}}, "status_transit": {"ok": true, "played": true, "phase": "transit", "wav": "/home/rootrecord/RootRecord-Ecosystem/2 - RootRecord-Database/Media/Audio/Voice/Clips/Ava/nws_weather_transit.wav"}, "radio": {"ok": true, "report": "nws_weather", "file": "nws_weather_current.opus", "bytes": 146001, "stage": {"ok": true, "report": "nws_weather", "slot": "02:00", "file": "nws_weather-hour.opus"}}, "status_send": {"ok": true, "played": true, "phase": "sent", "wav": "/home/rootrecord/RootRecord-Ecosystem/2 - RootRecord-Database/Media/Audio/Voice/Clips/Ava/nws_weather_sent.wav"}}
2026-10-02T01:46:25-10:00job:voice_energy_report RUN  nice -n 10 python3 "/home/rootrecord/RootRecord-Ecosystem/1 - Servers/1 - RootRecord-Pacific-Solar-Server/Media/Voice/scripts/voice_reports.py" energy_report
2026-10-02T01:46:25-10:00job:voice_energy_report FAIL code=2
2026-10-02T01:46:25-10:00job:voice_energy_report ! {"ok": false, "detail": "usage: voice_reports.py hourly_chime|nws_weather|remaining_tasks|morning_report|midday_report|late_report|earthquake_report|hurricane_desk|kilauea_report|solar_desk|security_desk|bandwidth_desk|official_weather|boot_brief|current_report [--no-voice]"}
2026-10-02T01:46:25-10:00job:voice_remaining_tasks RUN  nice -n 10 python3 "/home/rootrecord/RootRecord-Ecosystem/1 - Servers/1 - RootRecord-Pacific-Solar-Server/Media/Voice/scripts/voice_reports.py" remaining_tasks
2026-10-02T01:47:05-10:00job:voice_remaining_tasks | {"ok": true, "report": "remaining_tasks", "md": "/home/rootrecord/RootRecord-Ecosystem/test-reports/Voice/remaining_tasks_current.md", "sentences": 5, "status_starting": {"ok": true, "played": true, "phase": "starting", "wav": "/home/rootrecord/RootRecord-Ecosystem/2 - RootRecord-Database/Media/Audio/Voice/Clips/Bruce/remaining_tasks_starting.wav"}, "voice": {"ok": true, "mode": "stitch", "report": "remaining_tasks", "agent": "bruce", "voice": "am_echo", "speed": 1.0, "wav": "/home/rootrecord/RootRecord-Ecosystem/2 - RootRecord-Database/Media/Audio/Voice/remaining_tasks_current.wav", "clips_used": 0, "live_sentences": 4, "model_loaded": true, "render_s": 8.02, "sample_rate": 24000, "channels": 1, "subtype": "PCM_16", "duration_s": 13.807, "peak_dbfs": -1.5, "rms_dbfs": -20.19, "lead_silence_ms": 115, "qc": "PASS", "wall_s": 8.1, "peak_rss_mb": 1393, "rc": 0}, "deliver": {"ok": true, "sent": true, "persona": "bruce", "chat": "-1004367256267", "message_id": 2509, "transcript": false, "report": true, "photo": false, "plan": {"voice": true, "transcript": false, "report": true}}, "status_transit": {"ok": true, "played": true, "phase": "transit", "wav": "/home/rootrecord/RootRecord-Ecosystem/2 - RootRecord-Database/Media/Audio/Voice/Clips/Bruce/remaining_tasks_transit.wav"}, "radio": {"ok": true, "report": "remaining_tasks", "file": "remaining_tasks_current.opus", "bytes": 41660, "stage": {"ok": true, "report": "remaining_tasks", "slot": "02:00", "file": "remaining_tasks-hour.opus"}}, "status_send": {"ok": true, "played": true, "phase": "sent", "wav": "/home/rootrecord/RootRecord-Ecosystem/2 - RootRecord-Database/Media/Audio/Voice/Clips/Bruce/remaining_tasks_sent.wav"}}
2026-10-02T01:47:05-10:00job:voice_earthquake_report RUN  nice -n 10 python3 "/home/rootrecord/RootRecord-Ecosystem/1 - Servers/1 - RootRecord-Pacific-Solar-Server/Media/Voice/scripts/voice_reports.py" earthquake_report
2026-10-02T01:47:49-10:00job:voice_earthquake_report | {"ok": true, "report": "earthquake_report", "md": "/home/rootrecord/RootRecord-Ecosystem/test-reports/Voice/earthquake_report_current.md", "sentences": 8, "status_starting": {"ok": true, "played": true, "phase": "starting", "wav": "/home/rootrecord/RootRecord-Ecosystem/2 - RootRecord-Database/Media/Audio/Voice/Clips/Carly/earthquake_report_starting.wav"}, "voice": {"ok": true, "mode": "stitch", "report": "earthquake_report", "agent": "carly", "voice": "af_nova", "speed": 1.0, "wav": "/home/rootrecord/RootRecord-Ecosystem/2 - RootRecord-Database/Media/Audio/Voice/earthquake_report_current.wav", "clips_used": 0, "live_sentences": 7, "model_loaded": true, "render_s": 13.33, "sample_rate": 24000, "channels": 1, "subtype": "PCM_16", "duration_s": 27.531, "peak_dbfs": -1.5, "rms_dbfs": -20.43, "lead_silence_ms": 114, "qc": "PASS", "wall_s": 13.38, "peak_rss_mb": 1578, "rc": 0}, "deliver": {"ok": true, "sent": true, "persona": "carly", "chat": "-1004367256267", "message_id": 2511, "transcript": false, "report": true, "photo": false, "plan": {"voice": true, "transcript": false, "report": true}}, "status_transit": {"ok": true, "played": true, "phase": "transit", "wav": "/home/rootrecord/RootRecord-Ecosystem/2 - RootRecord-Database/Media/Audio/Voice/Clips/Carly/earthquake_report_transit.wav"}, "radio": {"ok": true, "report": "earthquake_report", "file": "earthquake_report_current.opus", "bytes": 82993, "stage": {"ok": true, "report": "earthquake_report", "slot": "02:00", "file": "earthquake_report-hour.opus"}}, "status_send": {"ok": true, "played": true, "phase": "sent", "wav": "/home/rootrecord/RootRecord-Ecosystem/2 - RootRecord-Database/Media/Audio/Voice/Clips/Carly/earthquake_report_sent.wav"}}
2026-10-02T01:47:49-10:00job:voice_kilauea_report RUN  nice -n 10 python3 "/home/rootrecord/RootRecord-Ecosystem/1 - Servers/1 - RootRecord-Pacific-Solar-Server/Media/Voice/scripts/voice_reports.py" kilauea_report
2026-10-02T01:48:36-10:00job:voice_kilauea_report | {"ok": true, "report": "kilauea_report", "md": "/home/rootrecord/RootRecord-Ecosystem/test-reports/Voice/kilauea_report_current.md", "sentences": 8, "status_starting": {"ok": true, "played": true, "phase": "starting", "wav": "/home/rootrecord/RootRecord-Ecosystem/2 - RootRecord-Database/Media/Audio/Voice/Clips/Carly/kilauea_report_starting.wav"}, "voice": {"ok": true, "mode": "stitch", "report": "kilauea_report", "agent": "carly", "voice": "af_nova", "speed": 1.0, "wav": "/home/rootrecord/RootRecord-Ecosystem/2 - RootRecord-Database/Media/Audio/Voice/kilauea_report_current.wav", "clips_used": 0, "live_sentences": 8, "model_loaded": true, "render_s": 15.2, "sample_rate": 24000, "channels": 1, "subtype": "PCM_16", "duration_s": 35.638, "peak_dbfs": -1.5, "rms_dbfs": -20.58, "lead_silence_ms": 101, "qc": "PASS", "wall_s": 15.24, "peak_rss_mb": 1624, "rc": 0}, "deliver": {"ok": true, "sent": true, "persona": "carly", "chat": "-1004367256267", "message_id": 2513, "transcript": false, "report": true, "photo": false, "plan": {"voice": true, "transcript": false, "report": true}}, "status_transit": {"ok": true, "played": true, "phase": "transit", "wav": "/home/rootrecord/RootRecord-Ecosystem/2 - RootRecord-Database/Media/Audio/Voice/Clips/Carly/kilauea_report_transit.wav"}, "radio": {"ok": true, "report": "kilauea_report", "file": "kilauea_report_current.opus", "bytes": 107515, "stage": {"ok": true, "report": "kilauea_report", "slot": "02:00", "file": "kilauea_report-hour.opus"}}, "status_send": {"ok": true, "played": true, "phase": "sent", "wav": "/home/rootrecord/RootRecord-Ecosystem/2 - RootRecord-Database/Media/Audio/Voice/Clips/Carly/kilauea_report_sent.wav"}}
2026-10-02T01:48:36-10:00job:voice_solar_desk RUN  nice -n 10 python3 "/home/rootrecord/RootRecord-Ecosystem/1 - Servers/1 - RootRecord-Pacific-Solar-Server/Media/Voice/scripts/voice_reports.py" solar_desk
2026-10-02T01:49:25-10:00job:voice_solar_desk | {"ok": true, "report": "solar_desk", "md": "/home/rootrecord/RootRecord-Ecosystem/test-reports/Voice/solar_desk_current.md", "sentences": 9, "status_starting": {"ok": true, "played": true, "phase": "starting", "wav": "/home/rootrecord/RootRecord-Ecosystem/2 - RootRecord-Database/Media/Audio/Voice/Clips/Bruce/solar_desk_starting.wav"}, "voice": {"ok": true, "mode": "stitch", "report": "solar_desk", "agent": "bruce", "voice": "am_echo", "speed": 1.0, "wav": "/home/rootrecord/RootRecord-Ecosystem/2 - RootRecord-Database/Media/Audio/Voice/solar_desk_current.wav", "clips_used": 0, "live_sentences": 8, "model_loaded": true, "render_s": 14.53, "sample_rate": 24000, "channels": 1, "subtype": "PCM_16", "duration_s": 34.974, "peak_dbfs": -1.5, "rms_dbfs": -20.15, "lead_silence_ms": 115, "qc": "PASS", "wall_s": 14.57, "peak_rss_mb": 1676, "rc": 0}, "deliver": {"ok": true, "sent": true, "persona": "bruce", "chat": "-1004367256267", "message_id": 2515, "transcript": false, "report": true, "photo": true, "plan": {"voice": true, "transcript": false, "report": true}}, "status_transit": {"ok": true, "played": true, "phase": "transit", "wav": "/home/rootrecord/RootRecord-Ecosystem/2 - RootRecord-Database/Media/Audio/Voice/Clips/Bruce/solar_desk_transit.wav"}, "radio": {"ok": true, "report": "solar_desk", "file": "solar_desk_current.opus", "bytes": 106257, "stage": {"ok": true, "report": "solar_desk", "slot": "02:00", "file": "solar_desk-hour.opus"}}, "status_send": {"ok": true, "played": true, "phase": "sent", "wav": "/home/rootrecord/RootRecord-Ecosystem/2 - RootRecord-Database/Media/Audio/Voice/Clips/Bruce/solar_desk_sent.wav"}}
2026-10-02T01:49:25-10:00job:voice_security_desk RUN  nice -n 10 python3 "/home/rootrecord/RootRecord-Ecosystem/1 - Servers/1 - RootRecord-Pacific-Solar-Server/Media/Voice/scripts/voice_reports.py" security_desk
2026-10-02T01:50:04-10:00job:voice_security_desk | {"ok": true, "report": "security_desk", "md": "/home/rootrecord/RootRecord-Ecosystem/test-reports/Voice/security_desk_current.md", "sentences": 7, "status_starting": {"ok": true, "played": true, "phase": "starting", "wav": "/home/rootrecord/RootRecord-Ecosystem/2 - RootRecord-Database/Media/Audio/Voice/Clips/Carly/security_desk_starting.wav"}, "voice": {"ok": true, "mode": "stitch", "report": "security_desk", "agent": "carly", "voice": "af_nova", "speed": 1.0, "wav": "/home/rootrecord/RootRecord-Ecosystem/2 - RootRecord-Database/Media/Audio/Voice/security_desk_current.wav", "clips_used": 0, "live_sentences": 6, "model_loaded": true, "render_s": 9.52, "sample_rate": 24000, "channels": 1, "subtype": "PCM_16", "duration_s": 17.806, "peak_dbfs": -2.19, "rms_dbfs": -20.32, "lead_silence_ms": 110, "qc": "PASS", "wall_s": 9.56, "peak_rss_mb": 1435, "rc": 0}, "deliver": {"ok": true, "sent": true, "persona": "carly", "chat": "-1004367256267", "message_id": 2518, "transcript": false, "report": true, "photo": false, "plan": {"voice": true, "transcript": false, "report": true}}, "status_transit": {"ok": true, "played": true, "phase": "transit", "wav": "/home/rootrecord/RootRecord-Ecosystem/2 - RootRecord-Database/Media/Audio/Voice/Clips/Carly/security_desk_transit.wav"}, "radio": {"ok": true, "report": "security_desk", "file": "security_desk_current.opus", "bytes": 53192, "stage": {"ok": true, "report": "security_desk", "slot": "02:00", "file": "security_desk-hour.opus"}}, "status_send": {"ok": true, "played": true, "phase": "sent", "wav": "/home/rootrecord/RootRecord-Ecosystem/2 - RootRecord-Database/Media/Audio/Voice/Clips/Carly/security_desk_sent.wav"}}
2026-10-02T01:50:04-10:00job:voice_bandwidth_desk RUN  nice -n 10 python3 "/home/rootrecord/RootRecord-Ecosystem/1 - Servers/1 - RootRecord-Pacific-Solar-Server/Media/Voice/scripts/voice_reports.py" bandwidth_desk
2026-10-02T01:50:43-10:00job:voice_bandwidth_desk | {"ok": true, "report": "bandwidth_desk", "md": "/home/rootrecord/RootRecord-Ecosystem/test-reports/Voice/bandwidth_desk_current.md", "sentences": 5, "status_starting": {"ok": true, "played": true, "phase": "starting", "wav": "/home/rootrecord/RootRecord-Ecosystem/2 - RootRecord-Database/Media/Audio/Voice/Clips/Carly/bandwidth_desk_starting.wav"}, "voice": {"ok": true, "mode": "stitch", "report": "bandwidth_desk", "agent": "carly", "voice": "af_nova", "speed": 1.0, "wav": "/home/rootrecord/RootRecord-Ecosystem/2 - RootRecord-Database/Media/Audio/Voice/bandwidth_desk_current.wav", "clips_used": 0, "live_sentences": 4, "model_loaded": true, "render_s": 10.52, "sample_rate": 24000, "channels": 1, "subtype": "PCM_16", "duration_s": 21.797, "peak_dbfs": -1.5, "rms_dbfs": -21.04, "lead_silence_ms": 115, "qc": "PASS", "wall_s": 10.6, "peak_rss_mb": 1504, "rc": 0}, "deliver": {"ok": true, "sent": true, "persona": "carly", "chat": "-1004367256267", "message_id": 2520, "transcript": false, "report": true, "photo": false, "plan": {"voice": true, "transcript": false, "report": true}}, "status_transit": {"ok": true, "played": true, "phase": "transit", "wav": "/home/rootrecord/RootRecord-Ecosystem/2 - RootRecord-Database/Media/Audio/Voice/Clips/Carly/bandwidth_desk_transit.wav"}, "radio": {"ok": true, "report": "bandwidth_desk", "file": "bandwidth_desk_current.opus", "bytes": 66128, "stage": {"ok": true, "report": "bandwidth_desk", "slot": "02:00", "file": "bandwidth_desk-hour.opus"}}, "status_send": {"ok": true, "played": true, "phase": "sent", "wav": "/home/rootrecord/RootRecord-Ecosystem/2 - RootRecord-Database/Media/Audio/Voice/Clips/Carly/bandwidth_desk_sent.wav"}}
2026-10-02T01:50:43-10:00job:voice_current_report RUN  nice -n 10 python3 "/home/rootrecord/RootRecord-Ecosystem/1 - Servers/1 - RootRecord-Pacific-Solar-Server/Media/Voice/scripts/voice_reports.py" current_report
2026-10-02T01:51:59-10:00job:voice_current_report | {"ok": true, "report": "current_report", "md": "/home/rootrecord/RootRecord-Ecosystem/2 - RootRecord-Database/Reports/current_report_current.md", "sentences": 24, "status_starting": {"ok": true, "played": true, "phase": "starting", "wav": "/home/rootrecord/RootRecord-Ecosystem/2 - RootRecord-Database/Media/Audio/Voice/Clips/Ava/current_report_starting.wav"}, "voice": {"ok": true, "mode": "stitch", "report": "current_report", "agent": "ava", "voice": "af_heart", "speed": 1.0, "wav": "/home/rootrecord/RootRecord-Ecosystem/2 - RootRecord-Database/Media/Audio/Voice/current_report_current.wav", "clips_used": 0, "live_sentences": 30, "model_loaded": true, "render_s": 38.97, "sample_rate": 24000, "channels": 1, "subtype": "PCM_16", "duration_s": 111.31, "peak_dbfs": -1.5, "rms_dbfs": -20.45, "lead_silence_ms": 114, "qc": "PASS", "wall_s": 39.02, "peak_rss_mb": 1864, "rc": 0}, "deliver": {"ok": true, "sent": true, "persona": "ava", "chat": "-1004367256267", "message_id": 2522, "transcript": false, "report": true, "photo": false, "plan": {"voice": true, "transcript": false, "report": true}}, "status_transit": {"ok": true, "played": true, "phase": "transit", "wav": "/home/rootrecord/RootRecord-Ecosystem/2 - RootRecord-Database/Media/Audio/Voice/Clips/Ava/current_report_transit.wav"}, "radio": {"ok": true, "report": "current_report", "file": "current_report_current.opus", "bytes": 332048, "stage": {"ok": true, "report": "current_report", "slot": "02:00", "file": "current_report-hour.opus"}}, "status_send": {"ok": true, "played": true, "phase": "sent", "wav": "/home/rootrecord/RootRecord-Ecosystem/2 - RootRecord-Database/Media/Audio/Voice/Clips/Ava/current_report_sent.wav", "stack": {"ok": true, "played": true, "phase": "stack_all_sent", "wav": "/home/rootrecord/RootRecord-Ecosystem/2 - RootRecord-Database/Media/Audio/Voice/Clips/Ava/stack_all_sent.wav"}}}
2026-10-02T01:51:59-10:00ENERGY  status=live  B2=off  B1=54.5%  solar=0 W  ac=0 W  usbc=0 W  src=/home/rootrecord/RootRecord-Ecosystem/2 - RootRecord-Database/Energy  LAP=100%/Discharging/batt
2026-10-02T01:51:59-10:00job:sys_stats_cycle RUN  bash "/home/rootrecord/RootRecord-Ecosystem/1 - Servers/1 - RootRecord-Pacific-Solar-Server/System/scripts/sys-sample.sh"
2026-10-02T01:52:02-10:00job:sys_stats_cycle | SYSTEM  cpu=7%  load=2.29  mem=43%  src=sqlite
2026-10-02T01:52:02-10:00job:sys_stats_cycle | OK wrote /home/rootrecord/RootRecord-Ecosystem/2 - RootRecord-Database/System/samples/sys-20261002-015200.json
2026-10-02T01:53:14-10:00job:github_sync_all | ↑ [ecosystem] committed 102 local file(s)
2026-10-02T01:53:14-10:00job:github_sync_all | ↓ [ecosystem] fetching origin/main
2026-10-02T01:53:14-10:00job:github_sync_all | From github.com:RootRecord-Software-Solutions/RootRecord-Ecosystem
2026-10-02T01:53:14-10:00job:github_sync_all | * branch              main       -> FETCH_HEAD
2026-10-02T01:53:14-10:00job:github_sync_all | ↑ [ecosystem] local is ahead of GitHub
2026-10-02T01:53:14-10:00job:github_sync_all | To github.com:RootRecord-Software-Solutions/RootRecord-Ecosystem.git
2026-10-02T01:53:14-10:00job:github_sync_all | 93b16a2b..9dd72cba  HEAD -> main
2026-10-02T01:53:14-10:00job:github_sync_all | branch 'main' set up to track 'origin/main'.
2026-10-02T01:53:14-10:00job:github_sync_all | ↑ [ecosystem] 102 files → RootRecord-Software-Solutions/RootRecord-Ecosystem (main)
2026-10-02T01:53:14-10:00job:github_sync_all | ↑ [pacific] committed 16 local file(s)
2026-10-02T01:53:14-10:00job:github_sync_all | ↓ [pacific] fetching origin/main
2026-10-02T01:53:14-10:00job:github_sync_all | From github.com:RootRecord-Software-Solutions/RootRecord-Pacific-Solar-Server
2026-10-02T01:53:14-10:00job:github_sync_all | * branch            main       -> FETCH_HEAD
2026-10-02T01:53:14-10:00job:github_sync_all | ↑ [pacific] local is ahead of GitHub
2026-10-02T01:53:14-10:00job:github_sync_all | To github.com:RootRecord-Software-Solutions/RootRecord-Pacific-Solar-Server.git
2026-10-02T01:53:14-10:00job:github_sync_all | e929490..96dc3fb  HEAD -> main
2026-10-02T01:53:14-10:00job:github_sync_all | branch 'main' set up to track 'origin/main'.
2026-10-02T01:53:14-10:00job:github_sync_all | ↑ [pacific] 16 files → RootRecord-Software-Solutions/RootRecord-Pacific-Solar-Server (main)
2026-10-02T01:53:14-10:00job:github_sync_all | ↑ [database] committed 78 local file(s)
2026-10-02T01:53:14-10:00job:github_sync_all | ↓ [database] fetching origin/main
2026-10-02T01:53:14-10:00job:github_sync_all | From github.com:RootRecord-Software-Solutions/RootRecord-Database
2026-10-02T01:53:14-10:00job:github_sync_all | * branch              main       -> FETCH_HEAD
2026-10-02T01:53:14-10:00job:github_sync_all | ↑ [database] local is ahead of GitHub
2026-10-02T01:53:14-10:00job:github_sync_all | To github.com:RootRecord-Software-Solutions/RootRecord-Database.git
2026-10-02T01:53:14-10:00job:github_sync_all | 96f1a401..a0ae10d5  HEAD -> main
2026-10-02T01:53:14-10:00job:github_sync_all | branch 'main' set up to track 'origin/main'.
2026-10-02T01:53:14-10:00job:github_sync_all | ↑ [database] 78 files → RootRecord-Software-Solutions/RootRecord-Database (main)
2026-10-02T01:53:14-10:00job:github_sync_all | ↑ [library] committed 5 local file(s)
2026-10-02T01:53:14-10:00job:github_sync_all | ↓ [library] fetching origin/main
2026-10-02T01:53:14-10:00job:github_sync_all | From github.com:RootRecord-Software-Solutions/RootRecord-Library
2026-10-02T01:53:14-10:00job:github_sync_all | * branch            main       -> FETCH_HEAD
2026-10-02T01:53:14-10:00job:github_sync_all | ↑ [library] local is ahead of GitHub
2026-10-02T01:53:14-10:00job:github_sync_all | To github.com:RootRecord-Software-Solutions/RootRecord-Library.git
2026-10-02T01:53:14-10:00job:github_sync_all | 8b5c8ec..9408903  HEAD -> main
2026-10-02T01:53:14-10:00job:github_sync_all | branch 'main' set up to track 'origin/main'.
2026-10-02T01:53:14-10:00job:github_sync_all | ↑ [library] 5 files → RootRecord-Software-Solutions/RootRecord-Library (main)
2026-10-02T01:53:14-10:00job:github_sync_all | ↑ [website] committed 3 local file(s)
2026-10-02T01:53:14-10:00job:github_sync_all | ↓ [website] fetching origin/main
2026-10-02T01:53:14-10:00job:github_sync_all | From github.com:RootRecord-Software-Solutions/RootRecord-Website
2026-10-02T01:53:14-10:00job:github_sync_all | * branch            main       -> FETCH_HEAD
2026-10-02T01:53:14-10:00job:worklog_scan RUN  bash "/home/rootrecord/RootRecord-Ecosystem/1 - Servers/1 - RootRecord-Pacific-Solar-Server/Reports/scripts/worklog_once.sh"
2026-10-02T01:56:14-10:00job:worklog_scan TIMEOUT after 180s
2026-10-02T01:56:14-10:00job:security_camera_frame_grab RUN  bash "/home/rootrecord/RootRecord-Ecosystem/1 - Servers/1 - RootRecord-Pacific-Solar-Server/Security/Cameras/grab_all.sh"
2026-10-02T01:56:32-10:00job:security_camera_frame_grab | 01:56:14  📷  a-eyes  ch1 → ch1-20261002T115614Z.jpg  (298.5 KB, 4.32s)
2026-10-02T01:56:32-10:00job:security_camera_frame_grab | 01:56:19  📷  a-eyes  ch2 → ch2-20261002T115619Z.jpg  (301.9 KB, 4.58s)
2026-10-02T01:56:32-10:00job:security_camera_frame_grab | 01:56:23  📷  a-eyes  ch3 → ch3-20261002T115623Z.jpg  (305.4 KB, 4.22s)
2026-10-02T01:56:32-10:00job:security_camera_frame_grab | 01:56:28  📷  a-eyes  ch4 → ch4-20261002T115628Z.jpg  (290.5 KB, 4.41s)
2026-10-02T01:56:32-10:00job:service_supervisor RUN  bash "/home/rootrecord/RootRecord-Ecosystem/1 - Servers/1 - RootRecord-Pacific-Solar-Server/Automations/scripts/supervise-services.sh"
2026-10-02T01:56:32-10:00job:service_supervisor | [supervisor] weather alive pid=1766628 (act)
2026-10-02T01:56:32-10:00job:service_supervisor | [supervisor] relay alive pid=3419587 (act)
2026-10-02T01:56:32-10:00job:geology_collect RUN  nice -n 10 python3 "/home/rootrecord/RootRecord-Ecosystem/1 - Servers/1 - RootRecord-Pacific-Solar-Server/Geology/scripts/geology_collect.py" all
2026-10-02T01:56:35-10:00job:geology_collect | {"ok": true, "at": "2026-10-02T01:56:32-10:00", "what": "all", "dry_run": false, "sources": {"hawaii": {"ok": true, "count": 22, "new": 0, "new_m2": 0, "ms": 338}, "global": {"ok": true, "count": 30, "new": 1, "ms": 373}, "hvo_notices": {"ok": true, "count": 47, "new": 0, "ms": 1013}, "hvo_status": {"ok": true, "volcanoes": 8, "kilauea": "WATCH", "mauna_loa": "NORMAL", "ms": 720}}}
2026-10-02T01:56:35-10:00job:status_snapshot RUN  nice -n 10 python3 "/home/rootrecord/RootRecord-Ecosystem/1 - Servers/1 - RootRecord-Pacific-Solar-Server/Website/scripts/live_data_pages.py"
2026-10-02T01:56:35-10:00job:status_snapshot | live-data 6 pages
2026-10-02T01:56:35-10:00job:system_net_sample RUN  nice -n 10 python3 "/home/rootrecord/RootRecord-Ecosystem/1 - Servers/1 - RootRecord-Pacific-Solar-Server/System/scripts/host_desks.py" net-sample
2026-10-02T01:56:35-10:00job:system_net_sample | {"ok": true, "file": "/home/rootrecord/RootRecord-Ecosystem/2 - RootRecord-Database/System/network/Daily/net-20261002.jsonl", "iface": "wlo1", "hour": {"seconds": 3675, "rx": 336088121, "tx": 52405623, "total": 388493744, "iface": "wlo1", "link": "wireless"}, "day": {"seconds": 86809, "rx": 1102835596, "tx": 221018980, "total": 1323854576, "iface": "wlo1", "link": "wireless"}}
2026-10-02T01:56:35-10:00job:discord_report_relay RUN  nice -n 10 python3 "/home/rootrecord/RootRecord-Ecosystem/1 - Servers/1 - RootRecord-Pacific-Solar-Server/Communications/Discord/scripts/report_relay.py"
2026-10-02T01:56:42-10:00job:discord_report_relay | posted nws_weather
2026-10-02T01:56:42-10:00job:discord_report_relay | posted earthquake_report
2026-10-02T01:56:42-10:00job:discord_report_relay | posted kilauea_report
2026-10-02T01:56:42-10:00job:discord_report_relay | posted solar_desk
2026-10-02T01:56:42-10:00job:discord_report_relay | posted security_desk
2026-10-02T01:56:42-10:00job:discord_report_relay | posted bandwidth_desk
2026-10-02T01:56:42-10:00job:discord_report_relay | posted system_perf
2026-10-02T01:56:43-10:00job:radio_rss_poll RUN  nice -n 10 python3 "/home/rootrecord/RootRecord-Ecosystem/1 - Servers/1 - RootRecord-Pacific-Solar-Server/Media/RadioRss/scripts/rss_radio.py" poll
2026-10-02T01:56:56-10:00job:radio_rss_poll | {"ok": true, "polled": [{"feed": "bbc_business", "ok": true, "items": 20, "duplicates": 20}, {"feed": "bea_news", "ok": true, "items": 20, "duplicates": 20}, {"feed": "breaking_defense", "ok": true, "items": 0}, {"feed": "civil_beat", "ok": true, "items": 0}, {"feed": "defense_news", "ok": true, "items": 20, "duplicates": 20}, {"feed": "esa_human_spaceflight", "ok": true, "items": 15, "duplicates": 15}, {"feed": "esa_space_science", "ok": true, "items": 15, "duplicates": 15}, {"feed": "esa_top_news", "ok": true, "items": 9, "duplicates": 9}, {"feed": "fed_monetary", "ok": true, "items": 0}, {"feed": "github_changelog", "ok": true, "items": 0}, {"feed": "hawaii_governor", "ok": true, "items": 0}, {"feed": "marketwatch_top", "ok": true, "items": 10, "duplicates": 10}], "composed": []}
2026-10-02T01:56:57-10:00ENERGY  status=live  B2=off  B1=53.7%  solar=0 W  ac=0 W  usbc=0 W  src=/home/rootrecord/RootRecord-Ecosystem/2 - RootRecord-Database/Energy  LAP=100%/Discharging/batt
2026-10-02T01:56:57-10:00job:sys_stats_cycle RUN  bash "/home/rootrecord/RootRecord-Ecosystem/1 - Servers/1 - RootRecord-Pacific-Solar-Server/System/scripts/sys-sample.sh"
2026-10-02T01:56:59-10:00job:sys_stats_cycle | SYSTEM  cpu=18%  load=1.75  mem=44%  src=sqlite
2026-10-02T01:56:59-10:00job:sys_stats_cycle | OK wrote /home/rootrecord/RootRecord-Ecosystem/2 - RootRecord-Database/System/samples/sys-20261002-015658.json
2026-10-02T01:58:07-10:00job:github_sync_all | ↑ [ecosystem] committed 35 local file(s)
2026-10-02T01:58:07-10:00job:github_sync_all | ↓ [ecosystem] fetching origin/main
2026-10-02T01:58:07-10:00job:github_sync_all | From github.com:RootRecord-Software-Solutions/RootRecord-Ecosystem
2026-10-02T01:58:07-10:00job:github_sync_all | * branch              main       -> FETCH_HEAD
2026-10-02T01:58:07-10:00job:github_sync_all | ↑ [ecosystem] local is ahead of GitHub
2026-10-02T01:58:07-10:00job:github_sync_all | To github.com:RootRecord-Software-Solutions/RootRecord-Ecosystem.git
2026-10-02T01:58:07-10:00job:github_sync_all | 9dd72cba..0724e513  HEAD -> main
2026-10-02T01:58:07-10:00job:github_sync_all | branch 'main' set up to track 'origin/main'.
2026-10-02T01:58:07-10:00job:github_sync_all | ↑ [ecosystem] 35 files → RootRecord-Software-Solutions/RootRecord-Ecosystem (main)
2026-10-02T01:58:07-10:00job:github_sync_all | ↑ [pacific] committed 11 local file(s)
2026-10-02T01:58:07-10:00job:github_sync_all | ↓ [pacific] fetching origin/main
2026-10-02T01:58:07-10:00job:github_sync_all | From github.com:RootRecord-Software-Solutions/RootRecord-Pacific-Solar-Server
2026-10-02T01:58:07-10:00job:github_sync_all | * branch            main       -> FETCH_HEAD
2026-10-02T01:58:07-10:00job:github_sync_all | ↑ [pacific] local is ahead of GitHub
2026-10-02T01:58:07-10:00job:github_sync_all | To github.com:RootRecord-Software-Solutions/RootRecord-Pacific-Solar-Server.git
2026-10-02T01:58:07-10:00job:github_sync_all | 96dc3fb..7738572  HEAD -> main
2026-10-02T01:58:07-10:00job:github_sync_all | branch 'main' set up to track 'origin/main'.
2026-10-02T01:58:07-10:00job:github_sync_all | ↑ [pacific] 11 files → RootRecord-Software-Solutions/RootRecord-Pacific-Solar-Server (main)
2026-10-02T01:58:07-10:00job:github_sync_all | ↑ [database] committed 48 local file(s)
2026-10-02T01:58:07-10:00job:github_sync_all | ↓ [database] fetching origin/main
2026-10-02T01:58:07-10:00job:github_sync_all | From github.com:RootRecord-Software-Solutions/RootRecord-Database
2026-10-02T01:58:07-10:00job:github_sync_all | * branch              main       -> FETCH_HEAD
2026-10-02T01:58:07-10:00job:github_sync_all | ↑ [database] local is ahead of GitHub
2026-10-02T01:58:07-10:00job:github_sync_all | To github.com:RootRecord-Software-Solutions/RootRecord-Database.git
2026-10-02T01:58:07-10:00job:github_sync_all | a0ae10d5..a164f48e  HEAD -> main
2026-10-02T01:58:07-10:00job:github_sync_all | branch 'main' set up to track 'origin/main'.
2026-10-02T01:58:07-10:00job:github_sync_all | ↑ [database] 48 files → RootRecord-Software-Solutions/RootRecord-Database (main)
2026-10-02T01:58:07-10:00job:github_sync_all | — [library] no local changes
2026-10-02T01:58:07-10:00job:github_sync_all | ↓ [library] fetching origin/main
2026-10-02T01:58:07-10:00job:github_sync_all | From github.com:RootRecord-Software-Solutions/RootRecord-Library
2026-10-02T01:58:07-10:00job:github_sync_all | * branch            main       -> FETCH_HEAD
2026-10-02T01:58:07-10:00job:github_sync_all | — [library] local and GitHub already match
2026-10-02T01:58:07-10:00job:github_sync_all | — [library] nothing to push
2026-10-02T01:58:07-10:00job:github_sync_all | ↑ [website] committed 10 local file(s)
2026-10-02T01:58:07-10:00job:github_sync_all | ↓ [website] fetching origin/main
2026-10-02T01:58:07-10:00job:github_sync_all | From github.com:RootRecord-Software-Solutions/RootRecord-Website
2026-10-02T01:58:07-10:00job:github_sync_all | * branch            main       -> FETCH_HEAD
2026-10-02T01:58:07-10:00job:github_sync_all | ↑ [website] local is ahead of GitHub
2026-10-02T01:58:07-10:00job:github_sync_all | To github.com:RootRecord-Software-Solutions/RootRecord-Website.git
2026-10-02T01:58:07-10:00job:github_sync_all | 0e888ee..b821288  HEAD -> main
2026-10-02T01:58:07-10:00job:security_camera_frame_grab RUN  bash "/home/rootrecord/RootRecord-Ecosystem/1 - Servers/1 - RootRecord-Pacific-Solar-Server/Security/Cameras/grab_all.sh"
2026-10-02T01:58:21-10:00job:security_camera_frame_grab FAIL code=-15
2026-10-02T01:58:21-10:00job:security_camera_frame_grab ! 01:58:08  📷  a-eyes  ch1 → ch1-20261002T115808Z.jpg  (300.5 KB, 4.34s)
2026-10-02T01:58:21-10:00job:security_camera_frame_grab !   01:58:12  📷  a-eyes  ch2 → ch2-20261002T115812Z.jpg  (303.0 KB, 4.47s)
2026-10-02T01:58:21-10:00job:security_camera_frame_grab !   01:58:16  📷  a-eyes  ch3 → ch3-20261002T115816Z.jpg  (289.9 KB, 4.24s)
2026-10-02T01:58:22-10:00HTTP listening on http://127.0.0.1:8799 (open access on bind)
2026-10-02T01:58:22-10:00boot:start  jobs=10
2026-10-02T01:58:22-10:00boot:run  priority=0  id=self_terminal
2026-10-02T01:58:22-10:00boot:p0 self_process pid=110595
2026-10-02T01:58:22-10:00boot:run  priority=1  id=cloudflare_tunnel
2026-10-02T01:58:22-10:00boot:p1 cloudflare_tunnel host=rootserver.rootrecord.cloud
2026-10-02T01:58:22-10:00internet OK at boot — starting tunnel
2026-10-02T01:58:22-10:00Starting cloudflared mode=token public_host=rootserver.rootrecord.cloud
2026-10-02T01:58:22-10:00Waiting for tunnel register (timeout=45s)…
2026-10-02T01:58:22-10:00tunnel starting
2026-10-02T01:58:23-10:00tunnel connected  conn=0  edge=lax13
2026-10-02T01:58:23-10:00Tunnel READY — first connection registered.
2026-10-02T01:58:23-10:00boot:run  priority=2  id=github_setup_remotes
2026-10-02T01:58:23-10:00tunnel ingress  rootserver.rootrecord.cloud → 127.0.0.1:8799
2026-10-02T01:58:23-10:00boot:run  priority=3  id=ollama_warmup
2026-10-02T01:58:23-10:00job:ollama_warmup RUN  bash '/home/rootrecord/RootRecord-Ecosystem/1 - Servers/1 - RootRecord-Pacific-Solar-Server/System/scripts/plumbing/ollama-warmup.sh'
2026-10-02T01:58:23-10:00tunnel connected  conn=1  edge=lax05
2026-10-02T01:58:23-10:00job:ollama_warmup | [ok] ollama up
2026-10-02T01:58:23-10:00boot:run  priority=4  id=flm_npu_warmup
2026-10-02T01:58:23-10:00job:flm_npu_warmup RUN  bash '/home/rootrecord/RootRecord-Ecosystem/1 - Servers/1 - RootRecord-Pacific-Solar-Server/System/scripts/plumbing/flm-warmup.sh'
2026-10-02T01:58:23-10:00job:flm_npu_warmup | [skip] FLM warmup disabled (no resident model; set FLM_WARMUP_RESIDENT=1 to opt in)
2026-10-02T01:58:23-10:00boot:run  priority=5  id=council_relay
2026-10-02T01:58:23-10:00job:council_relay RUN  bash "/home/rootrecord/RootRecord-Ecosystem/1 - Servers/1 - RootRecord-Pacific-Solar-Server/Communications/telegram/scripts/ensure-relay.sh"
2026-10-02T01:58:23-10:00job:council_relay | [ok] council-relay already running
2026-10-02T01:58:23-10:00boot:run  priority=6  id=security_camera_server
2026-10-02T01:58:23-10:00job:security_camera_server RUN  bash "/home/rootrecord/RootRecord-Ecosystem/1 - Servers/1 - RootRecord-Pacific-Solar-Server/Security/Cameras/ensure_cam_server.sh"
2026-10-02T01:58:23-10:00job:security_camera_server | security cam server started
2026-10-02T01:58:23-10:00boot:run  priority=7  id=security_timelapse_catchup
2026-10-02T01:58:23-10:00job:security_timelapse_catchup RUN  bash "/home/rootrecord/RootRecord-Ecosystem/1 - Servers/1 - RootRecord-Pacific-Solar-Server/Security/Cameras/timelapse_catchup.sh"
2026-10-02T01:58:24-10:00job:security_timelapse_catchup | 01:58:24  🎬  a-eyes-timelapse  catchup: checking 20261002, now=01:58 HST
2026-10-02T01:58:24-10:00job:security_timelapse_catchup | 01:58:24  🎬  a-eyes-timelapse  catchup: window still open today, skipping daily render
2026-10-02T01:58:24-10:00boot:run  priority=8  id=weather_poller
2026-10-02T01:58:24-10:00job:weather_poller RUN  bash "/home/rootrecord/RootRecord-Ecosystem/1 - Servers/1 - RootRecord-Pacific-Solar-Server/Weather/scripts/ensure-weather-poller.sh"
2026-10-02T01:58:24-10:00tunnel connected  conn=2  edge=lax09
2026-10-02T01:58:25-10:00job:weather_poller | [ensure-weather-poller] starting -- entry=/home/rootrecord/RootRecord-Ecosystem/1 - Servers/1 - RootRecord-Pacific-Solar-Server/Weather/scripts/run_poller.py log=/home/rootrecord/RootRecord-Ecosystem/2 - RootRecord-Database/Weather/Hawai'i/logs/weather-poller.log
2026-10-02T01:58:25-10:00job:weather_poller | [ensure-weather-poller] verify: weather poller is running
2026-10-02T01:58:25-10:00boot:run  priority=9  id=network_globe_hawaii
2026-10-02T01:58:25-10:00job:network_globe_hawaii RUN  bash "/home/rootrecord/RootRecord-Ecosystem/1 - Servers/1 - RootRecord-Pacific-Solar-Server/Communications/network/scripts/ensure-network-globe-hawaii.sh"
2026-10-02T01:58:25-10:00job:network_globe_hawaii | [ensure-network-globe-hawaii] already running -- nothing to do
2026-10-02T01:58:25-10:00boot:done
2026-10-02T01:58:25-10:00tunnel connected  conn=3  edge=lax01
2026-10-02T01:58:58-10:00  ▸  SUMMARY=river2pro soc=53.42% solar=0W ac_out=50W usbc=0W src=ble db=ok
2026-10-02T01:58:58-10:00scheduler  every_seconds=11  every_minute=12  every_hour=4  on_at=10
2026-10-02T01:58:58-10:00ENERGY  status=live  B2=off  B1=53.4%  solar=0 W  ac=0 W  usbc=0 W  src=/home/rootrecord/RootRecord-Ecosystem/2 - RootRecord-Database/Energy  LAP=100%/Discharging/batt
2026-10-02T01:58:58-10:00job:sys_stats_cycle RUN  bash "/home/rootrecord/RootRecord-Ecosystem/1 - Servers/1 - RootRecord-Pacific-Solar-Server/System/scripts/sys-sample.sh"
2026-10-02T01:59:00-10:00job:sys_stats_cycle | SYSTEM  cpu=5%  load=2.41  mem=43%  src=sqlite
2026-10-02T01:59:00-10:00job:sys_stats_cycle | OK wrote /home/rootrecord/RootRecord-Ecosystem/2 - RootRecord-Database/System/samples/sys-20261002-015859.json
2026-10-02T02:00:10-10:00job:github_sync_all | ↑ [ecosystem] committed 12 local file(s)
2026-10-02T02:00:10-10:00job:github_sync_all | ↓ [ecosystem] fetching origin/main
2026-10-02T02:00:10-10:00job:github_sync_all | From github.com:RootRecord-Software-Solutions/RootRecord-Ecosystem
2026-10-02T02:00:10-10:00job:github_sync_all | * branch              main       -> FETCH_HEAD
2026-10-02T02:00:10-10:00job:github_sync_all | * [new branch]        main       -> origin/main
2026-10-02T02:00:10-10:00job:github_sync_all | ↑ [ecosystem] local is ahead of GitHub
2026-10-02T02:00:10-10:00job:github_sync_all | To github.com:RootRecord-Software-Solutions/RootRecord-Ecosystem.git
2026-10-02T02:00:10-10:00job:github_sync_all | 0724e513..c1bf4fac  HEAD -> main
2026-10-02T02:00:10-10:00job:github_sync_all | branch 'main' set up to track 'origin/main'.
2026-10-02T02:00:10-10:00job:github_sync_all | ↑ [ecosystem] 12 files → RootRecord-Software-Solutions/RootRecord-Ecosystem (main)
2026-10-02T02:00:10-10:00job:github_sync_all | ↑ [pacific] committed 6 local file(s)
2026-10-02T02:00:10-10:00job:github_sync_all | ↓ [pacific] fetching origin/main
2026-10-02T02:00:10-10:00job:github_sync_all | From github.com:RootRecord-Software-Solutions/RootRecord-Pacific-Solar-Server
2026-10-02T02:00:10-10:00job:github_sync_all | * branch            main       -> FETCH_HEAD
2026-10-02T02:00:10-10:00job:github_sync_all | ↑ [pacific] local is ahead of GitHub
2026-10-02T02:00:10-10:00job:github_sync_all | To github.com:RootRecord-Software-Solutions/RootRecord-Pacific-Solar-Server.git
2026-10-02T02:00:10-10:00job:github_sync_all | 7738572..90b5525  HEAD -> main
2026-10-02T02:00:10-10:00job:github_sync_all | branch 'main' set up to track 'origin/main'.
2026-10-02T02:00:10-10:00job:github_sync_all | ↑ [pacific] 6 files → RootRecord-Software-Solutions/RootRecord-Pacific-Solar-Server (main)
2026-10-02T02:00:10-10:00job:github_sync_all | ↑ [database] committed 21 local file(s)
2026-10-02T02:00:10-10:00job:github_sync_all | ↓ [database] fetching origin/main
2026-10-02T02:00:10-10:00job:github_sync_all | From github.com:RootRecord-Software-Solutions/RootRecord-Database
2026-10-02T02:00:10-10:00job:github_sync_all | * branch              main       -> FETCH_HEAD
2026-10-02T02:00:10-10:00job:github_sync_all | ↑ [database] local is ahead of GitHub
2026-10-02T02:00:10-10:00job:github_sync_all | To github.com:RootRecord-Software-Solutions/RootRecord-Database.git
2026-10-02T02:00:10-10:00job:github_sync_all | a164f48e..b1b2bf7e  HEAD -> main
2026-10-02T02:00:10-10:00job:github_sync_all | branch 'main' set up to track 'origin/main'.
2026-10-02T02:00:10-10:00job:github_sync_all | ↑ [database] 21 files → RootRecord-Software-Solutions/RootRecord-Database (main)
2026-10-02T02:00:10-10:00job:github_sync_all | — [library] no local changes
2026-10-02T02:00:10-10:00job:github_sync_all | ↓ [library] fetching origin/main
2026-10-02T02:00:10-10:00job:github_sync_all | From github.com:RootRecord-Software-Solutions/RootRecord-Library
2026-10-02T02:00:10-10:00job:github_sync_all | * branch            main       -> FETCH_HEAD
2026-10-02T02:00:10-10:00job:github_sync_all | — [library] local and GitHub already match
2026-10-02T02:00:10-10:00job:github_sync_all | — [library] nothing to push
2026-10-02T02:00:10-10:00job:github_sync_all | — [website] no local changes
2026-10-02T02:00:10-10:00job:github_sync_all | ↓ [website] fetching origin/main
2026-10-02T02:00:10-10:00job:github_sync_all | From github.com:RootRecord-Software-Solutions/RootRecord-Website
2026-10-02T02:00:10-10:00job:github_sync_all | * branch            main       -> FETCH_HEAD
2026-10-02T02:00:10-10:00job:github_sync_all | — [website] local and GitHub already match
2026-10-02T02:00:10-10:00job:github_sync_all | — [website] nothing to push
2026-10-02T02:00:10-10:00job:worklog_scan RUN  bash "/home/rootrecord/RootRecord-Ecosystem/1 - Servers/1 - RootRecord-Pacific-Solar-Server/Reports/scripts/worklog_once.sh"
2026-10-02T02:03:10-10:00job:worklog_scan TIMEOUT after 180s
2026-10-02T02:03:10-10:00job:security_camera_frame_grab RUN  bash "/home/rootrecord/RootRecord-Ecosystem/1 - Servers/1 - RootRecord-Pacific-Solar-Server/Security/Cameras/grab_all.sh"
2026-10-02T02:03:28-10:00job:security_camera_frame_grab | 02:03:10  📷  a-eyes  ch1 → ch1-20261002T120310Z.jpg  (295.7 KB, 4.53s)
2026-10-02T02:03:28-10:00job:security_camera_frame_grab | 02:03:15  📷  a-eyes  ch2 → ch2-20261002T120315Z.jpg  (297.3 KB, 4.37s)
2026-10-02T02:03:28-10:00job:security_camera_frame_grab | 02:03:19  📷  a-eyes  ch3 → ch3-20261002T120319Z.jpg  (298.3 KB, 4.37s)
2026-10-02T02:03:28-10:00job:security_camera_frame_grab | 02:03:24  📷  a-eyes  ch4 → ch4-20261002T120324Z.jpg  (326.2 KB, 4.61s)
2026-10-02T02:03:28-10:00job:service_supervisor RUN  bash "/home/rootrecord/RootRecord-Ecosystem/1 - Servers/1 - RootRecord-Pacific-Solar-Server/Automations/scripts/supervise-services.sh"
2026-10-02T02:03:29-10:00job:service_supervisor | [supervisor] weather alive pid=111129 (act)
2026-10-02T02:03:29-10:00job:service_supervisor | [supervisor] relay alive pid=3419587 (act)
2026-10-02T02:03:29-10:00job:geology_collect RUN  nice -n 10 python3 "/home/rootrecord/RootRecord-Ecosystem/1 - Servers/1 - RootRecord-Pacific-Solar-Server/Geology/scripts/geology_collect.py" all
2026-10-02T02:03:52-10:00job:geology_collect | {"ok": true, "at": "2026-10-02T02:03:29-10:00", "what": "all", "dry_run": false, "sources": {"hawaii": {"ok": true, "count": 22, "new": 0, "new_m2": 0, "ms": 833}, "global": {"ok": true, "count": 30, "new": 0, "ms": 220}, "hvo_notices": {"ok": true, "count": 47, "new": 0, "ms": 11145}, "hvo_status": {"ok": true, "volcanoes": 8, "kilauea": "WATCH", "mauna_loa": "NORMAL", "ms": 10614}}}
2026-10-02T02:03:52-10:00job:status_snapshot RUN  nice -n 10 python3 "/home/rootrecord/RootRecord-Ecosystem/1 - Servers/1 - RootRecord-Pacific-Solar-Server/Website/scripts/live_data_pages.py"
2026-10-02T02:03:52-10:00job:status_snapshot | live-data 6 pages
2026-10-02T02:03:52-10:00job:system_net_sample RUN  nice -n 10 python3 "/home/rootrecord/RootRecord-Ecosystem/1 - Servers/1 - RootRecord-Pacific-Solar-Server/System/scripts/host_desks.py" net-sample
2026-10-02T02:03:52-10:00job:system_net_sample | {"ok": true, "file": "/home/rootrecord/RootRecord-Ecosystem/2 - RootRecord-Database/System/network/Daily/net-20261002.jsonl", "iface": "wlo1", "hour": {"seconds": 3734, "rx": 343271417, "tx": 52115227, "total": 395386644, "iface": "wlo1", "link": "wireless"}, "day": {"seconds": 87246, "rx": 1125686973, "tx": 225664542, "total": 1351351515, "iface": "wlo1", "link": "wireless"}}
2026-10-02T02:03:52-10:00job:discord_report_relay RUN  nice -n 10 python3 "/home/rootrecord/RootRecord-Ecosystem/1 - Servers/1 - RootRecord-Pacific-Solar-Server/Communications/Discord/scripts/report_relay.py"
2026-10-02T02:03:52-10:00job:discord_report_relay | same
2026-10-02T02:03:52-10:00job:radio_rss_poll RUN  nice -n 10 python3 "/home/rootrecord/RootRecord-Ecosystem/1 - Servers/1 - RootRecord-Pacific-Solar-Server/Media/RadioRss/scripts/rss_radio.py" poll
2026-10-02T02:03:59-10:00job:radio_rss_poll | {"ok": true, "polled": [{"feed": "nasa_artemis", "ok": true, "items": 0}, {"feed": "nasa_jpl", "ok": true, "items": 0}, {"feed": "nasa_news", "ok": true, "items": 0}, {"feed": "nasa_recent", "ok": true, "items": 10, "duplicates": 10}, {"feed": "nasa_station", "ok": true, "items": 10, "duplicates": 10}, {"feed": "nasaspaceflight", "ok": true, "items": 0}, {"feed": "nist_cyber_insights", "ok": true, "items": 20, "duplicates": 20}, {"feed": "nist_cybersecurity", "ok": true, "items": 0, "duplicates": 0}, {"feed": "nist_news", "ok": true, "items": 20, "duplicates": 20}, {"feed": "nsf_news", "ok": true, "items": 0}, {"feed": "ntsb_investigations", "ok": true, "skipped": "robots"}, {"feed": "ntsb_press", "ok": true, "skipped": "robots"}], "composed": []}
2026-10-02T02:03:59-10:00ENERGY  status=live  B2=off  B1=52.7%  solar=0 W  ac=0 W  usbc=0 W  src=/home/rootrecord/RootRecord-Ecosystem/2 - RootRecord-Database/Energy  LAP=93%/Discharging/batt
2026-10-02T02:03:59-10:00job:sys_stats_cycle RUN  bash "/home/rootrecord/RootRecord-Ecosystem/1 - Servers/1 - RootRecord-Pacific-Solar-Server/System/scripts/sys-sample.sh"
2026-10-02T02:04:01-10:00job:sys_stats_cycle | SYSTEM  cpu=10%  load=1.52  mem=44%  src=sqlite
2026-10-02T02:04:01-10:00job:sys_stats_cycle | OK wrote /home/rootrecord/RootRecord-Ecosystem/2 - RootRecord-Database/System/samples/sys-20261002-020400.json
2026-10-02T02:05:18-10:00job:github_sync_all | ↑ [ecosystem] committed 21 local file(s)
2026-10-02T02:05:18-10:00job:github_sync_all | ↓ [ecosystem] fetching origin/main
2026-10-02T02:05:18-10:00job:github_sync_all | From github.com:RootRecord-Software-Solutions/RootRecord-Ecosystem
2026-10-02T02:05:18-10:00job:github_sync_all | * branch              main       -> FETCH_HEAD
2026-10-02T02:05:18-10:00job:github_sync_all | ↑ [ecosystem] local is ahead of GitHub
2026-10-02T02:05:18-10:00job:github_sync_all | To github.com:RootRecord-Software-Solutions/RootRecord-Ecosystem.git
2026-10-02T02:05:18-10:00job:github_sync_all | c1bf4fac..aeebf5ff  HEAD -> main
2026-10-02T02:05:18-10:00job:github_sync_all | branch 'main' set up to track 'origin/main'.
2026-10-02T02:05:18-10:00job:github_sync_all | ↑ [ecosystem] 21 files → RootRecord-Software-Solutions/RootRecord-Ecosystem (main)
2026-10-02T02:05:18-10:00job:github_sync_all | ↑ [pacific] committed 1 local file(s)
2026-10-02T02:05:18-10:00job:github_sync_all | ↓ [pacific] fetching origin/main
2026-10-02T02:05:18-10:00job:github_sync_all | From github.com:RootRecord-Software-Solutions/RootRecord-Pacific-Solar-Server
2026-10-02T02:05:18-10:00job:github_sync_all | * branch            main       -> FETCH_HEAD
2026-10-02T02:05:18-10:00job:github_sync_all | ↑ [pacific] local is ahead of GitHub
2026-10-02T02:05:18-10:00job:github_sync_all | To github.com:RootRecord-Software-Solutions/RootRecord-Pacific-Solar-Server.git
2026-10-02T02:05:18-10:00job:github_sync_all | 90b5525..9222dc3  HEAD -> main
2026-10-02T02:05:18-10:00job:github_sync_all | branch 'main' set up to track 'origin/main'.
2026-10-02T02:05:18-10:00job:github_sync_all | ↑ [pacific] 1 files → RootRecord-Software-Solutions/RootRecord-Pacific-Solar-Server (main)
2026-10-02T02:05:18-10:00job:github_sync_all | ↑ [database] committed 51 local file(s)
2026-10-02T02:05:18-10:00job:github_sync_all | ↓ [database] fetching origin/main
2026-10-02T02:05:18-10:00job:github_sync_all | From github.com:RootRecord-Software-Solutions/RootRecord-Database
2026-10-02T02:05:18-10:00job:github_sync_all | * branch              main       -> FETCH_HEAD
2026-10-02T02:05:18-10:00job:github_sync_all | ↑ [database] local is ahead of GitHub
2026-10-02T02:05:18-10:00job:github_sync_all | To github.com:RootRecord-Software-Solutions/RootRecord-Database.git
2026-10-02T02:05:18-10:00job:github_sync_all | b1b2bf7e..947f9115  HEAD -> main
2026-10-02T02:05:18-10:00job:github_sync_all | branch 'main' set up to track 'origin/main'.
2026-10-02T02:05:18-10:00job:github_sync_all | ↑ [database] 51 files → RootRecord-Software-Solutions/RootRecord-Database (main)
2026-10-02T02:05:18-10:00job:github_sync_all | ↑ [library] committed 4 local file(s)
2026-10-02T02:05:18-10:00job:github_sync_all | ↓ [library] fetching origin/main
2026-10-02T02:05:18-10:00job:github_sync_all | From github.com:RootRecord-Software-Solutions/RootRecord-Library
2026-10-02T02:05:18-10:00job:github_sync_all | * branch            main       -> FETCH_HEAD
2026-10-02T02:05:18-10:00job:github_sync_all | ↑ [library] local is ahead of GitHub
2026-10-02T02:05:18-10:00job:github_sync_all | To github.com:RootRecord-Software-Solutions/RootRecord-Library.git
2026-10-02T02:05:18-10:00job:github_sync_all | 9408903..1ff3098  HEAD -> main
2026-10-02T02:05:18-10:00job:github_sync_all | branch 'main' set up to track 'origin/main'.
2026-10-02T02:05:18-10:00job:github_sync_all | ↑ [library] 4 files → RootRecord-Software-Solutions/RootRecord-Library (main)
2026-10-02T02:05:18-10:00job:github_sync_all | — [website] no local changes
2026-10-02T02:05:18-10:00job:github_sync_all | ↓ [website] fetching origin/main
2026-10-02T02:05:18-10:00job:github_sync_all | From github.com:RootRecord-Software-Solutions/RootRecord-Website
2026-10-02T02:05:18-10:00job:github_sync_all | * branch            main       -> FETCH_HEAD
2026-10-02T02:05:18-10:00job:security_camera_frame_grab RUN  bash "/home/rootrecord/RootRecord-Ecosystem/1 - Servers/1 - RootRecord-Pacific-Solar-Server/Security/Cameras/grab_all.sh"
2026-10-02T02:05:36-10:00job:security_camera_frame_grab | 02:05:18  📷  a-eyes  ch1 → ch1-20261002T120518Z.jpg  (298.1 KB, 4.45s)
2026-10-02T02:05:36-10:00job:security_camera_frame_grab | 02:05:23  📷  a-eyes  ch2 → ch2-20261002T120523Z.jpg  (298.3 KB, 4.38s)
2026-10-02T02:05:36-10:00job:security_camera_frame_grab | 02:05:27  📷  a-eyes  ch3 → ch3-20261002T120527Z.jpg  (313.0 KB, 4.33s)
2026-10-02T02:05:36-10:00job:security_camera_frame_grab | 02:05:32  📷  a-eyes  ch4 → ch4-20261002T120532Z.jpg  (326.3 KB, 4.39s)
2026-10-02T02:05:36-10:00job:voice_timing_report RUN  nice -n 10 python3 "/home/rootrecord/RootRecord-Ecosystem/1 - Servers/1 - RootRecord-Pacific-Solar-Server/Reports/Voice-Timing/scripts/voice_timing_report.py"
2026-10-02T02:05:36-10:00job:voice_timing_report | [ok] voice-timing written (275 runs): /home/rootrecord/RootRecord-Ecosystem/5 - RootRecord-Library/Documentation/01-Operations/voice-timing.md
2026-10-02T02:05:36-10:00ENERGY  status=live  B2=off  B1=52.4%  solar=0 W  ac=0 W  usbc=0 W  src=/home/rootrecord/RootRecord-Ecosystem/2 - RootRecord-Database/Energy  LAP=93%/Discharging/batt
2026-10-02T02:05:36-10:00job:sys_stats_cycle RUN  bash "/home/rootrecord/RootRecord-Ecosystem/1 - Servers/1 - RootRecord-Pacific-Solar-Server/System/scripts/sys-sample.sh"
2026-10-02T02:05:38-10:00job:sys_stats_cycle | SYSTEM  cpu=11%  load=1.81  mem=45%  src=sqlite
2026-10-02T02:05:38-10:00job:sys_stats_cycle | OK wrote /home/rootrecord/RootRecord-Ecosystem/2 - RootRecord-Database/System/samples/sys-20261002-020537.json
2026-10-02T02:06:43-10:00job:github_sync_all | ↑ [ecosystem] committed 12 local file(s)
2026-10-02T02:06:43-10:00job:github_sync_all | ↓ [ecosystem] fetching origin/main
2026-10-02T02:06:43-10:00job:github_sync_all | From github.com:RootRecord-Software-Solutions/RootRecord-Ecosystem
2026-10-02T02:06:43-10:00job:github_sync_all | * branch              main       -> FETCH_HEAD
2026-10-02T02:06:43-10:00job:github_sync_all | ↑ [ecosystem] local is ahead of GitHub
2026-10-02T02:06:43-10:00job:github_sync_all | To github.com:RootRecord-Software-Solutions/RootRecord-Ecosystem.git
2026-10-02T02:06:43-10:00job:github_sync_all | aeebf5ff..0aebe21a  HEAD -> main
2026-10-02T02:06:43-10:00job:github_sync_all | branch 'main' set up to track 'origin/main'.
2026-10-02T02:06:43-10:00job:github_sync_all | ↑ [ecosystem] 12 files → RootRecord-Software-Solutions/RootRecord-Ecosystem (main)
2026-10-02T02:06:43-10:00job:github_sync_all | ↑ [pacific] committed 1 local file(s)
2026-10-02T02:06:43-10:00job:github_sync_all | ↓ [pacific] fetching origin/main
2026-10-02T02:06:43-10:00job:github_sync_all | From github.com:RootRecord-Software-Solutions/RootRecord-Pacific-Solar-Server
2026-10-02T02:06:43-10:00job:github_sync_all | * branch            main       -> FETCH_HEAD
2026-10-02T02:06:43-10:00job:github_sync_all | ↑ [pacific] local is ahead of GitHub
2026-10-02T02:06:43-10:00job:github_sync_all | To github.com:RootRecord-Software-Solutions/RootRecord-Pacific-Solar-Server.git
2026-10-02T02:06:43-10:00job:github_sync_all | 9222dc3..559efec  HEAD -> main
2026-10-02T02:06:43-10:00job:github_sync_all | branch 'main' set up to track 'origin/main'.
2026-10-02T02:06:43-10:00job:github_sync_all | ↑ [pacific] 1 files → RootRecord-Software-Solutions/RootRecord-Pacific-Solar-Server (main)
2026-10-02T02:06:43-10:00job:github_sync_all | ↑ [database] committed 22 local file(s)
2026-10-02T02:06:43-10:00job:github_sync_all | ↓ [database] fetching origin/main
2026-10-02T02:06:43-10:00job:github_sync_all | From github.com:RootRecord-Software-Solutions/RootRecord-Database
2026-10-02T02:06:43-10:00job:github_sync_all | * branch              main       -> FETCH_HEAD
2026-10-02T02:06:43-10:00job:github_sync_all | ↑ [database] local is ahead of GitHub
2026-10-02T02:06:43-10:00job:github_sync_all | To github.com:RootRecord-Software-Solutions/RootRecord-Database.git
2026-10-02T02:06:43-10:00job:github_sync_all | 947f9115..45c84d19  HEAD -> main
2026-10-02T02:06:43-10:00job:github_sync_all | branch 'main' set up to track 'origin/main'.
2026-10-02T02:06:43-10:00job:github_sync_all | ↑ [database] 22 files → RootRecord-Software-Solutions/RootRecord-Database (main)
2026-10-02T02:06:43-10:00job:github_sync_all | ↑ [library] committed 1 local file(s)
2026-10-02T02:06:43-10:00job:github_sync_all | ↓ [library] fetching origin/main
2026-10-02T02:06:43-10:00job:github_sync_all | From github.com:RootRecord-Software-Solutions/RootRecord-Library
2026-10-02T02:06:43-10:00job:github_sync_all | * branch            main       -> FETCH_HEAD
2026-10-02T02:06:43-10:00job:github_sync_all | ↑ [library] local is ahead of GitHub
2026-10-02T02:06:43-10:00job:github_sync_all | To github.com:RootRecord-Software-Solutions/RootRecord-Library.git
2026-10-02T02:06:43-10:00job:github_sync_all | 1ff3098..a206fe4  HEAD -> main
2026-10-02T02:06:43-10:00job:github_sync_all | branch 'main' set up to track 'origin/main'.
2026-10-02T02:06:43-10:00job:github_sync_all | ↑ [library] 1 files → RootRecord-Software-Solutions/RootRecord-Library (main)
2026-10-02T02:06:43-10:00job:github_sync_all | — [website] no local changes
2026-10-02T02:06:43-10:00job:github_sync_all | ↓ [website] fetching origin/main
2026-10-02T02:06:43-10:00job:github_sync_all | From github.com:RootRecord-Software-Solutions/RootRecord-Website
2026-10-02T02:06:43-10:00job:github_sync_all | * branch            main       -> FETCH_HEAD
2026-10-02T02:06:43-10:00job:worklog_scan RUN  bash "/home/rootrecord/RootRecord-Ecosystem/1 - Servers/1 - RootRecord-Pacific-Solar-Server/Reports/scripts/worklog_once.sh"
2026-10-02T02:09:43-10:00job:worklog_scan TIMEOUT after 180s
2026-10-02T02:09:43-10:00job:status_snapshot RUN  nice -n 10 python3 "/home/rootrecord/RootRecord-Ecosystem/1 - Servers/1 - RootRecord-Pacific-Solar-Server/Website/scripts/live_data_pages.py"
2026-10-02T02:09:43-10:00job:status_snapshot | live-data 6 pages
2026-10-02T02:09:43-10:00ENERGY  status=live  B2=off  B1=51.8%  solar=0 W  ac=0 W  usbc=0 W  src=/home/rootrecord/RootRecord-Ecosystem/2 - RootRecord-Database/Energy  LAP=90%/Discharging/batt
2026-10-02T02:09:43-10:00job:sys_stats_cycle RUN  bash "/home/rootrecord/RootRecord-Ecosystem/1 - Servers/1 - RootRecord-Pacific-Solar-Server/System/scripts/sys-sample.sh"
2026-10-02T02:09:45-10:00job:sys_stats_cycle | SYSTEM  cpu=11%  load=2.16  mem=43%  src=sqlite
2026-10-02T02:09:45-10:00job:sys_stats_cycle | OK wrote /home/rootrecord/RootRecord-Ecosystem/2 - RootRecord-Database/System/samples/sys-20261002-020944.json
2026-10-02T02:10:56-10:00job:github_sync_all | ↑ [ecosystem] committed 19 local file(s)
2026-10-02T02:10:56-10:00job:github_sync_all | ↓ [ecosystem] fetching origin/main
2026-10-02T02:10:56-10:00job:github_sync_all | From github.com:RootRecord-Software-Solutions/RootRecord-Ecosystem
2026-10-02T02:10:56-10:00job:github_sync_all | * branch              main       -> FETCH_HEAD
2026-10-02T02:10:56-10:00job:github_sync_all | ↑ [ecosystem] local is ahead of GitHub
2026-10-02T02:10:56-10:00job:github_sync_all | To github.com:RootRecord-Software-Solutions/RootRecord-Ecosystem.git
2026-10-02T02:10:56-10:00job:github_sync_all | 0aebe21a..06017be3  HEAD -> main
2026-10-02T02:10:56-10:00job:github_sync_all | branch 'main' set up to track 'origin/main'.
2026-10-02T02:10:56-10:00job:github_sync_all | ↑ [ecosystem] 19 files → RootRecord-Software-Solutions/RootRecord-Ecosystem (main)
2026-10-02T02:10:56-10:00job:github_sync_all | ↑ [pacific] committed 9 local file(s)
2026-10-02T02:10:56-10:00job:github_sync_all | ↓ [pacific] fetching origin/main
2026-10-02T02:10:56-10:00job:github_sync_all | From github.com:RootRecord-Software-Solutions/RootRecord-Pacific-Solar-Server
2026-10-02T02:10:56-10:00job:github_sync_all | * branch            main       -> FETCH_HEAD
2026-10-02T02:10:56-10:00job:github_sync_all | ↑ [pacific] local is ahead of GitHub
2026-10-02T02:10:56-10:00job:github_sync_all | To github.com:RootRecord-Software-Solutions/RootRecord-Pacific-Solar-Server.git
2026-10-02T02:10:56-10:00job:github_sync_all | 559efec..bf12000  HEAD -> main
2026-10-02T02:10:56-10:00job:github_sync_all | branch 'main' set up to track 'origin/main'.
2026-10-02T02:10:56-10:00job:github_sync_all | ↑ [pacific] 9 files → RootRecord-Software-Solutions/RootRecord-Pacific-Solar-Server (main)
2026-10-02T02:10:56-10:00job:github_sync_all | ↑ [database] committed 27 local file(s)
2026-10-02T02:10:56-10:00job:github_sync_all | ↓ [database] fetching origin/main
2026-10-02T02:10:56-10:00job:github_sync_all | From github.com:RootRecord-Software-Solutions/RootRecord-Database
2026-10-02T02:10:56-10:00job:github_sync_all | * branch              main       -> FETCH_HEAD
2026-10-02T02:10:56-10:00job:github_sync_all | ↑ [database] local is ahead of GitHub
2026-10-02T02:10:56-10:00job:github_sync_all | To github.com:RootRecord-Software-Solutions/RootRecord-Database.git
2026-10-02T02:10:56-10:00job:github_sync_all | 45c84d19..a1a532e2  HEAD -> main
2026-10-02T02:10:56-10:00job:github_sync_all | branch 'main' set up to track 'origin/main'.
2026-10-02T02:10:56-10:00job:github_sync_all | ↑ [database] 27 files → RootRecord-Software-Solutions/RootRecord-Database (main)
2026-10-02T02:10:56-10:00job:github_sync_all | ↑ [library] committed 3 local file(s)
2026-10-02T02:10:56-10:00job:github_sync_all | ↓ [library] fetching origin/main
2026-10-02T02:10:56-10:00job:github_sync_all | From github.com:RootRecord-Software-Solutions/RootRecord-Library
2026-10-02T02:10:56-10:00job:github_sync_all | * branch            main       -> FETCH_HEAD
2026-10-02T02:10:56-10:00job:github_sync_all | ↑ [library] local is ahead of GitHub
2026-10-02T02:10:56-10:00job:github_sync_all | To github.com:RootRecord-Software-Solutions/RootRecord-Library.git
2026-10-02T02:10:56-10:00job:github_sync_all | a206fe4..3c71881  HEAD -> main
2026-10-02T02:10:56-10:00job:github_sync_all | branch 'main' set up to track 'origin/main'.
2026-10-02T02:10:56-10:00job:github_sync_all | ↑ [library] 3 files → RootRecord-Software-Solutions/RootRecord-Library (main)
2026-10-02T02:10:56-10:00job:github_sync_all | — [website] no local changes
2026-10-02T02:10:56-10:00job:github_sync_all | ↓ [website] fetching origin/main
2026-10-02T02:10:56-10:00job:github_sync_all | From github.com:RootRecord-Software-Solutions/RootRecord-Website
2026-10-02T02:10:56-10:00job:github_sync_all | * branch            main       -> FETCH_HEAD
2026-10-02T02:10:56-10:00job:security_camera_frame_grab RUN  bash "/home/rootrecord/RootRecord-Ecosystem/1 - Servers/1 - RootRecord-Pacific-Solar-Server/Security/Cameras/grab_all.sh"
2026-10-02T02:11:14-10:00job:security_camera_frame_grab | 02:10:56  📷  a-eyes  ch1 → ch1-20261002T121056Z.jpg  (299.3 KB, 4.40s)
2026-10-02T02:11:14-10:00job:security_camera_frame_grab | 02:11:01  📷  a-eyes  ch2 → ch2-20261002T121101Z.jpg  (314.8 KB, 4.48s)
2026-10-02T02:11:14-10:00job:security_camera_frame_grab | 02:11:05  📷  a-eyes  ch3 → ch3-20261002T121105Z.jpg  (305.8 KB, 4.19s)
2026-10-02T02:11:14-10:00job:security_camera_frame_grab | 02:11:09  📷  a-eyes  ch4 → ch4-20261002T121109Z.jpg  (261.8 KB, 4.34s)
2026-10-02T02:11:14-10:00job:service_supervisor RUN  bash "/home/rootrecord/RootRecord-Ecosystem/1 - Servers/1 - RootRecord-Pacific-Solar-Server/Automations/scripts/supervise-services.sh"
2026-10-02T02:11:14-10:00job:service_supervisor | [supervisor] weather alive pid=111129 (act)
2026-10-02T02:11:14-10:00job:service_supervisor | [supervisor] relay alive pid=3419587 (act)
2026-10-02T02:11:14-10:00job:geology_collect RUN  nice -n 10 python3 "/home/rootrecord/RootRecord-Ecosystem/1 - Servers/1 - RootRecord-Pacific-Solar-Server/Geology/scripts/geology_collect.py" all
2026-10-02T02:11:21-10:00job:geology_collect | {"ok": true, "at": "2026-10-02T02:11:14-10:00", "what": "all", "dry_run": false, "sources": {"hawaii": {"ok": true, "count": 21, "new": 0, "new_m2": 0, "ms": 783}, "global": {"ok": true, "count": 30, "new": 0, "ms": 314}, "hvo_notices": {"ok": true, "count": 47, "new": 0, "ms": 5214}, "hvo_status": {"ok": true, "volcanoes": 8, "kilauea": "WATCH", "mauna_loa": "NORMAL", "ms": 716}}}
2026-10-02T02:11:21-10:00job:system_net_sample RUN  nice -n 10 python3 "/home/rootrecord/RootRecord-Ecosystem/1 - Servers/1 - RootRecord-Pacific-Solar-Server/System/scripts/host_desks.py" net-sample
2026-10-02T02:11:21-10:00job:system_net_sample | {"ok": true, "file": "/home/rootrecord/RootRecord-Ecosystem/2 - RootRecord-Database/System/network/Daily/net-20261002.jsonl", "iface": "wlo1", "hour": {"seconds": 3728, "rx": 337476814, "tx": 55205329, "total": 392682143, "iface": "wlo1", "link": "wireless"}, "day": {"seconds": 87695, "rx": 1149757072, "tx": 233019448, "total": 1382776520, "iface": "wlo1", "link": "wireless"}}
2026-10-02T02:11:21-10:00job:discord_report_relay RUN  nice -n 10 python3 "/home/rootrecord/RootRecord-Ecosystem/1 - Servers/1 - RootRecord-Pacific-Solar-Server/Communications/Discord/scripts/report_relay.py"
2026-10-02T02:11:21-10:00job:discord_report_relay | same
2026-10-02T02:11:22-10:00job:radio_rss_poll RUN  nice -n 10 python3 "/home/rootrecord/RootRecord-Ecosystem/1 - Servers/1 - RootRecord-Pacific-Solar-Server/Media/RadioRss/scripts/rss_radio.py" poll
2026-10-02T02:11:36-10:00job:radio_rss_poll | {"ok": true, "polled": [{"feed": "bbc_business", "ok": true, "items": 20, "duplicates": 18}, {"feed": "bea_news", "ok": true, "items": 20, "duplicates": 20}, {"feed": "breaking_defense", "ok": true, "items": 0}, {"feed": "civil_beat", "ok": true, "items": 0}, {"feed": "defense_news", "ok": true, "items": 20, "duplicates": 18}, {"feed": "esa_human_spaceflight", "ok": true, "items": 15, "duplicates": 14}, {"feed": "esa_space_science", "ok": true, "items": 15, "duplicates": 15}, {"feed": "esa_top_news", "ok": true, "items": 9, "duplicates": 8}, {"feed": "fed_monetary", "ok": true, "items": 0}, {"feed": "github_changelog", "ok": true, "items": 0}, {"feed": "hawaii_governor", "ok": true, "items": 0}, {"feed": "marketwatch_top", "ok": true, "items": 10, "duplicates": 10}], "composed": ["c_664713669cfe06a7"]}
2026-10-02T02:11:36-10:00ENERGY  status=live  B2=off  B1=51.5%  solar=0 W  ac=0 W  usbc=0 W  src=/home/rootrecord/RootRecord-Ecosystem/2 - RootRecord-Database/Energy  LAP=89%/Discharging/batt
2026-10-02T02:11:36-10:00job:sys_stats_cycle RUN  bash "/home/rootrecord/RootRecord-Ecosystem/1 - Servers/1 - RootRecord-Pacific-Solar-Server/System/scripts/sys-sample.sh"
2026-10-02T02:11:38-10:00job:sys_stats_cycle | SYSTEM  cpu=15%  load=1.71  mem=43%  src=sqlite
2026-10-02T02:11:38-10:00job:sys_stats_cycle | OK wrote /home/rootrecord/RootRecord-Ecosystem/2 - RootRecord-Database/System/samples/sys-20261002-021137.json
2026-10-02T02:12:55-10:00job:github_sync_all | ↑ [ecosystem] committed 33 local file(s)
2026-10-02T02:12:55-10:00job:github_sync_all | ↓ [ecosystem] fetching origin/main
2026-10-02T02:12:55-10:00job:github_sync_all | From github.com:RootRecord-Software-Solutions/RootRecord-Ecosystem
2026-10-02T02:12:55-10:00job:github_sync_all | * branch              main       -> FETCH_HEAD
2026-10-02T02:12:55-10:00job:github_sync_all | ↑ [ecosystem] local is ahead of GitHub
2026-10-02T02:12:55-10:00job:github_sync_all | To github.com:RootRecord-Software-Solutions/RootRecord-Ecosystem.git
2026-10-02T02:12:55-10:00job:github_sync_all | 06017be3..92141396  HEAD -> main
2026-10-02T02:12:55-10:00job:github_sync_all | branch 'main' set up to track 'origin/main'.
2026-10-02T02:12:55-10:00job:github_sync_all | ↑ [ecosystem] 33 files → RootRecord-Software-Solutions/RootRecord-Ecosystem (main)
2026-10-02T02:12:55-10:00job:github_sync_all | ↑ [pacific] committed 1 local file(s)
2026-10-02T02:12:55-10:00job:github_sync_all | ↓ [pacific] fetching origin/main
2026-10-02T02:12:55-10:00job:github_sync_all | From github.com:RootRecord-Software-Solutions/RootRecord-Pacific-Solar-Server
2026-10-02T02:12:55-10:00job:github_sync_all | * branch            main       -> FETCH_HEAD
2026-10-02T02:12:55-10:00job:github_sync_all | ↑ [pacific] local is ahead of GitHub
2026-10-02T02:12:55-10:00job:github_sync_all | To github.com:RootRecord-Software-Solutions/RootRecord-Pacific-Solar-Server.git
2026-10-02T02:12:55-10:00job:github_sync_all | bf12000..6f263e0  HEAD -> main
2026-10-02T02:12:55-10:00job:github_sync_all | branch 'main' set up to track 'origin/main'.
2026-10-02T02:12:55-10:00job:github_sync_all | ↑ [pacific] 1 files → RootRecord-Software-Solutions/RootRecord-Pacific-Solar-Server (main)
2026-10-02T02:12:55-10:00job:github_sync_all | ↑ [database] committed 44 local file(s)
2026-10-02T02:12:55-10:00job:github_sync_all | ↓ [database] fetching origin/main
2026-10-02T02:12:55-10:00job:github_sync_all | From github.com:RootRecord-Software-Solutions/RootRecord-Database
2026-10-02T02:12:55-10:00job:github_sync_all | * branch              main       -> FETCH_HEAD
2026-10-02T02:12:55-10:00job:github_sync_all | ↑ [database] local is ahead of GitHub
2026-10-02T02:12:55-10:00job:github_sync_all | To github.com:RootRecord-Software-Solutions/RootRecord-Database.git
2026-10-02T02:12:55-10:00job:github_sync_all | a1a532e2..7545b3da  HEAD -> main
2026-10-02T02:12:55-10:00job:github_sync_all | branch 'main' set up to track 'origin/main'.
2026-10-02T02:12:55-10:00job:github_sync_all | ↑ [database] 44 files → RootRecord-Software-Solutions/RootRecord-Database (main)
2026-10-02T02:12:55-10:00job:github_sync_all | ↑ [library] committed 5 local file(s)
2026-10-02T02:12:55-10:00job:github_sync_all | ↓ [library] fetching origin/main
2026-10-02T02:12:55-10:00job:github_sync_all | From github.com:RootRecord-Software-Solutions/RootRecord-Library
2026-10-02T02:12:55-10:00job:github_sync_all | * branch            main       -> FETCH_HEAD
2026-10-02T02:12:55-10:00job:github_sync_all | ↑ [library] local is ahead of GitHub
2026-10-02T02:12:55-10:00job:github_sync_all | To github.com:RootRecord-Software-Solutions/RootRecord-Library.git
2026-10-02T02:12:55-10:00job:github_sync_all | 3c71881..d543d46  HEAD -> main
2026-10-02T02:12:55-10:00job:github_sync_all | branch 'main' set up to track 'origin/main'.
2026-10-02T02:12:55-10:00job:github_sync_all | ↑ [library] 5 files → RootRecord-Software-Solutions/RootRecord-Library (main)
2026-10-02T02:12:55-10:00job:github_sync_all | — [website] no local changes
2026-10-02T02:12:55-10:00job:github_sync_all | ↓ [website] fetching origin/main
2026-10-02T02:12:55-10:00job:github_sync_all | From github.com:RootRecord-Software-Solutions/RootRecord-Website
2026-10-02T02:12:55-10:00job:github_sync_all | * branch            main       -> FETCH_HEAD
2026-10-02T02:12:55-10:00job:worklog_scan RUN  bash "/home/rootrecord/RootRecord-Ecosystem/1 - Servers/1 - RootRecord-Pacific-Solar-Server/Reports/scripts/worklog_once.sh"
2026-10-02T02:14:52-10:00job:worklog_scan FAIL code=-15
2026-10-02T02:14:52-10:00HTTP listening on http://127.0.0.1:8799 (open access on bind)
2026-10-02T02:14:52-10:00boot:start  jobs=10
2026-10-02T02:14:52-10:00boot:run  priority=0  id=self_terminal
2026-10-02T02:14:52-10:00boot:p0 self_process pid=438077
2026-10-02T02:14:52-10:00boot:run  priority=1  id=cloudflare_tunnel
2026-10-02T02:14:52-10:00boot:p1 cloudflare_tunnel host=rootserver.rootrecord.cloud
2026-10-02T02:14:52-10:00internet OK at boot — starting tunnel
2026-10-02T02:14:52-10:00Starting cloudflared mode=token public_host=rootserver.rootrecord.cloud
2026-10-02T02:14:52-10:00Waiting for tunnel register (timeout=45s)…
2026-10-02T02:14:52-10:00tunnel starting
2026-10-02T02:14:53-10:00tunnel connected  conn=0  edge=lax01
2026-10-02T02:14:53-10:00Tunnel READY — first connection registered.
2026-10-02T02:14:53-10:00boot:run  priority=2  id=github_setup_remotes
2026-10-02T02:14:53-10:00tunnel ingress  rootserver.rootrecord.cloud → 127.0.0.1:8799
2026-10-02T02:14:53-10:00boot:run  priority=3  id=ollama_warmup
2026-10-02T02:14:53-10:00job:ollama_warmup RUN  bash '/home/rootrecord/RootRecord-Ecosystem/1 - Servers/1 - RootRecord-Pacific-Solar-Server/System/scripts/plumbing/ollama-warmup.sh'
2026-10-02T02:14:53-10:00tunnel connected  conn=1  edge=lax05
2026-10-02T02:14:53-10:00job:ollama_warmup | [ok] ollama up
2026-10-02T02:14:53-10:00boot:run  priority=4  id=flm_npu_warmup
2026-10-02T02:14:53-10:00job:flm_npu_warmup RUN  bash '/home/rootrecord/RootRecord-Ecosystem/1 - Servers/1 - RootRecord-Pacific-Solar-Server/System/scripts/plumbing/flm-warmup.sh'
2026-10-02T02:14:53-10:00job:flm_npu_warmup | [skip] FLM warmup disabled (no resident model; set FLM_WARMUP_RESIDENT=1 to opt in)
2026-10-02T02:14:53-10:00boot:run  priority=5  id=council_relay
2026-10-02T02:14:54-10:00job:council_relay RUN  bash "/home/rootrecord/RootRecord-Ecosystem/1 - Servers/1 - RootRecord-Pacific-Solar-Server/Communications/telegram/scripts/ensure-relay.sh"
2026-10-02T02:14:54-10:00job:council_relay | [ok] council-relay already running
2026-10-02T02:14:54-10:00boot:run  priority=6  id=security_camera_server
2026-10-02T02:14:54-10:00job:security_camera_server RUN  bash "/home/rootrecord/RootRecord-Ecosystem/1 - Servers/1 - RootRecord-Pacific-Solar-Server/Security/Cameras/ensure_cam_server.sh"
2026-10-02T02:14:54-10:00job:security_camera_server | security cam server started
2026-10-02T02:14:54-10:00boot:run  priority=7  id=security_timelapse_catchup
2026-10-02T02:14:54-10:00job:security_timelapse_catchup RUN  bash "/home/rootrecord/RootRecord-Ecosystem/1 - Servers/1 - RootRecord-Pacific-Solar-Server/Security/Cameras/timelapse_catchup.sh"
2026-10-02T02:14:54-10:00job:security_timelapse_catchup | 02:14:54  🎬  a-eyes-timelapse  catchup: checking 20261002, now=02:14 HST
2026-10-02T02:14:54-10:00job:security_timelapse_catchup | 02:14:54  🎬  a-eyes-timelapse  catchup: window still open today, skipping daily render
2026-10-02T02:14:54-10:00boot:run  priority=8  id=weather_poller
2026-10-02T02:14:54-10:00job:weather_poller RUN  bash "/home/rootrecord/RootRecord-Ecosystem/1 - Servers/1 - RootRecord-Pacific-Solar-Server/Weather/scripts/ensure-weather-poller.sh"
2026-10-02T02:14:54-10:00tunnel connected  conn=2  edge=lax01
2026-10-02T02:14:55-10:00job:weather_poller | [ensure-weather-poller] starting -- entry=/home/rootrecord/RootRecord-Ecosystem/1 - Servers/1 - RootRecord-Pacific-Solar-Server/Weather/scripts/run_poller.py log=/home/rootrecord/RootRecord-Ecosystem/2 - RootRecord-Database/Weather/Hawai'i/logs/weather-poller.log
2026-10-02T02:14:55-10:00job:weather_poller | [ensure-weather-poller] verify: weather poller is running
2026-10-02T02:14:55-10:00boot:run  priority=9  id=network_globe_hawaii
2026-10-02T02:14:55-10:00job:network_globe_hawaii RUN  bash "/home/rootrecord/RootRecord-Ecosystem/1 - Servers/1 - RootRecord-Pacific-Solar-Server/Communications/network/scripts/ensure-network-globe-hawaii.sh"
2026-10-02T02:14:55-10:00job:network_globe_hawaii | [ensure-network-globe-hawaii] already running -- nothing to do
2026-10-02T02:14:55-10:00boot:done
2026-10-02T02:14:55-10:00tunnel connected  conn=3  edge=lax07
2026-10-02T02:15:41-10:00  ▸  SUMMARY=river2pro soc=50.84% solar=0W ac_out=50W usbc=0W src=ble db=ok
2026-10-02T02:15:41-10:00scheduler  every_seconds=12  every_minute=12  every_hour=4  on_at=10
2026-10-02T02:15:41-10:00ENERGY  status=live  B2=off  B1=50.8%  solar=0 W  ac=0 W  usbc=0 W  src=/home/rootrecord/RootRecord-Ecosystem/2 - RootRecord-Database/Energy  LAP=87%/Discharging/batt
2026-10-02T02:15:41-10:00job:sys_stats_cycle RUN  bash "/home/rootrecord/RootRecord-Ecosystem/1 - Servers/1 - RootRecord-Pacific-Solar-Server/System/scripts/sys-sample.sh"
2026-10-02T02:15:42-10:00job:sys_stats_cycle | SYSTEM  cpu=8%  load=2.01  mem=44%  src=sqlite
2026-10-02T02:15:42-10:00job:sys_stats_cycle | OK wrote /home/rootrecord/RootRecord-Ecosystem/2 - RootRecord-Database/System/samples/sys-20261002-021541.json
2026-10-02T02:16:53-10:00job:github_sync_all | ↑ [ecosystem] committed 19 local file(s)
2026-10-02T02:16:53-10:00job:github_sync_all | ↓ [ecosystem] fetching origin/main
2026-10-02T02:16:53-10:00job:github_sync_all | From github.com:RootRecord-Software-Solutions/RootRecord-Ecosystem
2026-10-02T02:16:53-10:00job:github_sync_all | * branch              main       -> FETCH_HEAD
2026-10-02T02:16:53-10:00job:github_sync_all | * [new branch]        main       -> origin/main
2026-10-02T02:16:53-10:00job:github_sync_all | ↑ [ecosystem] local is ahead of GitHub
2026-10-02T02:16:53-10:00job:github_sync_all | To github.com:RootRecord-Software-Solutions/RootRecord-Ecosystem.git
2026-10-02T02:16:53-10:00job:github_sync_all | 92141396..fddf978d  HEAD -> main
2026-10-02T02:16:53-10:00job:github_sync_all | branch 'main' set up to track 'origin/main'.
2026-10-02T02:16:53-10:00job:github_sync_all | ↑ [ecosystem] 19 files → RootRecord-Software-Solutions/RootRecord-Ecosystem (main)
2026-10-02T02:16:53-10:00job:github_sync_all | ↑ [pacific] committed 9 local file(s)
2026-10-02T02:16:53-10:00job:github_sync_all | ↓ [pacific] fetching origin/main
2026-10-02T02:16:53-10:00job:github_sync_all | From github.com:RootRecord-Software-Solutions/RootRecord-Pacific-Solar-Server
2026-10-02T02:16:53-10:00job:github_sync_all | * branch            main       -> FETCH_HEAD
2026-10-02T02:16:53-10:00job:github_sync_all | ↑ [pacific] local is ahead of GitHub
2026-10-02T02:16:53-10:00job:github_sync_all | To github.com:RootRecord-Software-Solutions/RootRecord-Pacific-Solar-Server.git
2026-10-02T02:16:53-10:00job:github_sync_all | 6f263e0..2e99dc7  HEAD -> main
2026-10-02T02:16:53-10:00job:github_sync_all | branch 'main' set up to track 'origin/main'.
2026-10-02T02:16:53-10:00job:github_sync_all | ↑ [pacific] 9 files → RootRecord-Software-Solutions/RootRecord-Pacific-Solar-Server (main)
2026-10-02T02:16:53-10:00job:github_sync_all | ↑ [database] committed 32 local file(s)
2026-10-02T02:16:53-10:00job:github_sync_all | ↓ [database] fetching origin/main
2026-10-02T02:16:53-10:00job:github_sync_all | From github.com:RootRecord-Software-Solutions/RootRecord-Database
2026-10-02T02:16:53-10:00job:github_sync_all | * branch              main       -> FETCH_HEAD
2026-10-02T02:16:53-10:00job:github_sync_all | ↑ [database] local is ahead of GitHub
2026-10-02T02:16:53-10:00job:github_sync_all | To github.com:RootRecord-Software-Solutions/RootRecord-Database.git
2026-10-02T02:16:53-10:00job:github_sync_all | 7545b3da..c1279896  HEAD -> main
2026-10-02T02:16:53-10:00job:github_sync_all | branch 'main' set up to track 'origin/main'.
2026-10-02T02:16:53-10:00job:github_sync_all | ↑ [database] 32 files → RootRecord-Software-Solutions/RootRecord-Database (main)
2026-10-02T02:16:53-10:00job:github_sync_all | — [library] no local changes
2026-10-02T02:16:53-10:00job:github_sync_all | ↓ [library] fetching origin/main
2026-10-02T02:16:53-10:00job:github_sync_all | From github.com:RootRecord-Software-Solutions/RootRecord-Library
2026-10-02T02:16:53-10:00job:github_sync_all | * branch            main       -> FETCH_HEAD
2026-10-02T02:16:53-10:00job:github_sync_all | — [library] local and GitHub already match
2026-10-02T02:16:53-10:00job:github_sync_all | — [library] nothing to push
2026-10-02T02:16:53-10:00job:github_sync_all | — [website] no local changes
2026-10-02T02:16:53-10:00job:github_sync_all | ↓ [website] fetching origin/main
2026-10-02T02:16:53-10:00job:github_sync_all | From github.com:RootRecord-Software-Solutions/RootRecord-Website
2026-10-02T02:16:53-10:00job:github_sync_all | * branch            main       -> FETCH_HEAD
2026-10-02T02:16:53-10:00job:github_sync_all | — [website] local and GitHub already match
2026-10-02T02:16:53-10:00job:github_sync_all | — [website] nothing to push
2026-10-02T02:16:53-10:00job:worklog_scan RUN  bash "/home/rootrecord/RootRecord-Ecosystem/1 - Servers/1 - RootRecord-Pacific-Solar-Server/Reports/scripts/worklog_once.sh"
2026-10-02T02:19:20-10:00tunnel timeout — reconnecting
2026-10-02T02:19:20-10:00tunnel timeout — reconnecting
2026-10-02T02:19:21-10:00tunnel timeout — reconnecting
2026-10-02T02:19:21-10:00tunnel timeout — reconnecting
2026-10-02T02:19:21-10:00tunnel timeout — reconnecting
2026-10-02T02:19:21-10:00tunnel timeout — reconnecting
2026-10-02T02:19:22-10:00tunnel timeout — reconnecting
2026-10-02T02:19:22-10:00tunnel connected  conn=3  edge=lax07
2026-10-02T02:19:22-10:00tunnel connected  conn=2  edge=lax01
2026-10-02T02:19:23-10:00tunnel connected  conn=0  edge=lax01
2026-10-02T02:19:53-10:00job:worklog_scan TIMEOUT after 180s
2026-10-02T02:19:53-10:00job:security_camera_frame_grab RUN  bash "/home/rootrecord/RootRecord-Ecosystem/1 - Servers/1 - RootRecord-Pacific-Solar-Server/Security/Cameras/grab_all.sh"
2026-10-02T02:20:03-10:00tunnel connected  conn=1  edge=lax11
2026-10-02T02:20:11-10:00job:security_camera_frame_grab | 02:19:53  📷  a-eyes  ch1 → ch1-20261002T121953Z.jpg  (298.3 KB, 4.47s)
2026-10-02T02:20:11-10:00job:security_camera_frame_grab | 02:19:58  📷  a-eyes  ch2 → ch2-20261002T121958Z.jpg  (319.3 KB, 4.59s)
2026-10-02T02:20:11-10:00job:security_camera_frame_grab | 02:20:02  📷  a-eyes  ch3 → ch3-20261002T122002Z.jpg  (290.1 KB, 4.44s)
2026-10-02T02:20:11-10:00job:security_camera_frame_grab | 02:20:07  📷  a-eyes  ch4 → ch4-20261002T122007Z.jpg  (264.7 KB, 4.36s)
2026-10-02T02:20:11-10:00job:service_supervisor RUN  bash "/home/rootrecord/RootRecord-Ecosystem/1 - Servers/1 - RootRecord-Pacific-Solar-Server/Automations/scripts/supervise-services.sh"
2026-10-02T02:20:11-10:00job:service_supervisor | [supervisor] weather alive pid=438612 (act)
2026-10-02T02:20:11-10:00job:service_supervisor | [supervisor] relay alive pid=3419587 (act)
2026-10-02T02:20:11-10:00job:geology_collect RUN  nice -n 10 python3 "/home/rootrecord/RootRecord-Ecosystem/1 - Servers/1 - RootRecord-Pacific-Solar-Server/Geology/scripts/geology_collect.py" all
2026-10-02T02:20:17-10:00job:geology_collect | {"ok": true, "at": "2026-10-02T02:20:11-10:00", "what": "all", "dry_run": false, "sources": {"hawaii": {"ok": true, "count": 21, "new": 0, "new_m2": 0, "ms": 464}, "global": {"ok": true, "count": 30, "new": 1, "ms": 282}, "hvo_notices": {"ok": true, "count": 47, "new": 0, "ms": 4198}, "hvo_status": {"ok": true, "volcanoes": 8, "kilauea": "WATCH", "mauna_loa": "NORMAL", "ms": 610}}}
2026-10-02T02:20:17-10:00job:system_uptime_log RUN  python3 "/home/rootrecord/RootRecord-Ecosystem/1 - Servers/1 - RootRecord-Pacific-Solar-Server/System/scripts/uptime_log.py" tick
2026-10-02T02:20:17-10:00job:system_uptime_log | {"ok": true, "facts": {"process_uptime_s": null, "boot_uptime_s": 11714, "desk_uptime_s": 219250, "origin_started_at": "2026-09-29T23:26:06.758795+00:00", "last_return_at": "2026-10-02T12:20:17.606267+00:00", "last_return_kind": "desk_up"}}
2026-10-02T02:20:17-10:00job:status_snapshot RUN  nice -n 10 python3 "/home/rootrecord/RootRecord-Ecosystem/1 - Servers/1 - RootRecord-Pacific-Solar-Server/Website/scripts/live_data_pages.py"
2026-10-02T02:20:17-10:00job:status_snapshot | live-data 6 pages
2026-10-02T02:20:17-10:00job:system_net_sample RUN  nice -n 10 python3 "/home/rootrecord/RootRecord-Ecosystem/1 - Servers/1 - RootRecord-Pacific-Solar-Server/System/scripts/host_desks.py" net-sample
2026-10-02T02:20:17-10:00job:system_net_sample | {"ok": true, "file": "/home/rootrecord/RootRecord-Ecosystem/2 - RootRecord-Database/System/network/Daily/net-20261002.jsonl", "iface": "wlo1", "hour": {"seconds": 3648, "rx": 372164852, "tx": 51070584, "total": 423235436, "iface": "wlo1", "link": "wireless"}, "day": {"seconds": 88231, "rx": 1266105080, "tx": 240792644, "total": 1506897724, "iface": "wlo1", "link": "wireless"}}
2026-10-02T02:20:17-10:00job:discord_report_relay RUN  nice -n 10 python3 "/home/rootrecord/RootRecord-Ecosystem/1 - Servers/1 - RootRecord-Pacific-Solar-Server/Communications/Discord/scripts/report_relay.py"
2026-10-02T02:20:18-10:00job:discord_report_relay | same
2026-10-02T02:20:18-10:00job:radio_rss_poll RUN  nice -n 10 python3 "/home/rootrecord/RootRecord-Ecosystem/1 - Servers/1 - RootRecord-Pacific-Solar-Server/Media/RadioRss/scripts/rss_radio.py" poll
2026-10-02T02:21:05-10:00job:radio_rss_poll | {"ok": true, "polled": [{"feed": "abc_australia_top", "ok": true, "items": 20, "duplicates": 0}, {"feed": "aljazeera_all", "ok": true, "items": 20, "duplicates": 4}, {"feed": "azure_blog", "ok": true, "items": 10, "duplicates": 0}, {"feed": "bbc_africa", "ok": true, "items": 20, "duplicates": 0}, {"feed": "bbc_asia", "ok": true, "items": 17, "duplicates": 0}, {"feed": "bbc_australia", "ok": true, "items": 17, "duplicates": 0}, {"feed": "bbc_europe", "ok": true, "items": 20, "duplicates": 0}, {"feed": "bbc_latin_america", "ok": true, "items": 17, "duplicates": 0}, {"feed": "bbc_middle_east", "ok": true, "items": 20, "duplicates": 0}, {"feed": "bbc_world", "ok": true, "items": 20, "duplicates": 0}, {"feed": "berkeley_news", "ok": true, "items": 10, "duplicates": 0}, {"feed": "cisa_news", "ok": true, "items": 10, "duplicates": 0}, {"feed": "guardian_international", "ok": true, "items": 20, "duplicates": 0}, {"feed": "harvard_gazette", "ok": true, "items": 20, "duplicates": 0}, {"feed": "microsoft_blog", "ok": true, "items": 10, "duplicates": 0}, {"feed": "microsoft_news", "ok": true, "items": 10, "duplicates": 0}, {"feed": "mit_news", "ok": true, "items": 20, "duplicates": 0}, {"feed": "mit_research", "ok": true, "items": 20, "duplicates": 0}, {"feed": "nasa_artemis", "ok": true, "items": 10, "duplicates": 9}, {"feed": "nasa_jpl", "ok": true, "items": 10, "duplicates": 10}, {"feed": "nasa_news", "ok": true, "items": 10, "duplicates": 10}, {"feed": "nasa_recent", "ok": true, "items": 10, "duplicates": 10}, {"feed": "nasa_station", "ok": true, "items": 10, "duplicates": 10}, {"feed": "nasaspaceflight", "ok": true, "items": 0}], "composed": ["c_e0d4094edeb379d5", "c_f96f1ef6e3884bfc", "c_dffdc3ee2b4de727", "c_c6d1483783596c80", "c_8347f889eed47e26", "c_437775e00470884b", "c_1b4dc794d8b7cbe2", "c_87c7499dd3c70379", "c_c4f210719ce8f496", "c_81a3e91f6a175121", "c_693ae5dd9c4cd7ce", "c_3b7d512fb78cc67e", "c_b9771d26823dfe69", "c_5f348ceba881fa9d", "c_9c26d0d8f50b87f6", "c_071e8c416f29ba0a", "c_782c3d5ca9012a24", "c_6d6cd13f8c0322e4", "c_969e8ef8c7269b00", "c_48a4a5789f835e19", "c_10f2df020b6cb660", "c_cda79b460faa623a", "c_92eb989f4aa7d929", "c_dceabd96d6cd5088", "c_cfb03ec4c9711cb7", "c_185518c6e5f1ffad", "c_b68052e5b5cebad7", "c_75585f39c3c545c7", "c_34737bd7585b31be", "c_dd30075272ff0563", "c_15bddc16caa0c7c8", "c_8ccd255c1f0a3305", "c_8e2cad655659c610", "c_a1910be98a79a180", "c_d91c80052c2b6ff5", "c_5bc932ea29118517", "c_40d3e1a52a485477", "c_775d487e825ba51f", "c_1db8980d366b9870", "c_d68acadf270f7516", "c_44a841ecd004b2f2", "c_3e0449f1631c6a74", "c_39e7c479406986ac", "c_96736f849cf49bb3", "c_f26122b40e43de14", "c_99bec0c29a72da9a", "c_6fbc63015f6c1f23", "c_aa3f7a5543d09787", "c_eb0cdac2e316fcc0", "c_9eae6eb0b7d5eeee", "c_2c9b9ad0e570f5b2", "c_9dfd031cb4bbd0c9", "c_4bf0fd02e26291a7", "c_19273b80bf863b7c", "c_30f2d295cf7e235f", "c_b4a32edf648c5a1e", "c_24ccf629b0e29bf8", "c_7f5be1def16efa42", "c_c7aed654dda60fcd", "c_0b854caa1c7fc6f8", "c_ce20891409ee6775", "c_0fd4f59765aadafe", "c_aed246a0cd46bd3f", "c_04666c362ec14f43", "c_9e131c107f53f12c", "c_a87ec734a8da3689", "c_2668ce24746c73fb", "c_66e29180a938833b", "c_cfc3d260638a5b0f", "c_3531b45c341addcc", "c_b68c732592ba755b", "c_2c4712f19ef049ad", "c_001604648e161ff3", "c_520098613f694c67", "c_9b5810315a98e5db", "c_446e66167ca64b05", "c_982b2b01b13f3802", "c_6c89bee9712ec274", "c_2edf7f0026741ae3", "c_98c97f29771e9799", "c_6ea63021269a4478", "c_5b83de98daa09d8b", "c_cdd2904e54646b81", "c_e2e58652077cde76", "c_ff2451e2616220af", "c_b7a7a8af526b2b40", "c_e7631851c7a2a9d5", "c_f285f8779d42cde9", "c_b3eb53710103ed6a", "c_d1a36831435c972b", "c_a4ac54f641d42537", "c_097a3b48c271b54c", "c_5d2cad9c5cc3b836", "c_545ebc6a5b547a1f"]}
2026-10-02T02:21:06-10:00ENERGY  status=live  B2=off  B1=49.5%  solar=0 W  ac=0 W  usbc=0 W  src=/home/rootrecord/RootRecord-Ecosystem/2 - RootRecord-Database/Energy  LAP=87%/Charging/AC
2026-10-02T02:21:06-10:00job:sys_stats_cycle RUN  bash "/home/rootrecord/RootRecord-Ecosystem/1 - Servers/1 - RootRecord-Pacific-Solar-Server/System/scripts/sys-sample.sh"
2026-10-02T02:21:08-10:00job:sys_stats_cycle | SYSTEM  cpu=8%  load=1.48  mem=47%  src=sqlite
2026-10-02T02:21:08-10:00job:sys_stats_cycle | OK wrote /home/rootrecord/RootRecord-Ecosystem/2 - RootRecord-Database/System/samples/sys-20261002-022106.json
2026-10-02T02:22:30-10:00job:github_sync_all | ↑ [ecosystem] committed 519 local file(s)
2026-10-02T02:22:30-10:00job:github_sync_all | ↓ [ecosystem] fetching origin/main
2026-10-02T02:22:30-10:00job:github_sync_all | From github.com:RootRecord-Software-Solutions/RootRecord-Ecosystem
2026-10-02T02:22:30-10:00job:github_sync_all | * branch              main       -> FETCH_HEAD
2026-10-02T02:22:30-10:00job:github_sync_all | ↑ [ecosystem] local is ahead of GitHub
2026-10-02T02:22:30-10:00job:github_sync_all | To github.com:RootRecord-Software-Solutions/RootRecord-Ecosystem.git
2026-10-02T02:22:30-10:00job:github_sync_all | fddf978d..cd4d5446  HEAD -> main
2026-10-02T02:22:30-10:00job:github_sync_all | branch 'main' set up to track 'origin/main'.
2026-10-02T02:22:30-10:00job:github_sync_all | ↑ [ecosystem] 519 files → RootRecord-Software-Solutions/RootRecord-Ecosystem (main)
2026-10-02T02:22:30-10:00job:github_sync_all | ↑ [pacific] committed 13 local file(s)
2026-10-02T02:22:30-10:00job:github_sync_all | ↓ [pacific] fetching origin/main
2026-10-02T02:22:30-10:00job:github_sync_all | From github.com:RootRecord-Software-Solutions/RootRecord-Pacific-Solar-Server
2026-10-02T02:22:30-10:00job:github_sync_all | * branch            main       -> FETCH_HEAD
2026-10-02T02:22:30-10:00job:github_sync_all | ↑ [pacific] local is ahead of GitHub
2026-10-02T02:22:30-10:00job:github_sync_all | To github.com:RootRecord-Software-Solutions/RootRecord-Pacific-Solar-Server.git
2026-10-02T02:22:30-10:00job:github_sync_all | 2e99dc7..528ff50  HEAD -> main
2026-10-02T02:22:30-10:00job:github_sync_all | branch 'main' set up to track 'origin/main'.
2026-10-02T02:22:30-10:00job:github_sync_all | ↑ [pacific] 13 files → RootRecord-Software-Solutions/RootRecord-Pacific-Solar-Server (main)
2026-10-02T02:22:30-10:00job:github_sync_all | ↑ [database] committed 532 local file(s)
2026-10-02T02:22:30-10:00job:github_sync_all | ↓ [database] fetching origin/main
2026-10-02T02:22:30-10:00job:github_sync_all | From github.com:RootRecord-Software-Solutions/RootRecord-Database
2026-10-02T02:22:30-10:00job:github_sync_all | * branch              main       -> FETCH_HEAD
2026-10-02T02:22:30-10:00job:github_sync_all | ↑ [database] local is ahead of GitHub
2026-10-02T02:22:30-10:00job:github_sync_all | To github.com:RootRecord-Software-Solutions/RootRecord-Database.git
2026-10-02T02:22:30-10:00job:github_sync_all | c1279896..1260e6c4  HEAD -> main
2026-10-02T02:22:30-10:00job:github_sync_all | branch 'main' set up to track 'origin/main'.
2026-10-02T02:22:30-10:00job:github_sync_all | ↑ [database] 532 files → RootRecord-Software-Solutions/RootRecord-Database (main)
2026-10-02T02:22:30-10:00job:github_sync_all | ↑ [library] committed 4 local file(s)
2026-10-02T02:22:30-10:00job:github_sync_all | ↓ [library] fetching origin/main
2026-10-02T02:22:30-10:00job:github_sync_all | From github.com:RootRecord-Software-Solutions/RootRecord-Library
2026-10-02T02:22:30-10:00job:github_sync_all | * branch            main       -> FETCH_HEAD
2026-10-02T02:22:30-10:00job:github_sync_all | ↑ [library] local is ahead of GitHub
2026-10-02T02:22:30-10:00job:github_sync_all | To github.com:RootRecord-Software-Solutions/RootRecord-Library.git
2026-10-02T02:22:30-10:00job:github_sync_all | d543d46..0f80f73  HEAD -> main
2026-10-02T02:22:30-10:00job:github_sync_all | branch 'main' set up to track 'origin/main'.
2026-10-02T02:22:30-10:00job:github_sync_all | ↑ [library] 4 files → RootRecord-Software-Solutions/RootRecord-Library (main)
2026-10-02T02:22:30-10:00job:github_sync_all | — [website] no local changes
2026-10-02T02:22:30-10:00job:github_sync_all | ↓ [website] fetching origin/main
2026-10-02T02:22:30-10:00job:github_sync_all | From github.com:RootRecord-Software-Solutions/RootRecord-Website
2026-10-02T02:22:30-10:00job:github_sync_all | * branch            main       -> FETCH_HEAD
2026-10-02T02:22:30-10:00job:security_camera_frame_grab RUN  bash "/home/rootrecord/RootRecord-Ecosystem/1 - Servers/1 - RootRecord-Pacific-Solar-Server/Security/Cameras/grab_all.sh"
2026-10-02T02:22:48-10:00job:security_camera_frame_grab | 02:22:30  📷  a-eyes  ch1 → ch1-20261002T122230Z.jpg  (297.5 KB, 4.22s)
2026-10-02T02:22:48-10:00job:security_camera_frame_grab | 02:22:34  📷  a-eyes  ch2 → ch2-20261002T122234Z.jpg  (315.1 KB, 4.38s)
2026-10-02T02:22:48-10:00job:security_camera_frame_grab | 02:22:39  📷  a-eyes  ch3 → ch3-20261002T122239Z.jpg  (339.0 KB, 4.59s)
2026-10-02T02:22:48-10:00job:security_camera_frame_grab | 02:22:43  📷  a-eyes  ch4 → ch4-20261002T122243Z.jpg  (262.4 KB, 4.32s)
2026-10-02T02:22:48-10:00job:voice_system_perf RUN  nice -n 10 python3 "/home/rootrecord/RootRecord-Ecosystem/1 - Servers/1 - RootRecord-Pacific-Solar-Server/Media/Voice/scripts/system_perf.py"
2026-10-02T02:23:37-10:00job:voice_system_perf | {"ok": true, "report": "system_perf", "md": "/home/rootrecord/RootRecord-Ecosystem/test-reports/Voice/system_perf_current.md", "cpu_pct": 7.3, "mem_pct": 45.7, "status_starting": {"ok": true, "played": true, "phase": "starting", "wav": "/home/rootrecord/RootRecord-Ecosystem/2 - RootRecord-Database/Media/Audio/Voice/Clips/Bruce/system_perf_starting.wav"}, "voice_rc": 0, "voice": {"ok": true, "mode": "stitch", "report": "system_perf", "agent": "bruce", "voice": "am_echo", "speed": 1.0, "wav": "/home/rootrecord/RootRecord-Ecosystem/2 - RootRecord-Database/Media/Audio/Voice/system_perf_current.wav", "clips_used": 0, "live_sentences": 15, "model_loaded": true, "render_s": 18.22, "sample_rate": 24000, "channels": 1, "subtype": "PCM_16", "duration_s": 40.143, "peak_dbfs": -1.5, "rms_dbfs": -20.16, "lead_silence_ms": 113, "qc": "PASS", "wall_s": 18.3, "peak_rss_mb": 1672}, "deliver": {"ok": true, "sent": true, "persona": "bruce", "chat": "-1004367256267", "message_id": 2524, "transcript": false, "report": true, "photo": false, "plan": {"voice": true, "transcript": false, "report": true}}, "status_transit": {"ok": true, "played": true, "phase": "transit", "wav": "/home/rootrecord/RootRecord-Ecosystem/2 - RootRecord-Database/Media/Audio/Voice/Clips/Bruce/system_perf_transit.wav"}, "radio": {"ok": true, "report": "system_perf", "file": "system_perf_current.opus", "bytes": 119948, "stage": {"ok": true, "report": "system_perf", "slot": "02:30", "file": "system_perf-half.opus"}}, "status_send": {"ok": true, "played": true, "phase": "sent", "wav": "/home/rootrecord/RootRecord-Ecosystem/2 - RootRecord-Database/Media/Audio/Voice/Clips/Bruce/system_perf_sent.wav"}}
2026-10-02T02:23:37-10:00job:voice_nws_weather RUN  nice -n 10 python3 "/home/rootrecord/RootRecord-Ecosystem/1 - Servers/1 - RootRecord-Pacific-Solar-Server/Media/Voice/scripts/voice_reports.py" nws_weather
2026-10-02T02:24:58-10:00job:voice_nws_weather | {"ok": true, "report": "nws_weather", "md": "/home/rootrecord/RootRecord-Ecosystem/test-reports/Voice/nws_weather_current.md", "sentences": 7, "status_starting": {"ok": true, "played": true, "phase": "starting", "wav": "/home/rootrecord/RootRecord-Ecosystem/2 - RootRecord-Database/Media/Audio/Voice/Clips/Ava/nws_weather_starting.wav"}, "voice": {"ok": true, "mode": "stitch", "report": "nws_weather", "agent": "ava", "voice": "af_heart", "speed": 1.0, "wav": "/home/rootrecord/RootRecord-Ecosystem/2 - RootRecord-Database/Media/Audio/Voice/nws_weather_current.wav", "clips_used": 0, "live_sentences": 15, "model_loaded": true, "render_s": 20.75, "sample_rate": 24000, "channels": 1, "subtype": "PCM_16", "duration_s": 48.893, "peak_dbfs": -1.5, "rms_dbfs": -20.41, "lead_silence_ms": 113, "qc": "PASS", "wall_s": 20.79, "peak_rss_mb": 1837, "rc": 0}, "deliver": {"ok": true, "sent": true, "persona": "ava", "chat": "-1004367256267", "message_id": 2526, "transcript": false, "report": true, "photo": false, "plan": {"voice": true, "transcript": false, "report": true}}, "status_transit": {"ok": true, "played": true, "phase": "transit", "wav": "/home/rootrecord/RootRecord-Ecosystem/2 - RootRecord-Database/Media/Audio/Voice/Clips/Ava/nws_weather_transit.wav"}, "radio": {"ok": true, "report": "nws_weather", "file": "nws_weather_current.opus", "bytes": 145735, "stage": {"ok": true, "report": "nws_weather", "slot": "02:30", "file": "nws_weather-half.opus"}}, "status_send": {"ok": true, "played": true, "phase": "sent", "wav": "/home/rootrecord/RootRecord-Ecosystem/2 - RootRecord-Database/Media/Audio/Voice/Clips/Ava/nws_weather_sent.wav"}}
2026-10-02T02:24:58-10:00job:voice_remaining_tasks RUN  nice -n 10 python3 "/home/rootrecord/RootRecord-Ecosystem/1 - Servers/1 - RootRecord-Pacific-Solar-Server/Media/Voice/scripts/voice_reports.py" remaining_tasks
2026-10-02T02:25:38-10:00job:voice_remaining_tasks | {"ok": true, "report": "remaining_tasks", "md": "/home/rootrecord/RootRecord-Ecosystem/test-reports/Voice/remaining_tasks_current.md", "sentences": 5, "status_starting": {"ok": true, "played": true, "phase": "starting", "wav": "/home/rootrecord/RootRecord-Ecosystem/2 - RootRecord-Database/Media/Audio/Voice/Clips/Bruce/remaining_tasks_starting.wav"}, "voice": {"ok": true, "mode": "stitch", "report": "remaining_tasks", "agent": "bruce", "voice": "am_echo", "speed": 1.0, "wav": "/home/rootrecord/RootRecord-Ecosystem/2 - RootRecord-Database/Media/Audio/Voice/remaining_tasks_current.wav", "clips_used": 0, "live_sentences": 4, "model_loaded": true, "render_s": 8.36, "sample_rate": 24000, "channels": 1, "subtype": "PCM_16", "duration_s": 13.765, "peak_dbfs": -1.5, "rms_dbfs": -20.25, "lead_silence_ms": 115, "qc": "PASS", "wall_s": 8.4, "peak_rss_mb": 1410, "rc": 0}, "deliver": {"ok": true, "sent": true, "persona": "bruce", "chat": "-1004367256267", "message_id": 2528, "transcript": false, "report": true, "photo": false, "plan": {"voice": true, "transcript": false, "report": true}}, "status_transit": {"ok": true, "played": true, "phase": "transit", "wav": "/home/rootrecord/RootRecord-Ecosystem/2 - RootRecord-Database/Media/Audio/Voice/Clips/Bruce/remaining_tasks_transit.wav"}, "radio": {"ok": true, "report": "remaining_tasks", "file": "remaining_tasks_current.opus", "bytes": 41427, "stage": {"ok": true, "report": "remaining_tasks", "slot": "02:30", "file": "remaining_tasks-half.opus"}}, "status_send": {"ok": true, "played": true, "phase": "sent", "wav": "/home/rootrecord/RootRecord-Ecosystem/2 - RootRecord-Database/Media/Audio/Voice/Clips/Bruce/remaining_tasks_sent.wav"}}
2026-10-02T02:25:38-10:00job:voice_earthquake_report RUN  nice -n 10 python3 "/home/rootrecord/RootRecord-Ecosystem/1 - Servers/1 - RootRecord-Pacific-Solar-Server/Media/Voice/scripts/voice_reports.py" earthquake_report
2026-10-02T02:26:23-10:00job:voice_earthquake_report | {"ok": true, "report": "earthquake_report", "md": "/home/rootrecord/RootRecord-Ecosystem/test-reports/Voice/earthquake_report_current.md", "sentences": 8, "status_starting": {"ok": true, "played": true, "phase": "starting", "wav": "/home/rootrecord/RootRecord-Ecosystem/2 - RootRecord-Database/Media/Audio/Voice/Clips/Carly/earthquake_report_starting.wav"}, "voice": {"ok": true, "mode": "stitch", "report": "earthquake_report", "agent": "carly", "voice": "af_nova", "speed": 1.0, "wav": "/home/rootrecord/RootRecord-Ecosystem/2 - RootRecord-Database/Media/Audio/Voice/earthquake_report_current.wav", "clips_used": 0, "live_sentences": 7, "model_loaded": true, "render_s": 13.77, "sample_rate": 24000, "channels": 1, "subtype": "PCM_16", "duration_s": 28.66, "peak_dbfs": -1.5, "rms_dbfs": -20.61, "lead_silence_ms": 115, "qc": "PASS", "wall_s": 13.82, "peak_rss_mb": 1560, "rc": 0}, "deliver": {"ok": true, "sent": true, "persona": "carly", "chat": "-1004367256267", "message_id": 2530, "transcript": false, "report": true, "photo": false, "plan": {"voice": true, "transcript": false, "report": true}}, "status_transit": {"ok": true, "played": true, "phase": "transit", "wav": "/home/rootrecord/RootRecord-Ecosystem/2 - RootRecord-Database/Media/Audio/Voice/Clips/Carly/earthquake_report_transit.wav"}, "radio": {"ok": true, "report": "earthquake_report", "file": "earthquake_report_current.opus", "bytes": 86271, "stage": {"ok": true, "report": "earthquake_report", "slot": "02:30", "file": "earthquake_report-half.opus"}}, "status_send": {"ok": true, "played": true, "phase": "sent", "wav": "/home/rootrecord/RootRecord-Ecosystem/2 - RootRecord-Database/Media/Audio/Voice/Clips/Carly/earthquake_report_sent.wav"}}
2026-10-02T02:26:23-10:00job:voice_kilauea_report RUN  nice -n 10 python3 "/home/rootrecord/RootRecord-Ecosystem/1 - Servers/1 - RootRecord-Pacific-Solar-Server/Media/Voice/scripts/voice_reports.py" kilauea_report
2026-10-02T02:27:11-10:00job:voice_kilauea_report | {"ok": true, "report": "kilauea_report", "md": "/home/rootrecord/RootRecord-Ecosystem/test-reports/Voice/kilauea_report_current.md", "sentences": 8, "status_starting": {"ok": true, "played": true, "phase": "starting", "wav": "/home/rootrecord/RootRecord-Ecosystem/2 - RootRecord-Database/Media/Audio/Voice/Clips/Carly/kilauea_report_starting.wav"}, "voice": {"ok": true, "mode": "stitch", "report": "kilauea_report", "agent": "carly", "voice": "af_nova", "speed": 1.0, "wav": "/home/rootrecord/RootRecord-Ecosystem/2 - RootRecord-Database/Media/Audio/Voice/kilauea_report_current.wav", "clips_used": 0, "live_sentences": 8, "model_loaded": true, "render_s": 15.71, "sample_rate": 24000, "channels": 1, "subtype": "PCM_16", "duration_s": 35.43, "peak_dbfs": -1.5, "rms_dbfs": -20.63, "lead_silence_ms": 101, "qc": "PASS", "wall_s": 15.8, "peak_rss_mb": 1650, "rc": 0}, "deliver": {"ok": true, "sent": true, "persona": "carly", "chat": "-1004367256267", "message_id": 2532, "transcript": false, "report": true, "photo": false, "plan": {"voice": true, "transcript": false, "report": true}}, "status_transit": {"ok": true, "played": true, "phase": "transit", "wav": "/home/rootrecord/RootRecord-Ecosystem/2 - RootRecord-Database/Media/Audio/Voice/Clips/Carly/kilauea_report_transit.wav"}, "radio": {"ok": true, "report": "kilauea_report", "file": "kilauea_report_current.opus", "bytes": 106629, "stage": {"ok": true, "report": "kilauea_report", "slot": "02:30", "file": "kilauea_report-half.opus"}}, "status_send": {"ok": true, "played": true, "phase": "sent", "wav": "/home/rootrecord/RootRecord-Ecosystem/2 - RootRecord-Database/Media/Audio/Voice/Clips/Carly/kilauea_report_sent.wav"}}
2026-10-02T02:27:11-10:00job:voice_solar_desk RUN  nice -n 10 python3 "/home/rootrecord/RootRecord-Ecosystem/1 - Servers/1 - RootRecord-Pacific-Solar-Server/Media/Voice/scripts/voice_reports.py" solar_desk
2026-10-02T02:29:09-10:00job:voice_solar_desk | {"ok": true, "report": "solar_desk", "md": "/home/rootrecord/RootRecord-Ecosystem/test-reports/Voice/solar_desk_current.md", "sentences": 9, "status_starting": {"ok": true, "played": true, "phase": "starting", "wav": "/home/rootrecord/RootRecord-Ecosystem/2 - RootRecord-Database/Media/Audio/Voice/Clips/Bruce/solar_desk_starting.wav"}, "voice": {"ok": true, "mode": "stitch", "report": "solar_desk", "agent": "bruce", "voice": "am_echo", "speed": 1.0, "wav": "/home/rootrecord/RootRecord-Ecosystem/2 - RootRecord-Database/Media/Audio/Voice/solar_desk_current.wav", "clips_used": 0, "live_sentences": 8, "model_loaded": true, "render_s": 17.63, "sample_rate": 24000, "channels": 1, "subtype": "PCM_16", "duration_s": 36.031, "peak_dbfs": -1.5, "rms_dbfs": -20.2, "lead_silence_ms": 115, "qc": "PASS", "wall_s": 17.72, "peak_rss_mb": 1623, "rc": 0}, "deliver": {"ok": true, "sent": true, "persona": "bruce", "chat": "-1004367256267", "message_id": 2534, "transcript": false, "report": true, "photo": true, "plan": {"voice": true, "transcript": false, "report": true}}, "status_transit": {"ok": true, "played": true, "phase": "transit", "wav": "/home/rootrecord/RootRecord-Ecosystem/2 - RootRecord-Database/Media/Audio/Voice/Clips/Bruce/solar_desk_transit.wav"}, "radio": {"ok": true, "report": "solar_desk", "file": "solar_desk_current.opus", "bytes": 109297, "stage": {"ok": true, "report": "solar_desk", "slot": "02:30", "file": "solar_desk-half.opus"}}, "status_send": {"ok": true, "played": true, "phase": "sent", "wav": "/home/rootrecord/RootRecord-Ecosystem/2 - RootRecord-Database/Media/Audio/Voice/Clips/Bruce/solar_desk_sent.wav"}}
2026-10-02T02:29:09-10:00job:voice_security_desk RUN  nice -n 10 python3 "/home/rootrecord/RootRecord-Ecosystem/1 - Servers/1 - RootRecord-Pacific-Solar-Server/Media/Voice/scripts/voice_reports.py" security_desk
2026-10-02T02:30:50-10:00job:voice_security_desk | {"ok": true, "report": "security_desk", "md": "/home/rootrecord/RootRecord-Ecosystem/test-reports/Voice/security_desk_current.md", "sentences": 7, "status_starting": {"ok": true, "played": true, "phase": "starting", "wav": "/home/rootrecord/RootRecord-Ecosystem/2 - RootRecord-Database/Media/Audio/Voice/Clips/Carly/security_desk_starting.wav"}, "voice": {"ok": true, "mode": "stitch", "report": "security_desk", "agent": "carly", "voice": "af_nova", "speed": 1.0, "wav": "/home/rootrecord/RootRecord-Ecosystem/2 - RootRecord-Database/Media/Audio/Voice/security_desk_current.wav", "clips_used": 0, "live_sentences": 6, "model_loaded": true, "render_s": 10.54, "sample_rate": 24000, "channels": 1, "subtype": "PCM_16", "duration_s": 17.634, "peak_dbfs": -2.55, "rms_dbfs": -20.31, "lead_silence_ms": 110, "qc": "PASS", "wall_s": 10.59, "peak_rss_mb": 1412, "rc": 0}, "deliver": {"ok": true, "sent": true, "persona": "carly", "chat": "-1004367256267", "message_id": 2537, "transcript": false, "report": true, "photo": false, "plan": {"voice": true, "transcript": false, "report": true}}, "status_transit": {"ok": true, "played": true, "phase": "transit", "wav": "/home/rootrecord/RootRecord-Ecosystem/2 - RootRecord-Database/Media/Audio/Voice/Clips/Carly/security_desk_transit.wav"}, "radio": {"ok": true, "report": "security_desk", "file": "security_desk_current.opus", "bytes": 52739, "stage": {"ok": true, "report": "security_desk", "slot": "03:00", "file": "security_desk-hour.opus"}}, "status_send": {"ok": true, "played": true, "phase": "sent", "wav": "/home/rootrecord/RootRecord-Ecosystem/2 - RootRecord-Database/Media/Audio/Voice/Clips/Carly/security_desk_sent.wav"}}
2026-10-02T02:30:50-10:00job:voice_bandwidth_desk RUN  nice -n 10 python3 "/home/rootrecord/RootRecord-Ecosystem/1 - Servers/1 - RootRecord-Pacific-Solar-Server/Media/Voice/scripts/voice_reports.py" bandwidth_desk
2026-10-02T02:31:30-10:00job:voice_bandwidth_desk | {"ok": true, "report": "bandwidth_desk", "md": "/home/rootrecord/RootRecord-Ecosystem/test-reports/Voice/bandwidth_desk_current.md", "sentences": 5, "status_starting": {"ok": true, "played": true, "phase": "starting", "wav": "/home/rootrecord/RootRecord-Ecosystem/2 - RootRecord-Database/Media/Audio/Voice/Clips/Carly/bandwidth_desk_starting.wav"}, "voice": {"ok": true, "mode": "stitch", "report": "bandwidth_desk", "agent": "carly", "voice": "af_nova", "speed": 1.0, "wav": "/home/rootrecord/RootRecord-Ecosystem/2 - RootRecord-Database/Media/Audio/Voice/bandwidth_desk_current.wav", "clips_used": 0, "live_sentences": 4, "model_loaded": true, "render_s": 11.05, "sample_rate": 24000, "channels": 1, "subtype": "PCM_16", "duration_s": 20.444, "peak_dbfs": -1.5, "rms_dbfs": -21.28, "lead_silence_ms": 115, "qc": "PASS", "wall_s": 11.11, "peak_rss_mb": 1521, "rc": 0}, "deliver": {"ok": true, "sent": true, "persona": "carly", "chat": "-1004367256267", "message_id": 2539, "transcript": false, "report": true, "photo": false, "plan": {"voice": true, "transcript": false, "report": true}}, "status_transit": {"ok": true, "played": true, "phase": "transit", "wav": "/home/rootrecord/RootRecord-Ecosystem/2 - RootRecord-Database/Media/Audio/Voice/Clips/Carly/bandwidth_desk_transit.wav"}, "radio": {"ok": true, "report": "bandwidth_desk", "file": "bandwidth_desk_current.opus", "bytes": 61754, "stage": {"ok": true, "report": "bandwidth_desk", "slot": "03:00", "file": "bandwidth_desk-hour.opus"}}, "status_send": {"ok": true, "played": true, "phase": "sent", "wav": "/home/rootrecord/RootRecord-Ecosystem/2 - RootRecord-Database/Media/Audio/Voice/Clips/Carly/bandwidth_desk_sent.wav"}}
2026-10-02T02:31:30-10:00job:voice_current_report RUN  nice -n 10 python3 "/home/rootrecord/RootRecord-Ecosystem/1 - Servers/1 - RootRecord-Pacific-Solar-Server/Media/Voice/scripts/voice_reports.py" current_report
2026-10-02T02:33:51-10:00job:voice_current_report | {"ok": true, "report": "current_report", "md": "/home/rootrecord/RootRecord-Ecosystem/2 - RootRecord-Database/Reports/current_report_current.md", "sentences": 27, "status_starting": {"ok": true, "played": true, "phase": "starting", "wav": "/home/rootrecord/RootRecord-Ecosystem/2 - RootRecord-Database/Media/Audio/Voice/Clips/Ava/current_report_starting.wav"}, "voice": {"ok": true, "mode": "stitch", "report": "current_report", "agent": "ava", "voice": "af_heart", "speed": 1.0, "wav": "/home/rootrecord/RootRecord-Ecosystem/2 - RootRecord-Database/Media/Audio/Voice/current_report_current.wav", "clips_used": 0, "live_sentences": 33, "model_loaded": true, "render_s": 43.91, "sample_rate": 24000, "channels": 1, "subtype": "PCM_16", "duration_s": 116.244, "peak_dbfs": -1.5, "rms_dbfs": -20.34, "lead_silence_ms": 114, "qc": "PASS", "wall_s": 43.96, "peak_rss_mb": 2124, "rc": 0}, "deliver": {"ok": true, "sent": true, "persona": "ava", "chat": "-1004367256267", "message_id": 2541, "transcript": false, "report": true, "photo": false, "plan": {"voice": true, "transcript": false, "report": true}}, "status_transit": {"ok": true, "played": true, "phase": "transit", "wav": "/home/rootrecord/RootRecord-Ecosystem/2 - RootRecord-Database/Media/Audio/Voice/Clips/Ava/current_report_transit.wav"}, "radio": {"ok": true, "report": "current_report", "file": "current_report_current.opus", "bytes": 346873, "stage": {"ok": true, "report": "current_report", "slot": "03:00", "file": "current_report-hour.opus"}}, "status_send": {"ok": true, "played": true, "phase": "sent", "wav": "/home/rootrecord/RootRecord-Ecosystem/2 - RootRecord-Database/Media/Audio/Voice/Clips/Ava/current_report_sent.wav", "stack": {"ok": true, "played": true, "phase": "stack_all_sent", "wav": "/home/rootrecord/RootRecord-Ecosystem/2 - RootRecord-Database/Media/Audio/Voice/Clips/Ava/stack_all_sent.wav"}}}
2026-10-02T02:33:52-10:00ENERGY  status=live  B2=off  B1=45.8%  solar=0 W  ac=0 W  usbc=0 W  src=/home/rootrecord/RootRecord-Ecosystem/2 - RootRecord-Database/Energy  LAP=92%/Charging/AC
2026-10-02T02:33:52-10:00job:sys_stats_cycle RUN  bash "/home/rootrecord/RootRecord-Ecosystem/1 - Servers/1 - RootRecord-Pacific-Solar-Server/System/scripts/sys-sample.sh"
2026-10-02T02:33:54-10:00job:sys_stats_cycle | SYSTEM  cpu=6%  load=2.16  mem=39%  src=sqlite
2026-10-02T02:33:54-10:00job:sys_stats_cycle | OK wrote /home/rootrecord/RootRecord-Ecosystem/2 - RootRecord-Database/System/samples/sys-20261002-023352.json
2026-10-02T02:35:11-10:00job:github_sync_all | ↑ [ecosystem] committed 96 local file(s)
2026-10-02T02:35:11-10:00job:github_sync_all | ↓ [ecosystem] fetching origin/main
2026-10-02T02:35:11-10:00job:github_sync_all | From github.com:RootRecord-Software-Solutions/RootRecord-Ecosystem
2026-10-02T02:35:11-10:00job:github_sync_all | * branch              main       -> FETCH_HEAD
2026-10-02T02:35:11-10:00job:github_sync_all | ↑ [ecosystem] local is ahead of GitHub
2026-10-02T02:35:11-10:00job:github_sync_all | To github.com:RootRecord-Software-Solutions/RootRecord-Ecosystem.git
2026-10-02T02:35:11-10:00job:github_sync_all | cd4d5446..8145eb0c  HEAD -> main
2026-10-02T02:35:11-10:00job:github_sync_all | branch 'main' set up to track 'origin/main'.
2026-10-02T02:35:11-10:00job:github_sync_all | ↑ [ecosystem] 96 files → RootRecord-Software-Solutions/RootRecord-Ecosystem (main)
2026-10-02T02:35:11-10:00job:github_sync_all | ↑ [pacific] committed 14 local file(s)
2026-10-02T02:35:11-10:00job:github_sync_all | ↓ [pacific] fetching origin/main
2026-10-02T02:35:11-10:00job:github_sync_all | From github.com:RootRecord-Software-Solutions/RootRecord-Pacific-Solar-Server
2026-10-02T02:35:11-10:00job:github_sync_all | * branch            main       -> FETCH_HEAD
2026-10-02T02:35:11-10:00job:github_sync_all | ↑ [pacific] local is ahead of GitHub
2026-10-02T02:35:11-10:00job:github_sync_all | To github.com:RootRecord-Software-Solutions/RootRecord-Pacific-Solar-Server.git
2026-10-02T02:35:11-10:00job:github_sync_all | 528ff50..f942d35  HEAD -> main
2026-10-02T02:35:11-10:00job:github_sync_all | branch 'main' set up to track 'origin/main'.
2026-10-02T02:35:11-10:00job:github_sync_all | ↑ [pacific] 14 files → RootRecord-Software-Solutions/RootRecord-Pacific-Solar-Server (main)
2026-10-02T02:35:11-10:00job:github_sync_all | ↑ [database] committed 74 local file(s)
2026-10-02T02:35:11-10:00job:github_sync_all | ↓ [database] fetching origin/main
2026-10-02T02:35:11-10:00job:github_sync_all | From github.com:RootRecord-Software-Solutions/RootRecord-Database
2026-10-02T02:35:11-10:00job:github_sync_all | * branch              main       -> FETCH_HEAD
2026-10-02T02:35:11-10:00job:github_sync_all | ↑ [database] local is ahead of GitHub
2026-10-02T02:35:11-10:00job:github_sync_all | To github.com:RootRecord-Software-Solutions/RootRecord-Database.git
2026-10-02T02:35:11-10:00job:github_sync_all | 1260e6c4..f76f5710  HEAD -> main
2026-10-02T02:35:11-10:00job:github_sync_all | branch 'main' set up to track 'origin/main'.
2026-10-02T02:35:11-10:00job:github_sync_all | ↑ [database] 74 files → RootRecord-Software-Solutions/RootRecord-Database (main)
2026-10-02T02:35:11-10:00job:github_sync_all | ↑ [library] committed 6 local file(s)
2026-10-02T02:35:11-10:00job:github_sync_all | ↓ [library] fetching origin/main
2026-10-02T02:35:11-10:00job:github_sync_all | From github.com:RootRecord-Software-Solutions/RootRecord-Library
2026-10-02T02:35:11-10:00job:github_sync_all | * branch            main       -> FETCH_HEAD
2026-10-02T02:35:11-10:00job:github_sync_all | ↑ [library] local is ahead of GitHub
2026-10-02T02:35:11-10:00job:github_sync_all | To github.com:RootRecord-Software-Solutions/RootRecord-Library.git
2026-10-02T02:35:11-10:00job:github_sync_all | 0f80f73..c96cc39  HEAD -> main
2026-10-02T02:35:11-10:00job:github_sync_all | branch 'main' set up to track 'origin/main'.
2026-10-02T02:35:11-10:00job:github_sync_all | ↑ [library] 6 files → RootRecord-Software-Solutions/RootRecord-Library (main)
2026-10-02T02:35:11-10:00job:github_sync_all | — [website] no local changes
2026-10-02T02:35:11-10:00job:github_sync_all | ↓ [website] fetching origin/main
2026-10-02T02:35:11-10:00job:github_sync_all | From github.com:RootRecord-Software-Solutions/RootRecord-Website
2026-10-02T02:35:11-10:00job:github_sync_all | * branch            main       -> FETCH_HEAD
2026-10-02T02:35:11-10:00job:worklog_scan RUN  bash "/home/rootrecord/RootRecord-Ecosystem/1 - Servers/1 - RootRecord-Pacific-Solar-Server/Reports/scripts/worklog_once.sh"
2026-10-02T02:38:11-10:00job:worklog_scan TIMEOUT after 180s
2026-10-02T02:38:11-10:00job:security_camera_frame_grab RUN  bash "/home/rootrecord/RootRecord-Ecosystem/1 - Servers/1 - RootRecord-Pacific-Solar-Server/Security/Cameras/grab_all.sh"
2026-10-02T02:38:29-10:00job:security_camera_frame_grab | 02:38:11  📷  a-eyes  ch1 → ch1-20261002T123811Z.jpg  (295.7 KB, 4.46s)
2026-10-02T02:38:29-10:00job:security_camera_frame_grab | 02:38:16  📷  a-eyes  ch2 → ch2-20261002T123816Z.jpg  (315.1 KB, 4.51s)
2026-10-02T02:38:29-10:00job:security_camera_frame_grab | 02:38:20  📷  a-eyes  ch3 → ch3-20261002T123820Z.jpg  (341.3 KB, 4.41s)
2026-10-02T02:38:29-10:00job:security_camera_frame_grab | 02:38:25  📷  a-eyes  ch4 → ch4-20261002T123825Z.jpg  (247.2 KB, 4.42s)
2026-10-02T02:38:29-10:00job:service_supervisor RUN  bash "/home/rootrecord/RootRecord-Ecosystem/1 - Servers/1 - RootRecord-Pacific-Solar-Server/Automations/scripts/supervise-services.sh"
2026-10-02T02:38:29-10:00job:service_supervisor | [supervisor] weather alive pid=438612 (act)
2026-10-02T02:38:29-10:00job:service_supervisor | [supervisor] relay alive pid=3419587 (act)
2026-10-02T02:38:29-10:00job:geology_collect RUN  nice -n 10 python3 "/home/rootrecord/RootRecord-Ecosystem/1 - Servers/1 - RootRecord-Pacific-Solar-Server/Geology/scripts/geology_collect.py" all
2026-10-02T02:38:32-10:00job:geology_collect | {"ok": true, "at": "2026-10-02T02:38:29-10:00", "what": "all", "dry_run": false, "sources": {"hawaii": {"ok": true, "count": 22, "new": 1, "new_m2": 0, "ms": 782}, "global": {"ok": true, "count": 28, "new": 1, "ms": 338}, "hvo_notices": {"ok": true, "count": 47, "new": 0, "ms": 849}, "hvo_status": {"ok": true, "volcanoes": 8, "kilauea": "WATCH", "mauna_loa": "NORMAL", "ms": 610}}}
2026-10-02T02:38:32-10:00job:system_uptime_log RUN  python3 "/home/rootrecord/RootRecord-Ecosystem/1 - Servers/1 - RootRecord-Pacific-Solar-Server/System/scripts/uptime_log.py" tick
2026-10-02T02:38:32-10:00job:system_uptime_log | {"ok": true, "facts": {"process_uptime_s": null, "boot_uptime_s": 12809, "desk_uptime_s": 220345, "origin_started_at": "2026-09-29T23:26:06.758795+00:00", "last_return_at": "2026-10-02T12:38:32.481131+00:00", "last_return_kind": "desk_up"}}
2026-10-02T02:38:32-10:00job:status_snapshot RUN  nice -n 10 python3 "/home/rootrecord/RootRecord-Ecosystem/1 - Servers/1 - RootRecord-Pacific-Solar-Server/Website/scripts/live_data_pages.py"
2026-10-02T02:38:32-10:00job:status_snapshot | live-data 6 pages
2026-10-02T02:38:32-10:00job:system_net_sample RUN  nice -n 10 python3 "/home/rootrecord/RootRecord-Ecosystem/1 - Servers/1 - RootRecord-Pacific-Solar-Server/System/scripts/host_desks.py" net-sample
2026-10-02T02:38:32-10:00job:system_net_sample | {"ok": true, "file": "/home/rootrecord/RootRecord-Ecosystem/2 - RootRecord-Database/System/network/Daily/net-20261002.jsonl", "iface": "wlo1", "hour": {"seconds": 4001, "rx": 471178493, "tx": 61343754, "total": 532522247, "iface": "wlo1", "link": "wireless"}, "day": {"seconds": 89326, "rx": 1431195679, "tx": 261536021, "total": 1692731700, "iface": "wlo1", "link": "wireless"}}
2026-10-02T02:38:32-10:00job:discord_report_relay RUN  nice -n 10 python3 "/home/rootrecord/RootRecord-Ecosystem/1 - Servers/1 - RootRecord-Pacific-Solar-Server/Communications/Discord/scripts/report_relay.py"
2026-10-02T02:38:39-10:00job:discord_report_relay | posted earthquake_report
2026-10-02T02:38:39-10:00job:discord_report_relay | posted kilauea_report
2026-10-02T02:38:39-10:00job:discord_report_relay | posted solar_desk
2026-10-02T02:38:39-10:00job:discord_report_relay | posted security_desk
2026-10-02T02:38:39-10:00job:discord_report_relay | posted bandwidth_desk
2026-10-02T02:38:39-10:00job:discord_report_relay | posted system_perf
2026-10-02T02:38:39-10:00job:radio_rss_poll RUN  nice -n 10 python3 "/home/rootrecord/RootRecord-Ecosystem/1 - Servers/1 - RootRecord-Pacific-Solar-Server/Media/RadioRss/scripts/rss_radio.py" poll
2026-10-02T02:39:16-10:00job:radio_rss_poll | {"ok": true, "polled": [{"feed": "abc_australia_top", "ok": true, "items": 20, "duplicates": 19}, {"feed": "aljazeera_all", "ok": true, "items": 20, "duplicates": 15}, {"feed": "azure_blog", "ok": true, "items": 0}, {"feed": "bbc_africa", "ok": true, "items": 20, "duplicates": 12}, {"feed": "bbc_asia", "ok": true, "items": 17, "duplicates": 17}, {"feed": "bbc_australia", "ok": true, "items": 17, "duplicates": 11}, {"feed": "bbc_business", "ok": true, "items": 20, "duplicates": 18}, {"feed": "bbc_europe", "ok": true, "items": 20, "duplicates": 19}, {"feed": "bbc_latin_america", "ok": true, "items": 17, "duplicates": 17}, {"feed": "bbc_middle_east", "ok": true, "items": 20, "duplicates": 18}, {"feed": "bbc_world", "ok": true, "items": 20, "duplicates": 19}, {"feed": "bea_news", "ok": true, "items": 20, "duplicates": 20}, {"feed": "berkeley_news", "ok": true, "items": 0}, {"feed": "breaking_defense", "ok": true, "items": 0}, {"feed": "cisa_news", "ok": true, "items": 10, "duplicates": 10}, {"feed": "civil_beat", "ok": true, "items": 0}, {"feed": "defense_news", "ok": true, "items": 20, "duplicates": 19}, {"feed": "esa_human_spaceflight", "ok": true, "items": 15, "duplicates": 14}, {"feed": "esa_space_science", "ok": true, "items": 15, "duplicates": 15}, {"feed": "esa_top_news", "ok": true, "items": 9, "duplicates": 8}, {"feed": "fed_monetary", "ok": true, "items": 0}, {"feed": "github_changelog", "ok": true, "items": 0}, {"feed": "guardian_international", "ok": true, "items": 20, "duplicates": 18}, {"feed": "harvard_gazette", "ok": true, "items": 0}], "composed": ["c_23b1e22168c206e9"]}
2026-10-02T02:39:17-10:00job:radio_news_update RUN  nice -n 10 python3 "/home/rootrecord/RootRecord-Ecosystem/1 - Servers/1 - RootRecord-Pacific-Solar-Server/Media/RadioRss/scripts/rss_radio.py" news-hour --speak
2026-10-02T02:49:18-10:00tunnel timeout — reconnecting
2026-10-02T02:49:18-10:00tunnel timeout — reconnecting
2026-10-02T02:49:18-10:00tunnel timeout — reconnecting
2026-10-02T02:49:18-10:00tunnel timeout — reconnecting
2026-10-02T02:49:18-10:00tunnel timeout — reconnecting
2026-10-02T02:49:19-10:00tunnel timeout — reconnecting
2026-10-02T02:49:20-10:00tunnel timeout — reconnecting
2026-10-02T02:49:20-10:00tunnel connected  conn=0  edge=lax01
2026-10-02T02:49:20-10:00tunnel connected  conn=2  edge=lax01
2026-10-02T02:49:42-10:00job:radio_news_update FAIL code=-15
2026-10-02T02:49:42-10:00HTTP listening on http://127.0.0.1:8799 (open access on bind)
2026-10-02T02:49:42-10:00boot:start  jobs=9
2026-10-02T02:49:42-10:00boot:run  priority=0  id=self_terminal
2026-10-02T02:49:42-10:00boot:p0 self_process pid=811787
2026-10-02T02:49:42-10:00boot:run  priority=1  id=cloudflare_tunnel
2026-10-02T02:49:42-10:00boot:p1 cloudflare_tunnel host=rootserver.rootrecord.cloud
2026-10-02T02:49:42-10:00internet OK at boot — starting tunnel
2026-10-02T02:49:42-10:00Starting cloudflared mode=token public_host=rootserver.rootrecord.cloud
2026-10-02T02:49:42-10:00Waiting for tunnel register (timeout=45s)…
2026-10-02T02:49:42-10:00tunnel starting
2026-10-02T02:49:43-10:00tunnel connected  conn=0  edge=lax13
2026-10-02T02:49:43-10:00Tunnel READY — first connection registered.
2026-10-02T02:49:43-10:00boot:run  priority=2  id=github_setup_remotes
2026-10-02T02:49:43-10:00tunnel ingress  rootserver.rootrecord.cloud → 127.0.0.1:8799
2026-10-02T02:49:43-10:00boot:run  priority=3  id=ollama_warmup
2026-10-02T02:49:43-10:00job:ollama_warmup RUN  bash '/home/rootrecord/RootRecord-Ecosystem/1 - Servers/1 - RootRecord-Pacific-Solar-Server/System/scripts/plumbing/ollama-warmup.sh'
2026-10-02T02:49:43-10:00job:ollama_warmup | [ok] ollama up
2026-10-02T02:49:43-10:00boot:run  priority=4  id=flm_npu_warmup
2026-10-02T02:49:43-10:00job:flm_npu_warmup RUN  bash '/home/rootrecord/RootRecord-Ecosystem/1 - Servers/1 - RootRecord-Pacific-Solar-Server/System/scripts/plumbing/flm-warmup.sh'
2026-10-02T02:49:43-10:00job:flm_npu_warmup | [skip] FLM warmup disabled (no resident model; set FLM_WARMUP_RESIDENT=1 to opt in)
2026-10-02T02:49:43-10:00boot:run  priority=5  id=council_relay
2026-10-02T02:49:43-10:00tunnel connected  conn=1  edge=lax08
2026-10-02T02:49:43-10:00job:council_relay RUN  bash "/home/rootrecord/RootRecord-Ecosystem/1 - Servers/1 - RootRecord-Pacific-Solar-Server/Communications/telegram/scripts/ensure-relay.sh"
2026-10-02T02:49:43-10:00job:council_relay | [ok] council-relay already running
2026-10-02T02:49:43-10:00boot:run  priority=6  id=security_camera_server
2026-10-02T02:49:43-10:00job:security_camera_server RUN  bash "/home/rootrecord/RootRecord-Ecosystem/1 - Servers/1 - RootRecord-Pacific-Solar-Server/Security/Cameras/ensure_cam_server.sh"
2026-10-02T02:49:43-10:00job:security_camera_server | security cam server started
2026-10-02T02:49:43-10:00boot:run  priority=7  id=security_timelapse_catchup
2026-10-02T02:49:43-10:00job:security_timelapse_catchup RUN  bash "/home/rootrecord/RootRecord-Ecosystem/1 - Servers/1 - RootRecord-Pacific-Solar-Server/Security/Cameras/timelapse_catchup.sh"
2026-10-02T02:49:43-10:00job:security_timelapse_catchup | 02:49:43  🎬  a-eyes-timelapse  catchup: checking 20261002, now=02:49 HST
2026-10-02T02:49:43-10:00job:security_timelapse_catchup | 02:49:43  🎬  a-eyes-timelapse  catchup: window still open today, skipping daily render
2026-10-02T02:49:43-10:00boot:run  priority=9  id=network_globe_hawaii
2026-10-02T02:49:43-10:00job:network_globe_hawaii RUN  bash "/home/rootrecord/RootRecord-Ecosystem/1 - Servers/1 - RootRecord-Pacific-Solar-Server/Communications/network/scripts/ensure-network-globe-hawaii.sh"
2026-10-02T02:49:43-10:00job:network_globe_hawaii | [ensure-network-globe-hawaii] already running -- nothing to do
2026-10-02T02:49:43-10:00boot:done
2026-10-02T02:49:44-10:00tunnel connected  conn=2  edge=lax07
2026-10-02T02:49:45-10:00tunnel connected  conn=3  edge=lax13
2026-10-02T02:50:04-10:00  ✗  ecoflow_read_boot FAIL code=-15
2026-10-02T02:50:04-10:00scheduler  every_seconds=10  every_minute=12  every_hour=4  on_at=10
2026-10-02T02:50:04-10:00HTTP listening on http://127.0.0.1:8799 (open access on bind)
2026-10-02T02:50:04-10:00boot:start  jobs=9
2026-10-02T02:50:04-10:00boot:run  priority=0  id=self_terminal
2026-10-02T02:50:04-10:00boot:p0 self_process pid=812782
2026-10-02T02:50:04-10:00boot:run  priority=1  id=cloudflare_tunnel
2026-10-02T02:50:04-10:00boot:p1 cloudflare_tunnel host=rootserver.rootrecord.cloud
2026-10-02T02:50:04-10:00internet OK at boot — starting tunnel
2026-10-02T02:50:04-10:00Starting cloudflared mode=token public_host=rootserver.rootrecord.cloud
2026-10-02T02:50:04-10:00Waiting for tunnel register (timeout=45s)…
2026-10-02T02:50:04-10:00tunnel starting
2026-10-02T02:50:05-10:00tunnel connected  conn=0  edge=lax13
2026-10-02T02:50:05-10:00Tunnel READY — first connection registered.
2026-10-02T02:50:05-10:00boot:run  priority=2  id=github_setup_remotes
2026-10-02T02:50:05-10:00tunnel ingress  rootserver.rootrecord.cloud → 127.0.0.1:8799
2026-10-02T02:50:05-10:00boot:run  priority=3  id=ollama_warmup
2026-10-02T02:50:05-10:00job:ollama_warmup RUN  bash '/home/rootrecord/RootRecord-Ecosystem/1 - Servers/1 - RootRecord-Pacific-Solar-Server/System/scripts/plumbing/ollama-warmup.sh'
2026-10-02T02:50:05-10:00tunnel connected  conn=1  edge=lax10
2026-10-02T02:50:05-10:00job:ollama_warmup | [ok] ollama up
2026-10-02T02:50:05-10:00boot:run  priority=4  id=flm_npu_warmup
2026-10-02T02:50:05-10:00job:flm_npu_warmup RUN  bash '/home/rootrecord/RootRecord-Ecosystem/1 - Servers/1 - RootRecord-Pacific-Solar-Server/System/scripts/plumbing/flm-warmup.sh'
2026-10-02T02:50:05-10:00job:flm_npu_warmup | [skip] FLM warmup disabled (no resident model; set FLM_WARMUP_RESIDENT=1 to opt in)
2026-10-02T02:50:05-10:00boot:run  priority=5  id=council_relay
2026-10-02T02:50:05-10:00job:council_relay RUN  bash "/home/rootrecord/RootRecord-Ecosystem/1 - Servers/1 - RootRecord-Pacific-Solar-Server/Communications/telegram/scripts/ensure-relay.sh"
2026-10-02T02:50:05-10:00job:council_relay | [ok] council-relay already running
2026-10-02T02:50:05-10:00boot:run  priority=6  id=security_camera_server
2026-10-02T02:50:05-10:00job:security_camera_server RUN  bash "/home/rootrecord/RootRecord-Ecosystem/1 - Servers/1 - RootRecord-Pacific-Solar-Server/Security/Cameras/ensure_cam_server.sh"
2026-10-02T02:50:05-10:00job:security_camera_server | security cam server started
2026-10-02T02:50:05-10:00boot:run  priority=7  id=security_timelapse_catchup
2026-10-02T02:50:05-10:00job:security_timelapse_catchup RUN  bash "/home/rootrecord/RootRecord-Ecosystem/1 - Servers/1 - RootRecord-Pacific-Solar-Server/Security/Cameras/timelapse_catchup.sh"
2026-10-02T02:50:05-10:00job:security_timelapse_catchup | 02:50:05  🎬  a-eyes-timelapse  catchup: checking 20261002, now=02:50 HST
2026-10-02T02:50:05-10:00job:security_timelapse_catchup | 02:50:05  🎬  a-eyes-timelapse  catchup: window still open today, skipping daily render
2026-10-02T02:50:05-10:00boot:run  priority=9  id=network_globe_hawaii
2026-10-02T02:50:05-10:00job:network_globe_hawaii RUN  bash "/home/rootrecord/RootRecord-Ecosystem/1 - Servers/1 - RootRecord-Pacific-Solar-Server/Communications/network/scripts/ensure-network-globe-hawaii.sh"
2026-10-02T02:50:05-10:00job:network_globe_hawaii | [ensure-network-globe-hawaii] already running -- nothing to do
2026-10-02T02:50:05-10:00boot:done
2026-10-02T02:50:06-10:00tunnel connected  conn=2  edge=lax01
2026-10-02T02:50:07-10:00tunnel connected  conn=3  edge=lax08
2026-10-02T02:50:56-10:00  ▸  SUMMARY=river2pro soc=41.04% solar=0W ac_out=53W usbc=35W src=ble db=ok
2026-10-02T02:50:56-10:00scheduler  every_seconds=10  every_minute=12  every_hour=4  on_at=10
2026-10-02T02:50:56-10:00ENERGY  status=live  B2=off  B1=41.0%  solar=0 W  ac=0 W  usbc=0 W  src=/home/rootrecord/RootRecord-Ecosystem/2 - RootRecord-Database/Energy  LAP=96%/Charging/AC
2026-10-02T02:50:56-10:00job:sys_stats_cycle RUN  bash "/home/rootrecord/RootRecord-Ecosystem/1 - Servers/1 - RootRecord-Pacific-Solar-Server/System/scripts/sys-sample.sh"
2026-10-02T02:50:58-10:00job:sys_stats_cycle | SYSTEM  cpu=24%  load=2.92  mem=40%  src=sqlite
2026-10-02T02:50:58-10:00job:sys_stats_cycle | OK wrote /home/rootrecord/RootRecord-Ecosystem/2 - RootRecord-Database/System/samples/sys-20261002-025056.json
2026-10-02T02:51:29-10:00job:github_sync_all FAIL code=-15
2026-10-02T02:51:29-10:00job:github_sync_all ! ↑ [ecosystem] committed 715 local file(s)
2026-10-02T02:51:29-10:00job:github_sync_all ! ↓ [ecosystem] fetching origin/main
2026-10-02T02:51:29-10:00job:github_sync_all ! From github.com:RootRecord-Software-Solutions/RootRecord-Ecosystem
2026-10-02T02:51:29-10:00job:github_sync_all !  * branch              main       -> FETCH_HEAD
2026-10-02T02:51:29-10:00job:github_sync_all !  * [new branch]        main       -> origin/main
2026-10-02T02:51:29-10:00job:github_sync_all ! ↑ [ecosystem] local is ahead of GitHub
2026-10-02T02:51:29-10:00job:github_sync_all ! To github.com:RootRecord-Software-Solutions/RootRecord-Ecosystem.git
2026-10-02T02:51:29-10:00job:github_sync_all !    8145eb0c..def1ab78  HEAD -> main
2026-10-02T02:51:29-10:00job:github_sync_all ! branch 'main' set up to track 'origin/main'.
2026-10-02T02:51:29-10:00job:github_sync_all ! ↑ [ecosystem] 715 files → RootRecord-Software-Solutions/RootRecord-Ecosystem (main)
2026-10-02T02:51:29-10:00job:github_sync_all ! ↑ [pacific] committed 11 local file(s)
2026-10-02T02:51:29-10:00job:github_sync_all ! ↓ [pacific] fetching origin/main
2026-10-02T02:51:29-10:00job:github_sync_all ! From github.com:RootRecord-Software-Solutions/RootRecord-Pacific-Solar-Server
2026-10-02T02:51:29-10:00job:github_sync_all !  * branch            main       -> FETCH_HEAD
2026-10-02T02:51:29-10:00job:github_sync_all ! ↑ [pacific] local is ahead of GitHub
2026-10-02T02:51:29-10:00job:github_sync_all ! To github.com:RootRecord-Software-Solutions/RootRecord-Pacific-Solar-Server.git
2026-10-02T02:51:29-10:00job:github_sync_all !    f942d35..db85c3a  HEAD -> main
2026-10-02T02:51:29-10:00job:github_sync_all ! branch 'main' set up to track 'origin/main'.
2026-10-02T02:51:29-10:00job:github_sync_all ! ↑ [pacific] 11 files → RootRecord-Software-Solutions/RootRecord-Pacific-Solar-Server (main)
2026-10-02T02:51:57-10:00HTTP listening on http://127.0.0.1:8799 (open access on bind)
2026-10-02T02:51:57-10:00boot:start  jobs=9
2026-10-02T02:51:57-10:00boot:run  priority=0  id=self_terminal
2026-10-02T02:51:57-10:00boot:p0 self_process pid=3350
2026-10-02T02:51:57-10:00boot:run  priority=1  id=cloudflare_tunnel
2026-10-02T02:51:57-10:00boot:p1 cloudflare_tunnel host=rootserver.rootrecord.cloud
2026-10-02T02:51:57-10:00internet OK at boot — starting tunnel
2026-10-02T02:51:57-10:00Starting cloudflared mode=token public_host=rootserver.rootrecord.cloud
2026-10-02T02:51:57-10:00Waiting for tunnel register (timeout=45s)…
2026-10-02T02:51:57-10:00tunnel starting
2026-10-02T02:51:57-10:00tunnel connected  conn=0  edge=lax11
2026-10-02T02:51:57-10:00Tunnel READY — first connection registered.
2026-10-02T02:51:57-10:00boot:run  priority=2  id=github_setup_remotes
2026-10-02T02:51:57-10:00tunnel ingress  rootserver.rootrecord.cloud → 127.0.0.1:8799
2026-10-02T02:51:58-10:00tunnel connected  conn=1  edge=lax13
2026-10-02T02:51:58-10:00boot:run  priority=3  id=ollama_warmup
2026-10-02T02:51:58-10:00job:ollama_warmup RUN  bash '/home/rootrecord/RootRecord-Ecosystem/1 - Servers/1 - RootRecord-Pacific-Solar-Server/System/scripts/plumbing/ollama-warmup.sh'
2026-10-02T02:51:58-10:00job:ollama_warmup | [ok] ollama up
2026-10-02T02:51:58-10:00boot:run  priority=4  id=flm_npu_warmup
2026-10-02T02:51:58-10:00job:flm_npu_warmup RUN  bash '/home/rootrecord/RootRecord-Ecosystem/1 - Servers/1 - RootRecord-Pacific-Solar-Server/System/scripts/plumbing/flm-warmup.sh'
2026-10-02T02:51:58-10:00job:flm_npu_warmup | [skip] FLM warmup disabled (no resident model; set FLM_WARMUP_RESIDENT=1 to opt in)
2026-10-02T02:51:58-10:00boot:run  priority=5  id=council_relay
2026-10-02T02:51:58-10:00job:council_relay RUN  bash "/home/rootrecord/RootRecord-Ecosystem/1 - Servers/1 - RootRecord-Pacific-Solar-Server/Communications/telegram/scripts/ensure-relay.sh"
2026-10-02T02:51:59-10:00tunnel connected  conn=2  edge=lax09
2026-10-02T02:52:00-10:00tunnel connected  conn=3  edge=lax13
2026-10-02T02:52:01-10:00job:council_relay | [ok] council-relay started pid=4798 → /home/rootrecord/RootRecord-Ecosystem/2 - RootRecord-Database/Logs/Communications/council-relay.log
2026-10-02T02:52:01-10:00boot:run  priority=6  id=security_camera_server
2026-10-02T02:52:01-10:00job:security_camera_server RUN  bash "/home/rootrecord/RootRecord-Ecosystem/1 - Servers/1 - RootRecord-Pacific-Solar-Server/Security/Cameras/ensure_cam_server.sh"
2026-10-02T02:52:01-10:00job:security_camera_server | security cam server started
2026-10-02T02:52:01-10:00boot:run  priority=7  id=security_timelapse_catchup
2026-10-02T02:52:01-10:00job:security_timelapse_catchup RUN  bash "/home/rootrecord/RootRecord-Ecosystem/1 - Servers/1 - RootRecord-Pacific-Solar-Server/Security/Cameras/timelapse_catchup.sh"
2026-10-02T02:52:01-10:00job:security_timelapse_catchup | 02:52:01  🎬  a-eyes-timelapse  catchup: checking 20261002, now=02:52 HST
2026-10-02T02:52:01-10:00job:security_timelapse_catchup | 02:52:01  🎬  a-eyes-timelapse  catchup: window still open today, skipping daily render
2026-10-02T02:52:01-10:00boot:run  priority=9  id=network_globe_hawaii
2026-10-02T02:52:01-10:00job:network_globe_hawaii RUN  bash "/home/rootrecord/RootRecord-Ecosystem/1 - Servers/1 - RootRecord-Pacific-Solar-Server/Communications/network/scripts/ensure-network-globe-hawaii.sh"
2026-10-02T02:52:02-10:00job:network_globe_hawaii | [ensure-network-globe-hawaii] starting network-globe-hawaii.service
2026-10-02T02:52:02-10:00job:network_globe_hawaii | [ensure-network-globe-hawaii] verify: network-globe-hawaii.service is active
2026-10-02T02:52:02-10:00boot:done
2026-10-02T02:52:30-10:00  ▸  SUMMARY=river2pro soc=40.61% solar=0W ac_out=42W usbc=32W src=ble db=ok
2026-10-02T02:52:30-10:00scheduler  every_seconds=10  every_minute=12  every_hour=4  on_at=10
2026-10-02T02:52:30-10:00ENERGY  status=live  B2=off  B1=40.6%  solar=0 W  ac=0 W  usbc=0 W  src=/home/rootrecord/RootRecord-Ecosystem/2 - RootRecord-Database/Energy  LAP=96%/Charging/AC
2026-10-02T02:52:30-10:00job:sys_stats_cycle RUN  bash "/home/rootrecord/RootRecord-Ecosystem/1 - Servers/1 - RootRecord-Pacific-Solar-Server/System/scripts/sys-sample.sh"
2026-10-02T02:52:32-10:00job:sys_stats_cycle | SYSTEM  cpu=6%  load=1.69  mem=15%  src=sqlite
2026-10-02T02:52:32-10:00job:sys_stats_cycle | OK wrote /home/rootrecord/RootRecord-Ecosystem/2 - RootRecord-Database/System/samples/sys-20261002-025230.json
2026-10-02T02:53:59-10:00job:github_sync_all | ↑ [ecosystem] committed 9 local file(s)
2026-10-02T02:53:59-10:00job:github_sync_all | ↓ [ecosystem] fetching origin/main
2026-10-02T02:53:59-10:00job:github_sync_all | From github.com:RootRecord-Software-Solutions/RootRecord-Ecosystem
2026-10-02T02:53:59-10:00job:github_sync_all | * branch              main       -> FETCH_HEAD
2026-10-02T02:53:59-10:00job:github_sync_all | * [new branch]        main       -> origin/main
2026-10-02T02:53:59-10:00job:github_sync_all | ↑ [ecosystem] local is ahead of GitHub
2026-10-02T02:53:59-10:00job:github_sync_all | To github.com:RootRecord-Software-Solutions/RootRecord-Ecosystem.git
2026-10-02T02:53:59-10:00job:github_sync_all | def1ab78..e6733a0e  HEAD -> main
2026-10-02T02:53:59-10:00job:github_sync_all | branch 'main' set up to track 'origin/main'.
2026-10-02T02:53:59-10:00job:github_sync_all | ↑ [ecosystem] 9 files → RootRecord-Software-Solutions/RootRecord-Ecosystem (main)
2026-10-02T02:53:59-10:00job:github_sync_all | ↑ [pacific] committed 1 local file(s)
2026-10-02T02:53:59-10:00job:github_sync_all | ↓ [pacific] fetching origin/main
2026-10-02T02:53:59-10:00job:github_sync_all | From github.com:RootRecord-Software-Solutions/RootRecord-Pacific-Solar-Server
2026-10-02T02:53:59-10:00job:github_sync_all | * branch            main       -> FETCH_HEAD
2026-10-02T02:53:59-10:00job:github_sync_all | ↑ [pacific] local is ahead of GitHub
2026-10-02T02:53:59-10:00job:github_sync_all | To github.com:RootRecord-Software-Solutions/RootRecord-Pacific-Solar-Server.git
2026-10-02T02:53:59-10:00job:github_sync_all | db85c3a..c5c1451  HEAD -> main
2026-10-02T02:53:59-10:00job:github_sync_all | branch 'main' set up to track 'origin/main'.
2026-10-02T02:53:59-10:00job:github_sync_all | ↑ [pacific] 1 files → RootRecord-Software-Solutions/RootRecord-Pacific-Solar-Server (main)
2026-10-02T02:53:59-10:00job:github_sync_all | ↑ [database] committed 730 local file(s)
2026-10-02T02:53:59-10:00job:github_sync_all | ↓ [database] fetching origin/main
2026-10-02T02:53:59-10:00job:github_sync_all | From github.com:RootRecord-Software-Solutions/RootRecord-Database
2026-10-02T02:53:59-10:00job:github_sync_all | * branch              main       -> FETCH_HEAD
2026-10-02T02:53:59-10:00job:github_sync_all | ↑ [database] local is ahead of GitHub
2026-10-02T02:53:59-10:00job:github_sync_all | To github.com:RootRecord-Software-Solutions/RootRecord-Database.git
2026-10-02T02:53:59-10:00job:github_sync_all | f76f5710..dd6fdb2a  HEAD -> main
2026-10-02T02:53:59-10:00job:github_sync_all | branch 'main' set up to track 'origin/main'.
2026-10-02T02:53:59-10:00job:github_sync_all | ↑ [database] 730 files → RootRecord-Software-Solutions/RootRecord-Database (main)
2026-10-02T02:53:59-10:00job:github_sync_all | ↑ [library] committed 8 local file(s)
2026-10-02T02:53:59-10:00job:github_sync_all | ↓ [library] fetching origin/main
2026-10-02T02:53:59-10:00job:github_sync_all | From github.com:RootRecord-Software-Solutions/RootRecord-Library
2026-10-02T02:53:59-10:00job:github_sync_all | * branch            main       -> FETCH_HEAD
2026-10-02T02:53:59-10:00job:github_sync_all | ↑ [library] local is ahead of GitHub
2026-10-02T02:53:59-10:00job:github_sync_all | To github.com:RootRecord-Software-Solutions/RootRecord-Library.git
2026-10-02T02:53:59-10:00job:github_sync_all | c96cc39..cb6e938  HEAD -> main
2026-10-02T02:53:59-10:00job:github_sync_all | branch 'main' set up to track 'origin/main'.
2026-10-02T02:53:59-10:00job:github_sync_all | ↑ [library] 8 files → RootRecord-Software-Solutions/RootRecord-Library (main)
2026-10-02T02:53:59-10:00job:github_sync_all | ↑ [website] committed 10 local file(s)
2026-10-02T02:53:59-10:00job:github_sync_all | ↓ [website] fetching origin/main
2026-10-02T02:53:59-10:00job:github_sync_all | From github.com:RootRecord-Software-Solutions/RootRecord-Website
2026-10-02T02:53:59-10:00job:worklog_scan RUN  bash "/home/rootrecord/RootRecord-Ecosystem/1 - Servers/1 - RootRecord-Pacific-Solar-Server/Reports/scripts/worklog_once.sh"
2026-10-02T02:56:59-10:00job:worklog_scan TIMEOUT after 180s
2026-10-02T02:56:59-10:00job:security_camera_frame_grab RUN  bash "/home/rootrecord/RootRecord-Ecosystem/1 - Servers/1 - RootRecord-Pacific-Solar-Server/Security/Cameras/grab_all.sh"
2026-10-02T02:57:18-10:00job:security_camera_frame_grab | 02:57:00  📷  a-eyes  ch1 → ch1-20261002T125700Z.jpg  (297.3 KB, 4.79s)
2026-10-02T02:57:18-10:00job:security_camera_frame_grab | 02:57:04  📷  a-eyes  ch2 → ch2-20261002T125704Z.jpg  (323.6 KB, 4.84s)
2026-10-02T02:57:18-10:00job:security_camera_frame_grab | 02:57:09  📷  a-eyes  ch3 → ch3-20261002T125709Z.jpg  (352.2 KB, 4.55s)
2026-10-02T02:57:18-10:00job:security_camera_frame_grab | 02:57:14  📷  a-eyes  ch4 → ch4-20261002T125714Z.jpg  (288.2 KB, 4.51s)
2026-10-02T02:57:18-10:00job:service_supervisor RUN  bash "/home/rootrecord/RootRecord-Ecosystem/1 - Servers/1 - RootRecord-Pacific-Solar-Server/Automations/scripts/supervise-services.sh"
2026-10-02T02:57:19-10:00job:service_supervisor | [supervisor] WARN weather dead — respawning via ensure-weather-poller.sh (attempt 1/3 in 1800s)
2026-10-02T02:57:19-10:00job:service_supervisor | [supervisor] weather ensure rc=0: [ensure-weather-poller] verify: weather poller is running
2026-10-02T02:57:19-10:00job:service_supervisor | [supervisor] relay alive pid=4798 (act)
2026-10-02T02:57:19-10:00job:system_uptime_log RUN  python3 "/home/rootrecord/RootRecord-Ecosystem/1 - Servers/1 - RootRecord-Pacific-Solar-Server/System/scripts/uptime_log.py" tick
2026-10-02T02:57:20-10:00job:system_uptime_log | {"ok": true, "facts": {"process_uptime_s": null, "boot_uptime_s": 336, "desk_uptime_s": 221473, "origin_started_at": "2026-09-29T23:26:06.758795+00:00", "last_return_at": "2026-10-02T12:57:19.973163+00:00", "last_return_kind": "desk_up"}}
2026-10-02T02:57:20-10:00job:status_snapshot RUN  nice -n 10 python3 "/home/rootrecord/RootRecord-Ecosystem/1 - Servers/1 - RootRecord-Pacific-Solar-Server/Website/scripts/live_data_pages.py"
2026-10-02T02:57:20-10:00job:status_snapshot | live-data 6 pages
2026-10-02T02:57:20-10:00job:system_net_sample RUN  nice -n 10 python3 "/home/rootrecord/RootRecord-Ecosystem/1 - Servers/1 - RootRecord-Pacific-Solar-Server/System/scripts/host_desks.py" net-sample
2026-10-02T02:57:20-10:00job:system_net_sample | {"ok": true, "file": "/home/rootrecord/RootRecord-Ecosystem/2 - RootRecord-Database/System/network/Daily/net-20261002.jsonl", "iface": "wlo1", "hour": null, "day": null}
2026-10-02T02:57:20-10:00job:discord_report_relay RUN  nice -n 10 python3 "/home/rootrecord/RootRecord-Ecosystem/1 - Servers/1 - RootRecord-Pacific-Solar-Server/Communications/Discord/scripts/report_relay.py"
2026-10-02T02:57:20-10:00job:discord_report_relay | same
2026-10-02T02:57:20-10:00ENERGY  status=live  B2=off  B1=39.4%  solar=0 W  ac=0 W  usbc=0 W  src=/home/rootrecord/RootRecord-Ecosystem/2 - RootRecord-Database/Energy  LAP=97%/Charging/AC
2026-10-02T02:57:20-10:00job:sys_stats_cycle RUN  bash "/home/rootrecord/RootRecord-Ecosystem/1 - Servers/1 - RootRecord-Pacific-Solar-Server/System/scripts/sys-sample.sh"
2026-10-02T02:57:22-10:00job:sys_stats_cycle | SYSTEM  cpu=11%  load=1.26  mem=23%  src=sqlite
2026-10-02T02:57:22-10:00job:sys_stats_cycle | OK wrote /home/rootrecord/RootRecord-Ecosystem/2 - RootRecord-Database/System/samples/sys-20261002-025721.json
2026-10-02T02:57:59-10:00tunnel timeout — reconnecting
2026-10-02T02:57:59-10:00tunnel timeout — reconnecting
2026-10-02T02:57:59-10:00tunnel timeout — reconnecting
2026-10-02T02:57:59-10:00tunnel timeout — reconnecting
2026-10-02T02:57:59-10:00tunnel timeout — reconnecting
2026-10-02T02:58:00-10:00tunnel timeout — reconnecting
2026-10-02T02:58:01-10:00tunnel timeout — reconnecting
2026-10-02T02:58:01-10:00tunnel connected  conn=0  edge=lax07
2026-10-02T02:58:19-10:00tunnel connected  conn=2  edge=lax13
2026-10-02T02:58:19-10:00tunnel connected  conn=3  edge=lax13
2026-10-02T02:58:19-10:00tunnel connected  conn=1  edge=lax11
2026-10-02T02:58:24-10:00job:github_sync_all | ↑ [ecosystem] committed 24 local file(s)
2026-10-02T02:58:24-10:00job:github_sync_all | ↓ [ecosystem] fetching origin/main
2026-10-02T02:58:24-10:00job:github_sync_all | From github.com:RootRecord-Software-Solutions/RootRecord-Ecosystem
2026-10-02T02:58:24-10:00job:github_sync_all | * branch              main       -> FETCH_HEAD
2026-10-02T02:58:24-10:00job:github_sync_all | ↑ [ecosystem] local is ahead of GitHub
2026-10-02T02:58:24-10:00job:github_sync_all | To github.com:RootRecord-Software-Solutions/RootRecord-Ecosystem.git
2026-10-02T02:58:24-10:00job:github_sync_all | e6733a0e..44bdb544  HEAD -> main
2026-10-02T02:58:24-10:00job:github_sync_all | branch 'main' set up to track 'origin/main'.
2026-10-02T02:58:24-10:00job:github_sync_all | ↑ [ecosystem] 24 files → RootRecord-Software-Solutions/RootRecord-Ecosystem (main)
2026-10-02T02:58:24-10:00job:github_sync_all | ↑ [pacific] committed 1 local file(s)
2026-10-02T02:58:24-10:00job:github_sync_all | ↓ [pacific] fetching origin/main
2026-10-02T02:58:24-10:00job:github_sync_all | From github.com:RootRecord-Software-Solutions/RootRecord-Pacific-Solar-Server
2026-10-02T02:58:24-10:00job:github_sync_all | * branch            main       -> FETCH_HEAD
2026-10-02T02:58:24-10:00job:github_sync_all | ↑ [pacific] local is ahead of GitHub
2026-10-02T02:58:24-10:00job:github_sync_all | To github.com:RootRecord-Software-Solutions/RootRecord-Pacific-Solar-Server.git
2026-10-02T02:58:24-10:00job:github_sync_all | c5c1451..672b333  HEAD -> main
2026-10-02T02:58:24-10:00job:github_sync_all | branch 'main' set up to track 'origin/main'.
2026-10-02T02:58:24-10:00job:github_sync_all | ↑ [pacific] 1 files → RootRecord-Software-Solutions/RootRecord-Pacific-Solar-Server (main)
2026-10-02T02:58:24-10:00job:github_sync_all | ↑ [database] committed 43 local file(s)
2026-10-02T02:58:24-10:00job:github_sync_all | ↓ [database] fetching origin/main
2026-10-02T02:58:24-10:00job:github_sync_all | From github.com:RootRecord-Software-Solutions/RootRecord-Database
2026-10-02T02:58:24-10:00job:github_sync_all | * branch              main       -> FETCH_HEAD
2026-10-02T02:58:24-10:00job:github_sync_all | ↑ [database] local is ahead of GitHub
2026-10-02T02:58:24-10:00job:github_sync_all | To github.com:RootRecord-Software-Solutions/RootRecord-Database.git
2026-10-02T02:58:24-10:00job:github_sync_all | dd6fdb2a..13485e09  HEAD -> main
2026-10-02T02:58:24-10:00job:github_sync_all | branch 'main' set up to track 'origin/main'.
2026-10-02T02:58:24-10:00job:github_sync_all | ↑ [database] 43 files → RootRecord-Software-Solutions/RootRecord-Database (main)
2026-10-02T02:58:24-10:00job:github_sync_all | ↑ [library] committed 2 local file(s)
2026-10-02T02:58:24-10:00job:github_sync_all | ↓ [library] fetching origin/main
2026-10-02T02:58:24-10:00job:github_sync_all | From github.com:RootRecord-Software-Solutions/RootRecord-Library
2026-10-02T02:58:24-10:00job:github_sync_all | * branch            main       -> FETCH_HEAD
2026-10-02T02:58:24-10:00job:github_sync_all | ↑ [library] local is ahead of GitHub
2026-10-02T02:58:24-10:00job:github_sync_all | To github.com:RootRecord-Software-Solutions/RootRecord-Library.git
2026-10-02T02:58:24-10:00job:github_sync_all | cb6e938..a96677a  HEAD -> main
2026-10-02T02:58:24-10:00job:github_sync_all | branch 'main' set up to track 'origin/main'.
2026-10-02T02:58:24-10:00job:github_sync_all | ↑ [library] 2 files → RootRecord-Software-Solutions/RootRecord-Library (main)
2026-10-02T02:58:24-10:00job:github_sync_all | — [website] no local changes
2026-10-02T02:58:24-10:00job:github_sync_all | ↓ [website] fetching origin/main
2026-10-02T02:58:24-10:00job:github_sync_all | From github.com:RootRecord-Software-Solutions/RootRecord-Website
2026-10-02T02:58:24-10:00job:github_sync_all | * branch            main       -> FETCH_HEAD
2026-10-02T02:58:24-10:00job:security_camera_frame_grab RUN  bash "/home/rootrecord/RootRecord-Ecosystem/1 - Servers/1 - RootRecord-Pacific-Solar-Server/Security/Cameras/grab_all.sh"
2026-10-02T02:58:42-10:00job:security_camera_frame_grab | 02:58:24  📷  a-eyes  ch1 → ch1-20261002T125824Z.jpg  (296.1 KB, 4.54s)
2026-10-02T02:58:42-10:00job:security_camera_frame_grab | 02:58:29  📷  a-eyes  ch2 → ch2-20261002T125829Z.jpg  (327.5 KB, 4.59s)
2026-10-02T02:58:42-10:00job:security_camera_frame_grab | 02:58:34  📷  a-eyes  ch3 → ch3-20261002T125834Z.jpg  (347.6 KB, 4.47s)
2026-10-02T02:58:42-10:00job:security_camera_frame_grab | 02:58:38  📷  a-eyes  ch4 → ch4-20261002T125838Z.jpg  (290.8 KB, 4.34s)
2026-10-02T02:58:43-10:00ENERGY  status=live  B2=off  B1=39.0%  solar=0 W  ac=0 W  usbc=0 W  src=/home/rootrecord/RootRecord-Ecosystem/2 - RootRecord-Database/Energy  LAP=97%/Charging/AC
2026-10-02T02:58:43-10:00job:sys_stats_cycle RUN  bash "/home/rootrecord/RootRecord-Ecosystem/1 - Servers/1 - RootRecord-Pacific-Solar-Server/System/scripts/sys-sample.sh"
2026-10-02T02:58:44-10:00job:sys_stats_cycle | SYSTEM  cpu=9%  load=1.11  mem=22%  src=sqlite
2026-10-02T02:58:44-10:00job:sys_stats_cycle | OK wrote /home/rootrecord/RootRecord-Ecosystem/2 - RootRecord-Database/System/samples/sys-20261002-025843.json
2026-10-02T02:59:58-10:00job:github_sync_all | ↑ [ecosystem] committed 16 local file(s)
2026-10-02T02:59:58-10:00job:github_sync_all | ↓ [ecosystem] fetching origin/main
2026-10-02T02:59:58-10:00job:github_sync_all | From github.com:RootRecord-Software-Solutions/RootRecord-Ecosystem
2026-10-02T02:59:58-10:00job:github_sync_all | * branch              main       -> FETCH_HEAD
2026-10-02T02:59:58-10:00job:github_sync_all | ↑ [ecosystem] local is ahead of GitHub
2026-10-02T02:59:58-10:00job:github_sync_all | To github.com:RootRecord-Software-Solutions/RootRecord-Ecosystem.git
2026-10-02T02:59:58-10:00job:github_sync_all | 44bdb544..49a7f56e  HEAD -> main
2026-10-02T02:59:58-10:00job:github_sync_all | branch 'main' set up to track 'origin/main'.
2026-10-02T02:59:58-10:00job:github_sync_all | ↑ [ecosystem] 16 files → RootRecord-Software-Solutions/RootRecord-Ecosystem (main)
2026-10-02T02:59:58-10:00job:github_sync_all | ↑ [pacific] committed 1 local file(s)
2026-10-02T02:59:58-10:00job:github_sync_all | ↓ [pacific] fetching origin/main
2026-10-02T02:59:58-10:00job:github_sync_all | From github.com:RootRecord-Software-Solutions/RootRecord-Pacific-Solar-Server
2026-10-02T02:59:58-10:00job:github_sync_all | * branch            main       -> FETCH_HEAD
2026-10-02T02:59:58-10:00job:github_sync_all | ↑ [pacific] local is ahead of GitHub
2026-10-02T02:59:58-10:00job:github_sync_all | To github.com:RootRecord-Software-Solutions/RootRecord-Pacific-Solar-Server.git
2026-10-02T02:59:58-10:00job:github_sync_all | 672b333..7e5eed6  HEAD -> main
2026-10-02T02:59:58-10:00job:github_sync_all | branch 'main' set up to track 'origin/main'.
2026-10-02T02:59:58-10:00job:github_sync_all | ↑ [pacific] 1 files → RootRecord-Software-Solutions/RootRecord-Pacific-Solar-Server (main)
2026-10-02T02:59:58-10:00job:github_sync_all | ↑ [database] committed 21 local file(s)
2026-10-02T02:59:58-10:00job:github_sync_all | ↓ [database] fetching origin/main
2026-10-02T02:59:58-10:00job:github_sync_all | From github.com:RootRecord-Software-Solutions/RootRecord-Database
2026-10-02T02:59:58-10:00job:github_sync_all | * branch              main       -> FETCH_HEAD
2026-10-02T02:59:58-10:00job:github_sync_all | ↑ [database] local is ahead of GitHub
2026-10-02T02:59:58-10:00job:github_sync_all | To github.com:RootRecord-Software-Solutions/RootRecord-Database.git
2026-10-02T02:59:58-10:00job:github_sync_all | 13485e09..e3bb47fa  HEAD -> main
2026-10-02T02:59:58-10:00job:github_sync_all | branch 'main' set up to track 'origin/main'.
2026-10-02T02:59:58-10:00job:github_sync_all | ↑ [database] 21 files → RootRecord-Software-Solutions/RootRecord-Database (main)
2026-10-02T02:59:58-10:00job:github_sync_all | ↑ [library] committed 4 local file(s)
2026-10-02T02:59:58-10:00job:github_sync_all | ↓ [library] fetching origin/main
2026-10-02T02:59:58-10:00job:github_sync_all | From github.com:RootRecord-Software-Solutions/RootRecord-Library
2026-10-02T02:59:58-10:00job:github_sync_all | * branch            main       -> FETCH_HEAD
2026-10-02T02:59:58-10:00job:github_sync_all | ↑ [library] local is ahead of GitHub
2026-10-02T02:59:58-10:00job:github_sync_all | To github.com:RootRecord-Software-Solutions/RootRecord-Library.git
2026-10-02T02:59:58-10:00job:github_sync_all | a96677a..173a68a  HEAD -> main
2026-10-02T02:59:58-10:00job:github_sync_all | branch 'main' set up to track 'origin/main'.
2026-10-02T02:59:58-10:00job:github_sync_all | ↑ [library] 4 files → RootRecord-Software-Solutions/RootRecord-Library (main)
2026-10-02T02:59:58-10:00job:github_sync_all | — [website] no local changes
2026-10-02T02:59:58-10:00job:github_sync_all | ↓ [website] fetching origin/main
2026-10-02T02:59:58-10:00job:github_sync_all | From github.com:RootRecord-Software-Solutions/RootRecord-Website
2026-10-02T02:59:58-10:00job:github_sync_all | * branch            main       -> FETCH_HEAD
2026-10-02T02:59:58-10:00job:worklog_scan RUN  bash "/home/rootrecord/RootRecord-Ecosystem/1 - Servers/1 - RootRecord-Pacific-Solar-Server/Reports/scripts/worklog_once.sh"
2026-10-02T03:02:58-10:00job:worklog_scan TIMEOUT after 180s
2026-10-02T03:02:58-10:00job:system_uptime_log RUN  python3 "/home/rootrecord/RootRecord-Ecosystem/1 - Servers/1 - RootRecord-Pacific-Solar-Server/System/scripts/uptime_log.py" tick
2026-10-02T03:02:58-10:00job:system_uptime_log | {"ok": true, "facts": {"process_uptime_s": null, "boot_uptime_s": 674, "desk_uptime_s": 221811, "origin_started_at": "2026-09-29T23:26:06.758795+00:00", "last_return_at": "2026-10-02T13:02:58.307394+00:00", "last_return_kind": "desk_up"}}
2026-10-02T03:02:58-10:00job:status_snapshot RUN  nice -n 10 python3 "/home/rootrecord/RootRecord-Ecosystem/1 - Servers/1 - RootRecord-Pacific-Solar-Server/Website/scripts/live_data_pages.py"
2026-10-02T03:02:58-10:00job:status_snapshot | live-data 6 pages
2026-10-02T03:02:58-10:00job:energy_sun_times RUN  python3 "/home/rootrecord/RootRecord-Ecosystem/1 - Servers/1 - RootRecord-Pacific-Solar-Server/Energy/scripts/sun_times.py"
2026-10-02T03:02:58-10:00job:energy_sun_times | {"ok": true, "date": "2026-10-02", "sunrise": "06:12", "sunset": "18:08", "sunrise_iso": "2026-10-02T06:12", "sunset_iso": "2026-10-02T18:08", "after_sunset": false, "before_sunrise": true, "source": "open-meteo", "now_hst": "03:02", "refreshed": false, "error": null}
2026-10-02T03:02:58-10:00job:energy_moon_phase RUN  python3 "/home/rootrecord/RootRecord-Ecosystem/1 - Servers/1 - RootRecord-Pacific-Solar-Server/Energy/scripts/moon_phase.py"
2026-10-02T03:03:00-10:00job:energy_moon_phase | {"ok": true, "date": "2026-10-02", "phase": 0.7105, "phase_name": "Waning Gibbous", "illumination": 62, "next_phase": "Last Quarter", "next_phase_date": "2026-10-03", "refreshed": true, "error": null}
2026-10-02T03:03:00-10:00job:automations_log_hourly_archive RUN  bash "/home/rootrecord/RootRecord-Ecosystem/1 - Servers/1 - RootRecord-Pacific-Solar-Server/Automations/scripts/archive_automations_log_hourly.sh"
