2026-10-03T06:30:59-10:00job:energy_consolidate_hours | SUMMARY=ecoflow_layers hours=0 json=periods.json automations_log=automations_20261003-063059.log news_data=news_data_20261003T063059.zip
2026-10-03T06:30:59-10:00job:system_consolidate_hours RUN  nice -n 10 python3 "/home/rootrecord/RootRecord-Ecosystem/1 - Servers/1 - RootRecord-Pacific-Solar-Server/System/scripts/consolidate.py" hours
2026-10-03T06:30:59-10:00job:system_consolidate_hours | SUMMARY=system_layers hours=0
2026-10-03T06:30:59-10:00job:sys_stats_cycle RUN  bash "/home/rootrecord/RootRecord-Ecosystem/1 - Servers/1 - RootRecord-Pacific-Solar-Server/System/scripts/sys-sample.sh"
2026-10-03T06:31:00-10:00job:sys_stats_cycle | SYSTEM  cpu=25%  load=0.89  mem=51%  src=sqlite
2026-10-03T06:31:00-10:00job:sys_stats_cycle | OK wrote /home/rootrecord/RootRecord-Ecosystem/2 - RootRecord-Database/System/system.db
2026-10-03T06:31:09-10:00  ✗  river2pro_read  WAITING
2026-10-03T06:31:09-10:00job:sys_stats_cycle RUN  bash "/home/rootrecord/RootRecord-Ecosystem/1 - Servers/1 - RootRecord-Pacific-Solar-Server/System/scripts/sys-sample.sh"
2026-10-03T06:31:10-10:00job:sys_stats_cycle | SYSTEM  cpu=10%  load=0.98  mem=51%  src=sqlite
2026-10-03T06:31:10-10:00job:sys_stats_cycle | OK wrote /home/rootrecord/RootRecord-Ecosystem/2 - RootRecord-Database/System/system.db
2026-10-03T06:31:42-10:00  ✗  delta2_read  WAITING
2026-10-03T06:31:42-10:00job:security_camera_frame_grab RUN  bash "/home/rootrecord/RootRecord-Ecosystem/1 - Servers/1 - RootRecord-Pacific-Solar-Server/Security/Cameras/grab_all.sh"
2026-10-03T06:32:00-10:00job:security_camera_frame_grab | 06:31:42  📷  a-eyes  ch1 → ch1-20261003T163142Z.jpg  (495.8 KB, 4.45s)
2026-10-03T06:32:00-10:00job:security_camera_frame_grab | 06:31:47  📷  a-eyes  ch2 → ch2-20261003T163147Z.jpg  (298.7 KB, 4.38s)
2026-10-03T06:32:00-10:00job:security_camera_frame_grab | 06:31:51  📷  a-eyes  ch3 → ch3-20261003T163151Z.jpg  (370.8 KB, 4.39s)
2026-10-03T06:32:00-10:00job:security_camera_frame_grab | 06:31:56  📷  a-eyes  ch4 → ch4-20261003T163156Z.jpg  (217.9 KB, 4.46s)
2026-10-03T06:32:00-10:00job:sys_stats_cycle RUN  bash "/home/rootrecord/RootRecord-Ecosystem/1 - Servers/1 - RootRecord-Pacific-Solar-Server/System/scripts/sys-sample.sh"
2026-10-03T06:32:01-10:00job:sys_stats_cycle | SYSTEM  cpu=10%  load=0.79  mem=51%  src=sqlite
2026-10-03T06:32:01-10:00job:sys_stats_cycle | OK wrote /home/rootrecord/RootRecord-Ecosystem/2 - RootRecord-Database/System/system.db
2026-10-03T06:32:09-10:00  ✗  river2pro_read  WAITING
2026-10-03T06:32:09-10:00job:sys_stats_cycle RUN  bash "/home/rootrecord/RootRecord-Ecosystem/1 - Servers/1 - RootRecord-Pacific-Solar-Server/System/scripts/sys-sample.sh"
2026-10-03T06:32:10-10:00job:sys_stats_cycle | SYSTEM  cpu=1%  load=0.81  mem=51%  src=sqlite
2026-10-03T06:32:10-10:00job:sys_stats_cycle | OK wrote /home/rootrecord/RootRecord-Ecosystem/2 - RootRecord-Database/System/system.db
2026-10-03T06:32:44-10:00  ✗  delta2_read  WAITING
2026-10-03T06:32:44-10:00job:security_camera_frame_grab RUN  bash "/home/rootrecord/RootRecord-Ecosystem/1 - Servers/1 - RootRecord-Pacific-Solar-Server/Security/Cameras/grab_all.sh"
2026-10-03T06:33:02-10:00job:security_camera_frame_grab | 06:32:44  📷  a-eyes  ch1 → ch1-20261003T163244Z.jpg  (493.8 KB, 4.53s)
2026-10-03T06:33:02-10:00job:security_camera_frame_grab | 06:32:49  📷  a-eyes  ch2 → ch2-20261003T163249Z.jpg  (299.1 KB, 4.36s)
2026-10-03T06:33:02-10:00job:security_camera_frame_grab | 06:32:53  📷  a-eyes  ch3 → ch3-20261003T163253Z.jpg  (365.2 KB, 4.38s)
2026-10-03T06:33:02-10:00job:security_camera_frame_grab | 06:32:58  📷  a-eyes  ch4 → ch4-20261003T163258Z.jpg  (218.8 KB, 4.47s)
2026-10-03T06:33:02-10:00job:sys_stats_cycle RUN  bash "/home/rootrecord/RootRecord-Ecosystem/1 - Servers/1 - RootRecord-Pacific-Solar-Server/System/scripts/sys-sample.sh"
2026-10-03T06:33:03-10:00job:sys_stats_cycle | SYSTEM  cpu=11%  load=0.85  mem=52%  src=sqlite
2026-10-03T06:33:03-10:00job:sys_stats_cycle | OK wrote /home/rootrecord/RootRecord-Ecosystem/2 - RootRecord-Database/System/system.db
2026-10-03T06:33:13-10:00  ✗  river2pro_read  WAITING
2026-10-03T06:33:13-10:00job:sys_stats_cycle RUN  bash "/home/rootrecord/RootRecord-Ecosystem/1 - Servers/1 - RootRecord-Pacific-Solar-Server/System/scripts/sys-sample.sh"
2026-10-03T06:33:13-10:00job:sys_stats_cycle | SYSTEM  cpu=29%  load=1.44  mem=52%  src=sqlite
2026-10-03T06:33:13-10:00job:sys_stats_cycle | OK wrote /home/rootrecord/RootRecord-Ecosystem/2 - RootRecord-Database/System/system.db
2026-10-03T06:33:46-10:00  ✗  delta2_read  WAITING
2026-10-03T06:33:46-10:00job:security_camera_frame_grab RUN  bash "/home/rootrecord/RootRecord-Ecosystem/1 - Servers/1 - RootRecord-Pacific-Solar-Server/Security/Cameras/grab_all.sh"
2026-10-03T06:34:04-10:00job:security_camera_frame_grab | 06:33:46  📷  a-eyes  ch1 → ch1-20261003T163346Z.jpg  (491.1 KB, 4.42s)
2026-10-03T06:34:04-10:00job:security_camera_frame_grab | 06:33:50  📷  a-eyes  ch2 → ch2-20261003T163350Z.jpg  (299.3 KB, 4.83s)
2026-10-03T06:34:04-10:00job:security_camera_frame_grab | 06:33:55  📷  a-eyes  ch3 → ch3-20261003T163355Z.jpg  (365.7 KB, 4.38s)
2026-10-03T06:34:04-10:00job:security_camera_frame_grab | 06:33:59  📷  a-eyes  ch4 → ch4-20261003T163359Z.jpg  (218.3 KB, 4.35s)
2026-10-03T06:34:04-10:00job:energy_consolidate_minutes RUN  nice -n 10 python3 "/home/rootrecord/RootRecord-Ecosystem/1 - Servers/1 - RootRecord-Pacific-Solar-Server/Energy/scripts/consolidate.py" minutes
2026-10-03T06:34:04-10:00job:energy_consolidate_minutes | SUMMARY=ecoflow_layers minutes=0
2026-10-03T06:34:04-10:00job:system_consolidate_minutes RUN  nice -n 10 python3 "/home/rootrecord/RootRecord-Ecosystem/1 - Servers/1 - RootRecord-Pacific-Solar-Server/System/scripts/consolidate.py" minutes
2026-10-03T06:34:05-10:00job:system_consolidate_minutes | SUMMARY=system_layers minutes=140
2026-10-03T06:34:05-10:00job:sys_stats_cycle RUN  bash "/home/rootrecord/RootRecord-Ecosystem/1 - Servers/1 - RootRecord-Pacific-Solar-Server/System/scripts/sys-sample.sh"
2026-10-03T06:34:05-10:00job:sys_stats_cycle | SYSTEM  cpu=16%  load=1.65  mem=53%  src=sqlite
2026-10-03T06:34:05-10:00job:sys_stats_cycle | OK wrote /home/rootrecord/RootRecord-Ecosystem/2 - RootRecord-Database/System/system.db
2026-10-03T06:34:14-10:00  ✗  river2pro_read  WAITING
2026-10-03T06:34:14-10:00job:sys_stats_cycle RUN  bash "/home/rootrecord/RootRecord-Ecosystem/1 - Servers/1 - RootRecord-Pacific-Solar-Server/System/scripts/sys-sample.sh"
2026-10-03T06:34:14-10:00job:sys_stats_cycle | SYSTEM  cpu=17%  load=1.52  mem=52%  src=sqlite
2026-10-03T06:34:14-10:00job:sys_stats_cycle | OK wrote /home/rootrecord/RootRecord-Ecosystem/2 - RootRecord-Database/System/system.db
2026-10-03T06:34:49-10:00  ✗  delta2_read  WAITING
2026-10-03T06:34:49-10:00job:security_camera_frame_grab RUN  bash "/home/rootrecord/RootRecord-Ecosystem/1 - Servers/1 - RootRecord-Pacific-Solar-Server/Security/Cameras/grab_all.sh"
2026-10-03T06:35:07-10:00job:security_camera_frame_grab | 06:34:49  📷  a-eyes  ch1 → ch1-20261003T163449Z.jpg  (489.2 KB, 4.41s)
2026-10-03T06:35:07-10:00job:security_camera_frame_grab | 06:34:53  📷  a-eyes  ch2 → ch2-20261003T163453Z.jpg  (299.0 KB, 4.46s)
2026-10-03T06:35:07-10:00job:security_camera_frame_grab | 06:34:58  📷  a-eyes  ch3 → ch3-20261003T163458Z.jpg  (361.8 KB, 4.28s)
2026-10-03T06:35:07-10:00job:security_camera_frame_grab | 06:35:02  📷  a-eyes  ch4 → ch4-20261003T163502Z.jpg  (217.8 KB, 4.37s)
2026-10-03T06:35:07-10:00job:sys_stats_cycle RUN  bash "/home/rootrecord/RootRecord-Ecosystem/1 - Servers/1 - RootRecord-Pacific-Solar-Server/System/scripts/sys-sample.sh"
2026-10-03T06:35:07-10:00job:sys_stats_cycle | SYSTEM  cpu=27%  load=1.20  mem=52%  src=sqlite
2026-10-03T06:35:07-10:00job:sys_stats_cycle | OK wrote /home/rootrecord/RootRecord-Ecosystem/2 - RootRecord-Database/System/system.db
2026-10-03T06:35:17-10:00  ✗  river2pro_read  WAITING
2026-10-03T06:35:17-10:00job:sys_stats_cycle RUN  bash "/home/rootrecord/RootRecord-Ecosystem/1 - Servers/1 - RootRecord-Pacific-Solar-Server/System/scripts/sys-sample.sh"
2026-10-03T06:35:17-10:00job:sys_stats_cycle | SYSTEM  cpu=6%  load=1.09  mem=53%  src=sqlite
2026-10-03T06:35:17-10:00job:sys_stats_cycle | OK wrote /home/rootrecord/RootRecord-Ecosystem/2 - RootRecord-Database/System/system.db
2026-10-03T06:35:50-10:00  ✗  delta2_read  WAITING
2026-10-03T06:35:50-10:00job:security_camera_frame_grab RUN  bash "/home/rootrecord/RootRecord-Ecosystem/1 - Servers/1 - RootRecord-Pacific-Solar-Server/Security/Cameras/grab_all.sh"
2026-10-03T06:36:07-10:00job:security_camera_frame_grab | 06:35:50  📷  a-eyes  ch1 → ch1-20261003T163550Z.jpg  (489.3 KB, 4.52s)
2026-10-03T06:36:07-10:00job:security_camera_frame_grab | 06:35:54  📷  a-eyes  ch2 → ch2-20261003T163554Z.jpg  (296.5 KB, 4.38s)
2026-10-03T06:36:07-10:00job:security_camera_frame_grab | 06:35:59  📷  a-eyes  ch3 → ch3-20261003T163559Z.jpg  (366.4 KB, 4.38s)
2026-10-03T06:36:07-10:00job:security_camera_frame_grab | 06:36:03  📷  a-eyes  ch4 → ch4-20261003T163603Z.jpg  (216.3 KB, 4.46s)
2026-10-03T06:36:07-10:00job:sys_stats_cycle RUN  bash "/home/rootrecord/RootRecord-Ecosystem/1 - Servers/1 - RootRecord-Pacific-Solar-Server/System/scripts/sys-sample.sh"
2026-10-03T06:36:08-10:00job:sys_stats_cycle | SYSTEM  cpu=5%  load=1.30  mem=52%  src=sqlite
2026-10-03T06:36:08-10:00job:sys_stats_cycle | OK wrote /home/rootrecord/RootRecord-Ecosystem/2 - RootRecord-Database/System/system.db
2026-10-03T06:36:16-10:00  ✗  river2pro_read  WAITING
2026-10-03T06:36:16-10:00job:sys_stats_cycle RUN  bash "/home/rootrecord/RootRecord-Ecosystem/1 - Servers/1 - RootRecord-Pacific-Solar-Server/System/scripts/sys-sample.sh"
2026-10-03T06:36:17-10:00job:sys_stats_cycle | SYSTEM  cpu=7%  load=1.47  mem=52%  src=sqlite
2026-10-03T06:36:17-10:00job:sys_stats_cycle | OK wrote /home/rootrecord/RootRecord-Ecosystem/2 - RootRecord-Database/System/system.db
2026-10-03T06:36:51-10:00  ✗  delta2_read  WAITING
2026-10-03T06:36:51-10:00job:security_camera_frame_grab RUN  bash "/home/rootrecord/RootRecord-Ecosystem/1 - Servers/1 - RootRecord-Pacific-Solar-Server/Security/Cameras/grab_all.sh"
2026-10-03T06:37:10-10:00job:security_camera_frame_grab | 06:36:51  📷  a-eyes  ch1 → ch1-20261003T163651Z.jpg  (491.1 KB, 4.39s)
2026-10-03T06:37:10-10:00job:security_camera_frame_grab | 06:36:56  📷  a-eyes  ch2 → ch2-20261003T163656Z.jpg  (299.6 KB, 4.40s)
2026-10-03T06:37:10-10:00job:security_camera_frame_grab | 06:37:00  📷  a-eyes  ch3 → ch3-20261003T163700Z.jpg  (371.8 KB, 4.56s)
2026-10-03T06:37:10-10:00job:security_camera_frame_grab | 06:37:05  📷  a-eyes  ch4 → ch4-20261003T163705Z.jpg  (213.4 KB, 4.67s)
2026-10-03T06:37:10-10:00job:energy_consolidate_hours RUN  nice -n 10 python3 "/home/rootrecord/RootRecord-Ecosystem/1 - Servers/1 - RootRecord-Pacific-Solar-Server/Energy/scripts/consolidate.py" hours
2026-10-03T06:37:10-10:00job:energy_consolidate_hours | SUMMARY=ecoflow_layers hours=0 json=periods.json
2026-10-03T06:37:10-10:00job:system_consolidate_hours RUN  nice -n 10 python3 "/home/rootrecord/RootRecord-Ecosystem/1 - Servers/1 - RootRecord-Pacific-Solar-Server/System/scripts/consolidate.py" hours
2026-10-03T06:37:10-10:00job:system_consolidate_hours | SUMMARY=system_layers hours=0
2026-10-03T06:37:10-10:00job:sys_stats_cycle RUN  bash "/home/rootrecord/RootRecord-Ecosystem/1 - Servers/1 - RootRecord-Pacific-Solar-Server/System/scripts/sys-sample.sh"
2026-10-03T06:37:10-10:00job:sys_stats_cycle | SYSTEM  cpu=7%  load=1.05  mem=52%  src=sqlite
2026-10-03T06:37:10-10:00job:sys_stats_cycle | OK wrote /home/rootrecord/RootRecord-Ecosystem/2 - RootRecord-Database/System/system.db
2026-10-03T06:37:20-10:00  ✗  river2pro_read  WAITING
2026-10-03T06:37:20-10:00job:sys_stats_cycle RUN  bash "/home/rootrecord/RootRecord-Ecosystem/1 - Servers/1 - RootRecord-Pacific-Solar-Server/System/scripts/sys-sample.sh"
2026-10-03T06:37:20-10:00job:sys_stats_cycle | SYSTEM  cpu=30%  load=1.04  mem=52%  src=sqlite
2026-10-03T06:37:20-10:00job:sys_stats_cycle | OK wrote /home/rootrecord/RootRecord-Ecosystem/2 - RootRecord-Database/System/system.db
2026-10-03T06:37:53-10:00  ✗  delta2_read  WAITING
2026-10-03T06:37:53-10:00job:security_camera_frame_grab RUN  bash "/home/rootrecord/RootRecord-Ecosystem/1 - Servers/1 - RootRecord-Pacific-Solar-Server/Security/Cameras/grab_all.sh"
2026-10-03T06:38:11-10:00job:security_camera_frame_grab | 06:37:53  📷  a-eyes  ch1 → ch1-20261003T163753Z.jpg  (494.5 KB, 4.60s)
2026-10-03T06:38:11-10:00job:security_camera_frame_grab | 06:37:58  📷  a-eyes  ch2 → ch2-20261003T163758Z.jpg  (304.3 KB, 4.68s)
2026-10-03T06:38:11-10:00job:security_camera_frame_grab | 06:38:02  📷  a-eyes  ch3 → ch3-20261003T163802Z.jpg  (378.0 KB, 4.47s)
2026-10-03T06:38:11-10:00job:security_camera_frame_grab | 06:38:07  📷  a-eyes  ch4 → ch4-20261003T163807Z.jpg  (214.3 KB, 4.38s)
2026-10-03T06:38:11-10:00job:sys_stats_cycle RUN  bash "/home/rootrecord/RootRecord-Ecosystem/1 - Servers/1 - RootRecord-Pacific-Solar-Server/System/scripts/sys-sample.sh"
2026-10-03T06:38:12-10:00job:sys_stats_cycle | SYSTEM  cpu=6%  load=1.02  mem=52%  src=sqlite
2026-10-03T06:38:12-10:00job:sys_stats_cycle | OK wrote /home/rootrecord/RootRecord-Ecosystem/2 - RootRecord-Database/System/system.db
2026-10-03T06:38:20-10:00  ✗  river2pro_read  WAITING
2026-10-03T06:38:20-10:00job:sys_stats_cycle RUN  bash "/home/rootrecord/RootRecord-Ecosystem/1 - Servers/1 - RootRecord-Pacific-Solar-Server/System/scripts/sys-sample.sh"
2026-10-03T06:38:21-10:00job:sys_stats_cycle | SYSTEM  cpu=8%  load=1.17  mem=52%  src=sqlite
2026-10-03T06:38:21-10:00job:sys_stats_cycle | OK wrote /home/rootrecord/RootRecord-Ecosystem/2 - RootRecord-Database/System/system.db
2026-10-03T06:38:55-10:00  ✗  delta2_read  WAITING
2026-10-03T06:38:55-10:00job:security_camera_frame_grab RUN  bash "/home/rootrecord/RootRecord-Ecosystem/1 - Servers/1 - RootRecord-Pacific-Solar-Server/Security/Cameras/grab_all.sh"
2026-10-03T06:39:13-10:00job:security_camera_frame_grab | 06:38:55  📷  a-eyes  ch1 → ch1-20261003T163855Z.jpg  (498.9 KB, 4.35s)
2026-10-03T06:39:13-10:00job:security_camera_frame_grab | 06:39:00  📷  a-eyes  ch2 → ch2-20261003T163900Z.jpg  (307.8 KB, 4.46s)
2026-10-03T06:39:13-10:00job:security_camera_frame_grab | 06:39:04  📷  a-eyes  ch3 → ch3-20261003T163904Z.jpg  (379.8 KB, 4.47s)
2026-10-03T06:39:13-10:00job:security_camera_frame_grab | 06:39:09  📷  a-eyes  ch4 → ch4-20261003T163909Z.jpg  (217.9 KB, 4.28s)
2026-10-03T06:39:13-10:00job:sys_stats_cycle RUN  bash "/home/rootrecord/RootRecord-Ecosystem/1 - Servers/1 - RootRecord-Pacific-Solar-Server/System/scripts/sys-sample.sh"
2026-10-03T06:39:14-10:00job:sys_stats_cycle | SYSTEM  cpu=12%  load=1.89  mem=53%  src=sqlite
2026-10-03T06:39:14-10:00job:sys_stats_cycle | OK wrote /home/rootrecord/RootRecord-Ecosystem/2 - RootRecord-Database/System/system.db
2026-10-03T06:39:23-10:00  ✗  river2pro_read  WAITING
2026-10-03T06:39:23-10:00job:sys_stats_cycle RUN  bash "/home/rootrecord/RootRecord-Ecosystem/1 - Servers/1 - RootRecord-Pacific-Solar-Server/System/scripts/sys-sample.sh"
2026-10-03T06:39:24-10:00job:sys_stats_cycle | SYSTEM  cpu=28%  load=1.91  mem=53%  src=sqlite
2026-10-03T06:39:24-10:00job:sys_stats_cycle | OK wrote /home/rootrecord/RootRecord-Ecosystem/2 - RootRecord-Database/System/system.db
2026-10-03T06:39:56-10:00  ✗  delta2_read  WAITING
2026-10-03T06:39:56-10:00job:security_camera_frame_grab RUN  bash "/home/rootrecord/RootRecord-Ecosystem/1 - Servers/1 - RootRecord-Pacific-Solar-Server/Security/Cameras/grab_all.sh"
2026-10-03T06:40:14-10:00job:security_camera_frame_grab | 06:39:57  📷  a-eyes  ch1 → ch1-20261003T163957Z.jpg  (491.4 KB, 4.45s)
2026-10-03T06:40:14-10:00job:security_camera_frame_grab | 06:40:01  📷  a-eyes  ch2 → ch2-20261003T164001Z.jpg  (307.7 KB, 4.58s)
2026-10-03T06:40:14-10:00job:security_camera_frame_grab | 06:40:06  📷  a-eyes  ch3 → ch3-20261003T164006Z.jpg  (377.7 KB, 4.26s)
2026-10-03T06:40:14-10:00job:security_camera_frame_grab | 06:40:10  📷  a-eyes  ch4 → ch4-20261003T164010Z.jpg  (217.2 KB, 4.48s)
2026-10-03T06:40:14-10:00job:energy_consolidate_minutes RUN  nice -n 10 python3 "/home/rootrecord/RootRecord-Ecosystem/1 - Servers/1 - RootRecord-Pacific-Solar-Server/Energy/scripts/consolidate.py" minutes
2026-10-03T06:40:15-10:00job:energy_consolidate_minutes | SUMMARY=ecoflow_layers minutes=0
2026-10-03T06:40:15-10:00job:system_consolidate_minutes RUN  nice -n 10 python3 "/home/rootrecord/RootRecord-Ecosystem/1 - Servers/1 - RootRecord-Pacific-Solar-Server/System/scripts/consolidate.py" minutes
2026-10-03T06:40:16-10:00job:system_consolidate_minutes | SUMMARY=system_layers minutes=133
2026-10-03T06:40:16-10:00job:sys_stats_cycle RUN  bash "/home/rootrecord/RootRecord-Ecosystem/1 - Servers/1 - RootRecord-Pacific-Solar-Server/System/scripts/sys-sample.sh"
2026-10-03T06:40:16-10:00job:sys_stats_cycle | SYSTEM  cpu=7%  load=1.99  mem=52%  src=sqlite
2026-10-03T06:40:16-10:00job:sys_stats_cycle | OK wrote /home/rootrecord/RootRecord-Ecosystem/2 - RootRecord-Database/System/system.db
2026-10-03T06:40:25-10:00  ✗  river2pro_read  WAITING
2026-10-03T06:40:25-10:00job:sys_stats_cycle RUN  bash "/home/rootrecord/RootRecord-Ecosystem/1 - Servers/1 - RootRecord-Pacific-Solar-Server/System/scripts/sys-sample.sh"
2026-10-03T06:40:25-10:00job:sys_stats_cycle | SYSTEM  cpu=4%  load=1.91  mem=53%  src=sqlite
2026-10-03T06:40:25-10:00job:sys_stats_cycle | OK wrote /home/rootrecord/RootRecord-Ecosystem/2 - RootRecord-Database/System/system.db
2026-10-03T06:41:00-10:00  ✗  delta2_read  WAITING
2026-10-03T06:41:00-10:00job:security_camera_frame_grab RUN  bash "/home/rootrecord/RootRecord-Ecosystem/1 - Servers/1 - RootRecord-Pacific-Solar-Server/Security/Cameras/grab_all.sh"
2026-10-03T06:41:17-10:00job:security_camera_frame_grab | 06:41:00  📷  a-eyes  ch1 → ch1-20261003T164100Z.jpg  (488.6 KB, 4.33s)
2026-10-03T06:41:17-10:00job:security_camera_frame_grab | 06:41:04  📷  a-eyes  ch2 → ch2-20261003T164104Z.jpg  (309.7 KB, 4.25s)
2026-10-03T06:41:17-10:00job:security_camera_frame_grab | 06:41:09  📷  a-eyes  ch3 → ch3-20261003T164109Z.jpg  (370.4 KB, 4.55s)
2026-10-03T06:41:17-10:00job:security_camera_frame_grab | 06:41:13  📷  a-eyes  ch4 → ch4-20261003T164113Z.jpg  (217.6 KB, 4.39s)
2026-10-03T06:41:17-10:00job:sys_stats_cycle RUN  bash "/home/rootrecord/RootRecord-Ecosystem/1 - Servers/1 - RootRecord-Pacific-Solar-Server/System/scripts/sys-sample.sh"
2026-10-03T06:41:18-10:00job:sys_stats_cycle | SYSTEM  cpu=16%  load=2.00  mem=51%  src=sqlite
2026-10-03T06:41:18-10:00job:sys_stats_cycle | OK wrote /home/rootrecord/RootRecord-Ecosystem/2 - RootRecord-Database/System/system.db
2026-10-03T06:41:27-10:00  ✗  river2pro_read  WAITING
2026-10-03T06:41:27-10:00job:sys_stats_cycle RUN  bash "/home/rootrecord/RootRecord-Ecosystem/1 - Servers/1 - RootRecord-Pacific-Solar-Server/System/scripts/sys-sample.sh"
2026-10-03T06:41:28-10:00job:sys_stats_cycle | SYSTEM  cpu=4%  load=2.08  mem=52%  src=sqlite
2026-10-03T06:41:28-10:00job:sys_stats_cycle | OK wrote /home/rootrecord/RootRecord-Ecosystem/2 - RootRecord-Database/System/system.db
2026-10-03T06:42:00-10:00  ✗  delta2_read  WAITING
2026-10-03T06:42:00-10:00job:security_camera_frame_grab RUN  bash "/home/rootrecord/RootRecord-Ecosystem/1 - Servers/1 - RootRecord-Pacific-Solar-Server/Security/Cameras/grab_all.sh"
2026-10-03T06:42:19-10:00job:security_camera_frame_grab | 06:42:00  📷  a-eyes  ch1 → ch1-20261003T164200Z.jpg  (482.8 KB, 4.52s)
2026-10-03T06:42:19-10:00job:security_camera_frame_grab | 06:42:05  📷  a-eyes  ch2 → ch2-20261003T164205Z.jpg  (310.1 KB, 4.56s)
2026-10-03T06:42:19-10:00job:security_camera_frame_grab | 06:42:10  📷  a-eyes  ch3 → ch3-20261003T164210Z.jpg  (366.5 KB, 4.51s)
2026-10-03T06:42:19-10:00job:security_camera_frame_grab | 06:42:14  📷  a-eyes  ch4 → ch4-20261003T164214Z.jpg  (216.2 KB, 4.41s)
2026-10-03T06:42:19-10:00job:sys_stats_cycle RUN  bash "/home/rootrecord/RootRecord-Ecosystem/1 - Servers/1 - RootRecord-Pacific-Solar-Server/System/scripts/sys-sample.sh"
2026-10-03T06:42:19-10:00job:sys_stats_cycle | SYSTEM  cpu=26%  load=1.87  mem=51%  src=sqlite
2026-10-03T06:42:19-10:00job:sys_stats_cycle | OK wrote /home/rootrecord/RootRecord-Ecosystem/2 - RootRecord-Database/System/system.db
2026-10-03T06:42:28-10:00  ✗  river2pro_read  WAITING
2026-10-03T06:42:28-10:00job:sys_stats_cycle RUN  bash "/home/rootrecord/RootRecord-Ecosystem/1 - Servers/1 - RootRecord-Pacific-Solar-Server/System/scripts/sys-sample.sh"
2026-10-03T06:42:28-10:00job:sys_stats_cycle | SYSTEM  cpu=4%  load=1.58  mem=51%  src=sqlite
2026-10-03T06:42:28-10:00job:sys_stats_cycle | OK wrote /home/rootrecord/RootRecord-Ecosystem/2 - RootRecord-Database/System/system.db
2026-10-03T06:43:03-10:00  ✗  delta2_read  WAITING
2026-10-03T06:43:03-10:00job:security_camera_frame_grab RUN  bash "/home/rootrecord/RootRecord-Ecosystem/1 - Servers/1 - RootRecord-Pacific-Solar-Server/Security/Cameras/grab_all.sh"
2026-10-03T06:43:21-10:00job:security_camera_frame_grab | 06:43:03  📷  a-eyes  ch1 → ch1-20261003T164303Z.jpg  (483.1 KB, 4.44s)
2026-10-03T06:43:21-10:00job:security_camera_frame_grab | 06:43:07  📷  a-eyes  ch2 → ch2-20261003T164307Z.jpg  (315.0 KB, 4.63s)
2026-10-03T06:43:21-10:00job:security_camera_frame_grab | 06:43:12  📷  a-eyes  ch3 → ch3-20261003T164312Z.jpg  (359.0 KB, 4.40s)
2026-10-03T06:43:21-10:00job:security_camera_frame_grab | 06:43:16  📷  a-eyes  ch4 → ch4-20261003T164316Z.jpg  (218.9 KB, 4.46s)
2026-10-03T06:43:21-10:00job:energy_consolidate_hours RUN  nice -n 10 python3 "/home/rootrecord/RootRecord-Ecosystem/1 - Servers/1 - RootRecord-Pacific-Solar-Server/Energy/scripts/consolidate.py" hours
2026-10-03T06:43:21-10:00job:energy_consolidate_hours | SUMMARY=ecoflow_layers hours=0 json=periods.json
2026-10-03T06:43:21-10:00job:system_consolidate_hours RUN  nice -n 10 python3 "/home/rootrecord/RootRecord-Ecosystem/1 - Servers/1 - RootRecord-Pacific-Solar-Server/System/scripts/consolidate.py" hours
2026-10-03T06:43:21-10:00job:system_consolidate_hours | SUMMARY=system_layers hours=0
2026-10-03T06:43:21-10:00job:sys_stats_cycle RUN  bash "/home/rootrecord/RootRecord-Ecosystem/1 - Servers/1 - RootRecord-Pacific-Solar-Server/System/scripts/sys-sample.sh"
2026-10-03T06:43:22-10:00job:sys_stats_cycle | SYSTEM  cpu=8%  load=0.92  mem=54%  src=sqlite
2026-10-03T06:43:22-10:00job:sys_stats_cycle | OK wrote /home/rootrecord/RootRecord-Ecosystem/2 - RootRecord-Database/System/system.db
2026-10-03T06:43:31-10:00  ✗  river2pro_read  WAITING
2026-10-03T06:43:31-10:00job:sys_stats_cycle RUN  bash "/home/rootrecord/RootRecord-Ecosystem/1 - Servers/1 - RootRecord-Pacific-Solar-Server/System/scripts/sys-sample.sh"
2026-10-03T06:43:32-10:00job:sys_stats_cycle | SYSTEM  cpu=22%  load=0.93  mem=55%  src=sqlite
2026-10-03T06:43:32-10:00job:sys_stats_cycle | OK wrote /home/rootrecord/RootRecord-Ecosystem/2 - RootRecord-Database/System/system.db
2026-10-03T06:44:04-10:00  ✗  delta2_read  WAITING
2026-10-03T06:44:04-10:00job:security_camera_frame_grab RUN  bash "/home/rootrecord/RootRecord-Ecosystem/1 - Servers/1 - RootRecord-Pacific-Solar-Server/Security/Cameras/grab_all.sh"
2026-10-03T06:44:22-10:00job:security_camera_frame_grab | 06:44:04  📷  a-eyes  ch1 → ch1-20261003T164404Z.jpg  (483.2 KB, 4.41s)
2026-10-03T06:44:22-10:00job:security_camera_frame_grab | 06:44:09  📷  a-eyes  ch2 → ch2-20261003T164409Z.jpg  (315.0 KB, 4.48s)
2026-10-03T06:44:22-10:00job:security_camera_frame_grab | 06:44:13  📷  a-eyes  ch3 → ch3-20261003T164413Z.jpg  (360.9 KB, 4.37s)
2026-10-03T06:44:22-10:00job:security_camera_frame_grab | 06:44:18  📷  a-eyes  ch4 → ch4-20261003T164418Z.jpg  (219.0 KB, 4.41s)
2026-10-03T06:44:22-10:00job:sys_stats_cycle RUN  bash "/home/rootrecord/RootRecord-Ecosystem/1 - Servers/1 - RootRecord-Pacific-Solar-Server/System/scripts/sys-sample.sh"
2026-10-03T06:44:23-10:00job:sys_stats_cycle | SYSTEM  cpu=3%  load=0.73  mem=52%  src=sqlite
2026-10-03T06:44:23-10:00job:sys_stats_cycle | OK wrote /home/rootrecord/RootRecord-Ecosystem/2 - RootRecord-Database/System/system.db
2026-10-03T06:44:31-10:00  ✗  river2pro_read  WAITING
2026-10-03T06:44:31-10:00job:sys_stats_cycle RUN  bash "/home/rootrecord/RootRecord-Ecosystem/1 - Servers/1 - RootRecord-Pacific-Solar-Server/System/scripts/sys-sample.sh"
2026-10-03T06:44:31-10:00job:sys_stats_cycle | SYSTEM  cpu=4%  load=1.41  mem=52%  src=sqlite
2026-10-03T06:44:31-10:00job:sys_stats_cycle | OK wrote /home/rootrecord/RootRecord-Ecosystem/2 - RootRecord-Database/System/system.db
2026-10-03T06:45:06-10:00  ✗  delta2_read  WAITING
2026-10-03T06:45:06-10:00job:security_camera_frame_grab RUN  bash "/home/rootrecord/RootRecord-Ecosystem/1 - Servers/1 - RootRecord-Pacific-Solar-Server/Security/Cameras/grab_all.sh"
2026-10-03T06:45:24-10:00job:security_camera_frame_grab | 06:45:06  📷  a-eyes  ch1 → ch1-20261003T164506Z.jpg  (479.5 KB, 4.48s)
2026-10-03T06:45:24-10:00job:security_camera_frame_grab | 06:45:11  📷  a-eyes  ch2 → ch2-20261003T164511Z.jpg  (310.8 KB, 4.46s)
2026-10-03T06:45:24-10:00job:security_camera_frame_grab | 06:45:15  📷  a-eyes  ch3 → ch3-20261003T164515Z.jpg  (354.5 KB, 4.39s)
2026-10-03T06:45:24-10:00job:security_camera_frame_grab | 06:45:20  📷  a-eyes  ch4 → ch4-20261003T164520Z.jpg  (219.3 KB, 4.55s)
2026-10-03T06:45:24-10:00job:sys_stats_cycle RUN  bash "/home/rootrecord/RootRecord-Ecosystem/1 - Servers/1 - RootRecord-Pacific-Solar-Server/System/scripts/sys-sample.sh"
2026-10-03T06:45:25-10:00job:sys_stats_cycle | SYSTEM  cpu=15%  load=1.43  mem=53%  src=sqlite
2026-10-03T06:45:25-10:00job:sys_stats_cycle | OK wrote /home/rootrecord/RootRecord-Ecosystem/2 - RootRecord-Database/System/system.db
2026-10-03T06:45:34-10:00  ✗  river2pro_read  WAITING
2026-10-03T06:45:34-10:00job:sys_stats_cycle RUN  bash "/home/rootrecord/RootRecord-Ecosystem/1 - Servers/1 - RootRecord-Pacific-Solar-Server/System/scripts/sys-sample.sh"
2026-10-03T06:45:35-10:00job:sys_stats_cycle | SYSTEM  cpu=22%  load=1.28  mem=53%  src=sqlite
2026-10-03T06:45:35-10:00job:sys_stats_cycle | OK wrote /home/rootrecord/RootRecord-Ecosystem/2 - RootRecord-Database/System/system.db
2026-10-03T06:46:08-10:00  ✗  delta2_read  WAITING
2026-10-03T06:46:08-10:00job:security_camera_frame_grab RUN  bash "/home/rootrecord/RootRecord-Ecosystem/1 - Servers/1 - RootRecord-Pacific-Solar-Server/Security/Cameras/grab_all.sh"
2026-10-03T06:46:26-10:00job:security_camera_frame_grab | 06:46:08  📷  a-eyes  ch1 → ch1-20261003T164608Z.jpg  (477.1 KB, 4.42s)
2026-10-03T06:46:26-10:00job:security_camera_frame_grab | 06:46:12  📷  a-eyes  ch2 → ch2-20261003T164612Z.jpg  (304.8 KB, 4.37s)
2026-10-03T06:46:26-10:00job:security_camera_frame_grab | 06:46:17  📷  a-eyes  ch3 → ch3-20261003T164617Z.jpg  (348.0 KB, 4.59s)
2026-10-03T06:46:26-10:00job:security_camera_frame_grab | 06:46:21  📷  a-eyes  ch4 → ch4-20261003T164621Z.jpg  (217.8 KB, 4.36s)
2026-10-03T06:46:26-10:00job:energy_consolidate_minutes RUN  nice -n 10 python3 "/home/rootrecord/RootRecord-Ecosystem/1 - Servers/1 - RootRecord-Pacific-Solar-Server/Energy/scripts/consolidate.py" minutes
2026-10-03T06:46:26-10:00job:energy_consolidate_minutes | SUMMARY=ecoflow_layers minutes=0
2026-10-03T06:46:26-10:00job:system_consolidate_minutes RUN  nice -n 10 python3 "/home/rootrecord/RootRecord-Ecosystem/1 - Servers/1 - RootRecord-Pacific-Solar-Server/System/scripts/consolidate.py" minutes
2026-10-03T06:46:27-10:00job:system_consolidate_minutes | SUMMARY=system_layers minutes=147
2026-10-03T06:46:27-10:00job:hawaii_to_ml2 RUN  bash "/home/rootrecord/RootRecord-Ecosystem/1 - Servers/3 - RootRecord-US-Mainland-Two/scripts/hawaii-to-ml2.sh"
2026-10-03T06:46:49-10:00job:hawaii_to_ml2 | hawaii-to-ml2: SSH /home/rootrecord/RootRecord-Ecosystem/2 - RootRecord-Database → ml2:US-Mainland-Server-2/var/bank/
2026-10-03T06:46:49-10:00job:hawaii_to_ml2 | hawaii-to-ml2: ok transport=remote
2026-10-03T06:46:49-10:00job:sys_stats_cycle RUN  bash "/home/rootrecord/RootRecord-Ecosystem/1 - Servers/1 - RootRecord-Pacific-Solar-Server/System/scripts/sys-sample.sh"
2026-10-03T06:46:50-10:00job:sys_stats_cycle | SYSTEM  cpu=24%  load=1.88  mem=53%  src=sqlite
2026-10-03T06:46:50-10:00job:sys_stats_cycle | OK wrote /home/rootrecord/RootRecord-Ecosystem/2 - RootRecord-Database/System/system.db
2026-10-03T06:46:59-10:00  ✗  river2pro_read  WAITING
2026-10-03T06:46:59-10:00job:sys_stats_cycle RUN  bash "/home/rootrecord/RootRecord-Ecosystem/1 - Servers/1 - RootRecord-Pacific-Solar-Server/System/scripts/sys-sample.sh"
2026-10-03T06:47:00-10:00job:sys_stats_cycle | SYSTEM  cpu=27%  load=1.73  mem=55%  src=sqlite
2026-10-03T06:47:00-10:00job:sys_stats_cycle | OK wrote /home/rootrecord/RootRecord-Ecosystem/2 - RootRecord-Database/System/system.db
2026-10-03T06:47:03-10:00job:github_sync_all | ↑ [ecosystem] committed 1281 local file(s)
2026-10-03T06:47:03-10:00job:github_sync_all | ↓ [ecosystem] fetching origin/main
2026-10-03T06:47:03-10:00job:github_sync_all | From github.com:RootRecord-Software-Solutions/RootRecord-Ecosystem
2026-10-03T06:47:03-10:00job:github_sync_all | * branch              main       -> FETCH_HEAD
2026-10-03T06:47:03-10:00job:github_sync_all | ↑ [ecosystem] local is ahead of GitHub
2026-10-03T06:47:03-10:00job:github_sync_all | To github.com:RootRecord-Software-Solutions/RootRecord-Ecosystem.git
2026-10-03T06:47:03-10:00job:github_sync_all | fc6650b0..ae5c54d7  HEAD -> main
2026-10-03T06:47:03-10:00job:github_sync_all | branch 'main' set up to track 'origin/main'.
2026-10-03T06:47:03-10:00job:github_sync_all | ↑ [ecosystem] 1281 files → RootRecord-Software-Solutions/RootRecord-Ecosystem (main)
2026-10-03T06:47:03-10:00job:github_sync_all | ↑ [pacific] committed 12 local file(s)
2026-10-03T06:47:03-10:00job:github_sync_all | ↓ [pacific] fetching origin/main
2026-10-03T06:47:03-10:00job:github_sync_all | From github.com:RootRecord-Software-Solutions/RootRecord-Pacific-Solar-Server
2026-10-03T06:47:03-10:00job:github_sync_all | * branch            main       -> FETCH_HEAD
2026-10-03T06:47:03-10:00job:github_sync_all | ↑ [pacific] local is ahead of GitHub
2026-10-03T06:47:03-10:00job:github_sync_all | To github.com:RootRecord-Software-Solutions/RootRecord-Pacific-Solar-Server.git
2026-10-03T06:47:03-10:00job:github_sync_all | 666c3f7..3728b10  HEAD -> main
2026-10-03T06:47:03-10:00job:github_sync_all | branch 'main' set up to track 'origin/main'.
2026-10-03T06:47:03-10:00job:github_sync_all | ↑ [pacific] 12 files → RootRecord-Software-Solutions/RootRecord-Pacific-Solar-Server (main)
2026-10-03T06:47:03-10:00job:github_sync_all | ↑ [database] committed 158 local file(s)
2026-10-03T06:47:03-10:00job:github_sync_all | ↓ [database] fetching origin/main
2026-10-03T06:47:03-10:00job:github_sync_all | From github.com:RootRecord-Software-Solutions/RootRecord-Database
2026-10-03T06:47:03-10:00job:github_sync_all | * branch                main       -> FETCH_HEAD
2026-10-03T06:47:03-10:00job:github_sync_all | ↑ [database] local is ahead of GitHub
2026-10-03T06:47:03-10:00job:github_sync_all | To github.com:RootRecord-Software-Solutions/RootRecord-Database.git
2026-10-03T06:47:03-10:00job:github_sync_all | fbfeda3e4..9808d2bff  HEAD -> main
2026-10-03T06:47:03-10:00job:github_sync_all | branch 'main' set up to track 'origin/main'.
2026-10-03T06:47:03-10:00job:github_sync_all | ↑ [database] 158 files → RootRecord-Software-Solutions/RootRecord-Database (main)
2026-10-03T06:47:03-10:00job:github_sync_all | — [library] no local changes
2026-10-03T06:47:03-10:00job:github_sync_all | ↓ [library] fetching origin/main
2026-10-03T06:47:03-10:00job:github_sync_all | From github.com:RootRecord-Software-Solutions/RootRecord-Library
2026-10-03T06:47:03-10:00job:github_sync_all | * branch            main       -> FETCH_HEAD
2026-10-03T06:47:03-10:00job:github_sync_all | — [library] local and GitHub already match
2026-10-03T06:47:03-10:00job:github_sync_all | — [library] nothing to push
2026-10-03T06:47:03-10:00job:github_sync_all | — [website] no local changes
2026-10-03T06:47:03-10:00job:github_sync_all | ↓ [website] fetching origin/main
2026-10-03T06:47:03-10:00job:github_sync_all | From github.com:RootRecord-Software-Solutions/RootRecord-Website
2026-10-03T06:47:03-10:00job:github_sync_all | * branch            main       -> FETCH_HEAD
2026-10-03T06:47:03-10:00job:github_sync_all | — [website] local and GitHub already match
2026-10-03T06:47:03-10:00job:github_sync_all | — [website] nothing to push
2026-10-03T06:47:03-10:00job:github_sync_all | — [website-personal] no local changes
2026-10-03T06:47:34-10:00  ✗  delta2_read  WAITING
2026-10-03T06:47:34-10:00job:security_camera_frame_grab RUN  bash "/home/rootrecord/RootRecord-Ecosystem/1 - Servers/1 - RootRecord-Pacific-Solar-Server/Security/Cameras/grab_all.sh"
2026-10-03T06:47:53-10:00job:security_camera_frame_grab | 06:47:34  📷  a-eyes  ch1 → ch1-20261003T164734Z.jpg  (481.7 KB, 4.74s)
2026-10-03T06:47:53-10:00job:security_camera_frame_grab | 06:47:39  📷  a-eyes  ch2 → ch2-20261003T164739Z.jpg  (295.9 KB, 4.48s)
2026-10-03T06:47:53-10:00job:security_camera_frame_grab | 06:47:44  📷  a-eyes  ch3 → ch3-20261003T164744Z.jpg  (350.1 KB, 4.46s)
2026-10-03T06:47:53-10:00job:security_camera_frame_grab | 06:47:48  📷  a-eyes  ch4 → ch4-20261003T164748Z.jpg  (214.4 KB, 4.39s)
2026-10-03T06:47:53-10:00job:sys_stats_cycle RUN  bash "/home/rootrecord/RootRecord-Ecosystem/1 - Servers/1 - RootRecord-Pacific-Solar-Server/System/scripts/sys-sample.sh"
2026-10-03T06:47:53-10:00job:sys_stats_cycle | SYSTEM  cpu=5%  load=0.98  mem=52%  src=sqlite
2026-10-03T06:47:53-10:00job:sys_stats_cycle | OK wrote /home/rootrecord/RootRecord-Ecosystem/2 - RootRecord-Database/System/system.db
2026-10-03T06:48:03-10:00  ✗  river2pro_read  WAITING
2026-10-03T06:48:03-10:00job:sys_stats_cycle RUN  bash "/home/rootrecord/RootRecord-Ecosystem/1 - Servers/1 - RootRecord-Pacific-Solar-Server/System/scripts/sys-sample.sh"
2026-10-03T06:48:03-10:00job:sys_stats_cycle | SYSTEM  cpu=5%  load=1.22  mem=51%  src=sqlite
2026-10-03T06:48:03-10:00job:sys_stats_cycle | OK wrote /home/rootrecord/RootRecord-Ecosystem/2 - RootRecord-Database/System/system.db
2026-10-03T06:48:36-10:00  ✗  delta2_read  WAITING
2026-10-03T06:48:36-10:00job:security_camera_frame_grab RUN  bash "/home/rootrecord/RootRecord-Ecosystem/1 - Servers/1 - RootRecord-Pacific-Solar-Server/Security/Cameras/grab_all.sh"
2026-10-03T06:48:54-10:00job:security_camera_frame_grab | 06:48:36  📷  a-eyes  ch1 → ch1-20261003T164836Z.jpg  (486.1 KB, 4.43s)
2026-10-03T06:48:54-10:00job:security_camera_frame_grab | 06:48:40  📷  a-eyes  ch2 → ch2-20261003T164840Z.jpg  (288.8 KB, 4.43s)
2026-10-03T06:48:54-10:00job:security_camera_frame_grab | 06:48:45  📷  a-eyes  ch3 → ch3-20261003T164845Z.jpg  (349.1 KB, 4.57s)
2026-10-03T06:48:54-10:00job:security_camera_frame_grab | 06:48:49  📷  a-eyes  ch4 → ch4-20261003T164849Z.jpg  (212.5 KB, 4.40s)
2026-10-03T06:48:54-10:00job:sys_stats_cycle RUN  bash "/home/rootrecord/RootRecord-Ecosystem/1 - Servers/1 - RootRecord-Pacific-Solar-Server/System/scripts/sys-sample.sh"
2026-10-03T06:48:54-10:00job:sys_stats_cycle | SYSTEM  cpu=5%  load=0.68  mem=51%  src=sqlite
2026-10-03T06:48:54-10:00job:sys_stats_cycle | OK wrote /home/rootrecord/RootRecord-Ecosystem/2 - RootRecord-Database/System/system.db
2026-10-03T06:49:02-10:00  ✗  river2pro_read  WAITING
2026-10-03T06:49:02-10:00job:sys_stats_cycle RUN  bash "/home/rootrecord/RootRecord-Ecosystem/1 - Servers/1 - RootRecord-Pacific-Solar-Server/System/scripts/sys-sample.sh"
2026-10-03T06:49:03-10:00job:sys_stats_cycle | SYSTEM  cpu=23%  load=0.73  mem=51%  src=sqlite
2026-10-03T06:49:03-10:00job:sys_stats_cycle | OK wrote /home/rootrecord/RootRecord-Ecosystem/2 - RootRecord-Database/System/system.db
2026-10-03T06:49:37-10:00  ✗  delta2_read  WAITING
2026-10-03T06:49:37-10:00job:security_camera_frame_grab RUN  bash "/home/rootrecord/RootRecord-Ecosystem/1 - Servers/1 - RootRecord-Pacific-Solar-Server/Security/Cameras/grab_all.sh"
2026-10-03T06:49:56-10:00job:security_camera_frame_grab | 06:49:38  📷  a-eyes  ch1 → ch1-20261003T164938Z.jpg  (491.7 KB, 4.46s)
2026-10-03T06:49:56-10:00job:security_camera_frame_grab | 06:49:42  📷  a-eyes  ch2 → ch2-20261003T164942Z.jpg  (287.1 KB, 4.44s)
2026-10-03T06:49:56-10:00job:security_camera_frame_grab | 06:49:47  📷  a-eyes  ch3 → ch3-20261003T164947Z.jpg  (347.8 KB, 4.37s)
2026-10-03T06:49:56-10:00job:security_camera_frame_grab | 06:49:51  📷  a-eyes  ch4 → ch4-20261003T164951Z.jpg  (207.0 KB, 4.58s)
2026-10-03T06:49:56-10:00job:energy_consolidate_hours RUN  nice -n 10 python3 "/home/rootrecord/RootRecord-Ecosystem/1 - Servers/1 - RootRecord-Pacific-Solar-Server/Energy/scripts/consolidate.py" hours
2026-10-03T06:49:56-10:00job:energy_consolidate_hours | SUMMARY=ecoflow_layers hours=0 json=periods.json
2026-10-03T06:49:56-10:00job:system_consolidate_hours RUN  nice -n 10 python3 "/home/rootrecord/RootRecord-Ecosystem/1 - Servers/1 - RootRecord-Pacific-Solar-Server/System/scripts/consolidate.py" hours
2026-10-03T06:49:56-10:00job:system_consolidate_hours | SUMMARY=system_layers hours=0
2026-10-03T06:49:56-10:00job:live_picture RUN  nice -n 10 python3 "/home/rootrecord/RootRecord-Ecosystem/1 - Servers/1 - RootRecord-Pacific-Solar-Server/Media/Video/scripts/live_picture.py"
2026-10-03T06:50:08-10:00job:live_picture | {"ok": true, "detail": "local+clock+thumb", "path": "/home/rootrecord/RootRecord-Ecosystem/1 - Servers/1 - RootRecord-Pacific-Solar-Server/Media/Video/live-frame.png", "size": [1920, 1080]}
2026-10-03T06:50:08-10:00job:sys_stats_cycle RUN  bash "/home/rootrecord/RootRecord-Ecosystem/1 - Servers/1 - RootRecord-Pacific-Solar-Server/System/scripts/sys-sample.sh"
2026-10-03T06:50:09-10:00job:sys_stats_cycle | SYSTEM  cpu=1%  load=0.75  mem=50%  src=sqlite
2026-10-03T06:50:09-10:00job:sys_stats_cycle | OK wrote /home/rootrecord/RootRecord-Ecosystem/2 - RootRecord-Database/System/system.db
2026-10-03T06:50:18-10:00  ✗  river2pro_read  WAITING
2026-10-03T06:50:18-10:00job:sys_stats_cycle RUN  bash "/home/rootrecord/RootRecord-Ecosystem/1 - Servers/1 - RootRecord-Pacific-Solar-Server/System/scripts/sys-sample.sh"
2026-10-03T06:50:19-10:00job:sys_stats_cycle | SYSTEM  cpu=2%  load=0.86  mem=52%  src=sqlite
2026-10-03T06:50:19-10:00job:sys_stats_cycle | OK wrote /home/rootrecord/RootRecord-Ecosystem/2 - RootRecord-Database/System/system.db
2026-10-03T06:50:51-10:00  ✗  delta2_read  WAITING
2026-10-03T06:50:51-10:00job:security_camera_frame_grab RUN  bash "/home/rootrecord/RootRecord-Ecosystem/1 - Servers/1 - RootRecord-Pacific-Solar-Server/Security/Cameras/grab_all.sh"
2026-10-03T06:51:09-10:00job:security_camera_frame_grab | 06:50:51  📷  a-eyes  ch1 → ch1-20261003T165051Z.jpg  (499.9 KB, 4.43s)
2026-10-03T06:51:09-10:00job:security_camera_frame_grab | 06:50:56  📷  a-eyes  ch2 → ch2-20261003T165056Z.jpg  (290.4 KB, 4.47s)
2026-10-03T06:51:09-10:00job:security_camera_frame_grab | 06:51:00  📷  a-eyes  ch3 → ch3-20261003T165100Z.jpg  (358.5 KB, 4.68s)
2026-10-03T06:51:09-10:00job:security_camera_frame_grab | 06:51:05  📷  a-eyes  ch4 → ch4-20261003T165105Z.jpg  (211.7 KB, 4.47s)
2026-10-03T06:51:09-10:00job:sys_stats_cycle RUN  bash "/home/rootrecord/RootRecord-Ecosystem/1 - Servers/1 - RootRecord-Pacific-Solar-Server/System/scripts/sys-sample.sh"
2026-10-03T06:51:10-10:00job:sys_stats_cycle | SYSTEM  cpu=3%  load=0.52  mem=50%  src=sqlite
2026-10-03T06:51:10-10:00job:sys_stats_cycle | OK wrote /home/rootrecord/RootRecord-Ecosystem/2 - RootRecord-Database/System/system.db
2026-10-03T06:51:18-10:00  ✗  river2pro_read  WAITING
2026-10-03T06:51:18-10:00job:sys_stats_cycle RUN  bash "/home/rootrecord/RootRecord-Ecosystem/1 - Servers/1 - RootRecord-Pacific-Solar-Server/System/scripts/sys-sample.sh"
2026-10-03T06:51:19-10:00job:sys_stats_cycle | SYSTEM  cpu=5%  load=0.52  mem=52%  src=sqlite
2026-10-03T06:51:19-10:00job:sys_stats_cycle | OK wrote /home/rootrecord/RootRecord-Ecosystem/2 - RootRecord-Database/System/system.db
2026-10-03T06:51:53-10:00  ✗  delta2_read  WAITING
2026-10-03T06:51:53-10:00job:security_camera_frame_grab RUN  bash "/home/rootrecord/RootRecord-Ecosystem/1 - Servers/1 - RootRecord-Pacific-Solar-Server/Security/Cameras/grab_all.sh"
2026-10-03T06:52:11-10:00job:security_camera_frame_grab | 06:51:53  📷  a-eyes  ch1 → ch1-20261003T165153Z.jpg  (501.8 KB, 4.34s)
2026-10-03T06:52:11-10:00job:security_camera_frame_grab | 06:51:58  📷  a-eyes  ch2 → ch2-20261003T165158Z.jpg  (298.5 KB, 4.46s)
2026-10-03T06:52:11-10:00job:security_camera_frame_grab | 06:52:02  📷  a-eyes  ch3 → ch3-20261003T165202Z.jpg  (364.7 KB, 4.39s)
2026-10-03T06:52:11-10:00job:security_camera_frame_grab | 06:52:07  📷  a-eyes  ch4 → ch4-20261003T165207Z.jpg  (215.4 KB, 4.37s)
2026-10-03T06:52:11-10:00job:sys_stats_cycle RUN  bash "/home/rootrecord/RootRecord-Ecosystem/1 - Servers/1 - RootRecord-Pacific-Solar-Server/System/scripts/sys-sample.sh"
2026-10-03T06:52:11-10:00job:sys_stats_cycle | SYSTEM  cpu=6%  load=0.61  mem=52%  src=sqlite
2026-10-03T06:52:11-10:00job:sys_stats_cycle | OK wrote /home/rootrecord/RootRecord-Ecosystem/2 - RootRecord-Database/System/system.db
2026-10-03T06:52:21-10:00  ✗  river2pro_read  WAITING
2026-10-03T06:52:21-10:00job:sys_stats_cycle RUN  bash "/home/rootrecord/RootRecord-Ecosystem/1 - Servers/1 - RootRecord-Pacific-Solar-Server/System/scripts/sys-sample.sh"
2026-10-03T06:52:21-10:00job:sys_stats_cycle | SYSTEM  cpu=18%  load=0.76  mem=53%  src=sqlite
2026-10-03T06:52:21-10:00job:sys_stats_cycle | OK wrote /home/rootrecord/RootRecord-Ecosystem/2 - RootRecord-Database/System/system.db
2026-10-03T06:52:54-10:00  ✗  delta2_read  WAITING
2026-10-03T06:52:54-10:00job:security_camera_frame_grab RUN  bash "/home/rootrecord/RootRecord-Ecosystem/1 - Servers/1 - RootRecord-Pacific-Solar-Server/Security/Cameras/grab_all.sh"
2026-10-03T06:53:12-10:00job:security_camera_frame_grab | 06:52:54  📷  a-eyes  ch1 → ch1-20261003T165254Z.jpg  (501.5 KB, 4.58s)
2026-10-03T06:53:12-10:00job:security_camera_frame_grab | 06:52:59  📷  a-eyes  ch2 → ch2-20261003T165259Z.jpg  (305.3 KB, 4.56s)
2026-10-03T06:53:12-10:00job:security_camera_frame_grab | 06:53:03  📷  a-eyes  ch3 → ch3-20261003T165303Z.jpg  (369.5 KB, 4.53s)
2026-10-03T06:53:12-10:00job:security_camera_frame_grab | 06:53:08  📷  a-eyes  ch4 → ch4-20261003T165308Z.jpg  (219.3 KB, 4.32s)
2026-10-03T06:53:12-10:00job:energy_consolidate_minutes RUN  nice -n 10 python3 "/home/rootrecord/RootRecord-Ecosystem/1 - Servers/1 - RootRecord-Pacific-Solar-Server/Energy/scripts/consolidate.py" minutes
2026-10-03T06:53:12-10:00job:energy_consolidate_minutes | SUMMARY=ecoflow_layers minutes=0
2026-10-03T06:53:12-10:00job:system_consolidate_minutes RUN  nice -n 10 python3 "/home/rootrecord/RootRecord-Ecosystem/1 - Servers/1 - RootRecord-Pacific-Solar-Server/System/scripts/consolidate.py" minutes
2026-10-03T06:53:13-10:00job:system_consolidate_minutes | SUMMARY=system_layers minutes=140
2026-10-03T06:53:13-10:00job:sys_stats_cycle RUN  bash "/home/rootrecord/RootRecord-Ecosystem/1 - Servers/1 - RootRecord-Pacific-Solar-Server/System/scripts/sys-sample.sh"
2026-10-03T06:53:14-10:00job:sys_stats_cycle | SYSTEM  cpu=5%  load=0.73  mem=50%  src=sqlite
2026-10-03T06:53:14-10:00job:sys_stats_cycle | OK wrote /home/rootrecord/RootRecord-Ecosystem/2 - RootRecord-Database/System/system.db
2026-10-03T06:53:23-10:00  ✗  river2pro_read  WAITING
2026-10-03T06:53:23-10:00job:sys_stats_cycle RUN  bash "/home/rootrecord/RootRecord-Ecosystem/1 - Servers/1 - RootRecord-Pacific-Solar-Server/System/scripts/sys-sample.sh"
2026-10-03T06:53:23-10:00job:sys_stats_cycle | SYSTEM  cpu=4%  load=0.70  mem=52%  src=sqlite
2026-10-03T06:53:23-10:00job:sys_stats_cycle | OK wrote /home/rootrecord/RootRecord-Ecosystem/2 - RootRecord-Database/System/system.db
2026-10-03T06:53:58-10:00  ✗  delta2_read  WAITING
2026-10-03T06:53:58-10:00job:security_camera_frame_grab RUN  bash "/home/rootrecord/RootRecord-Ecosystem/1 - Servers/1 - RootRecord-Pacific-Solar-Server/Security/Cameras/grab_all.sh"
2026-10-03T06:54:16-10:00job:security_camera_frame_grab | 06:53:58  📷  a-eyes  ch1 → ch1-20261003T165358Z.jpg  (499.0 KB, 4.33s)
2026-10-03T06:54:16-10:00job:security_camera_frame_grab | 06:54:03  📷  a-eyes  ch2 → ch2-20261003T165403Z.jpg  (311.9 KB, 4.57s)
2026-10-03T06:54:16-10:00job:security_camera_frame_grab | 06:54:07  📷  a-eyes  ch3 → ch3-20261003T165407Z.jpg  (369.8 KB, 4.33s)
2026-10-03T06:54:16-10:00job:security_camera_frame_grab | 06:54:12  📷  a-eyes  ch4 → ch4-20261003T165412Z.jpg  (222.7 KB, 4.51s)
2026-10-03T06:54:16-10:00job:sys_stats_cycle RUN  bash "/home/rootrecord/RootRecord-Ecosystem/1 - Servers/1 - RootRecord-Pacific-Solar-Server/System/scripts/sys-sample.sh"
2026-10-03T06:54:17-10:00job:sys_stats_cycle | SYSTEM  cpu=3%  load=1.06  mem=51%  src=sqlite
2026-10-03T06:54:17-10:00job:sys_stats_cycle | OK wrote /home/rootrecord/RootRecord-Ecosystem/2 - RootRecord-Database/System/system.db
2026-10-03T06:54:26-10:00  ✗  river2pro_read  WAITING
2026-10-03T06:54:26-10:00job:sys_stats_cycle RUN  bash "/home/rootrecord/RootRecord-Ecosystem/1 - Servers/1 - RootRecord-Pacific-Solar-Server/System/scripts/sys-sample.sh"
2026-10-03T06:54:27-10:00job:sys_stats_cycle | SYSTEM  cpu=3%  load=1.13  mem=51%  src=sqlite
2026-10-03T06:54:27-10:00job:sys_stats_cycle | OK wrote /home/rootrecord/RootRecord-Ecosystem/2 - RootRecord-Database/System/system.db
2026-10-03T06:54:59-10:00  ✗  delta2_read  WAITING
2026-10-03T06:54:59-10:00job:security_camera_frame_grab RUN  bash "/home/rootrecord/RootRecord-Ecosystem/1 - Servers/1 - RootRecord-Pacific-Solar-Server/Security/Cameras/grab_all.sh"
2026-10-03T06:55:17-10:00job:security_camera_frame_grab | 06:55:00  📷  a-eyes  ch1 → ch1-20261003T165500Z.jpg  (494.3 KB, 4.40s)
2026-10-03T06:55:17-10:00job:security_camera_frame_grab | 06:55:04  📷  a-eyes  ch2 → ch2-20261003T165504Z.jpg  (313.5 KB, 4.46s)
2026-10-03T06:55:17-10:00job:security_camera_frame_grab | 06:55:08  📷  a-eyes  ch3 → ch3-20261003T165508Z.jpg  (374.2 KB, 4.41s)
2026-10-03T06:55:17-10:00job:security_camera_frame_grab | 06:55:13  📷  a-eyes  ch4 → ch4-20261003T165513Z.jpg  (222.8 KB, 4.44s)
2026-10-03T06:55:17-10:00job:sys_stats_cycle RUN  bash "/home/rootrecord/RootRecord-Ecosystem/1 - Servers/1 - RootRecord-Pacific-Solar-Server/System/scripts/sys-sample.sh"
2026-10-03T06:55:18-10:00job:sys_stats_cycle | SYSTEM  cpu=8%  load=1.78  mem=52%  src=sqlite
2026-10-03T06:55:18-10:00job:sys_stats_cycle | OK wrote /home/rootrecord/RootRecord-Ecosystem/2 - RootRecord-Database/System/system.db
2026-10-03T06:55:26-10:00  ✗  river2pro_read  WAITING
2026-10-03T06:55:26-10:00job:sys_stats_cycle RUN  bash "/home/rootrecord/RootRecord-Ecosystem/1 - Servers/1 - RootRecord-Pacific-Solar-Server/System/scripts/sys-sample.sh"
2026-10-03T06:55:27-10:00job:sys_stats_cycle | SYSTEM  cpu=4%  load=1.51  mem=51%  src=sqlite
2026-10-03T06:55:27-10:00job:sys_stats_cycle | OK wrote /home/rootrecord/RootRecord-Ecosystem/2 - RootRecord-Database/System/system.db
2026-10-03T06:56:01-10:00  ✗  delta2_read  WAITING
2026-10-03T06:56:01-10:00job:security_camera_frame_grab RUN  bash "/home/rootrecord/RootRecord-Ecosystem/1 - Servers/1 - RootRecord-Pacific-Solar-Server/Security/Cameras/grab_all.sh"
2026-10-03T06:56:20-10:00job:security_camera_frame_grab | 06:56:02  📷  a-eyes  ch1 → ch1-20261003T165602Z.jpg  (492.6 KB, 4.62s)
2026-10-03T06:56:20-10:00job:security_camera_frame_grab | 06:56:06  📷  a-eyes  ch2 → ch2-20261003T165606Z.jpg  (313.3 KB, 4.49s)
2026-10-03T06:56:20-10:00job:security_camera_frame_grab | 06:56:11  📷  a-eyes  ch3 → ch3-20261003T165611Z.jpg  (374.9 KB, 4.46s)
2026-10-03T06:56:20-10:00job:security_camera_frame_grab | 06:56:15  📷  a-eyes  ch4 → ch4-20261003T165615Z.jpg  (219.4 KB, 4.38s)
2026-10-03T06:56:20-10:00job:energy_consolidate_hours RUN  nice -n 10 python3 "/home/rootrecord/RootRecord-Ecosystem/1 - Servers/1 - RootRecord-Pacific-Solar-Server/Energy/scripts/consolidate.py" hours
2026-10-03T06:56:20-10:00job:energy_consolidate_hours | SUMMARY=ecoflow_layers hours=0 json=periods.json
2026-10-03T06:56:20-10:00job:system_consolidate_hours RUN  nice -n 10 python3 "/home/rootrecord/RootRecord-Ecosystem/1 - Servers/1 - RootRecord-Pacific-Solar-Server/System/scripts/consolidate.py" hours
2026-10-03T06:56:20-10:00job:system_consolidate_hours | SUMMARY=system_layers hours=0
2026-10-03T06:56:20-10:00job:sys_stats_cycle RUN  bash "/home/rootrecord/RootRecord-Ecosystem/1 - Servers/1 - RootRecord-Pacific-Solar-Server/System/scripts/sys-sample.sh"
2026-10-03T06:56:20-10:00job:sys_stats_cycle | SYSTEM  cpu=24%  load=0.99  mem=54%  src=sqlite
2026-10-03T06:56:20-10:00job:sys_stats_cycle | OK wrote /home/rootrecord/RootRecord-Ecosystem/2 - RootRecord-Database/System/system.db
2026-10-03T06:56:30-10:00  ✗  river2pro_read  WAITING
2026-10-03T06:56:30-10:00job:sys_stats_cycle RUN  bash "/home/rootrecord/RootRecord-Ecosystem/1 - Servers/1 - RootRecord-Pacific-Solar-Server/System/scripts/sys-sample.sh"
2026-10-03T06:56:31-10:00job:sys_stats_cycle | SYSTEM  cpu=6%  load=1.12  mem=55%  src=sqlite
2026-10-03T06:56:31-10:00job:sys_stats_cycle | OK wrote /home/rootrecord/RootRecord-Ecosystem/2 - RootRecord-Database/System/system.db
2026-10-03T06:57:03-10:00  ✗  delta2_read  WAITING
2026-10-03T06:57:03-10:00job:security_camera_frame_grab RUN  bash "/home/rootrecord/RootRecord-Ecosystem/1 - Servers/1 - RootRecord-Pacific-Solar-Server/Security/Cameras/grab_all.sh"
2026-10-03T06:57:21-10:00job:security_camera_frame_grab | 06:57:03  📷  a-eyes  ch1 → ch1-20261003T165703Z.jpg  (492.6 KB, 4.36s)
2026-10-03T06:57:21-10:00job:security_camera_frame_grab | 06:57:08  📷  a-eyes  ch2 → ch2-20261003T165708Z.jpg  (318.5 KB, 4.47s)
2026-10-03T06:57:21-10:00job:security_camera_frame_grab | 06:57:12  📷  a-eyes  ch3 → ch3-20261003T165712Z.jpg  (377.1 KB, 4.48s)
2026-10-03T06:57:21-10:00job:security_camera_frame_grab | 06:57:17  📷  a-eyes  ch4 → ch4-20261003T165717Z.jpg  (222.5 KB, 4.30s)
2026-10-03T06:57:21-10:00job:sys_stats_cycle RUN  bash "/home/rootrecord/RootRecord-Ecosystem/1 - Servers/1 - RootRecord-Pacific-Solar-Server/System/scripts/sys-sample.sh"
2026-10-03T06:57:21-10:00job:sys_stats_cycle | SYSTEM  cpu=9%  load=0.75  mem=55%  src=sqlite
2026-10-03T06:57:21-10:00job:sys_stats_cycle | OK wrote /home/rootrecord/RootRecord-Ecosystem/2 - RootRecord-Database/System/system.db
2026-10-03T06:57:30-10:00  ✗  river2pro_read  WAITING
2026-10-03T06:57:30-10:00job:sys_stats_cycle RUN  bash "/home/rootrecord/RootRecord-Ecosystem/1 - Servers/1 - RootRecord-Pacific-Solar-Server/System/scripts/sys-sample.sh"
2026-10-03T06:57:30-10:00job:sys_stats_cycle | SYSTEM  cpu=3%  load=0.77  mem=53%  src=sqlite
2026-10-03T06:57:30-10:00job:sys_stats_cycle | OK wrote /home/rootrecord/RootRecord-Ecosystem/2 - RootRecord-Database/System/system.db
2026-10-03T06:58:05-10:00  ✗  delta2_read  WAITING
2026-10-03T06:58:05-10:00job:security_camera_frame_grab RUN  bash "/home/rootrecord/RootRecord-Ecosystem/1 - Servers/1 - RootRecord-Pacific-Solar-Server/Security/Cameras/grab_all.sh"
2026-10-03T06:58:23-10:00job:security_camera_frame_grab | 06:58:05  📷  a-eyes  ch1 → ch1-20261003T165805Z.jpg  (493.5 KB, 4.48s)
2026-10-03T06:58:23-10:00job:security_camera_frame_grab | 06:58:10  📷  a-eyes  ch2 → ch2-20261003T165810Z.jpg  (319.6 KB, 4.47s)
2026-10-03T06:58:23-10:00job:security_camera_frame_grab | 06:58:14  📷  a-eyes  ch3 → ch3-20261003T165814Z.jpg  (377.8 KB, 4.41s)
2026-10-03T06:58:23-10:00job:security_camera_frame_grab | 06:58:19  📷  a-eyes  ch4 → ch4-20261003T165819Z.jpg  (228.5 KB, 4.33s)
2026-10-03T06:58:23-10:00job:sys_stats_cycle RUN  bash "/home/rootrecord/RootRecord-Ecosystem/1 - Servers/1 - RootRecord-Pacific-Solar-Server/System/scripts/sys-sample.sh"
2026-10-03T06:58:23-10:00job:sys_stats_cycle | SYSTEM  cpu=4%  load=0.67  mem=54%  src=sqlite
2026-10-03T06:58:23-10:00job:sys_stats_cycle | OK wrote /home/rootrecord/RootRecord-Ecosystem/2 - RootRecord-Database/System/system.db
2026-10-03T06:58:33-10:00  ✗  river2pro_read  WAITING
2026-10-03T06:58:33-10:00job:sys_stats_cycle RUN  bash "/home/rootrecord/RootRecord-Ecosystem/1 - Servers/1 - RootRecord-Pacific-Solar-Server/System/scripts/sys-sample.sh"
2026-10-03T06:58:34-10:00job:sys_stats_cycle | SYSTEM  cpu=6%  load=0.57  mem=53%  src=sqlite
2026-10-03T06:58:34-10:00job:sys_stats_cycle | OK wrote /home/rootrecord/RootRecord-Ecosystem/2 - RootRecord-Database/System/system.db
2026-10-03T06:59:06-10:00  ✗  delta2_read  WAITING
2026-10-03T06:59:06-10:00job:security_camera_frame_grab RUN  bash "/home/rootrecord/RootRecord-Ecosystem/1 - Servers/1 - RootRecord-Pacific-Solar-Server/Security/Cameras/grab_all.sh"
2026-10-03T06:59:24-10:00job:security_camera_frame_grab | 06:59:06  📷  a-eyes  ch1 → ch1-20261003T165906Z.jpg  (492.2 KB, 4.44s)
2026-10-03T06:59:24-10:00job:security_camera_frame_grab | 06:59:11  📷  a-eyes  ch2 → ch2-20261003T165911Z.jpg  (322.4 KB, 4.53s)
2026-10-03T06:59:24-10:00job:security_camera_frame_grab | 06:59:15  📷  a-eyes  ch3 → ch3-20261003T165915Z.jpg  (379.6 KB, 4.56s)
2026-10-03T06:59:24-10:00job:security_camera_frame_grab | 06:59:20  📷  a-eyes  ch4 → ch4-20261003T165920Z.jpg  (231.7 KB, 4.49s)
2026-10-03T06:59:24-10:00job:energy_consolidate_minutes RUN  nice -n 10 python3 "/home/rootrecord/RootRecord-Ecosystem/1 - Servers/1 - RootRecord-Pacific-Solar-Server/Energy/scripts/consolidate.py" minutes
2026-10-03T06:59:25-10:00job:energy_consolidate_minutes | SUMMARY=ecoflow_layers minutes=0
2026-10-03T06:59:25-10:00job:system_consolidate_minutes RUN  nice -n 10 python3 "/home/rootrecord/RootRecord-Ecosystem/1 - Servers/1 - RootRecord-Pacific-Solar-Server/System/scripts/consolidate.py" minutes
2026-10-03T06:59:25-10:00job:system_consolidate_minutes | SUMMARY=system_layers minutes=133
2026-10-03T06:59:25-10:00job:sys_stats_cycle RUN  bash "/home/rootrecord/RootRecord-Ecosystem/1 - Servers/1 - RootRecord-Pacific-Solar-Server/System/scripts/sys-sample.sh"
2026-10-03T06:59:26-10:00job:sys_stats_cycle | SYSTEM  cpu=6%  load=0.64  mem=54%  src=sqlite
2026-10-03T06:59:26-10:00job:sys_stats_cycle | OK wrote /home/rootrecord/RootRecord-Ecosystem/2 - RootRecord-Database/System/system.db
2026-10-03T06:59:34-10:00  ✗  river2pro_read  WAITING
2026-10-03T06:59:34-10:00job:sys_stats_cycle RUN  bash "/home/rootrecord/RootRecord-Ecosystem/1 - Servers/1 - RootRecord-Pacific-Solar-Server/System/scripts/sys-sample.sh"
2026-10-03T06:59:35-10:00job:sys_stats_cycle | SYSTEM  cpu=6%  load=0.58  mem=54%  src=sqlite
2026-10-03T06:59:35-10:00job:sys_stats_cycle | OK wrote /home/rootrecord/RootRecord-Ecosystem/2 - RootRecord-Database/System/system.db
2026-10-03T07:00:10-10:00  ✗  delta2_read  WAITING
2026-10-03T07:00:10-10:00job:security_camera_frame_grab RUN  bash "/home/rootrecord/RootRecord-Ecosystem/1 - Servers/1 - RootRecord-Pacific-Solar-Server/Security/Cameras/grab_all.sh"
2026-10-03T07:00:27-10:00job:security_camera_frame_grab | 07:00:10  📷  a-eyes  ch1 → ch1-20261003T170010Z.jpg  (493.5 KB, 4.41s)
2026-10-03T07:00:27-10:00job:security_camera_frame_grab | 07:00:14  📷  a-eyes  ch2 → ch2-20261003T170014Z.jpg  (325.9 KB, 4.34s)
2026-10-03T07:00:27-10:00job:security_camera_frame_grab | 07:00:18  📷  a-eyes  ch3 → ch3-20261003T170018Z.jpg  (380.4 KB, 4.17s)
2026-10-03T07:00:27-10:00job:security_camera_frame_grab | 07:00:23  📷  a-eyes  ch4 → ch4-20261003T170023Z.jpg  (236.2 KB, 4.37s)
2026-10-03T07:00:27-10:00job:sys_stats_cycle RUN  bash "/home/rootrecord/RootRecord-Ecosystem/1 - Servers/1 - RootRecord-Pacific-Solar-Server/System/scripts/sys-sample.sh"
2026-10-03T07:00:27-10:00job:sys_stats_cycle | SYSTEM  cpu=7%  load=0.59  mem=54%  src=sqlite
2026-10-03T07:00:27-10:00job:sys_stats_cycle | OK wrote /home/rootrecord/RootRecord-Ecosystem/2 - RootRecord-Database/System/system.db
2026-10-03T07:00:37-10:00  ✗  river2pro_read  WAITING
2026-10-03T07:00:37-10:00job:sys_stats_cycle RUN  bash "/home/rootrecord/RootRecord-Ecosystem/1 - Servers/1 - RootRecord-Pacific-Solar-Server/System/scripts/sys-sample.sh"
2026-10-03T07:00:37-10:00job:sys_stats_cycle | SYSTEM  cpu=3%  load=0.64  mem=54%  src=sqlite
2026-10-03T07:00:37-10:00job:sys_stats_cycle | OK wrote /home/rootrecord/RootRecord-Ecosystem/2 - RootRecord-Database/System/system.db
2026-10-03T07:01:10-10:00  ✗  delta2_read  WAITING
2026-10-03T07:01:10-10:00job:security_camera_frame_grab RUN  bash "/home/rootrecord/RootRecord-Ecosystem/1 - Servers/1 - RootRecord-Pacific-Solar-Server/Security/Cameras/grab_all.sh"
2026-10-03T07:01:28-10:00job:security_camera_frame_grab | 07:01:10  📷  a-eyes  ch1 → ch1-20261003T170110Z.jpg  (491.4 KB, 4.36s)
2026-10-03T07:01:28-10:00job:security_camera_frame_grab | 07:01:14  📷  a-eyes  ch2 → ch2-20261003T170114Z.jpg  (331.2 KB, 4.43s)
2026-10-03T07:01:28-10:00job:security_camera_frame_grab | 07:01:19  📷  a-eyes  ch3 → ch3-20261003T170119Z.jpg  (387.7 KB, 4.37s)
2026-10-03T07:01:28-10:00job:security_camera_frame_grab | 07:01:23  📷  a-eyes  ch4 → ch4-20261003T170123Z.jpg  (238.8 KB, 4.69s)
2026-10-03T07:01:28-10:00job:sys_stats_cycle RUN  bash "/home/rootrecord/RootRecord-Ecosystem/1 - Servers/1 - RootRecord-Pacific-Solar-Server/System/scripts/sys-sample.sh"
2026-10-03T07:01:28-10:00job:sys_stats_cycle | SYSTEM  cpu=4%  load=0.37  mem=54%  src=sqlite
2026-10-03T07:01:28-10:00job:sys_stats_cycle | OK wrote /home/rootrecord/RootRecord-Ecosystem/2 - RootRecord-Database/System/system.db
2026-10-03T07:01:37-10:00  ✗  river2pro_read  WAITING
2026-10-03T07:01:37-10:00job:sys_stats_cycle RUN  bash "/home/rootrecord/RootRecord-Ecosystem/1 - Servers/1 - RootRecord-Pacific-Solar-Server/System/scripts/sys-sample.sh"
2026-10-03T07:01:37-10:00job:sys_stats_cycle | SYSTEM  cpu=8%  load=0.38  mem=54%  src=sqlite
2026-10-03T07:01:37-10:00job:sys_stats_cycle | OK wrote /home/rootrecord/RootRecord-Ecosystem/2 - RootRecord-Database/System/system.db
2026-10-03T07:02:12-10:00  ✗  delta2_read  WAITING
2026-10-03T07:02:12-10:00job:security_camera_frame_grab RUN  bash "/home/rootrecord/RootRecord-Ecosystem/1 - Servers/1 - RootRecord-Pacific-Solar-Server/Security/Cameras/grab_all.sh"
2026-10-03T07:02:30-10:00job:security_camera_frame_grab | 07:02:12  📷  a-eyes  ch1 → ch1-20261003T170212Z.jpg  (492.2 KB, 4.29s)
2026-10-03T07:02:30-10:00job:security_camera_frame_grab | 07:02:16  📷  a-eyes  ch2 → ch2-20261003T170216Z.jpg  (330.6 KB, 4.37s)
2026-10-03T07:02:30-10:00job:security_camera_frame_grab | 07:02:21  📷  a-eyes  ch3 → ch3-20261003T170221Z.jpg  (383.4 KB, 4.37s)
2026-10-03T07:02:30-10:00job:security_camera_frame_grab | 07:02:25  📷  a-eyes  ch4 → ch4-20261003T170225Z.jpg  (236.4 KB, 4.47s)
2026-10-03T07:02:30-10:00job:energy_consolidate_hours RUN  nice -n 10 python3 "/home/rootrecord/RootRecord-Ecosystem/1 - Servers/1 - RootRecord-Pacific-Solar-Server/Energy/scripts/consolidate.py" hours
2026-10-03T07:02:30-10:00job:energy_consolidate_hours | SUMMARY=ecoflow_layers hours=0 json=periods.json
2026-10-03T07:02:30-10:00job:system_consolidate_hours RUN  nice -n 10 python3 "/home/rootrecord/RootRecord-Ecosystem/1 - Servers/1 - RootRecord-Pacific-Solar-Server/System/scripts/consolidate.py" hours
2026-10-03T07:02:30-10:00job:system_consolidate_hours | SUMMARY=system_layers hours=7
2026-10-03T07:02:30-10:00job:sys_stats_cycle RUN  bash "/home/rootrecord/RootRecord-Ecosystem/1 - Servers/1 - RootRecord-Pacific-Solar-Server/System/scripts/sys-sample.sh"
2026-10-03T07:02:30-10:00job:sys_stats_cycle | SYSTEM  cpu=1%  load=0.99  mem=54%  src=sqlite
2026-10-03T07:02:30-10:00job:sys_stats_cycle | OK wrote /home/rootrecord/RootRecord-Ecosystem/2 - RootRecord-Database/System/system.db
2026-10-03T07:02:40-10:00  ✗  river2pro_read  WAITING
2026-10-03T07:02:40-10:00job:sys_stats_cycle RUN  bash "/home/rootrecord/RootRecord-Ecosystem/1 - Servers/1 - RootRecord-Pacific-Solar-Server/System/scripts/sys-sample.sh"
2026-10-03T07:02:41-10:00job:sys_stats_cycle | SYSTEM  cpu=1%  load=0.84  mem=54%  src=sqlite
2026-10-03T07:02:41-10:00job:sys_stats_cycle | OK wrote /home/rootrecord/RootRecord-Ecosystem/2 - RootRecord-Database/System/system.db
2026-10-03T07:03:13-10:00  ✗  delta2_read  WAITING
2026-10-03T07:03:13-10:00job:security_camera_frame_grab RUN  bash "/home/rootrecord/RootRecord-Ecosystem/1 - Servers/1 - RootRecord-Pacific-Solar-Server/Security/Cameras/grab_all.sh"
2026-10-03T07:03:31-10:00job:security_camera_frame_grab | 07:03:13  📷  a-eyes  ch1 → ch1-20261003T170313Z.jpg  (492.6 KB, 4.70s)
2026-10-03T07:03:31-10:00job:security_camera_frame_grab | 07:03:18  📷  a-eyes  ch2 → ch2-20261003T170318Z.jpg  (327.6 KB, 4.48s)
2026-10-03T07:03:31-10:00job:security_camera_frame_grab | 07:03:22  📷  a-eyes  ch3 → ch3-20261003T170322Z.jpg  (385.9 KB, 4.49s)
2026-10-03T07:03:31-10:00job:security_camera_frame_grab | 07:03:27  📷  a-eyes  ch4 → ch4-20261003T170327Z.jpg  (235.7 KB, 4.37s)
2026-10-03T07:03:31-10:00job:sys_stats_cycle RUN  bash "/home/rootrecord/RootRecord-Ecosystem/1 - Servers/1 - RootRecord-Pacific-Solar-Server/System/scripts/sys-sample.sh"
2026-10-03T07:03:32-10:00job:sys_stats_cycle | SYSTEM  cpu=20%  load=1.05  mem=62%  src=sqlite
2026-10-03T07:03:32-10:00job:sys_stats_cycle | OK wrote /home/rootrecord/RootRecord-Ecosystem/2 - RootRecord-Database/System/system.db
2026-10-03T07:03:41-10:00  ✗  river2pro_read  WAITING
2026-10-03T07:03:41-10:00job:sys_stats_cycle RUN  bash "/home/rootrecord/RootRecord-Ecosystem/1 - Servers/1 - RootRecord-Pacific-Solar-Server/System/scripts/sys-sample.sh"
2026-10-03T07:03:41-10:00job:sys_stats_cycle | SYSTEM  cpu=60%  load=1.80  mem=66%  src=sqlite
2026-10-03T07:03:41-10:00job:sys_stats_cycle | OK wrote /home/rootrecord/RootRecord-Ecosystem/2 - RootRecord-Database/System/system.db
2026-10-03T07:04:16-10:00  ✗  delta2_read  WAITING
2026-10-03T07:04:16-10:00job:security_camera_frame_grab RUN  bash "/home/rootrecord/RootRecord-Ecosystem/1 - Servers/1 - RootRecord-Pacific-Solar-Server/Security/Cameras/grab_all.sh"
2026-10-03T07:04:34-10:00job:security_camera_frame_grab | 07:04:16  📷  a-eyes  ch1 → ch1-20261003T170416Z.jpg  (493.2 KB, 4.40s)
2026-10-03T07:04:34-10:00job:security_camera_frame_grab | 07:04:21  📷  a-eyes  ch2 → ch2-20261003T170421Z.jpg  (326.6 KB, 4.57s)
2026-10-03T07:04:34-10:00job:security_camera_frame_grab | 07:04:25  📷  a-eyes  ch3 → ch3-20261003T170425Z.jpg  (383.3 KB, 4.37s)
2026-10-03T07:04:34-10:00job:security_camera_frame_grab | 07:04:30  📷  a-eyes  ch4 → ch4-20261003T170430Z.jpg  (232.9 KB, 4.40s)
2026-10-03T07:04:34-10:00job:sys_stats_cycle RUN  bash "/home/rootrecord/RootRecord-Ecosystem/1 - Servers/1 - RootRecord-Pacific-Solar-Server/System/scripts/sys-sample.sh"
2026-10-03T07:04:35-10:00job:sys_stats_cycle | SYSTEM  cpu=4%  load=2.81  mem=57%  src=sqlite
2026-10-03T07:04:35-10:00job:sys_stats_cycle | OK wrote /home/rootrecord/RootRecord-Ecosystem/2 - RootRecord-Database/System/system.db
2026-10-03T07:04:44-10:00  ✗  river2pro_read  WAITING
2026-10-03T07:04:44-10:00job:sys_stats_cycle RUN  bash "/home/rootrecord/RootRecord-Ecosystem/1 - Servers/1 - RootRecord-Pacific-Solar-Server/System/scripts/sys-sample.sh"
2026-10-03T07:04:45-10:00job:sys_stats_cycle | SYSTEM  cpu=36%  load=2.53  mem=55%  src=sqlite
2026-10-03T07:04:45-10:00job:sys_stats_cycle | OK wrote /home/rootrecord/RootRecord-Ecosystem/2 - RootRecord-Database/System/system.db
2026-10-03T07:05:17-10:00  ✗  delta2_read  WAITING
2026-10-03T07:05:17-10:00job:security_camera_frame_grab RUN  bash "/home/rootrecord/RootRecord-Ecosystem/1 - Servers/1 - RootRecord-Pacific-Solar-Server/Security/Cameras/grab_all.sh"
2026-10-03T07:05:35-10:00job:security_camera_frame_grab | 07:05:17  📷  a-eyes  ch1 → ch1-20261003T170517Z.jpg  (495.2 KB, 4.64s)
2026-10-03T07:05:35-10:00job:security_camera_frame_grab | 07:05:22  📷  a-eyes  ch2 → ch2-20261003T170522Z.jpg  (324.8 KB, 4.37s)
2026-10-03T07:05:35-10:00job:security_camera_frame_grab | 07:05:26  📷  a-eyes  ch3 → ch3-20261003T170526Z.jpg  (381.9 KB, 4.36s)
2026-10-03T07:05:35-10:00job:security_camera_frame_grab | 07:05:31  📷  a-eyes  ch4 → ch4-20261003T170531Z.jpg  (231.8 KB, 4.48s)
2026-10-03T07:05:35-10:00job:energy_consolidate_minutes RUN  nice -n 10 python3 "/home/rootrecord/RootRecord-Ecosystem/1 - Servers/1 - RootRecord-Pacific-Solar-Server/Energy/scripts/consolidate.py" minutes
2026-10-03T07:05:36-10:00job:energy_consolidate_minutes | SUMMARY=ecoflow_layers minutes=0
2026-10-03T07:05:36-10:00job:system_consolidate_minutes RUN  nice -n 10 python3 "/home/rootrecord/RootRecord-Ecosystem/1 - Servers/1 - RootRecord-Pacific-Solar-Server/System/scripts/consolidate.py" minutes
2026-10-03T07:05:37-10:00job:system_consolidate_minutes | SUMMARY=system_layers minutes=140
2026-10-03T07:05:37-10:00job:sys_stats_cycle RUN  bash "/home/rootrecord/RootRecord-Ecosystem/1 - Servers/1 - RootRecord-Pacific-Solar-Server/System/scripts/sys-sample.sh"
2026-10-03T07:05:37-10:00job:sys_stats_cycle | SYSTEM  cpu=9%  load=1.92  mem=55%  src=sqlite
2026-10-03T07:05:37-10:00job:sys_stats_cycle | OK wrote /home/rootrecord/RootRecord-Ecosystem/2 - RootRecord-Database/System/system.db
2026-10-03T07:05:45-10:00  ✗  river2pro_read  WAITING
2026-10-03T07:05:45-10:00job:sys_stats_cycle RUN  bash "/home/rootrecord/RootRecord-Ecosystem/1 - Servers/1 - RootRecord-Pacific-Solar-Server/System/scripts/sys-sample.sh"
2026-10-03T07:05:46-10:00job:sys_stats_cycle | SYSTEM  cpu=4%  load=1.71  mem=55%  src=sqlite
2026-10-03T07:05:46-10:00job:sys_stats_cycle | OK wrote /home/rootrecord/RootRecord-Ecosystem/2 - RootRecord-Database/System/system.db
2026-10-03T07:06:21-10:00  ✗  delta2_read  WAITING
2026-10-03T07:06:21-10:00job:security_camera_frame_grab RUN  bash "/home/rootrecord/RootRecord-Ecosystem/1 - Servers/1 - RootRecord-Pacific-Solar-Server/Security/Cameras/grab_all.sh"
2026-10-03T07:06:39-10:00job:security_camera_frame_grab | 07:06:21  📷  a-eyes  ch1 → ch1-20261003T170621Z.jpg  (495.4 KB, 4.24s)
2026-10-03T07:06:39-10:00job:security_camera_frame_grab | 07:06:25  📷  a-eyes  ch2 → ch2-20261003T170625Z.jpg  (319.9 KB, 4.63s)
2026-10-03T07:06:39-10:00job:security_camera_frame_grab | 07:06:30  📷  a-eyes  ch3 → ch3-20261003T170630Z.jpg  (387.8 KB, 4.47s)
2026-10-03T07:06:39-10:00job:security_camera_frame_grab | 07:06:34  📷  a-eyes  ch4 → ch4-20261003T170634Z.jpg  (229.9 KB, 4.46s)
2026-10-03T07:06:39-10:00job:sys_stats_cycle RUN  bash "/home/rootrecord/RootRecord-Ecosystem/1 - Servers/1 - RootRecord-Pacific-Solar-Server/System/scripts/sys-sample.sh"
2026-10-03T07:06:39-10:00job:sys_stats_cycle | SYSTEM  cpu=17%  load=1.53  mem=56%  src=sqlite
2026-10-03T07:06:39-10:00job:sys_stats_cycle | OK wrote /home/rootrecord/RootRecord-Ecosystem/2 - RootRecord-Database/System/system.db
2026-10-03T07:06:48-10:00tunnel timeout — reconnecting
2026-10-03T07:06:48-10:00tunnel timeout — reconnecting
2026-10-03T07:06:48-10:00tunnel timeout — reconnecting
2026-10-03T07:06:48-10:00tunnel timeout — reconnecting
2026-10-03T07:06:49-10:00  ✗  river2pro_read  WAITING
2026-10-03T07:06:49-10:00job:sys_stats_cycle RUN  bash "/home/rootrecord/RootRecord-Ecosystem/1 - Servers/1 - RootRecord-Pacific-Solar-Server/System/scripts/sys-sample.sh"
2026-10-03T07:06:49-10:00tunnel timeout — reconnecting
2026-10-03T07:06:49-10:00job:sys_stats_cycle | SYSTEM  cpu=14%  load=1.37  mem=56%  src=sqlite
2026-10-03T07:06:49-10:00job:sys_stats_cycle | OK wrote /home/rootrecord/RootRecord-Ecosystem/2 - RootRecord-Database/System/system.db
2026-10-03T07:06:49-10:00tunnel timeout — reconnecting
2026-10-03T07:06:50-10:00tunnel timeout — reconnecting
2026-10-03T07:06:51-10:00tunnel connected  conn=0  edge=lax13
2026-10-03T07:07:00-10:00tunnel connected  conn=2  edge=lax10
2026-10-03T07:07:00-10:00tunnel connected  conn=3  edge=lax13
2026-10-03T07:07:00-10:00tunnel connected  conn=1  edge=lax08
2026-10-03T07:07:22-10:00  ✗  delta2_read  WAITING
2026-10-03T07:07:22-10:00job:security_camera_frame_grab RUN  bash "/home/rootrecord/RootRecord-Ecosystem/1 - Servers/1 - RootRecord-Pacific-Solar-Server/Security/Cameras/grab_all.sh"
2026-10-03T07:07:40-10:00job:security_camera_frame_grab | 07:07:22  📷  a-eyes  ch1 → ch1-20261003T170722Z.jpg  (494.5 KB, 4.32s)
2026-10-03T07:07:40-10:00job:security_camera_frame_grab | 07:07:26  📷  a-eyes  ch2 → ch2-20261003T170726Z.jpg  (319.1 KB, 4.47s)
2026-10-03T07:07:40-10:00job:security_camera_frame_grab | 07:07:31  📷  a-eyes  ch3 → ch3-20261003T170731Z.jpg  (389.0 KB, 4.28s)
2026-10-03T07:07:40-10:00job:security_camera_frame_grab | 07:07:35  📷  a-eyes  ch4 → ch4-20261003T170735Z.jpg  (224.5 KB, 4.58s)
2026-10-03T07:07:40-10:00job:sys_stats_cycle RUN  bash "/home/rootrecord/RootRecord-Ecosystem/1 - Servers/1 - RootRecord-Pacific-Solar-Server/System/scripts/sys-sample.sh"
2026-10-03T07:07:40-10:00job:sys_stats_cycle | SYSTEM  cpu=8%  load=1.94  mem=55%  src=sqlite
2026-10-03T07:07:40-10:00job:sys_stats_cycle | OK wrote /home/rootrecord/RootRecord-Ecosystem/2 - RootRecord-Database/System/system.db
2026-10-03T07:07:49-10:00  ✗  river2pro_read  WAITING
2026-10-03T07:07:49-10:00job:sys_stats_cycle RUN  bash "/home/rootrecord/RootRecord-Ecosystem/1 - Servers/1 - RootRecord-Pacific-Solar-Server/System/scripts/sys-sample.sh"
2026-10-03T07:07:50-10:00job:sys_stats_cycle | SYSTEM  cpu=11%  load=1.79  mem=55%  src=sqlite
2026-10-03T07:07:50-10:00job:sys_stats_cycle | OK wrote /home/rootrecord/RootRecord-Ecosystem/2 - RootRecord-Database/System/system.db
2026-10-03T07:08:24-10:00  ✗  delta2_read  WAITING
2026-10-03T07:08:24-10:00job:security_camera_frame_grab RUN  bash "/home/rootrecord/RootRecord-Ecosystem/1 - Servers/1 - RootRecord-Pacific-Solar-Server/Security/Cameras/grab_all.sh"
2026-10-03T07:08:26-10:00tunnel timeout — reconnecting
2026-10-03T07:08:27-10:00tunnel timeout — reconnecting
2026-10-03T07:08:27-10:00tunnel timeout — reconnecting
2026-10-03T07:08:28-10:00tunnel timeout — reconnecting
2026-10-03T07:08:28-10:00tunnel timeout — reconnecting
2026-10-03T07:08:29-10:00tunnel timeout — reconnecting
2026-10-03T07:08:29-10:00tunnel timeout — reconnecting
2026-10-03T07:08:31-10:00tunnel connected  conn=0  edge=lax13
2026-10-03T07:08:42-10:00job:security_camera_frame_grab | 07:08:24  📷  a-eyes  ch1 → ch1-20261003T170824Z.jpg  (498.7 KB, 4.29s)
2026-10-03T07:08:42-10:00job:security_camera_frame_grab | 07:08:29  📷  a-eyes  ch2 → ch2-20261003T170829Z.jpg  (320.7 KB, 4.43s)
2026-10-03T07:08:42-10:00job:security_camera_frame_grab | 07:08:33  📷  a-eyes  ch3 → ch3-20261003T170833Z.jpg  (393.0 KB, 4.48s)
2026-10-03T07:08:42-10:00job:security_camera_frame_grab | 07:08:38  📷  a-eyes  ch4 → ch4-20261003T170838Z.jpg  (224.2 KB, 4.46s)
2026-10-03T07:08:42-10:00job:energy_consolidate_hours RUN  nice -n 10 python3 "/home/rootrecord/RootRecord-Ecosystem/1 - Servers/1 - RootRecord-Pacific-Solar-Server/Energy/scripts/consolidate.py" hours
2026-10-03T07:08:42-10:00job:energy_consolidate_hours | SUMMARY=ecoflow_layers hours=0 json=periods.json
2026-10-03T07:08:42-10:00job:system_consolidate_hours RUN  nice -n 10 python3 "/home/rootrecord/RootRecord-Ecosystem/1 - Servers/1 - RootRecord-Pacific-Solar-Server/System/scripts/consolidate.py" hours
2026-10-03T07:08:42-10:00job:system_consolidate_hours | SUMMARY=system_layers hours=0
2026-10-03T07:08:42-10:00job:sys_stats_cycle RUN  bash "/home/rootrecord/RootRecord-Ecosystem/1 - Servers/1 - RootRecord-Pacific-Solar-Server/System/scripts/sys-sample.sh"
2026-10-03T07:08:42-10:00tunnel connected  conn=2  edge=lax09
2026-10-03T07:08:42-10:00tunnel connected  conn=3  edge=lax13
2026-10-03T07:08:42-10:00tunnel connected  conn=1  edge=lax11
2026-10-03T07:08:43-10:00job:sys_stats_cycle | SYSTEM  cpu=13%  load=1.22  mem=57%  src=sqlite
2026-10-03T07:08:43-10:00job:sys_stats_cycle | OK wrote /home/rootrecord/RootRecord-Ecosystem/2 - RootRecord-Database/System/system.db
2026-10-03T07:08:53-10:00  ✗  river2pro_read  WAITING
2026-10-03T07:08:53-10:00job:sys_stats_cycle RUN  bash "/home/rootrecord/RootRecord-Ecosystem/1 - Servers/1 - RootRecord-Pacific-Solar-Server/System/scripts/sys-sample.sh"
2026-10-03T07:08:53-10:00job:sys_stats_cycle | SYSTEM  cpu=8%  load=1.35  mem=57%  src=sqlite
2026-10-03T07:08:53-10:00job:sys_stats_cycle | OK wrote /home/rootrecord/RootRecord-Ecosystem/2 - RootRecord-Database/System/system.db
2026-10-03T07:09:26-10:00  ✗  delta2_read  WAITING
2026-10-03T07:09:26-10:00job:security_camera_frame_grab RUN  bash "/home/rootrecord/RootRecord-Ecosystem/1 - Servers/1 - RootRecord-Pacific-Solar-Server/Security/Cameras/grab_all.sh"
2026-10-03T07:09:43-10:00job:security_camera_frame_grab | 07:09:26  📷  a-eyes  ch1 → ch1-20261003T170926Z.jpg  (499.2 KB, 4.28s)
2026-10-03T07:09:43-10:00job:security_camera_frame_grab | 07:09:30  📷  a-eyes  ch2 → ch2-20261003T170930Z.jpg  (317.3 KB, 4.53s)
2026-10-03T07:09:43-10:00job:security_camera_frame_grab | 07:09:35  📷  a-eyes  ch3 → ch3-20261003T170935Z.jpg  (399.4 KB, 4.25s)
2026-10-03T07:09:43-10:00job:security_camera_frame_grab | 07:09:39  📷  a-eyes  ch4 → ch4-20261003T170939Z.jpg  (224.2 KB, 4.49s)
2026-10-03T07:09:43-10:00job:sys_stats_cycle RUN  bash "/home/rootrecord/RootRecord-Ecosystem/1 - Servers/1 - RootRecord-Pacific-Solar-Server/System/scripts/sys-sample.sh"
2026-10-03T07:09:44-10:00job:sys_stats_cycle | SYSTEM  cpu=8%  load=1.00  mem=57%  src=sqlite
2026-10-03T07:09:44-10:00job:sys_stats_cycle | OK wrote /home/rootrecord/RootRecord-Ecosystem/2 - RootRecord-Database/System/system.db
2026-10-03T07:09:53-10:00  ✗  river2pro_read  WAITING
2026-10-03T07:09:53-10:00job:sys_stats_cycle RUN  bash "/home/rootrecord/RootRecord-Ecosystem/1 - Servers/1 - RootRecord-Pacific-Solar-Server/System/scripts/sys-sample.sh"
2026-10-03T07:09:53-10:00job:sys_stats_cycle | SYSTEM  cpu=12%  load=1.08  mem=57%  src=sqlite
2026-10-03T07:09:53-10:00job:sys_stats_cycle | OK wrote /home/rootrecord/RootRecord-Ecosystem/2 - RootRecord-Database/System/system.db
2026-10-03T07:10:28-10:00  ✗  delta2_read  WAITING
2026-10-03T07:10:28-10:00job:security_camera_frame_grab RUN  bash "/home/rootrecord/RootRecord-Ecosystem/1 - Servers/1 - RootRecord-Pacific-Solar-Server/Security/Cameras/grab_all.sh"
2026-10-03T07:10:46-10:00job:security_camera_frame_grab | 07:10:28  📷  a-eyes  ch1 → ch1-20261003T171028Z.jpg  (500.4 KB, 4.27s)
2026-10-03T07:10:46-10:00job:security_camera_frame_grab | 07:10:32  📷  a-eyes  ch2 → ch2-20261003T171032Z.jpg  (321.6 KB, 4.38s)
2026-10-03T07:10:46-10:00job:security_camera_frame_grab | 07:10:37  📷  a-eyes  ch3 → ch3-20261003T171037Z.jpg  (402.6 KB, 4.37s)
2026-10-03T07:10:46-10:00job:security_camera_frame_grab | 07:10:41  📷  a-eyes  ch4 → ch4-20261003T171041Z.jpg  (229.1 KB, 4.47s)
2026-10-03T07:10:46-10:00job:sys_stats_cycle RUN  bash "/home/rootrecord/RootRecord-Ecosystem/1 - Servers/1 - RootRecord-Pacific-Solar-Server/System/scripts/sys-sample.sh"
2026-10-03T07:10:46-10:00job:sys_stats_cycle | SYSTEM  cpu=17%  load=1.38  mem=57%  src=sqlite
2026-10-03T07:10:46-10:00job:sys_stats_cycle | OK wrote /home/rootrecord/RootRecord-Ecosystem/2 - RootRecord-Database/System/system.db
2026-10-03T07:10:56-10:00  ✗  river2pro_read  WAITING
2026-10-03T07:10:56-10:00job:sys_stats_cycle RUN  bash "/home/rootrecord/RootRecord-Ecosystem/1 - Servers/1 - RootRecord-Pacific-Solar-Server/System/scripts/sys-sample.sh"
2026-10-03T07:10:56-10:00job:sys_stats_cycle | SYSTEM  cpu=15%  load=1.98  mem=57%  src=sqlite
2026-10-03T07:10:56-10:00job:sys_stats_cycle | OK wrote /home/rootrecord/RootRecord-Ecosystem/2 - RootRecord-Database/System/system.db
2026-10-03T07:11:29-10:00  ✗  delta2_read  WAITING
2026-10-03T07:11:29-10:00job:security_camera_frame_grab RUN  bash "/home/rootrecord/RootRecord-Ecosystem/1 - Servers/1 - RootRecord-Pacific-Solar-Server/Security/Cameras/grab_all.sh"
2026-10-03T07:11:46-10:00job:security_camera_frame_grab | 07:11:29  📷  a-eyes  ch1 → ch1-20261003T171129Z.jpg  (499.5 KB, 4.36s)
2026-10-03T07:11:46-10:00job:security_camera_frame_grab | 07:11:33  📷  a-eyes  ch2 → ch2-20261003T171133Z.jpg  (328.6 KB, 4.44s)
2026-10-03T07:11:46-10:00job:security_camera_frame_grab | 07:11:38  📷  a-eyes  ch3 → ch3-20261003T171138Z.jpg  (396.5 KB, 4.37s)
2026-10-03T07:11:46-10:00job:security_camera_frame_grab | 07:11:42  📷  a-eyes  ch4 → ch4-20261003T171142Z.jpg  (232.4 KB, 4.28s)
2026-10-03T07:11:46-10:00job:energy_consolidate_minutes RUN  nice -n 10 python3 "/home/rootrecord/RootRecord-Ecosystem/1 - Servers/1 - RootRecord-Pacific-Solar-Server/Energy/scripts/consolidate.py" minutes
2026-10-03T07:11:47-10:00job:energy_consolidate_minutes | SUMMARY=ecoflow_layers minutes=0
2026-10-03T07:11:47-10:00job:system_consolidate_minutes RUN  nice -n 10 python3 "/home/rootrecord/RootRecord-Ecosystem/1 - Servers/1 - RootRecord-Pacific-Solar-Server/System/scripts/consolidate.py" minutes
2026-10-03T07:11:48-10:00job:system_consolidate_minutes | SUMMARY=system_layers minutes=140
2026-10-03T07:11:48-10:00job:sys_stats_cycle RUN  bash "/home/rootrecord/RootRecord-Ecosystem/1 - Servers/1 - RootRecord-Pacific-Solar-Server/System/scripts/sys-sample.sh"
2026-10-03T07:11:48-10:00job:sys_stats_cycle | SYSTEM  cpu=16%  load=1.83  mem=57%  src=sqlite
2026-10-03T07:11:48-10:00job:sys_stats_cycle | OK wrote /home/rootrecord/RootRecord-Ecosystem/2 - RootRecord-Database/System/system.db
2026-10-03T07:11:57-10:00  ✗  river2pro_read  WAITING
2026-10-03T07:11:57-10:00job:sys_stats_cycle RUN  bash "/home/rootrecord/RootRecord-Ecosystem/1 - Servers/1 - RootRecord-Pacific-Solar-Server/System/scripts/sys-sample.sh"
2026-10-03T07:11:57-10:00job:sys_stats_cycle | SYSTEM  cpu=4%  load=3.04  mem=57%  src=sqlite
2026-10-03T07:11:57-10:00job:sys_stats_cycle | OK wrote /home/rootrecord/RootRecord-Ecosystem/2 - RootRecord-Database/System/system.db
2026-10-03T07:12:32-10:00  ✗  delta2_read  WAITING
2026-10-03T07:12:32-10:00job:security_camera_frame_grab RUN  bash "/home/rootrecord/RootRecord-Ecosystem/1 - Servers/1 - RootRecord-Pacific-Solar-Server/Security/Cameras/grab_all.sh"
2026-10-03T07:12:50-10:00job:security_camera_frame_grab | 07:12:32  📷  a-eyes  ch1 → ch1-20261003T171232Z.jpg  (501.0 KB, 4.50s)
2026-10-03T07:12:50-10:00job:security_camera_frame_grab | 07:12:36  📷  a-eyes  ch2 → ch2-20261003T171236Z.jpg  (331.1 KB, 4.38s)
2026-10-03T07:12:50-10:00job:security_camera_frame_grab | 07:12:41  📷  a-eyes  ch3 → ch3-20261003T171241Z.jpg  (397.2 KB, 4.26s)
2026-10-03T07:12:50-10:00job:security_camera_frame_grab | 07:12:45  📷  a-eyes  ch4 → ch4-20261003T171245Z.jpg  (231.1 KB, 4.51s)
2026-10-03T07:12:50-10:00job:sys_stats_cycle RUN  bash "/home/rootrecord/RootRecord-Ecosystem/1 - Servers/1 - RootRecord-Pacific-Solar-Server/System/scripts/sys-sample.sh"
2026-10-03T07:12:50-10:00job:sys_stats_cycle | SYSTEM  cpu=10%  load=1.78  mem=57%  src=sqlite
2026-10-03T07:12:50-10:00job:sys_stats_cycle | OK wrote /home/rootrecord/RootRecord-Ecosystem/2 - RootRecord-Database/System/system.db
2026-10-03T07:13:00-10:00  ✗  river2pro_read  WAITING
2026-10-03T07:13:00-10:00job:sys_stats_cycle RUN  bash "/home/rootrecord/RootRecord-Ecosystem/1 - Servers/1 - RootRecord-Pacific-Solar-Server/System/scripts/sys-sample.sh"
2026-10-03T07:13:01-10:00job:sys_stats_cycle | SYSTEM  cpu=5%  load=2.77  mem=58%  src=sqlite
2026-10-03T07:13:01-10:00job:sys_stats_cycle | OK wrote /home/rootrecord/RootRecord-Ecosystem/2 - RootRecord-Database/System/system.db
2026-10-03T07:13:33-10:00  ✗  delta2_read  WAITING
2026-10-03T07:13:33-10:00job:security_camera_frame_grab RUN  bash "/home/rootrecord/RootRecord-Ecosystem/1 - Servers/1 - RootRecord-Pacific-Solar-Server/Security/Cameras/grab_all.sh"
2026-10-03T07:13:51-10:00job:security_camera_frame_grab | 07:13:33  📷  a-eyes  ch1 → ch1-20261003T171333Z.jpg  (494.7 KB, 4.43s)
2026-10-03T07:13:51-10:00job:security_camera_frame_grab | 07:13:38  📷  a-eyes  ch2 → ch2-20261003T171338Z.jpg  (328.4 KB, 4.36s)
2026-10-03T07:13:51-10:00job:security_camera_frame_grab | 07:13:42  📷  a-eyes  ch3 → ch3-20261003T171342Z.jpg  (396.7 KB, 4.28s)
2026-10-03T07:13:51-10:00job:security_camera_frame_grab | 07:13:47  📷  a-eyes  ch4 → ch4-20261003T171347Z.jpg  (234.5 KB, 4.36s)
2026-10-03T07:13:51-10:00job:sys_stats_cycle RUN  bash "/home/rootrecord/RootRecord-Ecosystem/1 - Servers/1 - RootRecord-Pacific-Solar-Server/System/scripts/sys-sample.sh"
2026-10-03T07:13:51-10:00job:sys_stats_cycle | SYSTEM  cpu=21%  load=1.72  mem=58%  src=sqlite
2026-10-03T07:13:51-10:00job:sys_stats_cycle | OK wrote /home/rootrecord/RootRecord-Ecosystem/2 - RootRecord-Database/System/system.db
2026-10-03T07:14:00-10:00  ✗  river2pro_read FAIL code=-15
2026-10-03T07:14:01-10:00HTTP listening on http://127.0.0.1:8799 (open access on bind)
2026-10-03T07:14:01-10:00boot:start  jobs=9
2026-10-03T07:14:01-10:00boot:run  priority=0  id=self_terminal
2026-10-03T07:14:01-10:00boot:p0 self_process pid=2647351
2026-10-03T07:14:01-10:00boot:run  priority=1  id=cloudflare_tunnel
2026-10-03T07:14:01-10:00boot:p1 cloudflare_tunnel host=rootserver.rootrecord.cloud
2026-10-03T07:14:01-10:00internet OK at boot — starting tunnel
2026-10-03T07:14:01-10:00Starting cloudflared mode=token public_host=rootserver.rootrecord.cloud
2026-10-03T07:14:01-10:00Waiting for tunnel register (timeout=45s)…
2026-10-03T07:14:01-10:00tunnel starting
2026-10-03T07:14:02-10:00tunnel connected  conn=0  edge=lax05
2026-10-03T07:14:02-10:00Tunnel READY — first connection registered.
2026-10-03T07:14:02-10:00boot:run  priority=2  id=github_setup_remotes
2026-10-03T07:14:02-10:00tunnel ingress  rootserver.rootrecord.cloud → 127.0.0.1:8799
2026-10-03T07:14:02-10:00boot:run  priority=3  id=ollama_warmup
2026-10-03T07:14:02-10:00job:ollama_warmup RUN  bash '/home/rootrecord/RootRecord-Ecosystem/1 - Servers/1 - RootRecord-Pacific-Solar-Server/System/scripts/plumbing/ollama-warmup.sh'
2026-10-03T07:14:02-10:00tunnel connected  conn=1  edge=lax13
2026-10-03T07:14:02-10:00job:ollama_warmup | [ok] ollama up
2026-10-03T07:14:02-10:00boot:run  priority=4  id=flm_npu_warmup
2026-10-03T07:14:02-10:00job:flm_npu_warmup RUN  bash '/home/rootrecord/RootRecord-Ecosystem/1 - Servers/1 - RootRecord-Pacific-Solar-Server/System/scripts/plumbing/flm-warmup.sh'
2026-10-03T07:14:02-10:00job:flm_npu_warmup | [skip] FLM warmup disabled (no resident model; set FLM_WARMUP_RESIDENT=1 to opt in)
2026-10-03T07:14:02-10:00boot:run  priority=5  id=council_relay
2026-10-03T07:14:02-10:00job:council_relay RUN  bash "/home/rootrecord/RootRecord-Ecosystem/1 - Servers/1 - RootRecord-Pacific-Solar-Server/Communications/telegram/scripts/ensure-relay.sh"
2026-10-03T07:14:03-10:00tunnel connected  conn=2  edge=lax09
2026-10-03T07:14:04-10:00tunnel connected  conn=3  edge=lax13
2026-10-03T07:14:05-10:00job:council_relay | [ok] council-relay started pid=2647681 → /home/rootrecord/RootRecord-Ecosystem/2 - RootRecord-Database/Logs/Communications/council-relay.log
2026-10-03T07:14:05-10:00boot:run  priority=6  id=security_camera_server
2026-10-03T07:14:05-10:00job:security_camera_server RUN  bash "/home/rootrecord/RootRecord-Ecosystem/1 - Servers/1 - RootRecord-Pacific-Solar-Server/Security/Cameras/ensure_cam_server.sh"
2026-10-03T07:14:05-10:00job:security_camera_server | security cam server started
2026-10-03T07:14:05-10:00boot:run  priority=7  id=security_timelapse_catchup
2026-10-03T07:14:05-10:00job:security_timelapse_catchup RUN  bash "/home/rootrecord/RootRecord-Ecosystem/1 - Servers/1 - RootRecord-Pacific-Solar-Server/Security/Cameras/timelapse_catchup.sh"
2026-10-03T07:14:39-10:00job:security_timelapse_catchup | 07:14:05  🎬  a-eyes-timelapse  catchup: checking 20261003, now=07:14 HST
2026-10-03T07:14:39-10:00job:security_timelapse_catchup | 07:14:18  🎬  a-eyes-timelapse  hour 05 → hour_05.mp4  (25 frames, 12.86s)
2026-10-03T07:14:39-10:00job:security_timelapse_catchup | 07:14:18  🎬  a-eyes-timelapse  hour 05 frames archived → /home/rootrecord/RootRecord-Ecosystem/2 - RootRecord-Database/Media/Timelapses/_archive/20261003/hour_05
2026-10-03T07:14:39-10:00job:security_timelapse_catchup | 07:14:39  🎬  a-eyes-timelapse  hour 06 → hour_06.mp4  (58 frames, 12.86s)
2026-10-03T07:14:39-10:00job:security_timelapse_catchup | 07:14:39  🎬  a-eyes-timelapse  hour 06 frames archived → /home/rootrecord/RootRecord-Ecosystem/2 - RootRecord-Database/Media/Timelapses/_archive/20261003/hour_06
2026-10-03T07:14:39-10:00job:security_timelapse_catchup | 07:14:39  🎬  a-eyes-timelapse  catchup: window still open today, skipping daily render
2026-10-03T07:14:39-10:00boot:run  priority=9  id=network_globe_hawaii
2026-10-03T07:14:39-10:00job:network_globe_hawaii RUN  bash "/home/rootrecord/RootRecord-Ecosystem/1 - Servers/1 - RootRecord-Pacific-Solar-Server/Communications/network/scripts/ensure-network-globe-hawaii.sh"
2026-10-03T07:14:40-10:00job:network_globe_hawaii | [ensure-network-globe-hawaii] already running -- nothing to do
2026-10-03T07:14:40-10:00boot:done
2026-10-03T07:15:24-10:00  ✗  ecoflow_read_boot  WAITING
2026-10-03T07:15:24-10:00scheduler  MODE=jobs.py exact_time=34
2026-10-03T07:15:34-10:00  ✗  river2pro_read  WAITING
2026-10-03T07:15:34-10:00job:sys_stats_cycle RUN  bash "/home/rootrecord/RootRecord-Ecosystem/1 - Servers/1 - RootRecord-Pacific-Solar-Server/System/scripts/sys-sample.sh"
2026-10-03T07:15:34-10:00job:sys_stats_cycle | SYSTEM  cpu=5%  load=6.11  mem=57%  src=sqlite
2026-10-03T07:15:34-10:00job:sys_stats_cycle | OK wrote /home/rootrecord/RootRecord-Ecosystem/2 - RootRecord-Database/System/system.db
2026-10-03T07:16:07-10:00  ✗  delta2_read  WAITING
2026-10-03T07:16:07-10:00job:energy_consolidate_hours RUN  nice -n 10 python3 "/home/rootrecord/RootRecord-Ecosystem/1 - Servers/1 - RootRecord-Pacific-Solar-Server/Energy/scripts/consolidate.py" hours
2026-10-03T07:16:07-10:00job:energy_consolidate_hours | SUMMARY=ecoflow_layers hours=0 json=periods.json
2026-10-03T07:16:08-10:00job:live_picture RUN  nice -n 10 python3 "/home/rootrecord/RootRecord-Ecosystem/1 - Servers/1 - RootRecord-Pacific-Solar-Server/Media/Video/scripts/live_picture.py"
2026-10-03T07:16:20-10:00job:live_picture | {"ok": true, "detail": "local+clock+thumb", "path": "/home/rootrecord/RootRecord-Ecosystem/1 - Servers/1 - RootRecord-Pacific-Solar-Server/Media/Video/live-frame.png", "size": [1920, 1080]}
2026-10-03T07:16:20-10:00job:security_camera_frame_grab RUN  bash "/home/rootrecord/RootRecord-Ecosystem/1 - Servers/1 - RootRecord-Pacific-Solar-Server/Security/Cameras/grab_all.sh"
2026-10-03T07:16:38-10:00job:security_camera_frame_grab | 07:16:20  📷  a-eyes  ch1 → ch1-20261003T171620Z.jpg  (498.1 KB, 4.78s)
2026-10-03T07:16:38-10:00job:security_camera_frame_grab | 07:16:25  📷  a-eyes  ch2 → ch2-20261003T171625Z.jpg  (339.8 KB, 4.43s)
2026-10-03T07:16:38-10:00job:security_camera_frame_grab | 07:16:29  📷  a-eyes  ch3 → ch3-20261003T171629Z.jpg  (393.4 KB, 4.45s)
2026-10-03T07:16:38-10:00job:security_camera_frame_grab | 07:16:34  📷  a-eyes  ch4 → ch4-20261003T171634Z.jpg  (241.2 KB, 4.29s)
2026-10-03T07:16:38-10:00job:sys_stats_cycle RUN  bash "/home/rootrecord/RootRecord-Ecosystem/1 - Servers/1 - RootRecord-Pacific-Solar-Server/System/scripts/sys-sample.sh"
2026-10-03T07:16:39-10:00job:sys_stats_cycle | SYSTEM  cpu=74%  load=5.62  mem=87%  src=sqlite
2026-10-03T07:16:39-10:00job:sys_stats_cycle | OK wrote /home/rootrecord/RootRecord-Ecosystem/2 - RootRecord-Database/System/system.db
2026-10-03T07:16:39-10:00job:system_consolidate_hours RUN  nice -n 10 python3 "/home/rootrecord/RootRecord-Ecosystem/1 - Servers/1 - RootRecord-Pacific-Solar-Server/System/scripts/consolidate.py" hours
2026-10-03T07:16:39-10:00job:system_consolidate_hours | SUMMARY=system_layers hours=0
2026-10-03T07:16:39-10:00job:voice_kilauea_image_check RUN  nice -n 10 python3 "/home/rootrecord/RootRecord-Ecosystem/1 - Servers/1 - RootRecord-Pacific-Solar-Server/Media/Voice/scripts/voice_reports.py" kilauea_image_check
2026-10-03T07:17:15-10:00tunnel timeout — reconnecting
2026-10-03T07:17:15-10:00tunnel timeout — reconnecting
2026-10-03T07:17:15-10:00tunnel timeout — reconnecting
2026-10-03T07:17:15-10:00tunnel timeout — reconnecting
2026-10-03T07:17:16-10:00tunnel connected  conn=0  edge=lax07
2026-10-03T07:17:16-10:00tunnel timeout — reconnecting
2026-10-03T07:17:16-10:00tunnel timeout — reconnecting
2026-10-03T07:17:17-10:00tunnel timeout — reconnecting
2026-10-03T07:17:30-10:00tunnel connected  conn=3  edge=lax13
2026-10-03T07:17:30-10:00tunnel connected  conn=2  edge=lax05
2026-10-03T07:17:30-10:00tunnel connected  conn=1  edge=lax01
2026-10-03T07:17:39-10:00job:voice_kilauea_image_check FAIL code=-15
2026-10-03T07:17:40-10:00HTTP listening on http://127.0.0.1:8799 (open access on bind)
2026-10-03T07:17:40-10:00boot:start  jobs=9
2026-10-03T07:17:40-10:00boot:run  priority=0  id=self_terminal
2026-10-03T07:17:40-10:00boot:p0 self_process pid=2651932
2026-10-03T07:17:40-10:00boot:run  priority=1  id=cloudflare_tunnel
2026-10-03T07:17:40-10:00boot:p1 cloudflare_tunnel host=rootserver.rootrecord.cloud
2026-10-03T07:17:40-10:00internet OK at boot — starting tunnel
2026-10-03T07:17:40-10:00Starting cloudflared mode=token public_host=rootserver.rootrecord.cloud
2026-10-03T07:17:40-10:00Waiting for tunnel register (timeout=45s)…
2026-10-03T07:17:40-10:00tunnel starting
2026-10-03T07:17:40-10:00tunnel connected  conn=0  edge=lax13
2026-10-03T07:17:40-10:00Tunnel READY — first connection registered.
2026-10-03T07:17:40-10:00boot:run  priority=2  id=github_setup_remotes
2026-10-03T07:17:40-10:00tunnel ingress  rootserver.rootrecord.cloud → 127.0.0.1:8799
2026-10-03T07:17:41-10:00tunnel connected  conn=1  edge=lax05
2026-10-03T07:17:41-10:00boot:run  priority=3  id=ollama_warmup
2026-10-03T07:17:41-10:00job:ollama_warmup RUN  bash '/home/rootrecord/RootRecord-Ecosystem/1 - Servers/1 - RootRecord-Pacific-Solar-Server/System/scripts/plumbing/ollama-warmup.sh'
2026-10-03T07:17:41-10:00job:ollama_warmup | [ok] ollama up
2026-10-03T07:17:41-10:00boot:run  priority=4  id=flm_npu_warmup
2026-10-03T07:17:41-10:00job:flm_npu_warmup RUN  bash '/home/rootrecord/RootRecord-Ecosystem/1 - Servers/1 - RootRecord-Pacific-Solar-Server/System/scripts/plumbing/flm-warmup.sh'
2026-10-03T07:17:41-10:00job:flm_npu_warmup | [skip] FLM warmup disabled (no resident model; set FLM_WARMUP_RESIDENT=1 to opt in)
2026-10-03T07:17:41-10:00boot:run  priority=5  id=council_relay
2026-10-03T07:17:41-10:00job:council_relay RUN  bash "/home/rootrecord/RootRecord-Ecosystem/1 - Servers/1 - RootRecord-Pacific-Solar-Server/Communications/telegram/scripts/ensure-relay.sh"
2026-10-03T07:17:41-10:00tunnel connected  conn=2  edge=lax10
2026-10-03T07:17:42-10:00tunnel connected  conn=3  edge=lax13
2026-10-03T07:17:44-10:00job:council_relay | [ok] council-relay started pid=2652308 → /home/rootrecord/RootRecord-Ecosystem/2 - RootRecord-Database/Logs/Communications/council-relay.log
2026-10-03T07:17:44-10:00boot:run  priority=6  id=security_camera_server
2026-10-03T07:17:44-10:00job:security_camera_server RUN  bash "/home/rootrecord/RootRecord-Ecosystem/1 - Servers/1 - RootRecord-Pacific-Solar-Server/Security/Cameras/ensure_cam_server.sh"
2026-10-03T07:17:45-10:00job:security_camera_server | security cam server started
2026-10-03T07:17:45-10:00boot:run  priority=7  id=security_timelapse_catchup
2026-10-03T07:17:45-10:00job:security_timelapse_catchup RUN  bash "/home/rootrecord/RootRecord-Ecosystem/1 - Servers/1 - RootRecord-Pacific-Solar-Server/Security/Cameras/timelapse_catchup.sh"
2026-10-03T07:17:45-10:00job:security_timelapse_catchup | 07:17:45  🎬  a-eyes-timelapse  catchup: checking 20261003, now=07:17 HST
2026-10-03T07:17:45-10:00job:security_timelapse_catchup | 07:17:45  🎬  a-eyes-timelapse  hour 05 already compiled, skipping
2026-10-03T07:17:45-10:00job:security_timelapse_catchup | 07:17:45  🎬  a-eyes-timelapse  hour 06 already compiled, skipping
2026-10-03T07:17:45-10:00job:security_timelapse_catchup | 07:17:45  🎬  a-eyes-timelapse  catchup: window still open today, skipping daily render
2026-10-03T07:17:45-10:00boot:run  priority=9  id=network_globe_hawaii
2026-10-03T07:17:45-10:00job:network_globe_hawaii RUN  bash "/home/rootrecord/RootRecord-Ecosystem/1 - Servers/1 - RootRecord-Pacific-Solar-Server/Communications/network/scripts/ensure-network-globe-hawaii.sh"
2026-10-03T07:17:45-10:00job:network_globe_hawaii | [ensure-network-globe-hawaii] already running -- nothing to do
2026-10-03T07:17:45-10:00boot:done
2026-10-03T07:18:29-10:00  ✗  ecoflow_read_boot  WAITING
2026-10-03T07:18:29-10:00scheduler  MODE=jobs.py exact_time=34
2026-10-03T07:19:02-10:00  ✗  delta2_read  WAITING
2026-10-03T07:19:02-10:00job:energy_consolidate_hours RUN  nice -n 10 python3 "/home/rootrecord/RootRecord-Ecosystem/1 - Servers/1 - RootRecord-Pacific-Solar-Server/Energy/scripts/consolidate.py" hours
2026-10-03T07:19:02-10:00job:energy_consolidate_hours | SUMMARY=ecoflow_layers hours=0 json=periods.json
2026-10-03T07:19:02-10:00job:security_camera_frame_grab RUN  bash "/home/rootrecord/RootRecord-Ecosystem/1 - Servers/1 - RootRecord-Pacific-Solar-Server/Security/Cameras/grab_all.sh"
2026-10-03T07:19:21-10:00job:security_camera_frame_grab | 07:19:03  📷  a-eyes  ch1 → ch1-20261003T171903Z.jpg  (498.6 KB, 4.83s)
2026-10-03T07:19:21-10:00job:security_camera_frame_grab | 07:19:07  📷  a-eyes  ch2 → ch2-20261003T171907Z.jpg  (335.5 KB, 4.47s)
2026-10-03T07:19:21-10:00job:security_camera_frame_grab | 07:19:12  📷  a-eyes  ch3 → ch3-20261003T171912Z.jpg  (377.1 KB, 4.37s)
2026-10-03T07:19:21-10:00job:security_camera_frame_grab | 07:19:16  📷  a-eyes  ch4 → ch4-20261003T171916Z.jpg  (239.5 KB, 4.35s)
2026-10-03T07:19:21-10:00job:sys_stats_cycle RUN  bash "/home/rootrecord/RootRecord-Ecosystem/1 - Servers/1 - RootRecord-Pacific-Solar-Server/System/scripts/sys-sample.sh"
2026-10-03T07:19:21-10:00job:sys_stats_cycle | SYSTEM  cpu=62%  load=6.13  mem=87%  src=sqlite
2026-10-03T07:19:21-10:00job:sys_stats_cycle | OK wrote /home/rootrecord/RootRecord-Ecosystem/2 - RootRecord-Database/System/system.db
2026-10-03T07:19:21-10:00job:system_consolidate_hours RUN  nice -n 10 python3 "/home/rootrecord/RootRecord-Ecosystem/1 - Servers/1 - RootRecord-Pacific-Solar-Server/System/scripts/consolidate.py" hours
2026-10-03T07:19:21-10:00job:system_consolidate_hours | SUMMARY=system_layers hours=0
2026-10-03T07:19:30-10:00  ✗  river2pro_read  WAITING
2026-10-03T07:19:30-10:00job:sys_stats_cycle RUN  bash "/home/rootrecord/RootRecord-Ecosystem/1 - Servers/1 - RootRecord-Pacific-Solar-Server/System/scripts/sys-sample.sh"
2026-10-03T07:19:31-10:00job:sys_stats_cycle | SYSTEM  cpu=62%  load=6.27  mem=87%  src=sqlite
2026-10-03T07:19:31-10:00job:sys_stats_cycle | OK wrote /home/rootrecord/RootRecord-Ecosystem/2 - RootRecord-Database/System/system.db
2026-10-03T07:20:06-10:00  ✗  delta2_read  WAITING
2026-10-03T07:20:06-10:00job:security_camera_frame_grab RUN  bash "/home/rootrecord/RootRecord-Ecosystem/1 - Servers/1 - RootRecord-Pacific-Solar-Server/Security/Cameras/grab_all.sh"
2026-10-03T07:20:24-10:00job:security_camera_frame_grab | 07:20:06  📷  a-eyes  ch1 → ch1-20261003T172006Z.jpg  (503.8 KB, 4.66s)
2026-10-03T07:20:24-10:00job:security_camera_frame_grab | 07:20:11  📷  a-eyes  ch2 → ch2-20261003T172011Z.jpg  (326.5 KB, 4.39s)
2026-10-03T07:20:24-10:00job:security_camera_frame_grab | 07:20:15  📷  a-eyes  ch3 → ch3-20261003T172015Z.jpg  (377.9 KB, 4.65s)
2026-10-03T07:20:24-10:00job:security_camera_frame_grab | 07:20:20  📷  a-eyes  ch4 → ch4-20261003T172020Z.jpg  (230.3 KB, 4.47s)
2026-10-03T07:20:24-10:00job:sys_stats_cycle RUN  bash "/home/rootrecord/RootRecord-Ecosystem/1 - Servers/1 - RootRecord-Pacific-Solar-Server/System/scripts/sys-sample.sh"
2026-10-03T07:20:25-10:00job:sys_stats_cycle | SYSTEM  cpu=69%  load=5.78  mem=87%  src=sqlite
2026-10-03T07:20:25-10:00job:sys_stats_cycle | OK wrote /home/rootrecord/RootRecord-Ecosystem/2 - RootRecord-Database/System/system.db
2026-10-03T07:20:35-10:00  ✗  river2pro_read  WAITING
2026-10-03T07:20:35-10:00job:sys_stats_cycle RUN  bash "/home/rootrecord/RootRecord-Ecosystem/1 - Servers/1 - RootRecord-Pacific-Solar-Server/System/scripts/sys-sample.sh"
2026-10-03T07:20:36-10:00job:sys_stats_cycle | SYSTEM  cpu=57%  load=5.58  mem=87%  src=sqlite
2026-10-03T07:20:36-10:00job:sys_stats_cycle | OK wrote /home/rootrecord/RootRecord-Ecosystem/2 - RootRecord-Database/System/system.db
2026-10-03T07:21:09-10:00  ✗  delta2_read  WAITING
2026-10-03T07:21:09-10:00job:security_camera_frame_grab RUN  bash "/home/rootrecord/RootRecord-Ecosystem/1 - Servers/1 - RootRecord-Pacific-Solar-Server/Security/Cameras/grab_all.sh"
2026-10-03T07:21:27-10:00job:security_camera_frame_grab | 07:21:09  📷  a-eyes  ch1 → ch1-20261003T172109Z.jpg  (514.4 KB, 4.54s)
2026-10-03T07:21:27-10:00job:security_camera_frame_grab | 07:21:13  📷  a-eyes  ch2 → ch2-20261003T172113Z.jpg  (321.9 KB, 4.51s)
2026-10-03T07:21:27-10:00job:security_camera_frame_grab | 07:21:18  📷  a-eyes  ch3 → ch3-20261003T172118Z.jpg  (379.3 KB, 4.38s)
2026-10-03T07:21:27-10:00job:security_camera_frame_grab | 07:21:22  📷  a-eyes  ch4 → ch4-20261003T172122Z.jpg  (222.5 KB, 4.66s)
2026-10-03T07:21:27-10:00job:sys_stats_cycle RUN  bash "/home/rootrecord/RootRecord-Ecosystem/1 - Servers/1 - RootRecord-Pacific-Solar-Server/System/scripts/sys-sample.sh"
2026-10-03T07:21:28-10:00job:sys_stats_cycle | SYSTEM  cpu=67%  load=5.10  mem=65%  src=sqlite
2026-10-03T07:21:28-10:00job:sys_stats_cycle | OK wrote /home/rootrecord/RootRecord-Ecosystem/2 - RootRecord-Database/System/system.db
2026-10-03T07:21:36-10:00  ✗  river2pro_read  WAITING
2026-10-03T07:21:36-10:00job:sys_stats_cycle RUN  bash "/home/rootrecord/RootRecord-Ecosystem/1 - Servers/1 - RootRecord-Pacific-Solar-Server/System/scripts/sys-sample.sh"
2026-10-03T07:21:37-10:00job:sys_stats_cycle | SYSTEM  cpu=64%  load=4.79  mem=62%  src=sqlite
2026-10-03T07:21:37-10:00job:sys_stats_cycle | OK wrote /home/rootrecord/RootRecord-Ecosystem/2 - RootRecord-Database/System/system.db
2026-10-03T07:22:12-10:00  ✗  delta2_read  WAITING
2026-10-03T07:22:12-10:00job:energy_consolidate_minutes RUN  nice -n 10 python3 "/home/rootrecord/RootRecord-Ecosystem/1 - Servers/1 - RootRecord-Pacific-Solar-Server/Energy/scripts/consolidate.py" minutes
2026-10-03T07:22:12-10:00job:energy_consolidate_minutes | SUMMARY=ecoflow_layers minutes=0
2026-10-03T07:22:12-10:00job:security_camera_frame_grab RUN  bash "/home/rootrecord/RootRecord-Ecosystem/1 - Servers/1 - RootRecord-Pacific-Solar-Server/Security/Cameras/grab_all.sh"
2026-10-03T07:22:31-10:00job:security_camera_frame_grab | 07:22:12  📷  a-eyes  ch1 → ch1-20261003T172212Z.jpg  (517.7 KB, 4.61s)
2026-10-03T07:22:31-10:00job:security_camera_frame_grab | 07:22:17  📷  a-eyes  ch2 → ch2-20261003T172217Z.jpg  (316.0 KB, 5.16s)
2026-10-03T07:22:31-10:00job:security_camera_frame_grab | 07:22:22  📷  a-eyes  ch3 → ch3-20261003T172222Z.jpg  (387.6 KB, 4.49s)
2026-10-03T07:22:31-10:00job:security_camera_frame_grab | 07:22:27  📷  a-eyes  ch4 → ch4-20261003T172227Z.jpg  (220.1 KB, 4.51s)
2026-10-03T07:22:31-10:00job:sys_stats_cycle RUN  bash "/home/rootrecord/RootRecord-Ecosystem/1 - Servers/1 - RootRecord-Pacific-Solar-Server/System/scripts/sys-sample.sh"
2026-10-03T07:22:31-10:00job:sys_stats_cycle | SYSTEM  cpu=6%  load=2.66  mem=55%  src=sqlite
2026-10-03T07:22:31-10:00job:sys_stats_cycle | OK wrote /home/rootrecord/RootRecord-Ecosystem/2 - RootRecord-Database/System/system.db
2026-10-03T07:22:31-10:00job:system_consolidate_minutes RUN  nice -n 10 python3 "/home/rootrecord/RootRecord-Ecosystem/1 - Servers/1 - RootRecord-Pacific-Solar-Server/System/scripts/consolidate.py" minutes
2026-10-03T07:22:33-10:00job:system_consolidate_minutes | SUMMARY=system_layers minutes=182
2026-10-03T07:22:42-10:00  ✗  river2pro_read  WAITING
2026-10-03T07:22:42-10:00job:sys_stats_cycle RUN  bash "/home/rootrecord/RootRecord-Ecosystem/1 - Servers/1 - RootRecord-Pacific-Solar-Server/System/scripts/sys-sample.sh"
2026-10-03T07:22:43-10:00job:sys_stats_cycle | SYSTEM  cpu=9%  load=2.47  mem=59%  src=sqlite
2026-10-03T07:22:43-10:00job:sys_stats_cycle | OK wrote /home/rootrecord/RootRecord-Ecosystem/2 - RootRecord-Database/System/system.db
2026-10-03T07:23:15-10:00  ✗  delta2_read  WAITING
2026-10-03T07:23:15-10:00job:security_camera_frame_grab RUN  bash "/home/rootrecord/RootRecord-Ecosystem/1 - Servers/1 - RootRecord-Pacific-Solar-Server/Security/Cameras/grab_all.sh"
2026-10-03T07:23:34-10:00job:security_camera_frame_grab | 07:23:15  📷  a-eyes  ch1 → ch1-20261003T172315Z.jpg  (517.0 KB, 4.75s)
2026-10-03T07:23:34-10:00job:security_camera_frame_grab | 07:23:20  📷  a-eyes  ch2 → ch2-20261003T172320Z.jpg  (311.7 KB, 4.57s)
2026-10-03T07:23:34-10:00job:security_camera_frame_grab | 07:23:25  📷  a-eyes  ch3 → ch3-20261003T172325Z.jpg  (393.9 KB, 4.48s)
2026-10-03T07:23:34-10:00job:security_camera_frame_grab | 07:23:29  📷  a-eyes  ch4 → ch4-20261003T172329Z.jpg  (225.9 KB, 4.47s)
2026-10-03T07:23:34-10:00job:sys_stats_cycle RUN  bash "/home/rootrecord/RootRecord-Ecosystem/1 - Servers/1 - RootRecord-Pacific-Solar-Server/System/scripts/sys-sample.sh"
2026-10-03T07:23:34-10:00job:sys_stats_cycle | SYSTEM  cpu=4%  load=1.54  mem=56%  src=sqlite
2026-10-03T07:23:34-10:00job:sys_stats_cycle | OK wrote /home/rootrecord/RootRecord-Ecosystem/2 - RootRecord-Database/System/system.db
2026-10-03T07:23:43-10:00  ✗  river2pro_read  WAITING
2026-10-03T07:23:43-10:00job:sys_stats_cycle RUN  bash "/home/rootrecord/RootRecord-Ecosystem/1 - Servers/1 - RootRecord-Pacific-Solar-Server/System/scripts/sys-sample.sh"
2026-10-03T07:23:43-10:00job:sys_stats_cycle | SYSTEM  cpu=4%  load=1.47  mem=55%  src=sqlite
2026-10-03T07:23:43-10:00job:sys_stats_cycle | OK wrote /home/rootrecord/RootRecord-Ecosystem/2 - RootRecord-Database/System/system.db
2026-10-03T07:24:18-10:00  ✗  delta2_read  WAITING
2026-10-03T07:24:18-10:00job:security_camera_frame_grab RUN  bash "/home/rootrecord/RootRecord-Ecosystem/1 - Servers/1 - RootRecord-Pacific-Solar-Server/Security/Cameras/grab_all.sh"
2026-10-03T07:24:36-10:00job:security_camera_frame_grab | 07:24:18  📷  a-eyes  ch1 → ch1-20261003T172418Z.jpg  (512.3 KB, 4.36s)
2026-10-03T07:24:36-10:00job:security_camera_frame_grab | 07:24:22  📷  a-eyes  ch2 → ch2-20261003T172422Z.jpg  (308.9 KB, 4.28s)
2026-10-03T07:24:36-10:00job:security_camera_frame_grab | 07:24:27  📷  a-eyes  ch3 → ch3-20261003T172427Z.jpg  (400.0 KB, 4.47s)
2026-10-03T07:24:36-10:00job:security_camera_frame_grab | 07:24:31  📷  a-eyes  ch4 → ch4-20261003T172431Z.jpg  (222.3 KB, 4.47s)
2026-10-03T07:24:36-10:00job:sys_stats_cycle RUN  bash "/home/rootrecord/RootRecord-Ecosystem/1 - Servers/1 - RootRecord-Pacific-Solar-Server/System/scripts/sys-sample.sh"
2026-10-03T07:24:36-10:00job:sys_stats_cycle | SYSTEM  cpu=7%  load=1.51  mem=56%  src=sqlite
2026-10-03T07:24:36-10:00job:sys_stats_cycle | OK wrote /home/rootrecord/RootRecord-Ecosystem/2 - RootRecord-Database/System/system.db
2026-10-03T07:24:46-10:00  ✗  river2pro_read  WAITING
2026-10-03T07:24:46-10:00job:sys_stats_cycle RUN  bash "/home/rootrecord/RootRecord-Ecosystem/1 - Servers/1 - RootRecord-Pacific-Solar-Server/System/scripts/sys-sample.sh"
2026-10-03T07:24:47-10:00job:sys_stats_cycle | SYSTEM  cpu=7%  load=1.27  mem=55%  src=sqlite
2026-10-03T07:24:47-10:00job:sys_stats_cycle | OK wrote /home/rootrecord/RootRecord-Ecosystem/2 - RootRecord-Database/System/system.db
2026-10-03T07:25:19-10:00  ✗  delta2_read  WAITING
2026-10-03T07:25:19-10:00job:energy_consolidate_hours RUN  nice -n 10 python3 "/home/rootrecord/RootRecord-Ecosystem/1 - Servers/1 - RootRecord-Pacific-Solar-Server/Energy/scripts/consolidate.py" hours
2026-10-03T07:25:19-10:00job:energy_consolidate_hours | SUMMARY=ecoflow_layers hours=0 json=periods.json
2026-10-03T07:25:19-10:00job:security_camera_frame_grab RUN  bash "/home/rootrecord/RootRecord-Ecosystem/1 - Servers/1 - RootRecord-Pacific-Solar-Server/Security/Cameras/grab_all.sh"
2026-10-03T07:25:37-10:00job:security_camera_frame_grab | 07:25:19  📷  a-eyes  ch1 → ch1-20261003T172519Z.jpg  (512.0 KB, 4.54s)
2026-10-03T07:25:37-10:00job:security_camera_frame_grab | 07:25:24  📷  a-eyes  ch2 → ch2-20261003T172524Z.jpg  (309.5 KB, 4.47s)
2026-10-03T07:25:37-10:00job:security_camera_frame_grab | 07:25:28  📷  a-eyes  ch3 → ch3-20261003T172528Z.jpg  (403.5 KB, 4.47s)
2026-10-03T07:25:37-10:00job:security_camera_frame_grab | 07:25:33  📷  a-eyes  ch4 → ch4-20261003T172533Z.jpg  (223.2 KB, 4.57s)
2026-10-03T07:25:37-10:00job:sys_stats_cycle RUN  bash "/home/rootrecord/RootRecord-Ecosystem/1 - Servers/1 - RootRecord-Pacific-Solar-Server/System/scripts/sys-sample.sh"
2026-10-03T07:25:38-10:00job:sys_stats_cycle | SYSTEM  cpu=6%  load=0.76  mem=56%  src=sqlite
2026-10-03T07:25:38-10:00job:sys_stats_cycle | OK wrote /home/rootrecord/RootRecord-Ecosystem/2 - RootRecord-Database/System/system.db
2026-10-03T07:25:38-10:00job:system_consolidate_hours RUN  nice -n 10 python3 "/home/rootrecord/RootRecord-Ecosystem/1 - Servers/1 - RootRecord-Pacific-Solar-Server/System/scripts/consolidate.py" hours
2026-10-03T07:25:38-10:00job:system_consolidate_hours | SUMMARY=system_layers hours=0
2026-10-03T07:25:46-10:00  ✗  river2pro_read  WAITING
2026-10-03T07:25:46-10:00job:sys_stats_cycle RUN  bash "/home/rootrecord/RootRecord-Ecosystem/1 - Servers/1 - RootRecord-Pacific-Solar-Server/System/scripts/sys-sample.sh"
2026-10-03T07:25:47-10:00job:sys_stats_cycle | SYSTEM  cpu=10%  load=0.65  mem=55%  src=sqlite
2026-10-03T07:25:47-10:00job:sys_stats_cycle | OK wrote /home/rootrecord/RootRecord-Ecosystem/2 - RootRecord-Database/System/system.db
2026-10-03T07:26:22-10:00  ✗  delta2_read  WAITING
2026-10-03T07:26:22-10:00job:security_camera_frame_grab RUN  bash "/home/rootrecord/RootRecord-Ecosystem/1 - Servers/1 - RootRecord-Pacific-Solar-Server/Security/Cameras/grab_all.sh"
2026-10-03T07:26:40-10:00job:security_camera_frame_grab | 07:26:22  📷  a-eyes  ch1 → ch1-20261003T172622Z.jpg  (515.5 KB, 4.56s)
2026-10-03T07:26:40-10:00job:security_camera_frame_grab | 07:26:26  📷  a-eyes  ch2 → ch2-20261003T172626Z.jpg  (315.1 KB, 4.35s)
2026-10-03T07:26:40-10:00job:security_camera_frame_grab | 07:26:31  📷  a-eyes  ch3 → ch3-20261003T172631Z.jpg  (409.2 KB, 4.77s)
2026-10-03T07:26:40-10:00job:security_camera_frame_grab | 07:26:35  📷  a-eyes  ch4 → ch4-20261003T172635Z.jpg  (225.5 KB, 4.48s)
2026-10-03T07:26:40-10:00job:sys_stats_cycle RUN  bash "/home/rootrecord/RootRecord-Ecosystem/1 - Servers/1 - RootRecord-Pacific-Solar-Server/System/scripts/sys-sample.sh"
2026-10-03T07:26:40-10:00job:sys_stats_cycle | SYSTEM  cpu=5%  load=1.20  mem=55%  src=sqlite
2026-10-03T07:26:40-10:00job:sys_stats_cycle | OK wrote /home/rootrecord/RootRecord-Ecosystem/2 - RootRecord-Database/System/system.db
2026-10-03T07:26:50-10:00  ✗  river2pro_read  WAITING
2026-10-03T07:26:50-10:00job:sys_stats_cycle RUN  bash "/home/rootrecord/RootRecord-Ecosystem/1 - Servers/1 - RootRecord-Pacific-Solar-Server/System/scripts/sys-sample.sh"
2026-10-03T07:26:51-10:00job:sys_stats_cycle | SYSTEM  cpu=9%  load=1.32  mem=55%  src=sqlite
2026-10-03T07:26:51-10:00job:sys_stats_cycle | OK wrote /home/rootrecord/RootRecord-Ecosystem/2 - RootRecord-Database/System/system.db
2026-10-03T07:27:23-10:00  ✗  delta2_read  WAITING
2026-10-03T07:27:23-10:00job:security_camera_frame_grab RUN  bash "/home/rootrecord/RootRecord-Ecosystem/1 - Servers/1 - RootRecord-Pacific-Solar-Server/Security/Cameras/grab_all.sh"
2026-10-03T07:27:45-10:00job:security_camera_frame_grab | 07:27:23  📷  a-eyes  ch1 → ch1-20261003T172723Z.jpg  (514.6 KB, 4.48s)
2026-10-03T07:27:45-10:00job:security_camera_frame_grab | 07:27:28  📷  a-eyes  ch2 → ch2-20261003T172728Z.jpg  (318.1 KB, 7.78s)
2026-10-03T07:27:45-10:00job:security_camera_frame_grab | 07:27:36  📷  a-eyes  ch3 → ch3-20261003T172736Z.jpg  (413.0 KB, 4.67s)
2026-10-03T07:27:45-10:00job:security_camera_frame_grab | 07:27:40  📷  a-eyes  ch4 → ch4-20261003T172740Z.jpg  (226.4 KB, 4.38s)
2026-10-03T07:27:45-10:00job:sys_stats_cycle RUN  bash "/home/rootrecord/RootRecord-Ecosystem/1 - Servers/1 - RootRecord-Pacific-Solar-Server/System/scripts/sys-sample.sh"
2026-10-03T07:27:45-10:00job:sys_stats_cycle | SYSTEM  cpu=7%  load=1.43  mem=55%  src=sqlite
2026-10-03T07:27:45-10:00job:sys_stats_cycle | OK wrote /home/rootrecord/RootRecord-Ecosystem/2 - RootRecord-Database/System/system.db
2026-10-03T07:27:55-10:00  ✗  river2pro_read  WAITING
2026-10-03T07:27:55-10:00job:sys_stats_cycle RUN  bash "/home/rootrecord/RootRecord-Ecosystem/1 - Servers/1 - RootRecord-Pacific-Solar-Server/System/scripts/sys-sample.sh"
2026-10-03T07:27:55-10:00job:sys_stats_cycle | SYSTEM  cpu=3%  load=1.28  mem=55%  src=sqlite
2026-10-03T07:27:55-10:00job:sys_stats_cycle | OK wrote /home/rootrecord/RootRecord-Ecosystem/2 - RootRecord-Database/System/system.db
2026-10-03T07:28:30-10:00  ✗  delta2_read  WAITING
2026-10-03T07:28:30-10:00job:energy_consolidate_minutes RUN  nice -n 10 python3 "/home/rootrecord/RootRecord-Ecosystem/1 - Servers/1 - RootRecord-Pacific-Solar-Server/Energy/scripts/consolidate.py" minutes
2026-10-03T07:28:30-10:00job:energy_consolidate_minutes | SUMMARY=ecoflow_layers minutes=0
2026-10-03T07:28:31-10:00job:hawaii_to_ml2 RUN  bash "/home/rootrecord/RootRecord-Ecosystem/1 - Servers/3 - RootRecord-US-Mainland-Two/scripts/hawaii-to-ml2.sh"
2026-10-03T07:28:54-10:00job:hawaii_to_ml2 | hawaii-to-ml2: SSH /home/rootrecord/RootRecord-Ecosystem/2 - RootRecord-Database → ml2:US-Mainland-Server-2/var/bank/
2026-10-03T07:28:54-10:00job:hawaii_to_ml2 | hawaii-to-ml2: ok transport=remote
2026-10-03T07:28:54-10:00job:security_camera_frame_grab RUN  bash "/home/rootrecord/RootRecord-Ecosystem/1 - Servers/1 - RootRecord-Pacific-Solar-Server/Security/Cameras/grab_all.sh"
2026-10-03T07:29:12-10:00job:security_camera_frame_grab | 07:28:55  📷  a-eyes  ch1 → ch1-20261003T172855Z.jpg  (514.7 KB, 4.46s)
2026-10-03T07:29:12-10:00job:security_camera_frame_grab | 07:28:59  📷  a-eyes  ch2 → ch2-20261003T172859Z.jpg  (321.3 KB, 4.53s)
2026-10-03T07:29:12-10:00job:security_camera_frame_grab | 07:29:04  📷  a-eyes  ch3 → ch3-20261003T172904Z.jpg  (415.2 KB, 4.47s)
2026-10-03T07:29:12-10:00job:security_camera_frame_grab | 07:29:08  📷  a-eyes  ch4 → ch4-20261003T172908Z.jpg  (228.9 KB, 4.36s)
2026-10-03T07:29:12-10:00job:sys_stats_cycle RUN  bash "/home/rootrecord/RootRecord-Ecosystem/1 - Servers/1 - RootRecord-Pacific-Solar-Server/System/scripts/sys-sample.sh"
2026-10-03T07:29:13-10:00job:sys_stats_cycle | SYSTEM  cpu=6%  load=1.27  mem=57%  src=sqlite
2026-10-03T07:29:13-10:00job:sys_stats_cycle | OK wrote /home/rootrecord/RootRecord-Ecosystem/2 - RootRecord-Database/System/system.db
2026-10-03T07:29:13-10:00job:system_consolidate_minutes RUN  nice -n 10 python3 "/home/rootrecord/RootRecord-Ecosystem/1 - Servers/1 - RootRecord-Pacific-Solar-Server/System/scripts/consolidate.py" minutes
2026-10-03T07:29:14-10:00job:system_consolidate_minutes | SUMMARY=system_layers minutes=133
2026-10-03T07:29:23-10:00  ✗  river2pro_read  WAITING
2026-10-03T07:29:23-10:00job:sys_stats_cycle RUN  bash "/home/rootrecord/RootRecord-Ecosystem/1 - Servers/1 - RootRecord-Pacific-Solar-Server/System/scripts/sys-sample.sh"
2026-10-03T07:29:24-10:00job:sys_stats_cycle | SYSTEM  cpu=3%  load=1.14  mem=57%  src=sqlite
2026-10-03T07:29:24-10:00job:sys_stats_cycle | OK wrote /home/rootrecord/RootRecord-Ecosystem/2 - RootRecord-Database/System/system.db
2026-10-03T07:29:46-10:00job:github_sync_all | ↑ [ecosystem] committed 127 local file(s)
2026-10-03T07:29:46-10:00job:github_sync_all | ↓ [ecosystem] fetching origin/main
2026-10-03T07:29:46-10:00job:github_sync_all | From github.com:RootRecord-Software-Solutions/RootRecord-Ecosystem
2026-10-03T07:29:46-10:00job:github_sync_all | * branch              main       -> FETCH_HEAD
2026-10-03T07:29:46-10:00job:github_sync_all | * [new branch]        main       -> origin/main
2026-10-03T07:29:46-10:00job:github_sync_all | ↑ [ecosystem] local is ahead of GitHub
2026-10-03T07:29:46-10:00job:github_sync_all | To github.com:RootRecord-Software-Solutions/RootRecord-Ecosystem.git
2026-10-03T07:29:46-10:00job:github_sync_all | ae5c54d7..825228df  HEAD -> main
2026-10-03T07:29:46-10:00job:github_sync_all | branch 'main' set up to track 'origin/main'.
2026-10-03T07:29:46-10:00job:github_sync_all | ↑ [ecosystem] 127 files → RootRecord-Software-Solutions/RootRecord-Ecosystem (main)
2026-10-03T07:29:46-10:00job:github_sync_all | ↑ [pacific] committed 8 local file(s)
2026-10-03T07:29:46-10:00job:github_sync_all | ↓ [pacific] fetching origin/main
2026-10-03T07:29:46-10:00job:github_sync_all | From github.com:RootRecord-Software-Solutions/RootRecord-Pacific-Solar-Server
2026-10-03T07:29:46-10:00job:github_sync_all | * branch            main       -> FETCH_HEAD
2026-10-03T07:29:46-10:00job:github_sync_all | ↑ [pacific] local is ahead of GitHub
2026-10-03T07:29:46-10:00job:github_sync_all | To github.com:RootRecord-Software-Solutions/RootRecord-Pacific-Solar-Server.git
2026-10-03T07:29:46-10:00job:github_sync_all | 3728b10..98c5776  HEAD -> main
2026-10-03T07:29:46-10:00job:github_sync_all | branch 'main' set up to track 'origin/main'.
2026-10-03T07:29:46-10:00job:github_sync_all | ↑ [pacific] 8 files → RootRecord-Software-Solutions/RootRecord-Pacific-Solar-Server (main)
2026-10-03T07:29:46-10:00job:github_sync_all | ↑ [database] committed 178 local file(s)
2026-10-03T07:29:46-10:00job:github_sync_all | ↓ [database] fetching origin/main
2026-10-03T07:29:46-10:00job:github_sync_all | From github.com:RootRecord-Software-Solutions/RootRecord-Database
2026-10-03T07:29:46-10:00job:github_sync_all | * branch                main       -> FETCH_HEAD
2026-10-03T07:29:46-10:00job:github_sync_all | ↑ [database] local is ahead of GitHub
2026-10-03T07:29:46-10:00job:github_sync_all | To github.com:RootRecord-Software-Solutions/RootRecord-Database.git
2026-10-03T07:29:46-10:00job:github_sync_all | 9808d2bff..1ac53ed17  HEAD -> main
2026-10-03T07:29:46-10:00job:github_sync_all | branch 'main' set up to track 'origin/main'.
2026-10-03T07:29:46-10:00job:github_sync_all | ↑ [database] 178 files → RootRecord-Software-Solutions/RootRecord-Database (main)
2026-10-03T07:29:46-10:00job:github_sync_all | — [library] no local changes
2026-10-03T07:29:46-10:00job:github_sync_all | ↓ [library] fetching origin/main
2026-10-03T07:29:46-10:00job:github_sync_all | From github.com:RootRecord-Software-Solutions/RootRecord-Library
2026-10-03T07:29:46-10:00job:github_sync_all | * branch            main       -> FETCH_HEAD
2026-10-03T07:29:46-10:00job:github_sync_all | — [library] local and GitHub already match
2026-10-03T07:29:46-10:00job:github_sync_all | — [library] nothing to push
2026-10-03T07:29:46-10:00job:github_sync_all | — [website] no local changes
2026-10-03T07:29:46-10:00job:github_sync_all | ↓ [website] fetching origin/main
2026-10-03T07:29:46-10:00job:github_sync_all | From github.com:RootRecord-Software-Solutions/RootRecord-Website
2026-10-03T07:29:46-10:00job:github_sync_all | * branch            main       -> FETCH_HEAD
2026-10-03T07:29:46-10:00job:github_sync_all | — [website] local and GitHub already match
2026-10-03T07:29:46-10:00job:github_sync_all | — [website] nothing to push
2026-10-03T07:29:56-10:00  ✗  delta2_read  WAITING
2026-10-03T07:29:56-10:00job:security_camera_frame_grab RUN  bash "/home/rootrecord/RootRecord-Ecosystem/1 - Servers/1 - RootRecord-Pacific-Solar-Server/Security/Cameras/grab_all.sh"
2026-10-03T07:30:14-10:00job:security_camera_frame_grab | 07:29:56  📷  a-eyes  ch1 → ch1-20261003T172956Z.jpg  (514.1 KB, 4.37s)
2026-10-03T07:30:14-10:00job:security_camera_frame_grab | 07:30:01  📷  a-eyes  ch2 → ch2-20261003T173001Z.jpg  (320.6 KB, 4.35s)
2026-10-03T07:30:14-10:00job:security_camera_frame_grab | 07:30:05  📷  a-eyes  ch3 → ch3-20261003T173005Z.jpg  (409.0 KB, 4.47s)
2026-10-03T07:30:14-10:00job:security_camera_frame_grab | 07:30:10  📷  a-eyes  ch4 → ch4-20261003T173010Z.jpg  (231.3 KB, 4.28s)
2026-10-03T07:30:14-10:00job:sys_stats_cycle RUN  bash "/home/rootrecord/RootRecord-Ecosystem/1 - Servers/1 - RootRecord-Pacific-Solar-Server/System/scripts/sys-sample.sh"
2026-10-03T07:30:15-10:00job:sys_stats_cycle | SYSTEM  cpu=16%  load=0.63  mem=56%  src=sqlite
2026-10-03T07:30:15-10:00job:sys_stats_cycle | OK wrote /home/rootrecord/RootRecord-Ecosystem/2 - RootRecord-Database/System/system.db
2026-10-03T07:30:23-10:00  ✗  river2pro_read  WAITING
2026-10-03T07:30:23-10:00job:sys_stats_cycle RUN  bash "/home/rootrecord/RootRecord-Ecosystem/1 - Servers/1 - RootRecord-Pacific-Solar-Server/System/scripts/sys-sample.sh"
2026-10-03T07:30:24-10:00job:sys_stats_cycle | SYSTEM  cpu=4%  load=0.54  mem=56%  src=sqlite
2026-10-03T07:30:24-10:00job:sys_stats_cycle | OK wrote /home/rootrecord/RootRecord-Ecosystem/2 - RootRecord-Database/System/system.db
2026-10-03T07:30:58-10:00  ✗  delta2_read  WAITING
2026-10-03T07:30:58-10:00job:security_camera_frame_grab RUN  bash "/home/rootrecord/RootRecord-Ecosystem/1 - Servers/1 - RootRecord-Pacific-Solar-Server/Security/Cameras/grab_all.sh"
2026-10-03T07:31:16-10:00job:security_camera_frame_grab | 07:30:58  📷  a-eyes  ch1 → ch1-20261003T173058Z.jpg  (511.5 KB, 4.52s)
2026-10-03T07:31:16-10:00job:security_camera_frame_grab | 07:31:03  📷  a-eyes  ch2 → ch2-20261003T173103Z.jpg  (325.3 KB, 4.57s)
2026-10-03T07:31:16-10:00job:security_camera_frame_grab | 07:31:07  📷  a-eyes  ch3 → ch3-20261003T173107Z.jpg  (406.2 KB, 4.49s)
2026-10-03T07:31:16-10:00job:security_camera_frame_grab | 07:31:12  📷  a-eyes  ch4 → ch4-20261003T173112Z.jpg  (234.2 KB, 4.47s)
2026-10-03T07:31:16-10:00job:sys_stats_cycle RUN  bash "/home/rootrecord/RootRecord-Ecosystem/1 - Servers/1 - RootRecord-Pacific-Solar-Server/System/scripts/sys-sample.sh"
2026-10-03T07:31:17-10:00job:sys_stats_cycle | SYSTEM  cpu=6%  load=0.27  mem=57%  src=sqlite
2026-10-03T07:31:17-10:00job:sys_stats_cycle | OK wrote /home/rootrecord/RootRecord-Ecosystem/2 - RootRecord-Database/System/system.db
2026-10-03T07:31:26-10:00  ✗  river2pro_read  WAITING
2026-10-03T07:31:26-10:00job:sys_stats_cycle RUN  bash "/home/rootrecord/RootRecord-Ecosystem/1 - Servers/1 - RootRecord-Pacific-Solar-Server/System/scripts/sys-sample.sh"
2026-10-03T07:31:27-10:00job:sys_stats_cycle | SYSTEM  cpu=2%  load=0.30  mem=56%  src=sqlite
2026-10-03T07:31:27-10:00job:sys_stats_cycle | OK wrote /home/rootrecord/RootRecord-Ecosystem/2 - RootRecord-Database/System/system.db
2026-10-03T07:31:59-10:00  ✗  delta2_read  WAITING
2026-10-03T07:31:59-10:00job:energy_consolidate_hours RUN  nice -n 10 python3 "/home/rootrecord/RootRecord-Ecosystem/1 - Servers/1 - RootRecord-Pacific-Solar-Server/Energy/scripts/consolidate.py" hours
2026-10-03T07:31:59-10:00job:energy_consolidate_hours | SUMMARY=ecoflow_layers hours=0 json=periods.json
2026-10-03T07:32:00-10:00job:live_picture RUN  nice -n 10 python3 "/home/rootrecord/RootRecord-Ecosystem/1 - Servers/1 - RootRecord-Pacific-Solar-Server/Media/Video/scripts/live_picture.py"
2026-10-03T07:32:11-10:00job:live_picture | {"ok": true, "detail": "local+clock+thumb", "path": "/home/rootrecord/RootRecord-Ecosystem/1 - Servers/1 - RootRecord-Pacific-Solar-Server/Media/Video/live-frame.png", "size": [1920, 1080]}
2026-10-03T07:32:11-10:00job:security_camera_frame_grab RUN  bash "/home/rootrecord/RootRecord-Ecosystem/1 - Servers/1 - RootRecord-Pacific-Solar-Server/Security/Cameras/grab_all.sh"
2026-10-03T07:32:30-10:00job:security_camera_frame_grab | 07:32:11  📷  a-eyes  ch1 → ch1-20261003T173211Z.jpg  (507.0 KB, 4.58s)
2026-10-03T07:32:30-10:00job:security_camera_frame_grab | 07:32:16  📷  a-eyes  ch2 → ch2-20261003T173216Z.jpg  (325.5 KB, 4.41s)
2026-10-03T07:32:30-10:00job:security_camera_frame_grab | 07:32:20  📷  a-eyes  ch3 → ch3-20261003T173220Z.jpg  (387.8 KB, 4.54s)
2026-10-03T07:32:30-10:00job:security_camera_frame_grab | 07:32:25  📷  a-eyes  ch4 → ch4-20261003T173225Z.jpg  (223.6 KB, 4.67s)
2026-10-03T07:32:30-10:00job:sys_stats_cycle RUN  bash "/home/rootrecord/RootRecord-Ecosystem/1 - Servers/1 - RootRecord-Pacific-Solar-Server/System/scripts/sys-sample.sh"
2026-10-03T07:32:30-10:00job:sys_stats_cycle | SYSTEM  cpu=4%  load=0.48  mem=56%  src=sqlite
2026-10-03T07:32:30-10:00job:sys_stats_cycle | OK wrote /home/rootrecord/RootRecord-Ecosystem/2 - RootRecord-Database/System/system.db
2026-10-03T07:32:30-10:00job:system_consolidate_hours RUN  nice -n 10 python3 "/home/rootrecord/RootRecord-Ecosystem/1 - Servers/1 - RootRecord-Pacific-Solar-Server/System/scripts/consolidate.py" hours
2026-10-03T07:32:30-10:00job:system_consolidate_hours | SUMMARY=system_layers hours=0
2026-10-03T07:32:40-10:00  ✗  river2pro_read  WAITING
2026-10-03T07:32:40-10:00job:sys_stats_cycle RUN  bash "/home/rootrecord/RootRecord-Ecosystem/1 - Servers/1 - RootRecord-Pacific-Solar-Server/System/scripts/sys-sample.sh"
2026-10-03T07:32:40-10:00job:sys_stats_cycle | SYSTEM  cpu=9%  load=0.55  mem=56%  src=sqlite
2026-10-03T07:32:40-10:00job:sys_stats_cycle | OK wrote /home/rootrecord/RootRecord-Ecosystem/2 - RootRecord-Database/System/system.db
2026-10-03T07:33:15-10:00  ✗  delta2_read  WAITING
2026-10-03T07:33:15-10:00job:security_camera_frame_grab RUN  bash "/home/rootrecord/RootRecord-Ecosystem/1 - Servers/1 - RootRecord-Pacific-Solar-Server/Security/Cameras/grab_all.sh"
2026-10-03T07:33:33-10:00job:security_camera_frame_grab | 07:33:15  📷  a-eyes  ch1 → ch1-20261003T173315Z.jpg  (508.7 KB, 4.35s)
2026-10-03T07:33:33-10:00job:security_camera_frame_grab | 07:33:20  📷  a-eyes  ch2 → ch2-20261003T173320Z.jpg  (315.9 KB, 4.46s)
2026-10-03T07:33:33-10:00job:security_camera_frame_grab | 07:33:24  📷  a-eyes  ch3 → ch3-20261003T173324Z.jpg  (384.2 KB, 4.47s)
2026-10-03T07:33:33-10:00job:security_camera_frame_grab | 07:33:29  📷  a-eyes  ch4 → ch4-20261003T173329Z.jpg  (220.1 KB, 4.50s)
2026-10-03T07:33:33-10:00job:sys_stats_cycle RUN  bash "/home/rootrecord/RootRecord-Ecosystem/1 - Servers/1 - RootRecord-Pacific-Solar-Server/System/scripts/sys-sample.sh"
2026-10-03T07:33:33-10:00job:sys_stats_cycle | SYSTEM  cpu=8%  load=0.70  mem=56%  src=sqlite
2026-10-03T07:33:33-10:00job:sys_stats_cycle | OK wrote /home/rootrecord/RootRecord-Ecosystem/2 - RootRecord-Database/System/system.db
2026-10-03T07:33:43-10:00  ✗  river2pro_read  WAITING
2026-10-03T07:33:43-10:00job:sys_stats_cycle RUN  bash "/home/rootrecord/RootRecord-Ecosystem/1 - Servers/1 - RootRecord-Pacific-Solar-Server/System/scripts/sys-sample.sh"
2026-10-03T07:33:44-10:00job:sys_stats_cycle | SYSTEM  cpu=15%  load=0.67  mem=56%  src=sqlite
2026-10-03T07:33:44-10:00job:sys_stats_cycle | OK wrote /home/rootrecord/RootRecord-Ecosystem/2 - RootRecord-Database/System/system.db
2026-10-03T07:34:16-10:00  ✗  delta2_read  WAITING
2026-10-03T07:34:16-10:00job:security_camera_frame_grab RUN  bash "/home/rootrecord/RootRecord-Ecosystem/1 - Servers/1 - RootRecord-Pacific-Solar-Server/Security/Cameras/grab_all.sh"
2026-10-03T07:34:34-10:00job:security_camera_frame_grab | 07:34:16  📷  a-eyes  ch1 → ch1-20261003T173416Z.jpg  (512.4 KB, 4.54s)
2026-10-03T07:34:34-10:00job:security_camera_frame_grab | 07:34:21  📷  a-eyes  ch2 → ch2-20261003T173421Z.jpg  (292.7 KB, 4.47s)
2026-10-03T07:34:34-10:00job:security_camera_frame_grab | 07:34:25  📷  a-eyes  ch3 → ch3-20261003T173425Z.jpg  (375.4 KB, 4.26s)
2026-10-03T07:34:34-10:00job:security_camera_frame_grab | 07:34:30  📷  a-eyes  ch4 → ch4-20261003T173430Z.jpg  (218.2 KB, 4.48s)
2026-10-03T07:34:34-10:00job:sys_stats_cycle RUN  bash "/home/rootrecord/RootRecord-Ecosystem/1 - Servers/1 - RootRecord-Pacific-Solar-Server/System/scripts/sys-sample.sh"
2026-10-03T07:34:35-10:00job:sys_stats_cycle | SYSTEM  cpu=5%  load=0.90  mem=57%  src=sqlite
2026-10-03T07:34:35-10:00job:sys_stats_cycle | OK wrote /home/rootrecord/RootRecord-Ecosystem/2 - RootRecord-Database/System/system.db
2026-10-03T07:34:43-10:00  ✗  river2pro_read  WAITING
2026-10-03T07:34:43-10:00job:sys_stats_cycle RUN  bash "/home/rootrecord/RootRecord-Ecosystem/1 - Servers/1 - RootRecord-Pacific-Solar-Server/System/scripts/sys-sample.sh"
2026-10-03T07:34:43-10:00job:sys_stats_cycle | SYSTEM  cpu=6%  load=0.76  mem=56%  src=sqlite
2026-10-03T07:34:43-10:00job:sys_stats_cycle | OK wrote /home/rootrecord/RootRecord-Ecosystem/2 - RootRecord-Database/System/system.db
2026-10-03T07:35:18-10:00  ✗  delta2_read  WAITING
2026-10-03T07:35:18-10:00job:energy_consolidate_minutes RUN  nice -n 10 python3 "/home/rootrecord/RootRecord-Ecosystem/1 - Servers/1 - RootRecord-Pacific-Solar-Server/Energy/scripts/consolidate.py" minutes
2026-10-03T07:35:19-10:00job:energy_consolidate_minutes | SUMMARY=ecoflow_layers minutes=0
2026-10-03T07:35:19-10:00job:security_camera_frame_grab RUN  bash "/home/rootrecord/RootRecord-Ecosystem/1 - Servers/1 - RootRecord-Pacific-Solar-Server/Security/Cameras/grab_all.sh"
2026-10-03T07:35:36-10:00job:security_camera_frame_grab | 07:35:19  📷  a-eyes  ch1 → ch1-20261003T173519Z.jpg  (511.6 KB, 4.43s)
2026-10-03T07:35:36-10:00job:security_camera_frame_grab | 07:35:23  📷  a-eyes  ch2 → ch2-20261003T173523Z.jpg  (266.7 KB, 4.53s)
2026-10-03T07:35:36-10:00job:security_camera_frame_grab | 07:35:28  📷  a-eyes  ch3 → ch3-20261003T173528Z.jpg  (374.0 KB, 4.36s)
2026-10-03T07:35:36-10:00job:security_camera_frame_grab | 07:35:32  📷  a-eyes  ch4 → ch4-20261003T173532Z.jpg  (203.8 KB, 4.38s)
2026-10-03T07:35:36-10:00job:sys_stats_cycle RUN  bash "/home/rootrecord/RootRecord-Ecosystem/1 - Servers/1 - RootRecord-Pacific-Solar-Server/System/scripts/sys-sample.sh"
2026-10-03T07:35:37-10:00job:sys_stats_cycle | SYSTEM  cpu=5%  load=0.65  mem=56%  src=sqlite
2026-10-03T07:35:37-10:00job:sys_stats_cycle | OK wrote /home/rootrecord/RootRecord-Ecosystem/2 - RootRecord-Database/System/system.db
2026-10-03T07:35:37-10:00job:system_consolidate_minutes RUN  nice -n 10 python3 "/home/rootrecord/RootRecord-Ecosystem/1 - Servers/1 - RootRecord-Pacific-Solar-Server/System/scripts/consolidate.py" minutes
2026-10-03T07:35:38-10:00job:system_consolidate_minutes | SUMMARY=system_layers minutes=147
2026-10-03T07:35:48-10:00  ✗  river2pro_read  WAITING
2026-10-03T07:35:48-10:00job:sys_stats_cycle RUN  bash "/home/rootrecord/RootRecord-Ecosystem/1 - Servers/1 - RootRecord-Pacific-Solar-Server/System/scripts/sys-sample.sh"
2026-10-03T07:35:48-10:00job:sys_stats_cycle | SYSTEM  cpu=5%  load=0.55  mem=56%  src=sqlite
2026-10-03T07:35:48-10:00job:sys_stats_cycle | OK wrote /home/rootrecord/RootRecord-Ecosystem/2 - RootRecord-Database/System/system.db
2026-10-03T07:36:21-10:00  ✗  delta2_read  WAITING
2026-10-03T07:36:21-10:00job:security_camera_frame_grab RUN  bash "/home/rootrecord/RootRecord-Ecosystem/1 - Servers/1 - RootRecord-Pacific-Solar-Server/Security/Cameras/grab_all.sh"
2026-10-03T07:36:39-10:00job:security_camera_frame_grab | 07:36:21  📷  a-eyes  ch1 → ch1-20261003T173621Z.jpg  (504.5 KB, 4.31s)
2026-10-03T07:36:39-10:00job:security_camera_frame_grab | 07:36:25  📷  a-eyes  ch2 → ch2-20261003T173625Z.jpg  (265.1 KB, 4.56s)
2026-10-03T07:36:39-10:00job:security_camera_frame_grab | 07:36:30  📷  a-eyes  ch3 → ch3-20261003T173630Z.jpg  (358.8 KB, 4.57s)
2026-10-03T07:36:39-10:00job:security_camera_frame_grab | 07:36:35  📷  a-eyes  ch4 → ch4-20261003T173635Z.jpg  (202.5 KB, 4.37s)
2026-10-03T07:36:39-10:00job:sys_stats_cycle RUN  bash "/home/rootrecord/RootRecord-Ecosystem/1 - Servers/1 - RootRecord-Pacific-Solar-Server/System/scripts/sys-sample.sh"
2026-10-03T07:36:39-10:00job:sys_stats_cycle | SYSTEM  cpu=10%  load=0.45  mem=61%  src=sqlite
2026-10-03T07:36:39-10:00job:sys_stats_cycle | OK wrote /home/rootrecord/RootRecord-Ecosystem/2 - RootRecord-Database/System/system.db
2026-10-03T07:36:48-10:00  ✗  river2pro_read  WAITING
2026-10-03T07:36:48-10:00job:sys_stats_cycle RUN  bash "/home/rootrecord/RootRecord-Ecosystem/1 - Servers/1 - RootRecord-Pacific-Solar-Server/System/scripts/sys-sample.sh"
2026-10-03T07:36:48-10:00job:sys_stats_cycle | SYSTEM  cpu=7%  load=0.38  mem=60%  src=sqlite
2026-10-03T07:36:48-10:00job:sys_stats_cycle | OK wrote /home/rootrecord/RootRecord-Ecosystem/2 - RootRecord-Database/System/system.db
2026-10-03T07:37:23-10:00  ✗  delta2_read  WAITING
2026-10-03T07:37:23-10:00job:security_camera_frame_grab RUN  bash "/home/rootrecord/RootRecord-Ecosystem/1 - Servers/1 - RootRecord-Pacific-Solar-Server/Security/Cameras/grab_all.sh"
2026-10-03T07:37:41-10:00job:security_camera_frame_grab | 07:37:23  📷  a-eyes  ch1 → ch1-20261003T173723Z.jpg  (500.7 KB, 4.39s)
2026-10-03T07:37:41-10:00job:security_camera_frame_grab | 07:37:27  📷  a-eyes  ch2 → ch2-20261003T173727Z.jpg  (262.7 KB, 4.35s)
2026-10-03T07:37:41-10:00job:security_camera_frame_grab | 07:37:32  📷  a-eyes  ch3 → ch3-20261003T173732Z.jpg  (356.7 KB, 4.38s)
2026-10-03T07:37:41-10:00job:security_camera_frame_grab | 07:37:36  📷  a-eyes  ch4 → ch4-20261003T173736Z.jpg  (205.9 KB, 4.48s)
2026-10-03T07:37:41-10:00job:sys_stats_cycle RUN  bash "/home/rootrecord/RootRecord-Ecosystem/1 - Servers/1 - RootRecord-Pacific-Solar-Server/System/scripts/sys-sample.sh"
2026-10-03T07:37:41-10:00job:sys_stats_cycle | SYSTEM  cpu=6%  load=0.48  mem=60%  src=sqlite
2026-10-03T07:37:41-10:00job:sys_stats_cycle | OK wrote /home/rootrecord/RootRecord-Ecosystem/2 - RootRecord-Database/System/system.db
2026-10-03T07:37:51-10:00  ✗  river2pro_read  WAITING
2026-10-03T07:37:51-10:00job:sys_stats_cycle RUN  bash "/home/rootrecord/RootRecord-Ecosystem/1 - Servers/1 - RootRecord-Pacific-Solar-Server/System/scripts/sys-sample.sh"
2026-10-03T07:37:51-10:00job:sys_stats_cycle | SYSTEM  cpu=10%  load=0.53  mem=59%  src=sqlite
2026-10-03T07:37:51-10:00job:sys_stats_cycle | OK wrote /home/rootrecord/RootRecord-Ecosystem/2 - RootRecord-Database/System/system.db
2026-10-03T07:38:24-10:00  ✗  delta2_read  WAITING
2026-10-03T07:38:24-10:00job:energy_consolidate_hours RUN  nice -n 10 python3 "/home/rootrecord/RootRecord-Ecosystem/1 - Servers/1 - RootRecord-Pacific-Solar-Server/Energy/scripts/consolidate.py" hours
2026-10-03T07:38:24-10:00job:energy_consolidate_hours | SUMMARY=ecoflow_layers hours=0 json=periods.json
2026-10-03T07:38:24-10:00job:security_camera_frame_grab RUN  bash "/home/rootrecord/RootRecord-Ecosystem/1 - Servers/1 - RootRecord-Pacific-Solar-Server/Security/Cameras/grab_all.sh"
2026-10-03T07:38:42-10:00job:security_camera_frame_grab | 07:38:24  📷  a-eyes  ch1 → ch1-20261003T173824Z.jpg  (495.3 KB, 4.43s)
2026-10-03T07:38:42-10:00job:security_camera_frame_grab | 07:38:29  📷  a-eyes  ch2 → ch2-20261003T173829Z.jpg  (259.1 KB, 4.48s)
2026-10-03T07:38:42-10:00job:security_camera_frame_grab | 07:38:33  📷  a-eyes  ch3 → ch3-20261003T173833Z.jpg  (340.3 KB, 4.47s)
2026-10-03T07:38:42-10:00job:security_camera_frame_grab | 07:38:38  📷  a-eyes  ch4 → ch4-20261003T173838Z.jpg  (186.8 KB, 4.48s)
2026-10-03T07:38:42-10:00job:sys_stats_cycle RUN  bash "/home/rootrecord/RootRecord-Ecosystem/1 - Servers/1 - RootRecord-Pacific-Solar-Server/System/scripts/sys-sample.sh"
2026-10-03T07:38:43-10:00job:sys_stats_cycle | SYSTEM  cpu=8%  load=0.76  mem=59%  src=sqlite
2026-10-03T07:38:43-10:00job:sys_stats_cycle | OK wrote /home/rootrecord/RootRecord-Ecosystem/2 - RootRecord-Database/System/system.db
2026-10-03T07:38:43-10:00job:system_consolidate_hours RUN  nice -n 10 python3 "/home/rootrecord/RootRecord-Ecosystem/1 - Servers/1 - RootRecord-Pacific-Solar-Server/System/scripts/consolidate.py" hours
2026-10-03T07:38:43-10:00job:system_consolidate_hours | SUMMARY=system_layers hours=0
2026-10-03T07:38:51-10:00  ✗  river2pro_read  WAITING
2026-10-03T07:38:51-10:00job:sys_stats_cycle RUN  bash "/home/rootrecord/RootRecord-Ecosystem/1 - Servers/1 - RootRecord-Pacific-Solar-Server/System/scripts/sys-sample.sh"
2026-10-03T07:38:52-10:00job:sys_stats_cycle | SYSTEM  cpu=5%  load=0.95  mem=58%  src=sqlite
2026-10-03T07:38:52-10:00job:sys_stats_cycle | OK wrote /home/rootrecord/RootRecord-Ecosystem/2 - RootRecord-Database/System/system.db
2026-10-03T07:39:26-10:00  ✗  delta2_read  WAITING
2026-10-03T07:39:26-10:00job:security_camera_frame_grab RUN  bash "/home/rootrecord/RootRecord-Ecosystem/1 - Servers/1 - RootRecord-Pacific-Solar-Server/Security/Cameras/grab_all.sh"
2026-10-03T07:39:44-10:00job:security_camera_frame_grab | 07:39:26  📷  a-eyes  ch1 → ch1-20261003T173926Z.jpg  (488.2 KB, 4.43s)
2026-10-03T07:39:44-10:00job:security_camera_frame_grab | 07:39:31  📷  a-eyes  ch2 → ch2-20261003T173931Z.jpg  (251.4 KB, 4.47s)
2026-10-03T07:39:44-10:00job:security_camera_frame_grab | 07:39:35  📷  a-eyes  ch3 → ch3-20261003T173935Z.jpg  (320.2 KB, 4.40s)
2026-10-03T07:39:44-10:00job:security_camera_frame_grab | 07:39:40  📷  a-eyes  ch4 → ch4-20261003T173940Z.jpg  (171.7 KB, 4.32s)
2026-10-03T07:39:44-10:00job:sys_stats_cycle RUN  bash "/home/rootrecord/RootRecord-Ecosystem/1 - Servers/1 - RootRecord-Pacific-Solar-Server/System/scripts/sys-sample.sh"
2026-10-03T07:39:45-10:00job:sys_stats_cycle | SYSTEM  cpu=5%  load=0.99  mem=59%  src=sqlite
2026-10-03T07:39:45-10:00job:sys_stats_cycle | OK wrote /home/rootrecord/RootRecord-Ecosystem/2 - RootRecord-Database/System/system.db
2026-10-03T07:39:54-10:00  ✗  river2pro_read  WAITING
2026-10-03T07:39:54-10:00job:sys_stats_cycle RUN  bash "/home/rootrecord/RootRecord-Ecosystem/1 - Servers/1 - RootRecord-Pacific-Solar-Server/System/scripts/sys-sample.sh"
2026-10-03T07:39:55-10:00job:sys_stats_cycle | SYSTEM  cpu=2%  load=1.06  mem=58%  src=sqlite
2026-10-03T07:39:55-10:00job:sys_stats_cycle | OK wrote /home/rootrecord/RootRecord-Ecosystem/2 - RootRecord-Database/System/system.db
2026-10-03T07:40:27-10:00  ✗  delta2_read  WAITING
2026-10-03T07:40:27-10:00job:security_camera_frame_grab RUN  bash "/home/rootrecord/RootRecord-Ecosystem/1 - Servers/1 - RootRecord-Pacific-Solar-Server/Security/Cameras/grab_all.sh"
2026-10-03T07:40:46-10:00job:security_camera_frame_grab | 07:40:28  📷  a-eyes  ch1 → ch1-20261003T174028Z.jpg  (493.3 KB, 4.24s)
2026-10-03T07:40:46-10:00job:security_camera_frame_grab | 07:40:32  📷  a-eyes  ch2 → ch2-20261003T174032Z.jpg  (246.3 KB, 4.70s)
2026-10-03T07:40:46-10:00job:security_camera_frame_grab | 07:40:37  📷  a-eyes  ch3 → ch3-20261003T174037Z.jpg  (325.0 KB, 4.47s)
2026-10-03T07:40:46-10:00job:security_camera_frame_grab | 07:40:41  📷  a-eyes  ch4 → ch4-20261003T174041Z.jpg  (151.4 KB, 4.78s)
2026-10-03T07:40:46-10:00job:sys_stats_cycle RUN  bash "/home/rootrecord/RootRecord-Ecosystem/1 - Servers/1 - RootRecord-Pacific-Solar-Server/System/scripts/sys-sample.sh"
2026-10-03T07:40:46-10:00job:sys_stats_cycle | SYSTEM  cpu=4%  load=1.33  mem=57%  src=sqlite
2026-10-03T07:40:46-10:00job:sys_stats_cycle | OK wrote /home/rootrecord/RootRecord-Ecosystem/2 - RootRecord-Database/System/system.db
2026-10-03T07:40:55-10:00  ✗  river2pro_read  WAITING
2026-10-03T07:40:55-10:00job:sys_stats_cycle RUN  bash "/home/rootrecord/RootRecord-Ecosystem/1 - Servers/1 - RootRecord-Pacific-Solar-Server/System/scripts/sys-sample.sh"
2026-10-03T07:40:56-10:00job:sys_stats_cycle | SYSTEM  cpu=5%  load=1.22  mem=58%  src=sqlite
2026-10-03T07:40:56-10:00job:sys_stats_cycle | OK wrote /home/rootrecord/RootRecord-Ecosystem/2 - RootRecord-Database/System/system.db
2026-10-03T07:41:30-10:00  ✗  delta2_read  WAITING
2026-10-03T07:41:30-10:00job:energy_consolidate_minutes RUN  nice -n 10 python3 "/home/rootrecord/RootRecord-Ecosystem/1 - Servers/1 - RootRecord-Pacific-Solar-Server/Energy/scripts/consolidate.py" minutes
2026-10-03T07:41:31-10:00job:energy_consolidate_minutes | SUMMARY=ecoflow_layers minutes=0
2026-10-03T07:41:31-10:00job:security_camera_frame_grab RUN  bash "/home/rootrecord/RootRecord-Ecosystem/1 - Servers/1 - RootRecord-Pacific-Solar-Server/Security/Cameras/grab_all.sh"
2026-10-03T07:41:49-10:00job:security_camera_frame_grab | 07:41:31  📷  a-eyes  ch1 → ch1-20261003T174131Z.jpg  (490.3 KB, 4.26s)
2026-10-03T07:41:49-10:00job:security_camera_frame_grab | 07:41:35  📷  a-eyes  ch2 → ch2-20261003T174135Z.jpg  (240.9 KB, 4.46s)
2026-10-03T07:41:49-10:00job:security_camera_frame_grab | 07:41:40  📷  a-eyes  ch3 → ch3-20261003T174140Z.jpg  (293.3 KB, 4.37s)
2026-10-03T07:41:49-10:00job:security_camera_frame_grab | 07:41:44  📷  a-eyes  ch4 → ch4-20261003T174144Z.jpg  (148.8 KB, 4.48s)
2026-10-03T07:41:49-10:00job:sys_stats_cycle RUN  bash "/home/rootrecord/RootRecord-Ecosystem/1 - Servers/1 - RootRecord-Pacific-Solar-Server/System/scripts/sys-sample.sh"
2026-10-03T07:41:49-10:00job:sys_stats_cycle | SYSTEM  cpu=7%  load=1.05  mem=57%  src=sqlite
2026-10-03T07:41:49-10:00job:sys_stats_cycle | OK wrote /home/rootrecord/RootRecord-Ecosystem/2 - RootRecord-Database/System/system.db
2026-10-03T07:41:49-10:00job:system_consolidate_minutes RUN  nice -n 10 python3 "/home/rootrecord/RootRecord-Ecosystem/1 - Servers/1 - RootRecord-Pacific-Solar-Server/System/scripts/consolidate.py" minutes
2026-10-03T07:41:50-10:00job:system_consolidate_minutes | SUMMARY=system_layers minutes=133
2026-10-03T07:42:00-10:00  ✗  river2pro_read  WAITING
2026-10-03T07:42:00-10:00job:sys_stats_cycle RUN  bash "/home/rootrecord/RootRecord-Ecosystem/1 - Servers/1 - RootRecord-Pacific-Solar-Server/System/scripts/sys-sample.sh"
2026-10-03T07:42:00-10:00job:sys_stats_cycle | SYSTEM  cpu=9%  load=0.97  mem=58%  src=sqlite
2026-10-03T07:42:00-10:00job:sys_stats_cycle | OK wrote /home/rootrecord/RootRecord-Ecosystem/2 - RootRecord-Database/System/system.db
2026-10-03T07:42:32-10:00  ✗  delta2_read  WAITING
2026-10-03T07:42:32-10:00job:security_camera_frame_grab RUN  bash "/home/rootrecord/RootRecord-Ecosystem/1 - Servers/1 - RootRecord-Pacific-Solar-Server/Security/Cameras/grab_all.sh"
2026-10-03T07:42:50-10:00job:security_camera_frame_grab | 07:42:33  📷  a-eyes  ch1 → ch1-20261003T174233Z.jpg  (493.6 KB, 4.28s)
2026-10-03T07:42:50-10:00job:security_camera_frame_grab | 07:42:37  📷  a-eyes  ch2 → ch2-20261003T174237Z.jpg  (218.4 KB, 4.55s)
2026-10-03T07:42:50-10:00job:security_camera_frame_grab | 07:42:41  📷  a-eyes  ch3 → ch3-20261003T174241Z.jpg  (284.9 KB, 4.35s)
2026-10-03T07:42:50-10:00job:security_camera_frame_grab | 07:42:46  📷  a-eyes  ch4 → ch4-20261003T174246Z.jpg  (137.5 KB, 4.48s)
2026-10-03T07:42:50-10:00job:sys_stats_cycle RUN  bash "/home/rootrecord/RootRecord-Ecosystem/1 - Servers/1 - RootRecord-Pacific-Solar-Server/System/scripts/sys-sample.sh"
2026-10-03T07:42:51-10:00job:sys_stats_cycle | SYSTEM  cpu=8%  load=1.23  mem=59%  src=sqlite
2026-10-03T07:42:51-10:00job:sys_stats_cycle | OK wrote /home/rootrecord/RootRecord-Ecosystem/2 - RootRecord-Database/System/system.db
2026-10-03T07:43:00-10:00  ✗  river2pro_read  WAITING
2026-10-03T07:43:00-10:00job:sys_stats_cycle RUN  bash "/home/rootrecord/RootRecord-Ecosystem/1 - Servers/1 - RootRecord-Pacific-Solar-Server/System/scripts/sys-sample.sh"
2026-10-03T07:43:01-10:00job:sys_stats_cycle | SYSTEM  cpu=9%  load=2.08  mem=59%  src=sqlite
2026-10-03T07:43:01-10:00job:sys_stats_cycle | OK wrote /home/rootrecord/RootRecord-Ecosystem/2 - RootRecord-Database/System/system.db
2026-10-03T07:43:35-10:00  ✗  delta2_read  WAITING
2026-10-03T07:43:35-10:00job:security_camera_frame_grab RUN  bash "/home/rootrecord/RootRecord-Ecosystem/1 - Servers/1 - RootRecord-Pacific-Solar-Server/Security/Cameras/grab_all.sh"
2026-10-03T07:43:54-10:00job:security_camera_frame_grab | 07:43:35  📷  a-eyes  ch1 → ch1-20261003T174335Z.jpg  (467.1 KB, 4.62s)
2026-10-03T07:43:54-10:00job:security_camera_frame_grab | 07:43:40  📷  a-eyes  ch2 → ch2-20261003T174340Z.jpg  (205.0 KB, 4.48s)
2026-10-03T07:43:54-10:00job:security_camera_frame_grab | 07:43:45  📷  a-eyes  ch3 → ch3-20261003T174345Z.jpg  (280.7 KB, 4.66s)
2026-10-03T07:43:54-10:00job:security_camera_frame_grab | 07:43:49  📷  a-eyes  ch4 → ch4-20261003T174349Z.jpg  (126.1 KB, 4.43s)
2026-10-03T07:43:54-10:00job:sys_stats_cycle RUN  bash "/home/rootrecord/RootRecord-Ecosystem/1 - Servers/1 - RootRecord-Pacific-Solar-Server/System/scripts/sys-sample.sh"
2026-10-03T07:43:54-10:00job:sys_stats_cycle | SYSTEM  cpu=68%  load=3.01  mem=70%  src=sqlite
2026-10-03T07:43:54-10:00job:sys_stats_cycle | OK wrote /home/rootrecord/RootRecord-Ecosystem/2 - RootRecord-Database/System/system.db
2026-10-03T07:44:05-10:00  ✗  river2pro_read  WAITING
2026-10-03T07:44:05-10:00job:sys_stats_cycle RUN  bash "/home/rootrecord/RootRecord-Ecosystem/1 - Servers/1 - RootRecord-Pacific-Solar-Server/System/scripts/sys-sample.sh"
2026-10-03T07:44:05-10:00job:sys_stats_cycle | SYSTEM  cpu=75%  load=3.31  mem=73%  src=sqlite
2026-10-03T07:44:05-10:00job:sys_stats_cycle | OK wrote /home/rootrecord/RootRecord-Ecosystem/2 - RootRecord-Database/System/system.db
2026-10-03T07:44:38-10:00  ✗  delta2_read  WAITING
2026-10-03T07:44:38-10:00job:energy_consolidate_hours RUN  nice -n 10 python3 "/home/rootrecord/RootRecord-Ecosystem/1 - Servers/1 - RootRecord-Pacific-Solar-Server/Energy/scripts/consolidate.py" hours
2026-10-03T07:44:38-10:00job:energy_consolidate_hours | SUMMARY=ecoflow_layers hours=0 json=periods.json
2026-10-03T07:44:38-10:00job:security_camera_frame_grab RUN  bash "/home/rootrecord/RootRecord-Ecosystem/1 - Servers/1 - RootRecord-Pacific-Solar-Server/Security/Cameras/grab_all.sh"
2026-10-03T07:44:56-10:00job:security_camera_frame_grab | 07:44:38  📷  a-eyes  ch1 → ch1-20261003T174438Z.jpg  (469.6 KB, 4.52s)
2026-10-03T07:44:56-10:00job:security_camera_frame_grab | 07:44:43  📷  a-eyes  ch2 → ch2-20261003T174443Z.jpg  (181.9 KB, 4.36s)
2026-10-03T07:44:56-10:00job:security_camera_frame_grab | 07:44:47  📷  a-eyes  ch3 → ch3-20261003T174447Z.jpg  (284.3 KB, 4.30s)
2026-10-03T07:44:56-10:00job:security_camera_frame_grab | 07:44:51  📷  a-eyes  ch4 → ch4-20261003T174451Z.jpg  (164.8 KB, 4.67s)
2026-10-03T07:44:56-10:00job:sys_stats_cycle RUN  bash "/home/rootrecord/RootRecord-Ecosystem/1 - Servers/1 - RootRecord-Pacific-Solar-Server/System/scripts/sys-sample.sh"
2026-10-03T07:44:57-10:00job:sys_stats_cycle | SYSTEM  cpu=78%  load=5.16  mem=89%  src=sqlite
2026-10-03T07:44:57-10:00job:sys_stats_cycle | OK wrote /home/rootrecord/RootRecord-Ecosystem/2 - RootRecord-Database/System/system.db
2026-10-03T07:44:57-10:00job:system_consolidate_hours RUN  nice -n 10 python3 "/home/rootrecord/RootRecord-Ecosystem/1 - Servers/1 - RootRecord-Pacific-Solar-Server/System/scripts/consolidate.py" hours
2026-10-03T07:44:57-10:00job:system_consolidate_hours | SUMMARY=system_layers hours=0
2026-10-03T07:45:05-10:00  ✗  river2pro_read  WAITING
2026-10-03T07:45:05-10:00job:sys_stats_cycle RUN  bash "/home/rootrecord/RootRecord-Ecosystem/1 - Servers/1 - RootRecord-Pacific-Solar-Server/System/scripts/sys-sample.sh"
2026-10-03T07:45:06-10:00job:sys_stats_cycle | SYSTEM  cpu=82%  load=5.06  mem=90%  src=sqlite
2026-10-03T07:45:06-10:00job:sys_stats_cycle | OK wrote /home/rootrecord/RootRecord-Ecosystem/2 - RootRecord-Database/System/system.db
2026-10-03T07:45:40-10:00  ✗  delta2_read FAIL code=-15
2026-10-03T07:45:41-10:00HTTP listening on http://127.0.0.1:8799 (open access on bind)
2026-10-03T07:45:41-10:00boot:start  jobs=9
2026-10-03T07:45:41-10:00boot:run  priority=0  id=self_terminal
2026-10-03T07:45:41-10:00boot:p0 self_process pid=2701560
2026-10-03T07:45:41-10:00boot:run  priority=1  id=cloudflare_tunnel
2026-10-03T07:45:41-10:00boot:p1 cloudflare_tunnel host=rootserver.rootrecord.cloud
2026-10-03T07:45:41-10:00internet OK at boot — starting tunnel
2026-10-03T07:45:41-10:00Starting cloudflared mode=token public_host=rootserver.rootrecord.cloud
2026-10-03T07:45:41-10:00Waiting for tunnel register (timeout=45s)…
2026-10-03T07:45:41-10:00tunnel starting
2026-10-03T07:45:42-10:00tunnel connected  conn=0  edge=lax10
2026-10-03T07:45:42-10:00Tunnel READY — first connection registered.
2026-10-03T07:45:42-10:00boot:run  priority=2  id=github_setup_remotes
2026-10-03T07:45:42-10:00tunnel ingress  rootserver.rootrecord.cloud → 127.0.0.1:8799
2026-10-03T07:45:42-10:00tunnel connected  conn=1  edge=lax13
2026-10-03T07:45:42-10:00boot:run  priority=3  id=ollama_warmup
2026-10-03T07:45:42-10:00job:ollama_warmup RUN  bash '/home/rootrecord/RootRecord-Ecosystem/1 - Servers/1 - RootRecord-Pacific-Solar-Server/System/scripts/plumbing/ollama-warmup.sh'
2026-10-03T07:45:42-10:00job:ollama_warmup | [ok] ollama up
2026-10-03T07:45:42-10:00boot:run  priority=4  id=flm_npu_warmup
2026-10-03T07:45:42-10:00job:flm_npu_warmup RUN  bash '/home/rootrecord/RootRecord-Ecosystem/1 - Servers/1 - RootRecord-Pacific-Solar-Server/System/scripts/plumbing/flm-warmup.sh'
2026-10-03T07:45:43-10:00job:flm_npu_warmup | [skip] FLM warmup disabled (no resident model; set FLM_WARMUP_RESIDENT=1 to opt in)
2026-10-03T07:45:43-10:00boot:run  priority=5  id=council_relay
2026-10-03T07:45:43-10:00job:council_relay RUN  bash "/home/rootrecord/RootRecord-Ecosystem/1 - Servers/1 - RootRecord-Pacific-Solar-Server/Communications/telegram/scripts/ensure-relay.sh"
2026-10-03T07:45:43-10:00tunnel connected  conn=2  edge=lax13
2026-10-03T07:45:44-10:00tunnel connected  conn=3  edge=lax10
2026-10-03T07:45:46-10:00job:council_relay | [ok] council-relay started pid=2701891 → /home/rootrecord/RootRecord-Ecosystem/2 - RootRecord-Database/Logs/Communications/council-relay.log
2026-10-03T07:45:46-10:00boot:run  priority=6  id=security_camera_server
2026-10-03T07:45:46-10:00job:security_camera_server RUN  bash "/home/rootrecord/RootRecord-Ecosystem/1 - Servers/1 - RootRecord-Pacific-Solar-Server/Security/Cameras/ensure_cam_server.sh"
2026-10-03T07:45:46-10:00job:security_camera_server | security cam server started
2026-10-03T07:45:46-10:00boot:run  priority=7  id=security_timelapse_catchup
2026-10-03T07:45:46-10:00job:security_timelapse_catchup RUN  bash "/home/rootrecord/RootRecord-Ecosystem/1 - Servers/1 - RootRecord-Pacific-Solar-Server/Security/Cameras/timelapse_catchup.sh"
2026-10-03T07:45:46-10:00job:security_timelapse_catchup | 07:45:46  🎬  a-eyes-timelapse  catchup: checking 20261003, now=07:45 HST
2026-10-03T07:45:46-10:00job:security_timelapse_catchup | 07:45:46  🎬  a-eyes-timelapse  hour 05 already compiled, skipping
2026-10-03T07:45:46-10:00job:security_timelapse_catchup | 07:45:46  🎬  a-eyes-timelapse  hour 06 already compiled, skipping
2026-10-03T07:45:46-10:00job:security_timelapse_catchup | 07:45:46  🎬  a-eyes-timelapse  catchup: window still open today, skipping daily render
2026-10-03T07:45:46-10:00boot:run  priority=9  id=network_globe_hawaii
2026-10-03T07:45:46-10:00job:network_globe_hawaii RUN  bash "/home/rootrecord/RootRecord-Ecosystem/1 - Servers/1 - RootRecord-Pacific-Solar-Server/Communications/network/scripts/ensure-network-globe-hawaii.sh"
2026-10-03T07:45:46-10:00job:network_globe_hawaii | [ensure-network-globe-hawaii] already running -- nothing to do
2026-10-03T07:45:46-10:00boot:done
2026-10-03T07:46:29-10:00  ✗  ecoflow_read_boot  WAITING
2026-10-03T07:46:29-10:00scheduler  MODE=jobs.py exact_time=34
2026-10-03T07:46:29-10:00hour-lane  due=voice_hour_batch  at=07:46:00
2026-10-03T07:46:29-10:00job:voice_hour_batch RUN  nice -n 10 python3 "/home/rootrecord/RootRecord-Ecosystem/1 - Servers/1 - RootRecord-Pacific-Solar-Server/Media/Voice/scripts/generate_hour_reports.py"
2026-10-03T07:46:29-10:00boot:catch  id=voice_hour_batch  at=07:46:00
2026-10-03T07:46:42-10:00job:voice_hour_batch FAIL code=-15
2026-10-03T07:46:42-10:00job:voice_hour_batch ! {"ok": true, "phase": "start", "out": "/home/rootrecord/RootRecord-Ecosystem/2 - RootRecord-Database/Media/Audio/Voice", "count": 13}
2026-10-03T07:46:42-10:00job:voice_hour_batch ! {"ok": true, "phase": "begin", "report": "boot_brief", "agent": "ava"}
2026-10-03T07:46:42-10:00job:voice_hour_batch ! {"ok": true, "phase": "done", "report": "boot_brief", "agent": "ava", "how": "voice_reports", "generate": {"ok": true, "rc": 0, "sentences": 7, "voice": {"rc": 75, "detail": "busy (single-flight) — WAV skipped"}}, "encode": {"ok": true, "ogg": "/home/rootrecord/RootRecord-Ecosystem/2 - RootRecord-Database/Media/Audio/Voice/boot_brief_current.ogg", "bytes": 68829}, "wav": "/home/rootrecord/RootRecord-Ecosystem/2 - RootRecord-Database/Media/Audio/Voice/boot_brief_current.wav", "ogg": "/home/rootrecord/RootRecord-Ecosystem/2 - RootRecord-Database/Media/Audio/Voice/boot_brief_current.ogg", "seconds": 0.9}
2026-10-03T07:46:42-10:00job:voice_hour_batch ! {"ok": true, "phase": "begin", "report": "nws_weather", "agent": "ava"}
2026-10-03T07:46:42-10:00job:voice_hour_batch ! {"ok": true, "phase": "done", "report": "nws_weather", "agent": "ava", "how": "voice_reports", "generate": {"ok": true, "rc": 0, "sentences": 7, "voice": {"rc": 75, "detail": "busy (single-flight) — WAV skipped"}}, "encode": {"ok": true, "ogg": "/home/rootrecord/RootRecord-Ecosystem/2 - RootRecord-Database/Media/Audio/Voice/nws_weather_current.ogg", "bytes": 203917}, "wav": "/home/rootrecord/RootRecord-Ecosystem/2 - RootRecord-Database/Media/Audio/Voice/nws_weather_current.wav", "ogg": "/home/rootrecord/RootRecord-Ecosystem/2 - RootRecord-Database/Media/Audio/Voice/nws_weather_current.ogg", "seconds": 1.1}
2026-10-03T07:46:42-10:00job:voice_hour_batch ! {"ok": true, "phase": "begin", "report": "current_report", "agent": "ava"}
2026-10-03T07:46:42-10:00job:voice_hour_batch ! {"ok": true, "phase": "done", "report": "current_report", "agent": "ava", "how": "voice_reports", "generate": {"ok": true, "rc": 0, "sentences": 18, "voice": {"rc": 75, "detail": "busy (single-flight) — WAV skipped"}}, "encode": {"ok": true, "ogg": "/home/rootrecord/RootRecord-Ecosystem/2 - RootRecord-Database/Media/Audio/Voice/current_report_current.ogg", "bytes": 184185}, "wav": "/home/rootrecord/RootRecord-Ecosystem/2 - RootRecord-Database/Media/Audio/Voice/current_report_current.wav", "ogg": "/home/rootrecord/RootRecord-Ecosystem/2 - RootRecord-Database/Media/Audio/Voice/current_report_current.ogg", "seconds": 2.4}
2026-10-03T07:46:42-10:00job:voice_hour_batch ! {"ok": true, "phase": "begin", "report": "solar_desk", "agent": "bruce"}
2026-10-03T07:46:44-10:00  ✗  delta2_read FAIL code=-15
2026-10-03T07:46:44-10:00HTTP listening on http://127.0.0.1:8799 (open access on bind)
2026-10-03T07:46:44-10:00boot:start  jobs=9
2026-10-03T07:46:44-10:00boot:run  priority=0  id=self_terminal
2026-10-03T07:46:44-10:00boot:p0 self_process pid=2703527
2026-10-03T07:46:44-10:00boot:run  priority=1  id=cloudflare_tunnel
2026-10-03T07:46:44-10:00boot:p1 cloudflare_tunnel host=rootserver.rootrecord.cloud
2026-10-03T07:46:45-10:00internet OK at boot — starting tunnel
2026-10-03T07:46:45-10:00Starting cloudflared mode=token public_host=rootserver.rootrecord.cloud
2026-10-03T07:46:45-10:00Waiting for tunnel register (timeout=45s)…
2026-10-03T07:46:45-10:00tunnel starting
2026-10-03T07:46:45-10:00tunnel connected  conn=0  edge=lax07
2026-10-03T07:46:45-10:00Tunnel READY — first connection registered.
2026-10-03T07:46:45-10:00boot:run  priority=2  id=github_setup_remotes
2026-10-03T07:46:45-10:00tunnel ingress  rootserver.rootrecord.cloud → 127.0.0.1:8799
2026-10-03T07:46:45-10:00boot:run  priority=3  id=ollama_warmup
2026-10-03T07:46:45-10:00job:ollama_warmup RUN  bash '/home/rootrecord/RootRecord-Ecosystem/1 - Servers/1 - RootRecord-Pacific-Solar-Server/System/scripts/plumbing/ollama-warmup.sh'
2026-10-03T07:46:45-10:00tunnel connected  conn=1  edge=lax13
2026-10-03T07:46:45-10:00job:ollama_warmup | [ok] ollama up
2026-10-03T07:46:45-10:00boot:run  priority=4  id=flm_npu_warmup
2026-10-03T07:46:45-10:00job:flm_npu_warmup RUN  bash '/home/rootrecord/RootRecord-Ecosystem/1 - Servers/1 - RootRecord-Pacific-Solar-Server/System/scripts/plumbing/flm-warmup.sh'
2026-10-03T07:46:45-10:00job:flm_npu_warmup | [skip] FLM warmup disabled (no resident model; set FLM_WARMUP_RESIDENT=1 to opt in)
2026-10-03T07:46:45-10:00boot:run  priority=5  id=council_relay
2026-10-03T07:46:46-10:00job:council_relay RUN  bash "/home/rootrecord/RootRecord-Ecosystem/1 - Servers/1 - RootRecord-Pacific-Solar-Server/Communications/telegram/scripts/ensure-relay.sh"
2026-10-03T07:46:46-10:00tunnel connected  conn=2  edge=lax13
2026-10-03T07:46:47-10:00tunnel connected  conn=3  edge=lax10
2026-10-03T07:46:49-10:00job:council_relay | [ok] council-relay started pid=2703857 → /home/rootrecord/RootRecord-Ecosystem/2 - RootRecord-Database/Logs/Communications/council-relay.log
2026-10-03T07:46:49-10:00boot:run  priority=6  id=security_camera_server
2026-10-03T07:46:49-10:00job:security_camera_server RUN  bash "/home/rootrecord/RootRecord-Ecosystem/1 - Servers/1 - RootRecord-Pacific-Solar-Server/Security/Cameras/ensure_cam_server.sh"
2026-10-03T07:46:49-10:00job:security_camera_server | security cam server started
2026-10-03T07:46:49-10:00boot:run  priority=7  id=security_timelapse_catchup
2026-10-03T07:46:49-10:00job:security_timelapse_catchup RUN  bash "/home/rootrecord/RootRecord-Ecosystem/1 - Servers/1 - RootRecord-Pacific-Solar-Server/Security/Cameras/timelapse_catchup.sh"
2026-10-03T07:46:49-10:00job:security_timelapse_catchup | 07:46:49  🎬  a-eyes-timelapse  catchup: checking 20261003, now=07:46 HST
2026-10-03T07:46:49-10:00job:security_timelapse_catchup | 07:46:49  🎬  a-eyes-timelapse  hour 05 already compiled, skipping
2026-10-03T07:46:49-10:00job:security_timelapse_catchup | 07:46:49  🎬  a-eyes-timelapse  hour 06 already compiled, skipping
2026-10-03T07:46:49-10:00job:security_timelapse_catchup | 07:46:49  🎬  a-eyes-timelapse  catchup: window still open today, skipping daily render
2026-10-03T07:46:49-10:00boot:run  priority=9  id=network_globe_hawaii
2026-10-03T07:46:49-10:00job:network_globe_hawaii RUN  bash "/home/rootrecord/RootRecord-Ecosystem/1 - Servers/1 - RootRecord-Pacific-Solar-Server/Communications/network/scripts/ensure-network-globe-hawaii.sh"
2026-10-03T07:46:49-10:00job:network_globe_hawaii | [ensure-network-globe-hawaii] already running -- nothing to do
2026-10-03T07:46:49-10:00boot:done
2026-10-03T07:47:34-10:00  ✗  ecoflow_read_boot  WAITING
2026-10-03T07:47:34-10:00scheduler  MODE=jobs.py exact_time=34
2026-10-03T07:47:34-10:00hour-lane  due=voice_hour_batch  at=07:47:00
2026-10-03T07:47:34-10:00job:voice_hour_batch SKIP — generate_hour_reports already running
2026-10-03T07:47:34-10:00hour-lane  voice_hour_batch did not start at 07:47:00
2026-10-03T07:47:43-10:00  ✗  river2pro_read  WAITING
2026-10-03T07:47:43-10:00job:sys_stats_cycle RUN  bash "/home/rootrecord/RootRecord-Ecosystem/1 - Servers/1 - RootRecord-Pacific-Solar-Server/System/scripts/sys-sample.sh"
2026-10-03T07:47:44-10:00job:sys_stats_cycle | SYSTEM  cpu=78%  load=5.93  mem=67%  src=sqlite
2026-10-03T07:47:44-10:00job:sys_stats_cycle | OK wrote /home/rootrecord/RootRecord-Ecosystem/2 - RootRecord-Database/System/system.db
2026-10-03T07:47:45-10:00  ✗  delta2_read FAIL code=-15
2026-10-03T07:47:45-10:00HTTP listening on http://127.0.0.1:8799 (open access on bind)
2026-10-03T07:47:45-10:00boot:start  jobs=9
2026-10-03T07:47:45-10:00boot:run  priority=0  id=self_terminal
2026-10-03T07:47:45-10:00boot:p0 self_process pid=2705255
2026-10-03T07:47:45-10:00boot:run  priority=1  id=cloudflare_tunnel
2026-10-03T07:47:46-10:00boot:p1 cloudflare_tunnel host=rootserver.rootrecord.cloud
2026-10-03T07:47:46-10:00internet OK at boot — starting tunnel
2026-10-03T07:47:46-10:00Starting cloudflared mode=token public_host=rootserver.rootrecord.cloud
2026-10-03T07:47:46-10:00Waiting for tunnel register (timeout=45s)…
2026-10-03T07:47:46-10:00tunnel starting
2026-10-03T07:47:46-10:00tunnel connected  conn=0  edge=lax08
2026-10-03T07:47:46-10:00Tunnel READY — first connection registered.
2026-10-03T07:47:46-10:00boot:run  priority=2  id=github_setup_remotes
2026-10-03T07:47:46-10:00tunnel ingress  rootserver.rootrecord.cloud → 127.0.0.1:8799
2026-10-03T07:47:46-10:00boot:run  priority=3  id=ollama_warmup
2026-10-03T07:47:46-10:00job:ollama_warmup RUN  bash '/home/rootrecord/RootRecord-Ecosystem/1 - Servers/1 - RootRecord-Pacific-Solar-Server/System/scripts/plumbing/ollama-warmup.sh'
2026-10-03T07:47:46-10:00tunnel connected  conn=1  edge=lax13
2026-10-03T07:47:46-10:00job:ollama_warmup | [ok] ollama up
2026-10-03T07:47:46-10:00boot:run  priority=4  id=flm_npu_warmup
2026-10-03T07:47:46-10:00job:flm_npu_warmup RUN  bash '/home/rootrecord/RootRecord-Ecosystem/1 - Servers/1 - RootRecord-Pacific-Solar-Server/System/scripts/plumbing/flm-warmup.sh'
2026-10-03T07:47:46-10:00job:flm_npu_warmup | [skip] FLM warmup disabled (no resident model; set FLM_WARMUP_RESIDENT=1 to opt in)
2026-10-03T07:47:46-10:00boot:run  priority=5  id=council_relay
2026-10-03T07:47:46-10:00job:council_relay RUN  bash "/home/rootrecord/RootRecord-Ecosystem/1 - Servers/1 - RootRecord-Pacific-Solar-Server/Communications/telegram/scripts/ensure-relay.sh"
2026-10-03T07:47:47-10:00tunnel connected  conn=2  edge=lax08
2026-10-03T07:47:48-10:00tunnel connected  conn=3  edge=lax13
2026-10-03T07:47:50-10:00job:council_relay | [ok] council-relay started pid=2705609 → /home/rootrecord/RootRecord-Ecosystem/2 - RootRecord-Database/Logs/Communications/council-relay.log
2026-10-03T07:47:50-10:00boot:run  priority=6  id=security_camera_server
2026-10-03T07:47:50-10:00job:security_camera_server RUN  bash "/home/rootrecord/RootRecord-Ecosystem/1 - Servers/1 - RootRecord-Pacific-Solar-Server/Security/Cameras/ensure_cam_server.sh"
2026-10-03T07:47:50-10:00job:security_camera_server | security cam server started
2026-10-03T07:47:50-10:00boot:run  priority=7  id=security_timelapse_catchup
2026-10-03T07:47:50-10:00job:security_timelapse_catchup RUN  bash "/home/rootrecord/RootRecord-Ecosystem/1 - Servers/1 - RootRecord-Pacific-Solar-Server/Security/Cameras/timelapse_catchup.sh"
2026-10-03T07:47:50-10:00job:security_timelapse_catchup | 07:47:50  🎬  a-eyes-timelapse  catchup: checking 20261003, now=07:47 HST
2026-10-03T07:47:50-10:00job:security_timelapse_catchup | 07:47:50  🎬  a-eyes-timelapse  hour 05 already compiled, skipping
2026-10-03T07:47:50-10:00job:security_timelapse_catchup | 07:47:50  🎬  a-eyes-timelapse  hour 06 already compiled, skipping
2026-10-03T07:47:50-10:00job:security_timelapse_catchup | 07:47:50  🎬  a-eyes-timelapse  catchup: window still open today, skipping daily render
2026-10-03T07:47:50-10:00boot:run  priority=9  id=network_globe_hawaii
2026-10-03T07:47:50-10:00job:network_globe_hawaii RUN  bash "/home/rootrecord/RootRecord-Ecosystem/1 - Servers/1 - RootRecord-Pacific-Solar-Server/Communications/network/scripts/ensure-network-globe-hawaii.sh"
2026-10-03T07:47:50-10:00job:network_globe_hawaii | [ensure-network-globe-hawaii] already running -- nothing to do
2026-10-03T07:47:50-10:00boot:done
2026-10-03T07:48:06-10:00  ▸  SUMMARY=delta2 soc=— solar=0W ac_out=0W usbc=0W src=ble db=ok
2026-10-03T07:48:06-10:00scheduler  MODE=jobs.py exact_time=34
2026-10-03T07:48:06-10:00hour-lane  due=voice_hour_batch  at=07:48:00
2026-10-03T07:48:06-10:00job:voice_hour_batch SKIP — generate_hour_reports already running
2026-10-03T07:48:06-10:00boot:catch  id=voice_hour_batch  at=07:48:00
2026-10-03T07:48:14-10:00  ▸  SUMMARY=delta2 soc=0% solar=0W ac_out=0W usbc=0W src=ble db=ok
2026-10-03T07:48:14-10:00job:security_camera_frame_grab RUN  bash "/home/rootrecord/RootRecord-Ecosystem/1 - Servers/1 - RootRecord-Pacific-Solar-Server/Security/Cameras/grab_all.sh"
2026-10-03T07:48:14-10:00job:sys_stats_cycle RUN  bash "/home/rootrecord/RootRecord-Ecosystem/1 - Servers/1 - RootRecord-Pacific-Solar-Server/System/scripts/sys-sample.sh"
2026-10-03T07:48:14-10:00job:sys_stats_cycle | SYSTEM  cpu=68%  load=5.98  mem=91%  src=sqlite
2026-10-03T07:48:14-10:00job:sys_stats_cycle | OK wrote /home/rootrecord/RootRecord-Ecosystem/2 - RootRecord-Database/System/system.db
2026-10-03T07:48:20-10:00job:security_camera_frame_grab FAIL code=-15
2026-10-03T07:48:20-10:00job:security_camera_frame_grab ! 07:48:14  📷  a-eyes  ch1 → ch1-20261003T174814Z.jpg  (467.6 KB, 4.65s)
2026-10-03T07:48:21-10:00  ✗  river2pro_read FAIL code=-15
2026-10-03T07:48:21-10:00HTTP listening on http://127.0.0.1:8799 (open access on bind)
2026-10-03T07:48:21-10:00boot:start  jobs=9
2026-10-03T07:48:21-10:00boot:run  priority=0  id=self_terminal
2026-10-03T07:48:21-10:00boot:p0 self_process pid=2706761
2026-10-03T07:48:21-10:00boot:run  priority=1  id=cloudflare_tunnel
2026-10-03T07:48:21-10:00boot:p1 cloudflare_tunnel host=rootserver.rootrecord.cloud
2026-10-03T07:48:21-10:00internet OK at boot — starting tunnel
2026-10-03T07:48:21-10:00Starting cloudflared mode=token public_host=rootserver.rootrecord.cloud
2026-10-03T07:48:21-10:00Waiting for tunnel register (timeout=45s)…
2026-10-03T07:48:21-10:00tunnel starting
2026-10-03T07:48:22-10:00tunnel connected  conn=0  edge=lax07
2026-10-03T07:48:22-10:00Tunnel READY — first connection registered.
2026-10-03T07:48:22-10:00boot:run  priority=2  id=github_setup_remotes
2026-10-03T07:48:22-10:00tunnel ingress  rootserver.rootrecord.cloud → 127.0.0.1:8799
2026-10-03T07:48:22-10:00tunnel connected  conn=1  edge=lax13
2026-10-03T07:48:22-10:00boot:run  priority=3  id=ollama_warmup
2026-10-03T07:48:22-10:00job:ollama_warmup RUN  bash '/home/rootrecord/RootRecord-Ecosystem/1 - Servers/1 - RootRecord-Pacific-Solar-Server/System/scripts/plumbing/ollama-warmup.sh'
2026-10-03T07:48:22-10:00job:ollama_warmup | [ok] ollama up
2026-10-03T07:48:22-10:00boot:run  priority=4  id=flm_npu_warmup
2026-10-03T07:48:22-10:00job:flm_npu_warmup RUN  bash '/home/rootrecord/RootRecord-Ecosystem/1 - Servers/1 - RootRecord-Pacific-Solar-Server/System/scripts/plumbing/flm-warmup.sh'
2026-10-03T07:48:22-10:00job:flm_npu_warmup | [skip] FLM warmup disabled (no resident model; set FLM_WARMUP_RESIDENT=1 to opt in)
2026-10-03T07:48:22-10:00boot:run  priority=5  id=council_relay
2026-10-03T07:48:22-10:00job:council_relay RUN  bash "/home/rootrecord/RootRecord-Ecosystem/1 - Servers/1 - RootRecord-Pacific-Solar-Server/Communications/telegram/scripts/ensure-relay.sh"
2026-10-03T07:48:23-10:00tunnel connected  conn=2  edge=lax09
2026-10-03T07:48:24-10:00tunnel connected  conn=3  edge=lax13
2026-10-03T07:48:26-10:00job:council_relay | [ok] council-relay started pid=2707090 → /home/rootrecord/RootRecord-Ecosystem/2 - RootRecord-Database/Logs/Communications/council-relay.log
2026-10-03T07:48:26-10:00boot:run  priority=6  id=security_camera_server
2026-10-03T07:48:26-10:00job:security_camera_server RUN  bash "/home/rootrecord/RootRecord-Ecosystem/1 - Servers/1 - RootRecord-Pacific-Solar-Server/Security/Cameras/ensure_cam_server.sh"
2026-10-03T07:48:26-10:00job:security_camera_server | security cam server started
2026-10-03T07:48:26-10:00boot:run  priority=7  id=security_timelapse_catchup
2026-10-03T07:48:26-10:00job:security_timelapse_catchup RUN  bash "/home/rootrecord/RootRecord-Ecosystem/1 - Servers/1 - RootRecord-Pacific-Solar-Server/Security/Cameras/timelapse_catchup.sh"
2026-10-03T07:48:26-10:00job:security_timelapse_catchup | 07:48:26  🎬  a-eyes-timelapse  catchup: checking 20261003, now=07:48 HST
2026-10-03T07:48:26-10:00job:security_timelapse_catchup | 07:48:26  🎬  a-eyes-timelapse  hour 05 already compiled, skipping
2026-10-03T07:48:26-10:00job:security_timelapse_catchup | 07:48:26  🎬  a-eyes-timelapse  hour 06 already compiled, skipping
2026-10-03T07:48:26-10:00job:security_timelapse_catchup | 07:48:26  🎬  a-eyes-timelapse  catchup: window still open today, skipping daily render
2026-10-03T07:48:26-10:00boot:run  priority=9  id=network_globe_hawaii
2026-10-03T07:48:26-10:00job:network_globe_hawaii RUN  bash "/home/rootrecord/RootRecord-Ecosystem/1 - Servers/1 - RootRecord-Pacific-Solar-Server/Communications/network/scripts/ensure-network-globe-hawaii.sh"
2026-10-03T07:48:26-10:00job:network_globe_hawaii | [ensure-network-globe-hawaii] already running -- nothing to do
2026-10-03T07:48:26-10:00boot:done
2026-10-03T07:48:34-10:00tunnel timeout — reconnecting
2026-10-03T07:48:34-10:00tunnel timeout — reconnecting
2026-10-03T07:48:35-10:00tunnel timeout — reconnecting
2026-10-03T07:48:35-10:00tunnel timeout — reconnecting
2026-10-03T07:48:35-10:00tunnel timeout — reconnecting
2026-10-03T07:48:36-10:00tunnel timeout — reconnecting
2026-10-03T07:48:37-10:00tunnel connected  conn=0  edge=lax13
2026-10-03T07:48:37-10:00tunnel timeout — reconnecting
2026-10-03T07:48:39-10:00  ▸  SUMMARY=delta2 soc=0% solar=24W ac_out=0W usbc=0W src=ble db=ok
2026-10-03T07:48:39-10:00scheduler  MODE=jobs.py exact_time=34
2026-10-03T07:48:39-10:00hour-lane  due=voice_hour_batch  at=07:48:00
2026-10-03T07:48:39-10:00job:voice_hour_batch SKIP — generate_hour_reports already running
2026-10-03T07:48:39-10:00boot:catch  id=voice_hour_batch  at=07:48:00
2026-10-03T07:48:43-10:00  ▸  SUMMARY=delta2 soc=0% solar=22W ac_out=0W usbc=0W src=ble db=ok
2026-10-03T07:48:43-10:00job:security_camera_frame_grab RUN  bash "/home/rootrecord/RootRecord-Ecosystem/1 - Servers/1 - RootRecord-Pacific-Solar-Server/Security/Cameras/grab_all.sh"
2026-10-03T07:48:43-10:00job:sys_stats_cycle RUN  bash "/home/rootrecord/RootRecord-Ecosystem/1 - Servers/1 - RootRecord-Pacific-Solar-Server/System/scripts/sys-sample.sh"
2026-10-03T07:48:44-10:00job:sys_stats_cycle | SYSTEM  cpu=56%  load=6.29  mem=92%  src=sqlite
2026-10-03T07:48:44-10:00job:sys_stats_cycle | OK wrote /home/rootrecord/RootRecord-Ecosystem/2 - RootRecord-Database/System/system.db
2026-10-03T07:48:47-10:00tunnel connected  conn=3  edge=lax01
2026-10-03T07:48:47-10:00tunnel connected  conn=2  edge=lax07
2026-10-03T07:48:47-10:00tunnel connected  conn=1  edge=lax08
2026-10-03T07:48:53-10:00  ✗  river2pro_read  WAITING
2026-10-03T07:48:53-10:00job:sys_stats_cycle RUN  bash "/home/rootrecord/RootRecord-Ecosystem/1 - Servers/1 - RootRecord-Pacific-Solar-Server/System/scripts/sys-sample.sh"
2026-10-03T07:48:54-10:00job:sys_stats_cycle | SYSTEM  cpu=63%  load=5.94  mem=93%  src=sqlite
2026-10-03T07:48:54-10:00job:sys_stats_cycle | OK wrote /home/rootrecord/RootRecord-Ecosystem/2 - RootRecord-Database/System/system.db
2026-10-03T07:48:58-10:00  ▸  SUMMARY=delta2 soc=0% solar=19W ac_out=0W usbc=0W src=ble db=ok
2026-10-03T07:48:58-10:00job:sys_stats_cycle RUN  bash "/home/rootrecord/RootRecord-Ecosystem/1 - Servers/1 - RootRecord-Pacific-Solar-Server/System/scripts/sys-sample.sh"
2026-10-03T07:48:58-10:00job:sys_stats_cycle | SYSTEM  cpu=75%  load=6.02  mem=93%  src=sqlite
2026-10-03T07:48:58-10:00job:sys_stats_cycle | OK wrote /home/rootrecord/RootRecord-Ecosystem/2 - RootRecord-Database/System/system.db
2026-10-03T07:49:01-10:00job:security_camera_frame_grab | 07:48:44  📷  a-eyes  ch1 → ch1-20261003T174844Z.jpg  (471.1 KB, 4.65s)
2026-10-03T07:49:01-10:00job:security_camera_frame_grab | 07:48:48  📷  a-eyes  ch2 → ch2-20261003T174848Z.jpg  (188.5 KB, 4.43s)
2026-10-03T07:49:01-10:00job:security_camera_frame_grab | 07:48:53  📷  a-eyes  ch3 → ch3-20261003T174853Z.jpg  (275.6 KB, 4.31s)
2026-10-03T07:49:01-10:00job:security_camera_frame_grab | 07:48:57  📷  a-eyes  ch4 → ch4-20261003T174857Z.jpg  (145.3 KB, 4.42s)
2026-10-03T07:49:07-10:00  ✗  river2pro_read  WAITING
2026-10-03T07:49:07-10:00job:sys_stats_cycle RUN  bash "/home/rootrecord/RootRecord-Ecosystem/1 - Servers/1 - RootRecord-Pacific-Solar-Server/System/scripts/sys-sample.sh"
2026-10-03T07:49:07-10:00job:sys_stats_cycle | SYSTEM  cpu=56%  load=5.79  mem=92%  src=sqlite
2026-10-03T07:49:07-10:00job:sys_stats_cycle | OK wrote /home/rootrecord/RootRecord-Ecosystem/2 - RootRecord-Database/System/system.db
2026-10-03T07:49:11-10:00  ▸  SUMMARY=delta2 soc=0% solar=17W ac_out=0W usbc=0W src=ble db=ok
2026-10-03T07:49:11-10:00job:energy_consolidate_minutes RUN  nice -n 10 python3 "/home/rootrecord/RootRecord-Ecosystem/1 - Servers/1 - RootRecord-Pacific-Solar-Server/Energy/scripts/consolidate.py" minutes
2026-10-03T07:49:37-10:00job:energy_consolidate_minutes | SUMMARY=ecoflow_layers minutes=8376
2026-10-03T07:49:37-10:00job:security_camera_frame_grab RUN  bash "/home/rootrecord/RootRecord-Ecosystem/1 - Servers/1 - RootRecord-Pacific-Solar-Server/Security/Cameras/grab_all.sh"
2026-10-03T07:49:37-10:00job:sys_stats_cycle RUN  bash "/home/rootrecord/RootRecord-Ecosystem/1 - Servers/1 - RootRecord-Pacific-Solar-Server/System/scripts/sys-sample.sh"
2026-10-03T07:49:37-10:00job:sys_stats_cycle | SYSTEM  cpu=68%  load=7.35  mem=93%  src=sqlite
2026-10-03T07:49:37-10:00job:sys_stats_cycle | OK wrote /home/rootrecord/RootRecord-Ecosystem/2 - RootRecord-Database/System/system.db
2026-10-03T07:49:37-10:00job:system_consolidate_minutes RUN  nice -n 10 python3 "/home/rootrecord/RootRecord-Ecosystem/1 - Servers/1 - RootRecord-Pacific-Solar-Server/System/scripts/consolidate.py" minutes
2026-10-03T07:49:39-10:00job:system_consolidate_minutes | SUMMARY=system_layers minutes=161
2026-10-03T07:49:48-10:00  ✗  river2pro_read  WAITING
2026-10-03T07:49:48-10:00job:sys_stats_cycle RUN  bash "/home/rootrecord/RootRecord-Ecosystem/1 - Servers/1 - RootRecord-Pacific-Solar-Server/System/scripts/sys-sample.sh"
2026-10-03T07:49:49-10:00job:sys_stats_cycle | SYSTEM  cpu=72%  load=7.44  mem=93%  src=sqlite
2026-10-03T07:49:49-10:00job:sys_stats_cycle | OK wrote /home/rootrecord/RootRecord-Ecosystem/2 - RootRecord-Database/System/system.db
2026-10-03T07:49:54-10:00  ▸  SUMMARY=delta2 soc=0% solar=0W ac_out=0W usbc=0W src=ble db=ok
2026-10-03T07:49:54-10:00job:sys_stats_cycle RUN  bash "/home/rootrecord/RootRecord-Ecosystem/1 - Servers/1 - RootRecord-Pacific-Solar-Server/System/scripts/sys-sample.sh"
2026-10-03T07:49:55-10:00job:sys_stats_cycle | SYSTEM  cpu=73%  load=7.33  mem=93%  src=sqlite
2026-10-03T07:49:55-10:00job:sys_stats_cycle | OK wrote /home/rootrecord/RootRecord-Ecosystem/2 - RootRecord-Database/System/system.db
2026-10-03T07:49:55-10:00job:security_camera_frame_grab | 07:49:37  📷  a-eyes  ch1 → ch1-20261003T174937Z.jpg  (432.5 KB, 4.48s)
2026-10-03T07:49:55-10:00job:security_camera_frame_grab | 07:49:41  📷  a-eyes  ch2 → ch2-20261003T174941Z.jpg  (179.4 KB, 4.48s)
2026-10-03T07:49:55-10:00job:security_camera_frame_grab | 07:49:46  📷  a-eyes  ch3 → ch3-20261003T174946Z.jpg  (274.0 KB, 4.43s)
2026-10-03T07:49:55-10:00job:security_camera_frame_grab | 07:49:50  📷  a-eyes  ch4 → ch4-20261003T174950Z.jpg  (127.5 KB, 4.50s)
2026-10-03T07:50:04-10:00  ✗  river2pro_read  WAITING
2026-10-03T07:50:04-10:00job:sys_stats_cycle RUN  bash "/home/rootrecord/RootRecord-Ecosystem/1 - Servers/1 - RootRecord-Pacific-Solar-Server/System/scripts/sys-sample.sh"
2026-10-03T07:50:04-10:00job:sys_stats_cycle | SYSTEM  cpu=25%  load=6.80  mem=63%  src=sqlite
2026-10-03T07:50:04-10:00job:sys_stats_cycle | OK wrote /home/rootrecord/RootRecord-Ecosystem/2 - RootRecord-Database/System/system.db
2026-10-03T07:50:08-10:00  ▸  SUMMARY=delta2 soc=0% solar=0W ac_out=0W usbc=0W src=ble db=ok
2026-10-03T07:50:08-10:00job:security_camera_frame_grab RUN  bash "/home/rootrecord/RootRecord-Ecosystem/1 - Servers/1 - RootRecord-Pacific-Solar-Server/Security/Cameras/grab_all.sh"
2026-10-03T07:50:08-10:00job:sys_stats_cycle RUN  bash "/home/rootrecord/RootRecord-Ecosystem/1 - Servers/1 - RootRecord-Pacific-Solar-Server/System/scripts/sys-sample.sh"
2026-10-03T07:50:09-10:00job:sys_stats_cycle | SYSTEM  cpu=61%  load=7.14  mem=67%  src=sqlite
2026-10-03T07:50:09-10:00job:sys_stats_cycle | OK wrote /home/rootrecord/RootRecord-Ecosystem/2 - RootRecord-Database/System/system.db
2026-10-03T07:50:17-10:00  ✗  river2pro_read  WAITING
2026-10-03T07:50:17-10:00job:sys_stats_cycle RUN  bash "/home/rootrecord/RootRecord-Ecosystem/1 - Servers/1 - RootRecord-Pacific-Solar-Server/System/scripts/sys-sample.sh"
2026-10-03T07:50:18-10:00job:sys_stats_cycle | SYSTEM  cpu=79%  load=6.35  mem=67%  src=sqlite
2026-10-03T07:50:18-10:00job:sys_stats_cycle | OK wrote /home/rootrecord/RootRecord-Ecosystem/2 - RootRecord-Database/System/system.db
2026-10-03T07:50:21-10:00  ▸  SUMMARY=delta2 soc=0% solar=0W ac_out=0W usbc=0W src=ble db=ok
2026-10-03T07:50:21-10:00job:energy_consolidate_hours RUN  nice -n 10 python3 "/home/rootrecord/RootRecord-Ecosystem/1 - Servers/1 - RootRecord-Pacific-Solar-Server/Energy/scripts/consolidate.py" hours
2026-10-03T07:50:22-10:00job:energy_consolidate_hours | SUMMARY=ecoflow_layers hours=13 json=periods.json
2026-10-03T07:50:22-10:00job:sys_stats_cycle RUN  bash "/home/rootrecord/RootRecord-Ecosystem/1 - Servers/1 - RootRecord-Pacific-Solar-Server/System/scripts/sys-sample.sh"
2026-10-03T07:50:22-10:00job:sys_stats_cycle | SYSTEM  cpu=60%  load=6.24  mem=68%  src=sqlite
2026-10-03T07:50:22-10:00job:sys_stats_cycle | OK wrote /home/rootrecord/RootRecord-Ecosystem/2 - RootRecord-Database/System/system.db
2026-10-03T07:50:22-10:00job:system_consolidate_hours RUN  nice -n 10 python3 "/home/rootrecord/RootRecord-Ecosystem/1 - Servers/1 - RootRecord-Pacific-Solar-Server/System/scripts/consolidate.py" hours
2026-10-03T07:50:23-10:00job:system_consolidate_hours | SUMMARY=system_layers hours=0
2026-10-03T07:50:26-10:00job:security_camera_frame_grab | 07:50:08  📷  a-eyes  ch1 → ch1-20261003T175008Z.jpg  (435.7 KB, 4.26s)
2026-10-03T07:50:26-10:00job:security_camera_frame_grab | 07:50:13  📷  a-eyes  ch2 → ch2-20261003T175013Z.jpg  (194.4 KB, 4.42s)
2026-10-03T07:50:26-10:00job:security_camera_frame_grab | 07:50:17  📷  a-eyes  ch3 → ch3-20261003T175017Z.jpg  (278.0 KB, 4.55s)
2026-10-03T07:50:26-10:00job:security_camera_frame_grab | 07:50:22  📷  a-eyes  ch4 → ch4-20261003T175022Z.jpg  (189.0 KB, 4.35s)
2026-10-03T07:50:31-10:00  ✗  river2pro_read  WAITING
2026-10-03T07:50:31-10:00job:sys_stats_cycle RUN  bash "/home/rootrecord/RootRecord-Ecosystem/1 - Servers/1 - RootRecord-Pacific-Solar-Server/System/scripts/sys-sample.sh"
2026-10-03T07:50:31-10:00job:sys_stats_cycle | SYSTEM  cpu=32%  load=6.18  mem=59%  src=sqlite
2026-10-03T07:50:31-10:00job:sys_stats_cycle | OK wrote /home/rootrecord/RootRecord-Ecosystem/2 - RootRecord-Database/System/system.db
2026-10-03T07:50:35-10:00  ▸  SUMMARY=delta2 soc=0% solar=0W ac_out=0W usbc=0W src=ble db=ok
2026-10-03T07:50:35-10:00job:security_camera_frame_grab RUN  bash "/home/rootrecord/RootRecord-Ecosystem/1 - Servers/1 - RootRecord-Pacific-Solar-Server/Security/Cameras/grab_all.sh"
2026-10-03T07:50:35-10:00job:sys_stats_cycle RUN  bash "/home/rootrecord/RootRecord-Ecosystem/1 - Servers/1 - RootRecord-Pacific-Solar-Server/System/scripts/sys-sample.sh"
2026-10-03T07:50:36-10:00job:sys_stats_cycle | SYSTEM  cpu=71%  load=6.18  mem=64%  src=sqlite
2026-10-03T07:50:36-10:00job:sys_stats_cycle | OK wrote /home/rootrecord/RootRecord-Ecosystem/2 - RootRecord-Database/System/system.db
2026-10-03T07:50:44-10:00  ✗  river2pro_read  WAITING
2026-10-03T07:50:44-10:00job:sys_stats_cycle RUN  bash "/home/rootrecord/RootRecord-Ecosystem/1 - Servers/1 - RootRecord-Pacific-Solar-Server/System/scripts/sys-sample.sh"
2026-10-03T07:50:45-10:00job:sys_stats_cycle | SYSTEM  cpu=29%  load=6.12  mem=58%  src=sqlite
2026-10-03T07:50:45-10:00job:sys_stats_cycle | OK wrote /home/rootrecord/RootRecord-Ecosystem/2 - RootRecord-Database/System/system.db
2026-10-03T07:50:49-10:00  ▸  SUMMARY=delta2 soc=0% solar=30W ac_out=0W usbc=0W src=ble db=ok
2026-10-03T07:50:49-10:00job:sys_stats_cycle RUN  bash "/home/rootrecord/RootRecord-Ecosystem/1 - Servers/1 - RootRecord-Pacific-Solar-Server/System/scripts/sys-sample.sh"
2026-10-03T07:50:50-10:00job:sys_stats_cycle | SYSTEM  cpu=67%  load=5.79  mem=64%  src=sqlite
2026-10-03T07:50:50-10:00job:sys_stats_cycle | OK wrote /home/rootrecord/RootRecord-Ecosystem/2 - RootRecord-Database/System/system.db
2026-10-03T07:50:53-10:00job:security_camera_frame_grab | 07:50:35  📷  a-eyes  ch1 → ch1-20261003T175035Z.jpg  (447.7 KB, 4.55s)
2026-10-03T07:50:53-10:00job:security_camera_frame_grab | 07:50:40  📷  a-eyes  ch2 → ch2-20261003T175040Z.jpg  (197.3 KB, 4.60s)
2026-10-03T07:50:53-10:00job:security_camera_frame_grab | 07:50:44  📷  a-eyes  ch3 → ch3-20261003T175044Z.jpg  (272.7 KB, 4.44s)
2026-10-03T07:50:53-10:00job:security_camera_frame_grab | 07:50:49  📷  a-eyes  ch4 → ch4-20261003T175049Z.jpg  (181.1 KB, 4.41s)
2026-10-03T07:50:59-10:00  ✗  river2pro_read  WAITING
2026-10-03T07:50:59-10:00job:sys_stats_cycle RUN  bash "/home/rootrecord/RootRecord-Ecosystem/1 - Servers/1 - RootRecord-Pacific-Solar-Server/System/scripts/sys-sample.sh"
2026-10-03T07:50:59-10:00job:sys_stats_cycle | SYSTEM  cpu=9%  load=5.35  mem=56%  src=sqlite
2026-10-03T07:50:59-10:00job:sys_stats_cycle | OK wrote /home/rootrecord/RootRecord-Ecosystem/2 - RootRecord-Database/System/system.db
2026-10-03T07:51:03-10:00  ▸  SUMMARY=delta2 soc=0% solar=30W ac_out=0W usbc=0W src=ble db=ok
2026-10-03T07:51:03-10:00job:energy_consolidate_minutes RUN  nice -n 10 python3 "/home/rootrecord/RootRecord-Ecosystem/1 - Servers/1 - RootRecord-Pacific-Solar-Server/Energy/scripts/consolidate.py" minutes
2026-10-03T07:51:04-10:00job:energy_consolidate_minutes | SUMMARY=ecoflow_layers minutes=6245
2026-10-03T07:51:05-10:00job:hawaii_to_ml2 RUN  bash "/home/rootrecord/RootRecord-Ecosystem/1 - Servers/3 - RootRecord-US-Mainland-Two/scripts/hawaii-to-ml2.sh"
2026-10-03T07:51:24-10:00job:hawaii_to_ml2 | hawaii-to-ml2: SSH /home/rootrecord/RootRecord-Ecosystem/2 - RootRecord-Database → ml2:US-Mainland-Server-2/var/bank/
2026-10-03T07:51:24-10:00job:hawaii_to_ml2 | hawaii-to-ml2: ok transport=remote
2026-10-03T07:51:24-10:00job:security_camera_frame_grab RUN  bash "/home/rootrecord/RootRecord-Ecosystem/1 - Servers/1 - RootRecord-Pacific-Solar-Server/Security/Cameras/grab_all.sh"
2026-10-03T07:51:24-10:00job:sys_stats_cycle RUN  bash "/home/rootrecord/RootRecord-Ecosystem/1 - Servers/1 - RootRecord-Pacific-Solar-Server/System/scripts/sys-sample.sh"
2026-10-03T07:51:25-10:00job:sys_stats_cycle | SYSTEM  cpu=8%  load=4.08  mem=58%  src=sqlite
2026-10-03T07:51:25-10:00job:sys_stats_cycle | OK wrote /home/rootrecord/RootRecord-Ecosystem/2 - RootRecord-Database/System/system.db
2026-10-03T07:51:25-10:00job:system_consolidate_minutes RUN  nice -n 10 python3 "/home/rootrecord/RootRecord-Ecosystem/1 - Servers/1 - RootRecord-Pacific-Solar-Server/System/scripts/consolidate.py" minutes
2026-10-03T07:51:25-10:00job:system_consolidate_minutes | SUMMARY=system_layers minutes=105
2026-10-03T07:51:33-10:00  ✗  river2pro_read  WAITING
2026-10-03T07:51:33-10:00job:sys_stats_cycle RUN  bash "/home/rootrecord/RootRecord-Ecosystem/1 - Servers/1 - RootRecord-Pacific-Solar-Server/System/scripts/sys-sample.sh"
2026-10-03T07:51:34-10:00job:sys_stats_cycle | SYSTEM  cpu=10%  load=3.45  mem=57%  src=sqlite
2026-10-03T07:51:34-10:00job:sys_stats_cycle | OK wrote /home/rootrecord/RootRecord-Ecosystem/2 - RootRecord-Database/System/system.db
2026-10-03T07:51:38-10:00  ▸  SUMMARY=delta2 soc=0% solar=20W ac_out=0W usbc=0W src=ble db=ok
2026-10-03T07:51:38-10:00job:sys_stats_cycle RUN  bash "/home/rootrecord/RootRecord-Ecosystem/1 - Servers/1 - RootRecord-Pacific-Solar-Server/System/scripts/sys-sample.sh"
2026-10-03T07:51:38-10:00job:sys_stats_cycle | SYSTEM  cpu=44%  load=3.34  mem=57%  src=sqlite
2026-10-03T07:51:38-10:00job:sys_stats_cycle | OK wrote /home/rootrecord/RootRecord-Ecosystem/2 - RootRecord-Database/System/system.db
2026-10-03T07:51:42-10:00job:security_camera_frame_grab | 07:51:24  📷  a-eyes  ch1 → ch1-20261003T175124Z.jpg  (447.9 KB, 4.46s)
2026-10-03T07:51:42-10:00job:security_camera_frame_grab | 07:51:29  📷  a-eyes  ch2 → ch2-20261003T175129Z.jpg  (170.4 KB, 4.36s)
2026-10-03T07:51:42-10:00job:security_camera_frame_grab | 07:51:33  📷  a-eyes  ch3 → ch3-20261003T175133Z.jpg  (266.8 KB, 4.59s)
2026-10-03T07:51:42-10:00job:security_camera_frame_grab | 07:51:38  📷  a-eyes  ch4 → ch4-20261003T175138Z.jpg  (165.7 KB, 4.23s)
2026-10-03T07:51:47-10:00  ✗  river2pro_read  WAITING
2026-10-03T07:51:47-10:00job:sys_stats_cycle RUN  bash "/home/rootrecord/RootRecord-Ecosystem/1 - Servers/1 - RootRecord-Pacific-Solar-Server/System/scripts/sys-sample.sh"
2026-10-03T07:51:47-10:00job:sys_stats_cycle | SYSTEM  cpu=10%  load=2.97  mem=56%  src=sqlite
2026-10-03T07:51:47-10:00job:sys_stats_cycle | OK wrote /home/rootrecord/RootRecord-Ecosystem/2 - RootRecord-Database/System/system.db
2026-10-03T07:51:51-10:00  ▸  SUMMARY=delta2 soc=0% solar=17W ac_out=0W usbc=0W src=ble db=ok
2026-10-03T07:51:51-10:00job:security_camera_frame_grab RUN  bash "/home/rootrecord/RootRecord-Ecosystem/1 - Servers/1 - RootRecord-Pacific-Solar-Server/Security/Cameras/grab_all.sh"
2026-10-03T07:51:51-10:00job:sys_stats_cycle RUN  bash "/home/rootrecord/RootRecord-Ecosystem/1 - Servers/1 - RootRecord-Pacific-Solar-Server/System/scripts/sys-sample.sh"
2026-10-03T07:51:52-10:00job:sys_stats_cycle | SYSTEM  cpu=40%  load=2.89  mem=58%  src=sqlite
2026-10-03T07:51:52-10:00job:sys_stats_cycle | OK wrote /home/rootrecord/RootRecord-Ecosystem/2 - RootRecord-Database/System/system.db
2026-10-03T07:52:00-10:00  ✗  river2pro_read  WAITING
2026-10-03T07:52:00-10:00job:sys_stats_cycle RUN  bash "/home/rootrecord/RootRecord-Ecosystem/1 - Servers/1 - RootRecord-Pacific-Solar-Server/System/scripts/sys-sample.sh"
2026-10-03T07:52:01-10:00job:sys_stats_cycle | SYSTEM  cpu=32%  load=2.82  mem=56%  src=sqlite
2026-10-03T07:52:01-10:00job:sys_stats_cycle | OK wrote /home/rootrecord/RootRecord-Ecosystem/2 - RootRecord-Database/System/system.db
2026-10-03T07:52:04-10:00  ▸  SUMMARY=delta2 soc=0% solar=17W ac_out=0W usbc=0W src=ble db=ok
2026-10-03T07:52:04-10:00job:energy_consolidate_hours RUN  nice -n 10 python3 "/home/rootrecord/RootRecord-Ecosystem/1 - Servers/1 - RootRecord-Pacific-Solar-Server/Energy/scripts/consolidate.py" hours
2026-10-03T07:52:04-10:00job:energy_consolidate_hours | SUMMARY=ecoflow_layers hours=0 json=periods.json
2026-10-03T07:52:04-10:00job:live_picture RUN  nice -n 10 python3 "/home/rootrecord/RootRecord-Ecosystem/1 - Servers/1 - RootRecord-Pacific-Solar-Server/Media/Video/scripts/live_picture.py"
2026-10-03T07:52:09-10:00job:security_camera_frame_grab | 07:51:51  📷  a-eyes  ch1 → ch1-20261003T175151Z.jpg  (441.7 KB, 4.42s)
2026-10-03T07:52:09-10:00job:security_camera_frame_grab | 07:51:56  📷  a-eyes  ch2 → ch2-20261003T175156Z.jpg  (164.5 KB, 4.41s)
2026-10-03T07:52:09-10:00job:security_camera_frame_grab | 07:52:00  📷  a-eyes  ch3 → ch3-20261003T175200Z.jpg  (255.4 KB, 4.50s)
2026-10-03T07:52:09-10:00job:security_camera_frame_grab | 07:52:05  📷  a-eyes  ch4 → ch4-20261003T175205Z.jpg  (171.7 KB, 4.25s)
2026-10-03T07:52:15-10:00job:live_picture | {"ok": true, "detail": "local+clock+thumb", "path": "/home/rootrecord/RootRecord-Ecosystem/1 - Servers/1 - RootRecord-Pacific-Solar-Server/Media/Video/live-frame.png", "size": [1920, 1080]}
2026-10-03T07:52:15-10:00job:security_camera_frame_grab RUN  bash "/home/rootrecord/RootRecord-Ecosystem/1 - Servers/1 - RootRecord-Pacific-Solar-Server/Security/Cameras/grab_all.sh"
2026-10-03T07:52:15-10:00job:sys_stats_cycle RUN  bash "/home/rootrecord/RootRecord-Ecosystem/1 - Servers/1 - RootRecord-Pacific-Solar-Server/System/scripts/sys-sample.sh"
2026-10-03T07:52:15-10:00job:sys_stats_cycle | SYSTEM  cpu=11%  load=2.56  mem=57%  src=sqlite
2026-10-03T07:52:15-10:00job:sys_stats_cycle | OK wrote /home/rootrecord/RootRecord-Ecosystem/2 - RootRecord-Database/System/system.db
2026-10-03T07:52:15-10:00job:system_consolidate_hours RUN  nice -n 10 python3 "/home/rootrecord/RootRecord-Ecosystem/1 - Servers/1 - RootRecord-Pacific-Solar-Server/System/scripts/consolidate.py" hours
2026-10-03T07:52:15-10:00job:system_consolidate_hours | SUMMARY=system_layers hours=0
2026-10-03T07:52:24-10:00  ✗  river2pro_read  WAITING
2026-10-03T07:52:24-10:00job:sys_stats_cycle RUN  bash "/home/rootrecord/RootRecord-Ecosystem/1 - Servers/1 - RootRecord-Pacific-Solar-Server/System/scripts/sys-sample.sh"
2026-10-03T07:52:24-10:00job:sys_stats_cycle | SYSTEM  cpu=13%  load=2.41  mem=58%  src=sqlite
2026-10-03T07:52:24-10:00job:sys_stats_cycle | OK wrote /home/rootrecord/RootRecord-Ecosystem/2 - RootRecord-Database/System/system.db
2026-10-03T07:52:26-10:00job:github_sync_all | ↑ [ecosystem] committed 114 local file(s)
2026-10-03T07:52:26-10:00job:github_sync_all | ↓ [ecosystem] fetching origin/main
2026-10-03T07:52:26-10:00job:github_sync_all | From github.com:RootRecord-Software-Solutions/RootRecord-Ecosystem
2026-10-03T07:52:26-10:00job:github_sync_all | * branch              main       -> FETCH_HEAD
2026-10-03T07:52:26-10:00job:github_sync_all | * [new branch]        main       -> origin/main
2026-10-03T07:52:26-10:00job:github_sync_all | ↑ [ecosystem] local is ahead of GitHub
2026-10-03T07:52:26-10:00job:github_sync_all | remote: warning: See https://gh.io/lfs for more information.
2026-10-03T07:52:26-10:00job:github_sync_all | remote: warning: File 2 - RootRecord-Database/Energy/layers/1sec.db is 67.12 MB; this is larger than GitHub's recommended maximum file size of 50.00 MB
2026-10-03T07:52:26-10:00job:github_sync_all | remote: warning: GH001: Large files detected. You may want to try Git Large File Storage - https://git-lfs.github.com.
2026-10-03T07:52:26-10:00job:github_sync_all | To github.com:RootRecord-Software-Solutions/RootRecord-Ecosystem.git
2026-10-03T07:52:26-10:00job:github_sync_all | 825228df..cf7fc476  HEAD -> main
2026-10-03T07:52:26-10:00job:github_sync_all | branch 'main' set up to track 'origin/main'.
2026-10-03T07:52:26-10:00job:github_sync_all | ↑ [ecosystem] 114 files → RootRecord-Software-Solutions/RootRecord-Ecosystem (main)
2026-10-03T07:52:26-10:00job:github_sync_all | ↑ [pacific] committed 5 local file(s)
2026-10-03T07:52:26-10:00job:github_sync_all | ↓ [pacific] fetching origin/main
2026-10-03T07:52:26-10:00job:github_sync_all | From github.com:RootRecord-Software-Solutions/RootRecord-Pacific-Solar-Server
2026-10-03T07:52:26-10:00job:github_sync_all | * branch            main       -> FETCH_HEAD
2026-10-03T07:52:26-10:00job:github_sync_all | ↑ [pacific] local is ahead of GitHub
2026-10-03T07:52:26-10:00job:github_sync_all | To github.com:RootRecord-Software-Solutions/RootRecord-Pacific-Solar-Server.git
2026-10-03T07:52:26-10:00job:github_sync_all | 98c5776..e0e997a  HEAD -> main
2026-10-03T07:52:26-10:00job:github_sync_all | branch 'main' set up to track 'origin/main'.
2026-10-03T07:52:26-10:00job:github_sync_all | ↑ [pacific] 5 files → RootRecord-Software-Solutions/RootRecord-Pacific-Solar-Server (main)
2026-10-03T07:52:26-10:00job:github_sync_all | ↑ [database] committed 170 local file(s)
2026-10-03T07:52:26-10:00job:github_sync_all | ↓ [database] fetching origin/main
2026-10-03T07:52:26-10:00job:github_sync_all | From github.com:RootRecord-Software-Solutions/RootRecord-Database
2026-10-03T07:52:26-10:00job:github_sync_all | * branch                main       -> FETCH_HEAD
2026-10-03T07:52:26-10:00job:github_sync_all | ↑ [database] local is ahead of GitHub
2026-10-03T07:52:26-10:00job:github_sync_all | remote: warning: See https://gh.io/lfs for more information.
2026-10-03T07:52:26-10:00job:github_sync_all | remote: warning: File Energy/layers/1sec.db is 67.12 MB; this is larger than GitHub's recommended maximum file size of 50.00 MB
2026-10-03T07:52:26-10:00job:github_sync_all | remote: warning: GH001: Large files detected. You may want to try Git Large File Storage - https://git-lfs.github.com.
2026-10-03T07:52:26-10:00job:github_sync_all | To github.com:RootRecord-Software-Solutions/RootRecord-Database.git
2026-10-03T07:52:26-10:00job:github_sync_all | 1ac53ed17..13812b014  HEAD -> main
2026-10-03T07:52:26-10:00job:github_sync_all | branch 'main' set up to track 'origin/main'.
2026-10-03T07:52:26-10:00job:github_sync_all | ↑ [database] 170 files → RootRecord-Software-Solutions/RootRecord-Database (main)
2026-10-03T07:52:26-10:00job:github_sync_all | — [library] no local changes
2026-10-03T07:52:26-10:00job:github_sync_all | ↓ [library] fetching origin/main
2026-10-03T07:52:26-10:00job:github_sync_all | From github.com:RootRecord-Software-Solutions/RootRecord-Library
2026-10-03T07:52:26-10:00job:github_sync_all | * branch            main       -> FETCH_HEAD
2026-10-03T07:52:26-10:00job:github_sync_all | — [library] local and GitHub already match
2026-10-03T07:52:26-10:00job:github_sync_all | — [library] nothing to push
2026-10-03T07:52:28-10:00  ▸  SUMMARY=delta2 soc=0% solar=15W ac_out=0W usbc=16W src=ble db=ok
2026-10-03T07:52:28-10:00job:sys_stats_cycle RUN  bash "/home/rootrecord/RootRecord-Ecosystem/1 - Servers/1 - RootRecord-Pacific-Solar-Server/System/scripts/sys-sample.sh"
2026-10-03T07:52:28-10:00job:sys_stats_cycle | SYSTEM  cpu=34%  load=2.30  mem=58%  src=sqlite
2026-10-03T07:52:28-10:00job:sys_stats_cycle | OK wrote /home/rootrecord/RootRecord-Ecosystem/2 - RootRecord-Database/System/system.db
2026-10-03T07:52:36-10:00tunnel timeout — reconnecting
2026-10-03T07:52:36-10:00tunnel timeout — reconnecting
2026-10-03T07:52:36-10:00tunnel timeout — reconnecting
2026-10-03T07:52:37-10:00  ✗  river2pro_read  WAITING
2026-10-03T07:52:37-10:00job:sys_stats_cycle RUN  bash "/home/rootrecord/RootRecord-Ecosystem/1 - Servers/1 - RootRecord-Pacific-Solar-Server/System/scripts/sys-sample.sh"
2026-10-03T07:52:37-10:00tunnel timeout — reconnecting
2026-10-03T07:52:37-10:00job:sys_stats_cycle | SYSTEM  cpu=16%  load=2.10  mem=57%  src=sqlite
2026-10-03T07:52:37-10:00job:sys_stats_cycle | OK wrote /home/rootrecord/RootRecord-Ecosystem/2 - RootRecord-Database/System/system.db
2026-10-03T07:52:37-10:00tunnel timeout — reconnecting
2026-10-03T07:52:38-10:00tunnel timeout — reconnecting
2026-10-03T07:52:38-10:00tunnel timeout — reconnecting
2026-10-03T07:52:41-10:00  ▸  SUMMARY=delta2 soc=0% solar=15W ac_out=0W usbc=16W src=ble db=ok
2026-10-03T07:52:41-10:00job:sys_stats_cycle RUN  bash "/home/rootrecord/RootRecord-Ecosystem/1 - Servers/1 - RootRecord-Pacific-Solar-Server/System/scripts/sys-sample.sh"
2026-10-03T07:52:41-10:00job:sys_stats_cycle | SYSTEM  cpu=14%  load=2.10  mem=58%  src=sqlite
2026-10-03T07:52:41-10:00job:sys_stats_cycle | OK wrote /home/rootrecord/RootRecord-Ecosystem/2 - RootRecord-Database/System/system.db
2026-10-03T07:52:43-10:00tunnel connected  conn=0  edge=lax13
2026-10-03T07:52:46-10:00job:security_camera_frame_grab | 07:52:15  📷  a-eyes  ch1 → ch1-20261003T175215Z.jpg  (448.4 KB, 4.36s)
2026-10-03T07:52:46-10:00job:security_camera_frame_grab | 07:52:19  📷  a-eyes  ch2 → ch2-20261003T175219Z.jpg  (168.8 KB, 4.39s)
2026-10-03T07:52:46-10:00job:security_camera_frame_grab | 07:52:24  📷  a-eyes  ch3 → ch3-20261003T175224Z.jpg  (246.4 KB, 4.42s)
2026-10-03T07:52:46-10:00job:security_camera_frame_grab | 07:52:28  📷  a-eyes  ch4 → ch4-20261003T175228Z.jpg  (176.8 KB, 17.54s)
2026-10-03T07:52:49-10:00  ✗  river2pro_read  WAITING
2026-10-03T07:52:49-10:00job:sys_stats_cycle RUN  bash "/home/rootrecord/RootRecord-Ecosystem/1 - Servers/1 - RootRecord-Pacific-Solar-Server/System/scripts/sys-sample.sh"
2026-10-03T07:52:50-10:00job:sys_stats_cycle | SYSTEM  cpu=6%  load=2.32  mem=58%  src=sqlite
2026-10-03T07:52:50-10:00job:sys_stats_cycle | OK wrote /home/rootrecord/RootRecord-Ecosystem/2 - RootRecord-Database/System/system.db
2026-10-03T07:52:53-10:00  ▸  SUMMARY=delta2 soc=0% solar=15W ac_out=0W usbc=16W src=ble db=ok
2026-10-03T07:52:53-10:00job:energy_consolidate_minutes RUN  nice -n 10 python3 "/home/rootrecord/RootRecord-Ecosystem/1 - Servers/1 - RootRecord-Pacific-Solar-Server/Energy/scripts/consolidate.py" minutes
2026-10-03T07:52:54-10:00job:energy_consolidate_minutes | SUMMARY=ecoflow_layers minutes=5994
2026-10-03T07:52:54-10:00job:security_camera_frame_grab RUN  bash "/home/rootrecord/RootRecord-Ecosystem/1 - Servers/1 - RootRecord-Pacific-Solar-Server/Security/Cameras/grab_all.sh"
2026-10-03T07:52:54-10:00job:sys_stats_cycle RUN  bash "/home/rootrecord/RootRecord-Ecosystem/1 - Servers/1 - RootRecord-Pacific-Solar-Server/System/scripts/sys-sample.sh"
2026-10-03T07:52:55-10:00job:sys_stats_cycle | SYSTEM  cpu=18%  load=3.02  mem=58%  src=sqlite
2026-10-03T07:52:55-10:00job:sys_stats_cycle | OK wrote /home/rootrecord/RootRecord-Ecosystem/2 - RootRecord-Database/System/system.db
2026-10-03T07:52:55-10:00job:system_consolidate_minutes RUN  nice -n 10 python3 "/home/rootrecord/RootRecord-Ecosystem/1 - Servers/1 - RootRecord-Pacific-Solar-Server/System/scripts/consolidate.py" minutes
2026-10-03T07:52:55-10:00job:system_consolidate_minutes | SUMMARY=system_layers minutes=91
2026-10-03T07:52:55-10:00tunnel connected  conn=1  edge=lax07
2026-10-03T07:52:56-10:00tunnel connected  conn=2  edge=lax09
2026-10-03T07:52:56-10:00tunnel connected  conn=3  edge=lax13
2026-10-03T07:53:04-10:00  ✗  river2pro_read  WAITING
2026-10-03T07:53:04-10:00job:sys_stats_cycle RUN  bash "/home/rootrecord/RootRecord-Ecosystem/1 - Servers/1 - RootRecord-Pacific-Solar-Server/System/scripts/sys-sample.sh"
2026-10-03T07:53:04-10:00job:sys_stats_cycle | SYSTEM  cpu=76%  load=3.01  mem=57%  src=sqlite
2026-10-03T07:53:04-10:00job:sys_stats_cycle | OK wrote /home/rootrecord/RootRecord-Ecosystem/2 - RootRecord-Database/System/system.db
2026-10-03T07:53:08-10:00  ▸  SUMMARY=delta2 soc=0% solar=0W ac_out=0W usbc=16W src=ble db=ok
2026-10-03T07:53:08-10:00job:sys_stats_cycle RUN  bash "/home/rootrecord/RootRecord-Ecosystem/1 - Servers/1 - RootRecord-Pacific-Solar-Server/System/scripts/sys-sample.sh"
2026-10-03T07:53:08-10:00job:sys_stats_cycle | SYSTEM  cpu=12%  load=2.85  mem=57%  src=sqlite
2026-10-03T07:53:08-10:00job:sys_stats_cycle | OK wrote /home/rootrecord/RootRecord-Ecosystem/2 - RootRecord-Database/System/system.db
2026-10-03T07:53:12-10:00job:security_camera_frame_grab | 07:52:55  📷  a-eyes  ch1 → ch1-20261003T175255Z.jpg  (445.7 KB, 4.35s)
2026-10-03T07:53:12-10:00job:security_camera_frame_grab | 07:52:59  📷  a-eyes  ch2 → ch2-20261003T175259Z.jpg  (169.2 KB, 4.51s)
2026-10-03T07:53:12-10:00job:security_camera_frame_grab | 07:53:03  📷  a-eyes  ch3 → ch3-20261003T175303Z.jpg  (225.4 KB, 4.42s)
2026-10-03T07:53:12-10:00job:security_camera_frame_grab | 07:53:08  📷  a-eyes  ch4 → ch4-20261003T175308Z.jpg  (167.9 KB, 4.30s)
2026-10-03T07:53:17-10:00  ✗  river2pro_read  WAITING
2026-10-03T07:53:17-10:00job:sys_stats_cycle RUN  bash "/home/rootrecord/RootRecord-Ecosystem/1 - Servers/1 - RootRecord-Pacific-Solar-Server/System/scripts/sys-sample.sh"
2026-10-03T07:53:17-10:00job:sys_stats_cycle | SYSTEM  cpu=38%  load=2.57  mem=60%  src=sqlite
2026-10-03T07:53:17-10:00job:sys_stats_cycle | OK wrote /home/rootrecord/RootRecord-Ecosystem/2 - RootRecord-Database/System/system.db
2026-10-03T07:53:18-10:00cloudflared ERR: 2026-10-03T17:53:18Z WRN Serve tunnel error error="datagram manager error: Application error 0x0 (remote)" connIndex=1 e
2026-10-03T07:53:20-10:00tunnel connection terminated
2026-10-03T07:53:21-10:00  ▸  SUMMARY=delta2 soc=0% solar=15W ac_out=0W usbc=16W src=ble db=ok
2026-10-03T07:53:21-10:00job:security_camera_frame_grab RUN  bash "/home/rootrecord/RootRecord-Ecosystem/1 - Servers/1 - RootRecord-Pacific-Solar-Server/Security/Cameras/grab_all.sh"
2026-10-03T07:53:21-10:00job:sys_stats_cycle RUN  bash "/home/rootrecord/RootRecord-Ecosystem/1 - Servers/1 - RootRecord-Pacific-Solar-Server/System/scripts/sys-sample.sh"
2026-10-03T07:53:21-10:00job:sys_stats_cycle | SYSTEM  cpu=14%  load=2.57  mem=59%  src=sqlite
2026-10-03T07:53:21-10:00job:sys_stats_cycle | OK wrote /home/rootrecord/RootRecord-Ecosystem/2 - RootRecord-Database/System/system.db
2026-10-03T07:53:30-10:00  ✗  river2pro_read  WAITING
2026-10-03T07:53:30-10:00job:sys_stats_cycle RUN  bash "/home/rootrecord/RootRecord-Ecosystem/1 - Servers/1 - RootRecord-Pacific-Solar-Server/System/scripts/sys-sample.sh"
2026-10-03T07:53:31-10:00job:sys_stats_cycle | SYSTEM  cpu=13%  load=2.40  mem=57%  src=sqlite
2026-10-03T07:53:31-10:00job:sys_stats_cycle | OK wrote /home/rootrecord/RootRecord-Ecosystem/2 - RootRecord-Database/System/system.db
2026-10-03T07:53:34-10:00  ▸  SUMMARY=delta2 soc=0% solar=0W ac_out=0W usbc=16W src=ble db=ok
2026-10-03T07:53:34-10:00job:energy_consolidate_hours RUN  nice -n 10 python3 "/home/rootrecord/RootRecord-Ecosystem/1 - Servers/1 - RootRecord-Pacific-Solar-Server/Energy/scripts/consolidate.py" hours
2026-10-03T07:53:34-10:00job:energy_consolidate_hours | SUMMARY=ecoflow_layers hours=0 json=periods.json
2026-10-03T07:53:34-10:00job:sys_stats_cycle RUN  bash "/home/rootrecord/RootRecord-Ecosystem/1 - Servers/1 - RootRecord-Pacific-Solar-Server/System/scripts/sys-sample.sh"
2026-10-03T07:53:35-10:00job:sys_stats_cycle | SYSTEM  cpu=34%  load=2.45  mem=58%  src=sqlite
2026-10-03T07:53:35-10:00job:sys_stats_cycle | OK wrote /home/rootrecord/RootRecord-Ecosystem/2 - RootRecord-Database/System/system.db
2026-10-03T07:53:35-10:00job:system_consolidate_hours RUN  nice -n 10 python3 "/home/rootrecord/RootRecord-Ecosystem/1 - Servers/1 - RootRecord-Pacific-Solar-Server/System/scripts/consolidate.py" hours
2026-10-03T07:53:35-10:00job:system_consolidate_hours | SUMMARY=system_layers hours=0
2026-10-03T07:53:38-10:00tunnel timeout — reconnecting
2026-10-03T07:53:39-10:00tunnel timeout — reconnecting
2026-10-03T07:53:39-10:00job:security_camera_frame_grab | 07:53:21  📷  a-eyes  ch1 → ch1-20261003T175321Z.jpg  (427.5 KB, 4.44s)
2026-10-03T07:53:39-10:00job:security_camera_frame_grab | 07:53:25  📷  a-eyes  ch2 → ch2-20261003T175325Z.jpg  (172.4 KB, 4.58s)
2026-10-03T07:53:39-10:00job:security_camera_frame_grab | 07:53:30  📷  a-eyes  ch3 → ch3-20261003T175330Z.jpg  (225.3 KB, 4.47s)
2026-10-03T07:53:39-10:00job:security_camera_frame_grab | 07:53:35  📷  a-eyes  ch4 → ch4-20261003T175335Z.jpg  (130.2 KB, 4.47s)
2026-10-03T07:53:39-10:00tunnel timeout — reconnecting
2026-10-03T07:53:39-10:00tunnel timeout — reconnecting
2026-10-03T07:53:40-10:00tunnel timeout — reconnecting
2026-10-03T07:53:40-10:00tunnel connected  conn=0  edge=lax13
2026-10-03T07:53:43-10:00  ✗  river2pro_read  WAITING
2026-10-03T07:53:43-10:00job:sys_stats_cycle RUN  bash "/home/rootrecord/RootRecord-Ecosystem/1 - Servers/1 - RootRecord-Pacific-Solar-Server/System/scripts/sys-sample.sh"
2026-10-03T07:53:44-10:00job:sys_stats_cycle | SYSTEM  cpu=15%  load=2.62  mem=59%  src=sqlite
2026-10-03T07:53:44-10:00job:sys_stats_cycle | OK wrote /home/rootrecord/RootRecord-Ecosystem/2 - RootRecord-Database/System/system.db
2026-10-03T07:53:44-10:00tunnel connected  conn=2  edge=lax08
2026-10-03T07:53:44-10:00tunnel connected  conn=3  edge=lax01
2026-10-03T07:53:47-10:00  ▸  SUMMARY=delta2 soc=0% solar=16W ac_out=0W usbc=16W src=ble db=ok
2026-10-03T07:53:47-10:00job:security_camera_frame_grab RUN  bash "/home/rootrecord/RootRecord-Ecosystem/1 - Servers/1 - RootRecord-Pacific-Solar-Server/Security/Cameras/grab_all.sh"
2026-10-03T07:53:47-10:00job:sys_stats_cycle RUN  bash "/home/rootrecord/RootRecord-Ecosystem/1 - Servers/1 - RootRecord-Pacific-Solar-Server/System/scripts/sys-sample.sh"
2026-10-03T07:53:48-10:00job:sys_stats_cycle | SYSTEM  cpu=31%  load=2.41  mem=58%  src=sqlite
2026-10-03T07:53:48-10:00job:sys_stats_cycle | OK wrote /home/rootrecord/RootRecord-Ecosystem/2 - RootRecord-Database/System/system.db
2026-10-03T07:53:49-10:00tunnel timeout — reconnecting
2026-10-03T07:53:51-10:00tunnel timeout — reconnecting
2026-10-03T07:53:55-10:00tunnel connected  conn=1  edge=lax08
2026-10-03T07:53:56-10:00  ✗  river2pro_read  WAITING
2026-10-03T07:53:56-10:00job:sys_stats_cycle RUN  bash "/home/rootrecord/RootRecord-Ecosystem/1 - Servers/1 - RootRecord-Pacific-Solar-Server/System/scripts/sys-sample.sh"
2026-10-03T07:53:57-10:00job:sys_stats_cycle | SYSTEM  cpu=9%  load=2.35  mem=58%  src=sqlite
2026-10-03T07:53:57-10:00job:sys_stats_cycle | OK wrote /home/rootrecord/RootRecord-Ecosystem/2 - RootRecord-Database/System/system.db
2026-10-03T07:54:00-10:00  ▸  SUMMARY=delta2 soc=0% solar=0W ac_out=0W usbc=16W src=ble db=ok
2026-10-03T07:54:00-10:00job:sys_stats_cycle RUN  bash "/home/rootrecord/RootRecord-Ecosystem/1 - Servers/1 - RootRecord-Pacific-Solar-Server/System/scripts/sys-sample.sh"
2026-10-03T07:54:01-10:00job:sys_stats_cycle | SYSTEM  cpu=21%  load=2.35  mem=57%  src=sqlite
2026-10-03T07:54:01-10:00job:sys_stats_cycle | OK wrote /home/rootrecord/RootRecord-Ecosystem/2 - RootRecord-Database/System/system.db
2026-10-03T07:54:05-10:00job:security_camera_frame_grab | 07:53:47  📷  a-eyes  ch1 → ch1-20261003T175347Z.jpg  (431.2 KB, 4.64s)
2026-10-03T07:54:05-10:00job:security_camera_frame_grab | 07:53:52  📷  a-eyes  ch2 → ch2-20261003T175352Z.jpg  (178.1 KB, 4.27s)
2026-10-03T07:54:05-10:00job:security_camera_frame_grab | 07:53:56  📷  a-eyes  ch3 → ch3-20261003T175356Z.jpg  (225.7 KB, 4.37s)
2026-10-03T07:54:05-10:00job:security_camera_frame_grab | 07:54:01  📷  a-eyes  ch4 → ch4-20261003T175401Z.jpg  (107.1 KB, 4.27s)
2026-10-03T07:54:09-10:00  ✗  river2pro_read  WAITING
2026-10-03T07:54:09-10:00job:sys_stats_cycle RUN  bash "/home/rootrecord/RootRecord-Ecosystem/1 - Servers/1 - RootRecord-Pacific-Solar-Server/System/scripts/sys-sample.sh"
2026-10-03T07:54:10-10:00job:sys_stats_cycle | SYSTEM  cpu=26%  load=2.14  mem=58%  src=sqlite
2026-10-03T07:54:10-10:00job:sys_stats_cycle | OK wrote /home/rootrecord/RootRecord-Ecosystem/2 - RootRecord-Database/System/system.db
2026-10-03T07:54:14-10:00  ▸  SUMMARY=delta2 soc=0% solar=0W ac_out=0W usbc=16W src=ble db=ok
2026-10-03T07:54:14-10:00job:energy_consolidate_minutes RUN  nice -n 10 python3 "/home/rootrecord/RootRecord-Ecosystem/1 - Servers/1 - RootRecord-Pacific-Solar-Server/Energy/scripts/consolidate.py" minutes
2026-10-03T07:54:15-10:00job:energy_consolidate_minutes | SUMMARY=ecoflow_layers minutes=4482
2026-10-03T07:54:15-10:00job:security_camera_frame_grab RUN  bash "/home/rootrecord/RootRecord-Ecosystem/1 - Servers/1 - RootRecord-Pacific-Solar-Server/Security/Cameras/grab_all.sh"
2026-10-03T07:54:15-10:00job:sys_stats_cycle RUN  bash "/home/rootrecord/RootRecord-Ecosystem/1 - Servers/1 - RootRecord-Pacific-Solar-Server/System/scripts/sys-sample.sh"
2026-10-03T07:54:15-10:00job:sys_stats_cycle | SYSTEM  cpu=7%  load=1.97  mem=59%  src=sqlite
2026-10-03T07:54:15-10:00job:sys_stats_cycle | OK wrote /home/rootrecord/RootRecord-Ecosystem/2 - RootRecord-Database/System/system.db
2026-10-03T07:54:15-10:00job:system_consolidate_minutes RUN  nice -n 10 python3 "/home/rootrecord/RootRecord-Ecosystem/1 - Servers/1 - RootRecord-Pacific-Solar-Server/System/scripts/consolidate.py" minutes
2026-10-03T07:54:16-10:00job:system_consolidate_minutes | SUMMARY=system_layers minutes=98
2026-10-03T07:54:24-10:00  ✗  river2pro_read  WAITING
2026-10-03T07:54:24-10:00job:sys_stats_cycle RUN  bash "/home/rootrecord/RootRecord-Ecosystem/1 - Servers/1 - RootRecord-Pacific-Solar-Server/System/scripts/sys-sample.sh"
2026-10-03T07:54:25-10:00job:sys_stats_cycle | SYSTEM  cpu=22%  load=2.05  mem=58%  src=sqlite
2026-10-03T07:54:25-10:00job:sys_stats_cycle | OK wrote /home/rootrecord/RootRecord-Ecosystem/2 - RootRecord-Database/System/system.db
2026-10-03T07:54:28-10:00  ▸  SUMMARY=delta2 soc=0% solar=0W ac_out=0W usbc=16W src=ble db=ok
2026-10-03T07:54:28-10:00job:sys_stats_cycle RUN  bash "/home/rootrecord/RootRecord-Ecosystem/1 - Servers/1 - RootRecord-Pacific-Solar-Server/System/scripts/sys-sample.sh"
2026-10-03T07:54:29-10:00job:sys_stats_cycle | SYSTEM  cpu=11%  load=1.96  mem=59%  src=sqlite
2026-10-03T07:54:29-10:00job:sys_stats_cycle | OK wrote /home/rootrecord/RootRecord-Ecosystem/2 - RootRecord-Database/System/system.db
2026-10-03T07:54:33-10:00job:security_camera_frame_grab | 07:54:15  📷  a-eyes  ch1 → ch1-20261003T175415Z.jpg  (429.7 KB, 4.28s)
2026-10-03T07:54:33-10:00job:security_camera_frame_grab | 07:54:19  📷  a-eyes  ch2 → ch2-20261003T175419Z.jpg  (179.0 KB, 4.45s)
2026-10-03T07:54:33-10:00job:security_camera_frame_grab | 07:54:24  📷  a-eyes  ch3 → ch3-20261003T175424Z.jpg  (212.9 KB, 4.26s)
2026-10-03T07:54:33-10:00job:security_camera_frame_grab | 07:54:28  📷  a-eyes  ch4 → ch4-20261003T175428Z.jpg  (102.4 KB, 4.48s)
2026-10-03T07:54:37-10:00  ✗  river2pro_read  WAITING
2026-10-03T07:54:37-10:00job:sys_stats_cycle RUN  bash "/home/rootrecord/RootRecord-Ecosystem/1 - Servers/1 - RootRecord-Pacific-Solar-Server/System/scripts/sys-sample.sh"
2026-10-03T07:54:38-10:00job:sys_stats_cycle | SYSTEM  cpu=7%  load=1.66  mem=59%  src=sqlite
2026-10-03T07:54:38-10:00job:sys_stats_cycle | OK wrote /home/rootrecord/RootRecord-Ecosystem/2 - RootRecord-Database/System/system.db
2026-10-03T07:54:41-10:00  ▸  SUMMARY=delta2 soc=0% solar=0W ac_out=0W usbc=8W src=ble db=ok
2026-10-03T07:54:41-10:00job:security_camera_frame_grab RUN  bash "/home/rootrecord/RootRecord-Ecosystem/1 - Servers/1 - RootRecord-Pacific-Solar-Server/Security/Cameras/grab_all.sh"
2026-10-03T07:54:41-10:00job:sys_stats_cycle RUN  bash "/home/rootrecord/RootRecord-Ecosystem/1 - Servers/1 - RootRecord-Pacific-Solar-Server/System/scripts/sys-sample.sh"
2026-10-03T07:54:41-10:00job:sys_stats_cycle | SYSTEM  cpu=14%  load=1.85  mem=58%  src=sqlite
2026-10-03T07:54:41-10:00job:sys_stats_cycle | OK wrote /home/rootrecord/RootRecord-Ecosystem/2 - RootRecord-Database/System/system.db
2026-10-03T07:54:50-10:00  ✗  river2pro_read  WAITING
2026-10-03T07:54:50-10:00job:sys_stats_cycle RUN  bash "/home/rootrecord/RootRecord-Ecosystem/1 - Servers/1 - RootRecord-Pacific-Solar-Server/System/scripts/sys-sample.sh"
2026-10-03T07:54:50-10:00job:sys_stats_cycle | SYSTEM  cpu=17%  load=1.86  mem=58%  src=sqlite
2026-10-03T07:54:50-10:00job:sys_stats_cycle | OK wrote /home/rootrecord/RootRecord-Ecosystem/2 - RootRecord-Database/System/system.db
2026-10-03T07:54:54-10:00  ▸  SUMMARY=delta2 soc=0% solar=0W ac_out=0W usbc=8W src=ble db=ok
2026-10-03T07:54:54-10:00job:energy_consolidate_hours RUN  nice -n 10 python3 "/home/rootrecord/RootRecord-Ecosystem/1 - Servers/1 - RootRecord-Pacific-Solar-Server/Energy/scripts/consolidate.py" hours
2026-10-03T07:54:54-10:00job:energy_consolidate_hours | SUMMARY=ecoflow_layers hours=0 json=periods.json
2026-10-03T07:54:54-10:00job:sys_stats_cycle RUN  bash "/home/rootrecord/RootRecord-Ecosystem/1 - Servers/1 - RootRecord-Pacific-Solar-Server/System/scripts/sys-sample.sh"
2026-10-03T07:54:54-10:00job:sys_stats_cycle | SYSTEM  cpu=27%  load=1.95  mem=58%  src=sqlite
2026-10-03T07:54:54-10:00job:sys_stats_cycle | OK wrote /home/rootrecord/RootRecord-Ecosystem/2 - RootRecord-Database/System/system.db
2026-10-03T07:54:54-10:00job:system_consolidate_hours RUN  nice -n 10 python3 "/home/rootrecord/RootRecord-Ecosystem/1 - Servers/1 - RootRecord-Pacific-Solar-Server/System/scripts/consolidate.py" hours
2026-10-03T07:54:54-10:00job:system_consolidate_hours | SUMMARY=system_layers hours=0
2026-10-03T07:54:59-10:00job:security_camera_frame_grab | 07:54:41  📷  a-eyes  ch1 → ch1-20261003T175441Z.jpg  (426.3 KB, 4.34s)
2026-10-03T07:54:59-10:00job:security_camera_frame_grab | 07:54:45  📷  a-eyes  ch2 → ch2-20261003T175445Z.jpg  (179.3 KB, 4.36s)
2026-10-03T07:54:59-10:00job:security_camera_frame_grab | 07:54:50  📷  a-eyes  ch3 → ch3-20261003T175450Z.jpg  (218.5 KB, 4.48s)
2026-10-03T07:54:59-10:00job:security_camera_frame_grab | 07:54:54  📷  a-eyes  ch4 → ch4-20261003T175454Z.jpg  (100.2 KB, 4.27s)
2026-10-03T07:55:01-10:00  ✗  river2pro_read FAIL code=-15
2026-10-03T07:55:02-10:00HTTP listening on http://127.0.0.1:8799 (open access on bind)
2026-10-03T07:55:02-10:00boot:start  jobs=9
2026-10-03T07:55:02-10:00boot:run  priority=0  id=self_terminal
2026-10-03T07:55:02-10:00boot:p0 self_process pid=2732406
2026-10-03T07:55:02-10:00boot:run  priority=1  id=cloudflare_tunnel
2026-10-03T07:55:02-10:00boot:p1 cloudflare_tunnel host=rootserver.rootrecord.cloud
2026-10-03T07:55:02-10:00internet OK at boot — starting tunnel
2026-10-03T07:55:02-10:00Starting cloudflared mode=token public_host=rootserver.rootrecord.cloud
2026-10-03T07:55:02-10:00Waiting for tunnel register (timeout=45s)…
2026-10-03T07:55:02-10:00tunnel starting
2026-10-03T07:55:03-10:00tunnel connected  conn=0  edge=lax13
2026-10-03T07:55:03-10:00Tunnel READY — first connection registered.
2026-10-03T07:55:03-10:00boot:run  priority=2  id=github_setup_remotes
2026-10-03T07:55:03-10:00tunnel ingress  rootserver.rootrecord.cloud → 127.0.0.1:8799
2026-10-03T07:55:03-10:00boot:run  priority=3  id=ollama_warmup
2026-10-03T07:55:03-10:00job:ollama_warmup RUN  bash '/home/rootrecord/RootRecord-Ecosystem/1 - Servers/1 - RootRecord-Pacific-Solar-Server/System/scripts/plumbing/ollama-warmup.sh'
2026-10-03T07:55:03-10:00job:ollama_warmup | [ok] ollama up
2026-10-03T07:55:03-10:00boot:run  priority=4  id=flm_npu_warmup
2026-10-03T07:55:03-10:00job:flm_npu_warmup RUN  bash '/home/rootrecord/RootRecord-Ecosystem/1 - Servers/1 - RootRecord-Pacific-Solar-Server/System/scripts/plumbing/flm-warmup.sh'
2026-10-03T07:55:03-10:00tunnel connected  conn=1  edge=lax10
2026-10-03T07:55:03-10:00job:flm_npu_warmup | [skip] FLM warmup disabled (no resident model; set FLM_WARMUP_RESIDENT=1 to opt in)
2026-10-03T07:55:03-10:00boot:run  priority=5  id=council_relay
2026-10-03T07:55:03-10:00job:council_relay RUN  bash "/home/rootrecord/RootRecord-Ecosystem/1 - Servers/1 - RootRecord-Pacific-Solar-Server/Communications/telegram/scripts/ensure-relay.sh"
2026-10-03T07:55:04-10:00tunnel connected  conn=2  edge=lax13
2026-10-03T07:55:05-10:00tunnel connected  conn=3  edge=lax07
2026-10-03T07:55:06-10:00job:council_relay | [ok] council-relay started pid=2732753 → /home/rootrecord/RootRecord-Ecosystem/2 - RootRecord-Database/Logs/Communications/council-relay.log
2026-10-03T07:55:06-10:00boot:run  priority=6  id=security_camera_server
2026-10-03T07:55:06-10:00job:security_camera_server RUN  bash "/home/rootrecord/RootRecord-Ecosystem/1 - Servers/1 - RootRecord-Pacific-Solar-Server/Security/Cameras/ensure_cam_server.sh"
2026-10-03T07:55:07-10:00job:security_camera_server | security cam server started
2026-10-03T07:55:07-10:00boot:run  priority=7  id=security_timelapse_catchup
2026-10-03T07:55:07-10:00job:security_timelapse_catchup RUN  bash "/home/rootrecord/RootRecord-Ecosystem/1 - Servers/1 - RootRecord-Pacific-Solar-Server/Security/Cameras/timelapse_catchup.sh"
2026-10-03T07:55:07-10:00job:security_timelapse_catchup | 07:55:07  🎬  a-eyes-timelapse  catchup: checking 20261003, now=07:55 HST
2026-10-03T07:55:07-10:00job:security_timelapse_catchup | 07:55:07  🎬  a-eyes-timelapse  hour 05 already compiled, skipping
2026-10-03T07:55:07-10:00job:security_timelapse_catchup | 07:55:07  🎬  a-eyes-timelapse  hour 06 already compiled, skipping
2026-10-03T07:55:07-10:00job:security_timelapse_catchup | 07:55:07  🎬  a-eyes-timelapse  catchup: window still open today, skipping daily render
2026-10-03T07:55:07-10:00boot:run  priority=9  id=network_globe_hawaii
2026-10-03T07:55:07-10:00job:network_globe_hawaii RUN  bash "/home/rootrecord/RootRecord-Ecosystem/1 - Servers/1 - RootRecord-Pacific-Solar-Server/Communications/network/scripts/ensure-network-globe-hawaii.sh"
2026-10-03T07:55:07-10:00job:network_globe_hawaii | [ensure-network-globe-hawaii] already running -- nothing to do
2026-10-03T07:55:07-10:00boot:done
2026-10-03T07:55:18-10:00  ▸  SUMMARY=delta2 soc=0% solar=0W ac_out=0W usbc=6W src=ble db=ok
2026-10-03T07:55:18-10:00scheduler  MODE=jobs.py exact_time=34
2026-10-03T07:55:18-10:00hour-lane  due=radio_push_hour  at=07:55:00
2026-10-03T07:55:18-10:00job:radio_push_hour RUN  python3 "/home/rootrecord/RootRecord-Ecosystem/1 - Servers/1 - RootRecord-Pacific-Solar-Server/Media/Voice/scripts/radio_push.py" --all
2026-10-03T07:55:18-10:00boot:catch  id=radio_push_hour  at=07:55:00
2026-10-03T07:55:19-10:00job:radio_push_hour | {"ok": true, "sent": 0, "pushed": [{"ok": true, "skipped": true, "detail": "no_wav", "report": "boot_brief"}, {"ok": true, "skipped": true, "detail": "no_wav", "report": "system_perf"}, {"ok": true, "skipped": true, "detail": "no_wav", "report": "nws_weather"}, {"ok": true, "skipped": true, "detail": "no_wav", "report": "remaining_tasks"}, {"ok": true, "skipped": true, "detail": "no_wav", "report": "earthquake_report"}, {"ok": true, "skipped": true, "detail": "no_wav", "report": "hurricane_desk"}, {"ok": true, "skipped": true, "detail": "no_wav", "report": "kilauea_report"}, {"ok": true, "skipped": true, "detail": "no_wav", "report": "kilauea_image_check"}, {"ok": true, "skipped": true, "detail": "no_wav", "report": "solar_desk"}, {"ok": true, "skipped": true, "detail": "no_wav", "report": "security_desk"}, {"ok": true, "skipped": true, "detail": "no_wav", "report": "bandwidth_desk"}, {"ok": true, "skipped": true, "detail": "no_wav", "report": "current_report"}, {"ok": true, "skipped": true, "detail": "no_wav", "report": "custom_msg"}, {"ok": true, "skipped": true, "detail": "no_wav", "report": "news_update"}], "mode": "legacy"}
2026-10-03T07:55:23-10:00  ▸  SUMMARY=delta2 soc=0% solar=0W ac_out=0W usbc=0W src=ble db=ok
2026-10-03T07:55:23-10:00job:security_camera_frame_grab RUN  bash "/home/rootrecord/RootRecord-Ecosystem/1 - Servers/1 - RootRecord-Pacific-Solar-Server/Security/Cameras/grab_all.sh"
2026-10-03T07:55:23-10:00job:sys_stats_cycle RUN  bash "/home/rootrecord/RootRecord-Ecosystem/1 - Servers/1 - RootRecord-Pacific-Solar-Server/System/scripts/sys-sample.sh"
2026-10-03T07:55:24-10:00job:sys_stats_cycle | SYSTEM  cpu=8%  load=1.38  mem=58%  src=sqlite
2026-10-03T07:55:24-10:00job:sys_stats_cycle | OK wrote /home/rootrecord/RootRecord-Ecosystem/2 - RootRecord-Database/System/system.db
2026-10-03T07:55:33-10:00  ✗  river2pro_read  WAITING
2026-10-03T07:55:33-10:00job:status_snapshot RUN  nice -n 10 python3 "/home/rootrecord/RootRecord-Ecosystem/1 - Servers/1 - RootRecord-Pacific-Solar-Server/Website/scripts/live_data_pages.py"
2026-10-03T07:55:34-10:00job:status_snapshot | live-data 2 files (domain sources → operations bundle)
2026-10-03T07:55:34-10:00job:sys_stats_cycle RUN  bash "/home/rootrecord/RootRecord-Ecosystem/1 - Servers/1 - RootRecord-Pacific-Solar-Server/System/scripts/sys-sample.sh"
2026-10-03T07:55:34-10:00job:sys_stats_cycle | SYSTEM  cpu=28%  load=1.25  mem=59%  src=sqlite
2026-10-03T07:55:34-10:00job:sys_stats_cycle | OK wrote /home/rootrecord/RootRecord-Ecosystem/2 - RootRecord-Database/System/system.db
2026-10-03T07:55:38-10:00  ▸  SUMMARY=delta2 soc=0% solar=0W ac_out=0W usbc=0W src=ble db=ok
2026-10-03T07:55:38-10:00job:energy_consolidate_hours RUN  nice -n 10 python3 "/home/rootrecord/RootRecord-Ecosystem/1 - Servers/1 - RootRecord-Pacific-Solar-Server/Energy/scripts/consolidate.py" hours
2026-10-03T07:55:38-10:00job:energy_consolidate_hours | SUMMARY=ecoflow_layers hours=0 json=periods.json
2026-10-03T07:55:38-10:00job:live_picture RUN  nice -n 10 python3 "/home/rootrecord/RootRecord-Ecosystem/1 - Servers/1 - RootRecord-Pacific-Solar-Server/Media/Video/scripts/live_picture.py"
2026-10-03T07:55:41-10:00job:security_camera_frame_grab | 07:55:23  📷  a-eyes  ch1 → ch1-20261003T175523Z.jpg  (435.5 KB, 4.26s)
2026-10-03T07:55:41-10:00job:security_camera_frame_grab | 07:55:28  📷  a-eyes  ch2 → ch2-20261003T175528Z.jpg  (171.9 KB, 4.35s)
2026-10-03T07:55:41-10:00job:security_camera_frame_grab | 07:55:32  📷  a-eyes  ch3 → ch3-20261003T175532Z.jpg  (214.5 KB, 4.47s)
2026-10-03T07:55:41-10:00job:security_camera_frame_grab | 07:55:36  📷  a-eyes  ch4 → ch4-20261003T175536Z.jpg  (96.2 KB, 4.48s)
2026-10-03T07:55:50-10:00job:live_picture | {"ok": true, "detail": "local+clock+thumb", "path": "/home/rootrecord/RootRecord-Ecosystem/1 - Servers/1 - RootRecord-Pacific-Solar-Server/Media/Video/live-frame.png", "size": [1920, 1080]}
2026-10-03T07:55:50-10:00job:security_camera_frame_grab RUN  bash "/home/rootrecord/RootRecord-Ecosystem/1 - Servers/1 - RootRecord-Pacific-Solar-Server/Security/Cameras/grab_all.sh"
2026-10-03T07:55:50-10:00job:sys_stats_cycle RUN  bash "/home/rootrecord/RootRecord-Ecosystem/1 - Servers/1 - RootRecord-Pacific-Solar-Server/System/scripts/sys-sample.sh"
2026-10-03T07:55:51-10:00job:sys_stats_cycle | SYSTEM  cpu=28%  load=1.48  mem=58%  src=sqlite
2026-10-03T07:55:51-10:00job:sys_stats_cycle | OK wrote /home/rootrecord/RootRecord-Ecosystem/2 - RootRecord-Database/System/system.db
2026-10-03T07:55:51-10:00job:system_consolidate_hours RUN  nice -n 10 python3 "/home/rootrecord/RootRecord-Ecosystem/1 - Servers/1 - RootRecord-Pacific-Solar-Server/System/scripts/consolidate.py" hours
2026-10-03T07:55:51-10:00job:system_consolidate_hours | SUMMARY=system_layers hours=0
2026-10-03T07:55:59-10:00  ✗  river2pro_read  WAITING
2026-10-03T07:55:59-10:00job:sys_stats_cycle RUN  bash "/home/rootrecord/RootRecord-Ecosystem/1 - Servers/1 - RootRecord-Pacific-Solar-Server/System/scripts/sys-sample.sh"
2026-10-03T07:56:00-10:00job:sys_stats_cycle | SYSTEM  cpu=11%  load=2.50  mem=58%  src=sqlite
2026-10-03T07:56:00-10:00job:sys_stats_cycle | OK wrote /home/rootrecord/RootRecord-Ecosystem/2 - RootRecord-Database/System/system.db
2026-10-03T07:56:04-10:00  ▸  SUMMARY=delta2 soc=0% solar=0W ac_out=0W usbc=0W src=ble db=ok
2026-10-03T07:56:04-10:00job:sys_stats_cycle RUN  bash "/home/rootrecord/RootRecord-Ecosystem/1 - Servers/1 - RootRecord-Pacific-Solar-Server/System/scripts/sys-sample.sh"
2026-10-03T07:56:04-10:00job:sys_stats_cycle | SYSTEM  cpu=14%  load=2.30  mem=58%  src=sqlite
2026-10-03T07:56:04-10:00job:sys_stats_cycle | OK wrote /home/rootrecord/RootRecord-Ecosystem/2 - RootRecord-Database/System/system.db
2026-10-03T07:56:08-10:00job:security_camera_frame_grab | 07:55:50  📷  a-eyes  ch1 → ch1-20261003T175550Z.jpg  (436.7 KB, 4.69s)
2026-10-03T07:56:08-10:00job:security_camera_frame_grab | 07:55:55  📷  a-eyes  ch2 → ch2-20261003T175555Z.jpg  (169.9 KB, 4.49s)
2026-10-03T07:56:08-10:00job:security_camera_frame_grab | 07:55:59  📷  a-eyes  ch3 → ch3-20261003T175559Z.jpg  (209.7 KB, 4.36s)
2026-10-03T07:56:08-10:00job:security_camera_frame_grab | 07:56:04  📷  a-eyes  ch4 → ch4-20261003T175604Z.jpg  (94.6 KB, 4.46s)
2026-10-03T07:56:13-10:00  ✗  river2pro_read  WAITING
2026-10-03T07:56:13-10:00job:sys_stats_cycle RUN  bash "/home/rootrecord/RootRecord-Ecosystem/1 - Servers/1 - RootRecord-Pacific-Solar-Server/System/scripts/sys-sample.sh"
2026-10-03T07:56:13-10:00job:sys_stats_cycle | SYSTEM  cpu=18%  load=2.17  mem=59%  src=sqlite
2026-10-03T07:56:13-10:00job:sys_stats_cycle | OK wrote /home/rootrecord/RootRecord-Ecosystem/2 - RootRecord-Database/System/system.db
2026-10-03T07:56:17-10:00  ▸  SUMMARY=delta2 soc=0% solar=0W ac_out=0W usbc=0W src=ble db=ok
2026-10-03T07:56:17-10:00job:security_camera_frame_grab RUN  bash "/home/rootrecord/RootRecord-Ecosystem/1 - Servers/1 - RootRecord-Pacific-Solar-Server/Security/Cameras/grab_all.sh"
2026-10-03T07:56:17-10:00job:sys_stats_cycle RUN  bash "/home/rootrecord/RootRecord-Ecosystem/1 - Servers/1 - RootRecord-Pacific-Solar-Server/System/scripts/sys-sample.sh"
2026-10-03T07:56:17-10:00job:sys_stats_cycle | SYSTEM  cpu=9%  load=3.12  mem=60%  src=sqlite
2026-10-03T07:56:17-10:00job:sys_stats_cycle | OK wrote /home/rootrecord/RootRecord-Ecosystem/2 - RootRecord-Database/System/system.db
2026-10-03T07:56:26-10:00  ✗  river2pro_read  WAITING
2026-10-03T07:56:26-10:00job:sys_stats_cycle RUN  bash "/home/rootrecord/RootRecord-Ecosystem/1 - Servers/1 - RootRecord-Pacific-Solar-Server/System/scripts/sys-sample.sh"
2026-10-03T07:56:26-10:00job:sys_stats_cycle | SYSTEM  cpu=18%  load=3.03  mem=61%  src=sqlite
2026-10-03T07:56:26-10:00job:sys_stats_cycle | OK wrote /home/rootrecord/RootRecord-Ecosystem/2 - RootRecord-Database/System/system.db
2026-10-03T07:56:30-10:00  ▸  SUMMARY=delta2 soc=0% solar=0W ac_out=0W usbc=0W src=ble db=ok
2026-10-03T07:56:30-10:00job:energy_consolidate_minutes RUN  nice -n 10 python3 "/home/rootrecord/RootRecord-Ecosystem/1 - Servers/1 - RootRecord-Pacific-Solar-Server/Energy/scripts/consolidate.py" minutes
2026-10-03T07:56:31-10:00job:energy_consolidate_minutes | SUMMARY=ecoflow_layers minutes=7506
2026-10-03T07:56:31-10:00job:sys_stats_cycle RUN  bash "/home/rootrecord/RootRecord-Ecosystem/1 - Servers/1 - RootRecord-Pacific-Solar-Server/System/scripts/sys-sample.sh"
2026-10-03T07:56:32-10:00job:sys_stats_cycle | SYSTEM  cpu=31%  load=2.95  mem=60%  src=sqlite
2026-10-03T07:56:32-10:00job:sys_stats_cycle | OK wrote /home/rootrecord/RootRecord-Ecosystem/2 - RootRecord-Database/System/system.db
2026-10-03T07:56:32-10:00job:system_consolidate_minutes RUN  nice -n 10 python3 "/home/rootrecord/RootRecord-Ecosystem/1 - Servers/1 - RootRecord-Pacific-Solar-Server/System/scripts/consolidate.py" minutes
2026-10-03T07:56:32-10:00job:system_consolidate_minutes | SUMMARY=system_layers minutes=126
2026-10-03T07:56:35-10:00job:security_camera_frame_grab | 07:56:17  📷  a-eyes  ch1 → ch1-20261003T175617Z.jpg  (433.8 KB, 4.48s)
2026-10-03T07:56:35-10:00job:security_camera_frame_grab | 07:56:22  📷  a-eyes  ch2 → ch2-20261003T175622Z.jpg  (165.8 KB, 4.40s)
2026-10-03T07:56:35-10:00job:security_camera_frame_grab | 07:56:26  📷  a-eyes  ch3 → ch3-20261003T175626Z.jpg  (205.5 KB, 4.47s)
2026-10-03T07:56:35-10:00job:security_camera_frame_grab | 07:56:30  📷  a-eyes  ch4 → ch4-20261003T175630Z.jpg  (93.0 KB, 4.63s)
2026-10-03T07:56:41-10:00  ✗  river2pro_read  WAITING
2026-10-03T07:56:41-10:00job:sys_stats_cycle RUN  bash "/home/rootrecord/RootRecord-Ecosystem/1 - Servers/1 - RootRecord-Pacific-Solar-Server/System/scripts/sys-sample.sh"
2026-10-03T07:56:41-10:00job:sys_stats_cycle | SYSTEM  cpu=19%  load=2.79  mem=60%  src=sqlite
2026-10-03T07:56:41-10:00job:sys_stats_cycle | OK wrote /home/rootrecord/RootRecord-Ecosystem/2 - RootRecord-Database/System/system.db
2026-10-03T07:56:45-10:00  ▸  SUMMARY=delta2 soc=0% solar=0W ac_out=0W usbc=0W src=ble db=ok
2026-10-03T07:56:45-10:00job:security_camera_frame_grab RUN  bash "/home/rootrecord/RootRecord-Ecosystem/1 - Servers/1 - RootRecord-Pacific-Solar-Server/Security/Cameras/grab_all.sh"
2026-10-03T07:56:45-10:00job:sys_stats_cycle RUN  bash "/home/rootrecord/RootRecord-Ecosystem/1 - Servers/1 - RootRecord-Pacific-Solar-Server/System/scripts/sys-sample.sh"
2026-10-03T07:56:45-10:00job:sys_stats_cycle | SYSTEM  cpu=10%  load=3.13  mem=59%  src=sqlite
2026-10-03T07:56:45-10:00job:sys_stats_cycle | OK wrote /home/rootrecord/RootRecord-Ecosystem/2 - RootRecord-Database/System/system.db
2026-10-03T07:56:54-10:00  ✗  river2pro_read  WAITING
2026-10-03T07:56:54-10:00job:sys_stats_cycle RUN  bash "/home/rootrecord/RootRecord-Ecosystem/1 - Servers/1 - RootRecord-Pacific-Solar-Server/System/scripts/sys-sample.sh"
2026-10-03T07:56:54-10:00job:sys_stats_cycle | SYSTEM  cpu=7%  load=2.96  mem=59%  src=sqlite
2026-10-03T07:56:54-10:00job:sys_stats_cycle | OK wrote /home/rootrecord/RootRecord-Ecosystem/2 - RootRecord-Database/System/system.db
2026-10-03T07:56:58-10:00  ▸  SUMMARY=delta2 soc=0% solar=0W ac_out=0W usbc=0W src=ble db=ok
2026-10-03T07:56:58-10:00job:sys_stats_cycle RUN  bash "/home/rootrecord/RootRecord-Ecosystem/1 - Servers/1 - RootRecord-Pacific-Solar-Server/System/scripts/sys-sample.sh"
2026-10-03T07:56:58-10:00job:sys_stats_cycle | SYSTEM  cpu=20%  load=2.88  mem=68%  src=sqlite
2026-10-03T07:56:58-10:00job:sys_stats_cycle | OK wrote /home/rootrecord/RootRecord-Ecosystem/2 - RootRecord-Database/System/system.db
2026-10-03T07:57:03-10:00job:security_camera_frame_grab | 07:56:45  📷  a-eyes  ch1 → ch1-20261003T175645Z.jpg  (424.1 KB, 4.54s)
2026-10-03T07:57:03-10:00job:security_camera_frame_grab | 07:56:49  📷  a-eyes  ch2 → ch2-20261003T175649Z.jpg  (164.0 KB, 4.24s)
2026-10-03T07:57:03-10:00job:security_camera_frame_grab | 07:56:54  📷  a-eyes  ch3 → ch3-20261003T175654Z.jpg  (206.3 KB, 4.46s)
2026-10-03T07:57:03-10:00job:security_camera_frame_grab | 07:56:58  📷  a-eyes  ch4 → ch4-20261003T175658Z.jpg  (91.9 KB, 4.57s)
2026-10-03T07:57:07-10:00  ✗  river2pro_read  WAITING
2026-10-03T07:57:07-10:00job:sys_stats_cycle RUN  bash "/home/rootrecord/RootRecord-Ecosystem/1 - Servers/1 - RootRecord-Pacific-Solar-Server/System/scripts/sys-sample.sh"
2026-10-03T07:57:07-10:00job:sys_stats_cycle | SYSTEM  cpu=24%  load=2.59  mem=59%  src=sqlite
2026-10-03T07:57:07-10:00job:sys_stats_cycle | OK wrote /home/rootrecord/RootRecord-Ecosystem/2 - RootRecord-Database/System/system.db
2026-10-03T07:57:11-10:00  ▸  SUMMARY=delta2 soc=0% solar=0W ac_out=0W usbc=0W src=ble db=ok
2026-10-03T07:57:11-10:00job:energy_consolidate_hours RUN  nice -n 10 python3 "/home/rootrecord/RootRecord-Ecosystem/1 - Servers/1 - RootRecord-Pacific-Solar-Server/Energy/scripts/consolidate.py" hours
2026-10-03T07:57:11-10:00job:energy_consolidate_hours | SUMMARY=ecoflow_layers hours=0 json=periods.json
2026-10-03T07:57:11-10:00job:security_camera_frame_grab RUN  bash "/home/rootrecord/RootRecord-Ecosystem/1 - Servers/1 - RootRecord-Pacific-Solar-Server/Security/Cameras/grab_all.sh"
2026-10-03T07:57:11-10:00job:sys_stats_cycle RUN  bash "/home/rootrecord/RootRecord-Ecosystem/1 - Servers/1 - RootRecord-Pacific-Solar-Server/System/scripts/sys-sample.sh"
2026-10-03T07:57:11-10:00job:sys_stats_cycle | SYSTEM  cpu=15%  load=2.59  mem=59%  src=sqlite
2026-10-03T07:57:11-10:00job:sys_stats_cycle | OK wrote /home/rootrecord/RootRecord-Ecosystem/2 - RootRecord-Database/System/system.db
2026-10-03T07:57:11-10:00job:system_consolidate_hours RUN  nice -n 10 python3 "/home/rootrecord/RootRecord-Ecosystem/1 - Servers/1 - RootRecord-Pacific-Solar-Server/System/scripts/consolidate.py" hours
2026-10-03T07:57:11-10:00job:system_consolidate_hours | SUMMARY=system_layers hours=0
2026-10-03T07:57:20-10:00  ✗  river2pro_read  WAITING
2026-10-03T07:57:20-10:00job:sys_stats_cycle RUN  bash "/home/rootrecord/RootRecord-Ecosystem/1 - Servers/1 - RootRecord-Pacific-Solar-Server/System/scripts/sys-sample.sh"
2026-10-03T07:57:21-10:00job:sys_stats_cycle | SYSTEM  cpu=7%  load=2.57  mem=59%  src=sqlite
2026-10-03T07:57:21-10:00job:sys_stats_cycle | OK wrote /home/rootrecord/RootRecord-Ecosystem/2 - RootRecord-Database/System/system.db
2026-10-03T07:57:21-10:00tunnel timeout — reconnecting
2026-10-03T07:57:23-10:00tunnel timeout — reconnecting
2026-10-03T07:57:23-10:00tunnel timeout — reconnecting
2026-10-03T07:57:23-10:00tunnel timeout — reconnecting
2026-10-03T07:57:24-10:00tunnel timeout — reconnecting
2026-10-03T07:57:24-10:00tunnel timeout — reconnecting
2026-10-03T07:57:25-10:00  ▸  SUMMARY=delta2 soc=0% solar=0W ac_out=0W usbc=0W src=ble db=ok
2026-10-03T07:57:25-10:00job:sys_stats_cycle RUN  bash "/home/rootrecord/RootRecord-Ecosystem/1 - Servers/1 - RootRecord-Pacific-Solar-Server/System/scripts/sys-sample.sh"
2026-10-03T07:57:25-10:00tunnel timeout — reconnecting
2026-10-03T07:57:25-10:00job:sys_stats_cycle | SYSTEM  cpu=16%  load=2.76  mem=60%  src=sqlite
2026-10-03T07:57:25-10:00job:sys_stats_cycle | OK wrote /home/rootrecord/RootRecord-Ecosystem/2 - RootRecord-Database/System/system.db
2026-10-03T07:57:26-10:00tunnel connected  conn=0  edge=lax08
2026-10-03T07:57:29-10:00job:security_camera_frame_grab | 07:57:11  📷  a-eyes  ch1 → ch1-20261003T175711Z.jpg  (425.1 KB, 4.34s)
2026-10-03T07:57:29-10:00job:security_camera_frame_grab | 07:57:15  📷  a-eyes  ch2 → ch2-20261003T175715Z.jpg  (161.8 KB, 4.39s)
2026-10-03T07:57:29-10:00job:security_camera_frame_grab | 07:57:20  📷  a-eyes  ch3 → ch3-20261003T175720Z.jpg  (206.8 KB, 4.48s)
2026-10-03T07:57:29-10:00job:security_camera_frame_grab | 07:57:24  📷  a-eyes  ch4 → ch4-20261003T175724Z.jpg  (159.3 KB, 4.38s)
2026-10-03T07:57:33-10:00  ✗  river2pro_read  WAITING
2026-10-03T07:57:33-10:00job:sys_stats_cycle RUN  bash "/home/rootrecord/RootRecord-Ecosystem/1 - Servers/1 - RootRecord-Pacific-Solar-Server/System/scripts/sys-sample.sh"
2026-10-03T07:57:34-10:00tunnel connected  conn=2  edge=lax13
2026-10-03T07:57:34-10:00tunnel connected  conn=3  edge=lax13
2026-10-03T07:57:34-10:00tunnel connected  conn=1  edge=lax09
2026-10-03T07:57:34-10:00job:sys_stats_cycle | SYSTEM  cpu=15%  load=2.48  mem=59%  src=sqlite
2026-10-03T07:57:34-10:00job:sys_stats_cycle | OK wrote /home/rootrecord/RootRecord-Ecosystem/2 - RootRecord-Database/System/system.db
2026-10-03T07:57:37-10:00  ▸  SUMMARY=delta2 soc=0% solar=0W ac_out=0W usbc=0W src=ble db=ok
2026-10-03T07:57:37-10:00job:security_camera_frame_grab RUN  bash "/home/rootrecord/RootRecord-Ecosystem/1 - Servers/1 - RootRecord-Pacific-Solar-Server/Security/Cameras/grab_all.sh"
2026-10-03T07:57:37-10:00job:sys_stats_cycle RUN  bash "/home/rootrecord/RootRecord-Ecosystem/1 - Servers/1 - RootRecord-Pacific-Solar-Server/System/scripts/sys-sample.sh"
2026-10-03T07:57:38-10:00job:sys_stats_cycle | SYSTEM  cpu=32%  load=2.45  mem=59%  src=sqlite
2026-10-03T07:57:38-10:00job:sys_stats_cycle | OK wrote /home/rootrecord/RootRecord-Ecosystem/2 - RootRecord-Database/System/system.db
2026-10-03T07:57:43-10:00job:security_camera_frame_grab FAIL code=-15
2026-10-03T07:57:43-10:00job:security_camera_frame_grab ! 07:57:37  📷  a-eyes  ch1 → ch1-20261003T175737Z.jpg  (430.5 KB, 4.32s)
2026-10-03T07:57:44-10:00  ✗  river2pro_read FAIL code=-15
2026-10-03T07:57:44-10:00HTTP listening on http://127.0.0.1:8799 (open access on bind)
2026-10-03T07:57:44-10:00boot:start  jobs=9
2026-10-03T07:57:44-10:00boot:run  priority=0  id=self_terminal
2026-10-03T07:57:44-10:00boot:p0 self_process pid=2740151
2026-10-03T07:57:44-10:00boot:run  priority=1  id=cloudflare_tunnel
2026-10-03T07:57:44-10:00boot:p1 cloudflare_tunnel host=rootserver.rootrecord.cloud
2026-10-03T07:57:44-10:00internet OK at boot — starting tunnel
2026-10-03T07:57:44-10:00Starting cloudflared mode=token public_host=rootserver.rootrecord.cloud
2026-10-03T07:57:44-10:00Waiting for tunnel register (timeout=45s)…
2026-10-03T07:57:45-10:00tunnel starting
2026-10-03T07:57:45-10:00tunnel connected  conn=0  edge=lax01
2026-10-03T07:57:45-10:00Tunnel READY — first connection registered.
2026-10-03T07:57:45-10:00boot:run  priority=2  id=github_setup_remotes
2026-10-03T07:57:45-10:00tunnel ingress  rootserver.rootrecord.cloud → 127.0.0.1:8799
2026-10-03T07:57:45-10:00boot:run  priority=3  id=ollama_warmup
2026-10-03T07:57:45-10:00job:ollama_warmup RUN  bash '/home/rootrecord/RootRecord-Ecosystem/1 - Servers/1 - RootRecord-Pacific-Solar-Server/System/scripts/plumbing/ollama-warmup.sh'
2026-10-03T07:57:45-10:00tunnel connected  conn=1  edge=lax07
2026-10-03T07:57:45-10:00job:ollama_warmup | [ok] ollama up
2026-10-03T07:57:45-10:00boot:run  priority=4  id=flm_npu_warmup
2026-10-03T07:57:45-10:00job:flm_npu_warmup RUN  bash '/home/rootrecord/RootRecord-Ecosystem/1 - Servers/1 - RootRecord-Pacific-Solar-Server/System/scripts/plumbing/flm-warmup.sh'
2026-10-03T07:57:45-10:00job:flm_npu_warmup | [skip] FLM warmup disabled (no resident model; set FLM_WARMUP_RESIDENT=1 to opt in)
2026-10-03T07:57:45-10:00boot:run  priority=5  id=council_relay
2026-10-03T07:57:46-10:00job:council_relay RUN  bash "/home/rootrecord/RootRecord-Ecosystem/1 - Servers/1 - RootRecord-Pacific-Solar-Server/Communications/telegram/scripts/ensure-relay.sh"
2026-10-03T07:57:46-10:00tunnel connected  conn=2  edge=lax10
2026-10-03T07:57:47-10:00tunnel connected  conn=3  edge=lax01
2026-10-03T07:57:49-10:00job:council_relay | [ok] council-relay started pid=2740498 → /home/rootrecord/RootRecord-Ecosystem/2 - RootRecord-Database/Logs/Communications/council-relay.log
2026-10-03T07:57:49-10:00boot:run  priority=6  id=security_camera_server
2026-10-03T07:57:49-10:00job:security_camera_server RUN  bash "/home/rootrecord/RootRecord-Ecosystem/1 - Servers/1 - RootRecord-Pacific-Solar-Server/Security/Cameras/ensure_cam_server.sh"
2026-10-03T07:57:49-10:00job:security_camera_server | security cam server started
2026-10-03T07:57:49-10:00boot:run  priority=7  id=security_timelapse_catchup
2026-10-03T07:57:49-10:00job:security_timelapse_catchup RUN  bash "/home/rootrecord/RootRecord-Ecosystem/1 - Servers/1 - RootRecord-Pacific-Solar-Server/Security/Cameras/timelapse_catchup.sh"
2026-10-03T07:57:49-10:00job:security_timelapse_catchup | 07:57:49  🎬  a-eyes-timelapse  catchup: checking 20261003, now=07:57 HST
2026-10-03T07:57:49-10:00job:security_timelapse_catchup | 07:57:49  🎬  a-eyes-timelapse  hour 05 already compiled, skipping
2026-10-03T07:57:49-10:00job:security_timelapse_catchup | 07:57:49  🎬  a-eyes-timelapse  hour 06 already compiled, skipping
2026-10-03T07:57:49-10:00job:security_timelapse_catchup | 07:57:49  🎬  a-eyes-timelapse  catchup: window still open today, skipping daily render
2026-10-03T07:57:49-10:00boot:run  priority=9  id=network_globe_hawaii
2026-10-03T07:57:49-10:00job:network_globe_hawaii RUN  bash "/home/rootrecord/RootRecord-Ecosystem/1 - Servers/1 - RootRecord-Pacific-Solar-Server/Communications/network/scripts/ensure-network-globe-hawaii.sh"
2026-10-03T07:57:49-10:00job:network_globe_hawaii | [ensure-network-globe-hawaii] already running -- nothing to do
2026-10-03T07:57:49-10:00boot:done
2026-10-03T07:58:01-10:00  ▸  SUMMARY=delta2 soc=0% solar=0W ac_out=0W usbc=0W src=ble db=ok
2026-10-03T07:58:01-10:00scheduler  MODE=jobs.py exact_time=34
2026-10-03T07:58:01-10:00hour-lane  due=radio_push_hour  at=07:58:00
2026-10-03T07:58:01-10:00job:radio_push_hour RUN  python3 "/home/rootrecord/RootRecord-Ecosystem/1 - Servers/1 - RootRecord-Pacific-Solar-Server/Media/Voice/scripts/radio_push.py" --all
2026-10-03T07:58:01-10:00boot:catch  id=radio_push_hour  at=07:58:00
2026-10-03T07:58:01-10:00job:radio_push_hour | {"ok": true, "sent": 0, "pushed": [], "mode": "noop", "detail": "no_local_wav \u2014 early batch push already cleaned, or batch not run yet"}
2026-10-03T07:58:13-10:00  ✗  river2pro_read  WAITING
2026-10-03T07:58:13-10:00job:sys_stats_cycle RUN  bash "/home/rootrecord/RootRecord-Ecosystem/1 - Servers/1 - RootRecord-Pacific-Solar-Server/System/scripts/sys-sample.sh"
2026-10-03T07:58:13-10:00job:sys_stats_cycle | SYSTEM  cpu=15%  load=2.04  mem=59%  src=sqlite
2026-10-03T07:58:13-10:00job:sys_stats_cycle | OK wrote /home/rootrecord/RootRecord-Ecosystem/2 - RootRecord-Database/System/system.db
2026-10-03T07:58:17-10:00  ▸  SUMMARY=delta2 soc=0% solar=0W ac_out=0W usbc=0W src=ble db=ok
2026-10-03T07:58:17-10:00job:security_camera_frame_grab RUN  bash "/home/rootrecord/RootRecord-Ecosystem/1 - Servers/1 - RootRecord-Pacific-Solar-Server/Security/Cameras/grab_all.sh"
2026-10-03T07:58:17-10:00job:sys_stats_cycle RUN  bash "/home/rootrecord/RootRecord-Ecosystem/1 - Servers/1 - RootRecord-Pacific-Solar-Server/System/scripts/sys-sample.sh"
2026-10-03T07:58:18-10:00job:sys_stats_cycle | SYSTEM  cpu=17%  load=1.95  mem=59%  src=sqlite
2026-10-03T07:58:18-10:00job:sys_stats_cycle | OK wrote /home/rootrecord/RootRecord-Ecosystem/2 - RootRecord-Database/System/system.db
2026-10-03T07:58:27-10:00  ✗  river2pro_read  WAITING
2026-10-03T07:58:27-10:00job:sys_stats_cycle RUN  bash "/home/rootrecord/RootRecord-Ecosystem/1 - Servers/1 - RootRecord-Pacific-Solar-Server/System/scripts/sys-sample.sh"
2026-10-03T07:58:27-10:00job:sys_stats_cycle | SYSTEM  cpu=13%  load=1.73  mem=58%  src=sqlite
2026-10-03T07:58:27-10:00job:sys_stats_cycle | OK wrote /home/rootrecord/RootRecord-Ecosystem/2 - RootRecord-Database/System/system.db
2026-10-03T07:58:31-10:00  ▸  SUMMARY=delta2 soc=0% solar=0W ac_out=0W usbc=0W src=ble db=ok
2026-10-03T07:58:31-10:00job:sys_stats_cycle RUN  bash "/home/rootrecord/RootRecord-Ecosystem/1 - Servers/1 - RootRecord-Pacific-Solar-Server/System/scripts/sys-sample.sh"
2026-10-03T07:58:31-10:00job:sys_stats_cycle | SYSTEM  cpu=22%  load=1.73  mem=60%  src=sqlite
2026-10-03T07:58:31-10:00job:sys_stats_cycle | OK wrote /home/rootrecord/RootRecord-Ecosystem/2 - RootRecord-Database/System/system.db
2026-10-03T07:58:35-10:00job:security_camera_frame_grab | 07:58:17  📷  a-eyes  ch1 → ch1-20261003T175817Z.jpg  (424.3 KB, 4.45s)
2026-10-03T07:58:35-10:00job:security_camera_frame_grab | 07:58:22  📷  a-eyes  ch2 → ch2-20261003T175822Z.jpg  (180.3 KB, 4.47s)
2026-10-03T07:58:35-10:00job:security_camera_frame_grab | 07:58:26  📷  a-eyes  ch3 → ch3-20261003T175826Z.jpg  (201.6 KB, 4.46s)
2026-10-03T07:58:35-10:00job:security_camera_frame_grab | 07:58:31  📷  a-eyes  ch4 → ch4-20261003T175831Z.jpg  (156.6 KB, 4.37s)
2026-10-03T07:58:40-10:00  ✗  river2pro_read  WAITING
2026-10-03T07:58:40-10:00job:sys_stats_cycle RUN  bash "/home/rootrecord/RootRecord-Ecosystem/1 - Servers/1 - RootRecord-Pacific-Solar-Server/System/scripts/sys-sample.sh"
2026-10-03T07:58:40-10:00job:sys_stats_cycle | SYSTEM  cpu=26%  load=1.93  mem=60%  src=sqlite
2026-10-03T07:58:40-10:00job:sys_stats_cycle | OK wrote /home/rootrecord/RootRecord-Ecosystem/2 - RootRecord-Database/System/system.db
2026-10-03T07:58:44-10:00  ▸  SUMMARY=delta2 soc=0% solar=0W ac_out=0W usbc=0W src=ble db=ok
2026-10-03T07:58:44-10:00job:energy_consolidate_hours RUN  nice -n 10 python3 "/home/rootrecord/RootRecord-Ecosystem/1 - Servers/1 - RootRecord-Pacific-Solar-Server/Energy/scripts/consolidate.py" hours
2026-10-03T07:58:44-10:00job:energy_consolidate_hours | SUMMARY=ecoflow_layers hours=0 json=periods.json
2026-10-03T07:58:44-10:00job:security_camera_frame_grab RUN  bash "/home/rootrecord/RootRecord-Ecosystem/1 - Servers/1 - RootRecord-Pacific-Solar-Server/Security/Cameras/grab_all.sh"
2026-10-03T07:58:44-10:00job:sys_stats_cycle RUN  bash "/home/rootrecord/RootRecord-Ecosystem/1 - Servers/1 - RootRecord-Pacific-Solar-Server/System/scripts/sys-sample.sh"
2026-10-03T07:58:44-10:00job:sys_stats_cycle | SYSTEM  cpu=20%  load=1.78  mem=60%  src=sqlite
2026-10-03T07:58:44-10:00job:sys_stats_cycle | OK wrote /home/rootrecord/RootRecord-Ecosystem/2 - RootRecord-Database/System/system.db
2026-10-03T07:58:44-10:00job:system_consolidate_hours RUN  nice -n 10 python3 "/home/rootrecord/RootRecord-Ecosystem/1 - Servers/1 - RootRecord-Pacific-Solar-Server/System/scripts/consolidate.py" hours
2026-10-03T07:58:44-10:00job:system_consolidate_hours | SUMMARY=system_layers hours=0
2026-10-03T07:58:45-10:00job:security_camera_frame_grab FAIL code=-15
2026-10-03T07:58:46-10:00  ✗  river2pro_read FAIL code=-15
2026-10-03T07:58:46-10:00HTTP listening on http://127.0.0.1:8799 (open access on bind)
2026-10-03T07:58:46-10:00boot:start  jobs=9
2026-10-03T07:58:46-10:00boot:run  priority=0  id=self_terminal
2026-10-03T07:58:46-10:00boot:p0 self_process pid=2743157
2026-10-03T07:58:46-10:00boot:run  priority=1  id=cloudflare_tunnel
2026-10-03T07:58:46-10:00boot:p1 cloudflare_tunnel host=rootserver.rootrecord.cloud
2026-10-03T07:58:46-10:00internet OK at boot — starting tunnel
2026-10-03T07:58:46-10:00Starting cloudflared mode=token public_host=rootserver.rootrecord.cloud
2026-10-03T07:58:46-10:00Waiting for tunnel register (timeout=45s)…
2026-10-03T07:58:46-10:00tunnel starting
2026-10-03T07:58:47-10:00tunnel connected  conn=0  edge=lax13
2026-10-03T07:58:47-10:00Tunnel READY — first connection registered.
2026-10-03T07:58:47-10:00boot:run  priority=2  id=github_setup_remotes
2026-10-03T07:58:47-10:00tunnel ingress  rootserver.rootrecord.cloud → 127.0.0.1:8799
2026-10-03T07:58:47-10:00boot:run  priority=3  id=ollama_warmup
2026-10-03T07:58:47-10:00job:ollama_warmup RUN  bash '/home/rootrecord/RootRecord-Ecosystem/1 - Servers/1 - RootRecord-Pacific-Solar-Server/System/scripts/plumbing/ollama-warmup.sh'
2026-10-03T07:58:47-10:00tunnel connected  conn=1  edge=lax11
2026-10-03T07:58:47-10:00job:ollama_warmup | [ok] ollama up
2026-10-03T07:58:47-10:00boot:run  priority=4  id=flm_npu_warmup
2026-10-03T07:58:47-10:00job:flm_npu_warmup RUN  bash '/home/rootrecord/RootRecord-Ecosystem/1 - Servers/1 - RootRecord-Pacific-Solar-Server/System/scripts/plumbing/flm-warmup.sh'
2026-10-03T07:58:47-10:00job:flm_npu_warmup | [skip] FLM warmup disabled (no resident model; set FLM_WARMUP_RESIDENT=1 to opt in)
2026-10-03T07:58:47-10:00boot:run  priority=5  id=council_relay
2026-10-03T07:58:47-10:00job:council_relay RUN  bash "/home/rootrecord/RootRecord-Ecosystem/1 - Servers/1 - RootRecord-Pacific-Solar-Server/Communications/telegram/scripts/ensure-relay.sh"
2026-10-03T07:58:48-10:00tunnel connected  conn=2  edge=lax13
2026-10-03T07:58:49-10:00tunnel connected  conn=3  edge=lax05
2026-10-03T07:58:50-10:00job:council_relay | [ok] council-relay started pid=2743504 → /home/rootrecord/RootRecord-Ecosystem/2 - RootRecord-Database/Logs/Communications/council-relay.log
2026-10-03T07:58:50-10:00boot:run  priority=6  id=security_camera_server
2026-10-03T07:58:50-10:00job:security_camera_server RUN  bash "/home/rootrecord/RootRecord-Ecosystem/1 - Servers/1 - RootRecord-Pacific-Solar-Server/Security/Cameras/ensure_cam_server.sh"
2026-10-03T07:58:50-10:00job:security_camera_server | security cam server started
2026-10-03T07:58:50-10:00boot:run  priority=7  id=security_timelapse_catchup
2026-10-03T07:58:50-10:00job:security_timelapse_catchup RUN  bash "/home/rootrecord/RootRecord-Ecosystem/1 - Servers/1 - RootRecord-Pacific-Solar-Server/Security/Cameras/timelapse_catchup.sh"
2026-10-03T07:58:50-10:00job:security_timelapse_catchup | 07:58:50  🎬  a-eyes-timelapse  catchup: checking 20261003, now=07:58 HST
2026-10-03T07:58:50-10:00job:security_timelapse_catchup | 07:58:50  🎬  a-eyes-timelapse  hour 05 already compiled, skipping
2026-10-03T07:58:50-10:00job:security_timelapse_catchup | 07:58:50  🎬  a-eyes-timelapse  hour 06 already compiled, skipping
2026-10-03T07:58:50-10:00job:security_timelapse_catchup | 07:58:50  🎬  a-eyes-timelapse  catchup: window still open today, skipping daily render
2026-10-03T07:58:50-10:00boot:run  priority=9  id=network_globe_hawaii
2026-10-03T07:58:50-10:00job:network_globe_hawaii RUN  bash "/home/rootrecord/RootRecord-Ecosystem/1 - Servers/1 - RootRecord-Pacific-Solar-Server/Communications/network/scripts/ensure-network-globe-hawaii.sh"
2026-10-03T07:58:50-10:00job:network_globe_hawaii | [ensure-network-globe-hawaii] already running -- nothing to do
2026-10-03T07:58:50-10:00boot:done
2026-10-03T07:59:03-10:00  ▸  SUMMARY=delta2 soc=0% solar=0W ac_out=0W usbc=0W src=ble db=ok
2026-10-03T07:59:03-10:00scheduler  MODE=jobs.py exact_time=34
2026-10-03T07:59:03-10:00hour-lane  due=radio_push_hour  at=07:59:00
2026-10-03T07:59:03-10:00job:radio_push_hour RUN  python3 "/home/rootrecord/RootRecord-Ecosystem/1 - Servers/1 - RootRecord-Pacific-Solar-Server/Media/Voice/scripts/radio_push.py" --all
2026-10-03T07:59:03-10:00boot:catch  id=radio_push_hour  at=07:59:00
2026-10-03T07:59:04-10:00job:radio_push_hour | {"ok": true, "sent": 0, "pushed": [], "mode": "noop", "detail": "no_local_wav \u2014 early batch push already cleaned, or batch not run yet"}
2026-10-03T07:59:13-10:00  ✗  river2pro_read  WAITING
2026-10-03T07:59:13-10:00job:sys_stats_cycle RUN  bash "/home/rootrecord/RootRecord-Ecosystem/1 - Servers/1 - RootRecord-Pacific-Solar-Server/System/scripts/sys-sample.sh"
2026-10-03T07:59:14-10:00job:sys_stats_cycle | SYSTEM  cpu=13%  load=1.84  mem=58%  src=sqlite
2026-10-03T07:59:14-10:00job:sys_stats_cycle | OK wrote /home/rootrecord/RootRecord-Ecosystem/2 - RootRecord-Database/System/system.db
2026-10-03T07:59:18-10:00  ▸  SUMMARY=delta2 soc=0% solar=0W ac_out=0W usbc=0W src=ble db=ok
2026-10-03T07:59:18-10:00job:security_camera_frame_grab RUN  bash "/home/rootrecord/RootRecord-Ecosystem/1 - Servers/1 - RootRecord-Pacific-Solar-Server/Security/Cameras/grab_all.sh"
2026-10-03T07:59:18-10:00job:sys_stats_cycle RUN  bash "/home/rootrecord/RootRecord-Ecosystem/1 - Servers/1 - RootRecord-Pacific-Solar-Server/System/scripts/sys-sample.sh"
2026-10-03T07:59:18-10:00job:sys_stats_cycle | SYSTEM  cpu=7%  load=1.93  mem=60%  src=sqlite
2026-10-03T07:59:18-10:00job:sys_stats_cycle | OK wrote /home/rootrecord/RootRecord-Ecosystem/2 - RootRecord-Database/System/system.db
2026-10-03T07:59:27-10:00  ✗  river2pro_read  WAITING
2026-10-03T07:59:27-10:00job:sys_stats_cycle RUN  bash "/home/rootrecord/RootRecord-Ecosystem/1 - Servers/1 - RootRecord-Pacific-Solar-Server/System/scripts/sys-sample.sh"
2026-10-03T07:59:27-10:00job:sys_stats_cycle | SYSTEM  cpu=30%  load=2.11  mem=60%  src=sqlite
2026-10-03T07:59:27-10:00job:sys_stats_cycle | OK wrote /home/rootrecord/RootRecord-Ecosystem/2 - RootRecord-Database/System/system.db
2026-10-03T07:59:31-10:00  ▸  SUMMARY=delta2 soc=0% solar=0W ac_out=0W usbc=0W src=ble db=ok
2026-10-03T07:59:31-10:00job:sys_stats_cycle RUN  bash "/home/rootrecord/RootRecord-Ecosystem/1 - Servers/1 - RootRecord-Pacific-Solar-Server/System/scripts/sys-sample.sh"
2026-10-03T07:59:32-10:00job:sys_stats_cycle | SYSTEM  cpu=23%  load=2.02  mem=61%  src=sqlite
2026-10-03T07:59:32-10:00job:sys_stats_cycle | OK wrote /home/rootrecord/RootRecord-Ecosystem/2 - RootRecord-Database/System/system.db
2026-10-03T07:59:36-10:00job:security_camera_frame_grab | 07:59:18  📷  a-eyes  ch1 → ch1-20261003T175918Z.jpg  (429.8 KB, 4.50s)
2026-10-03T07:59:36-10:00job:security_camera_frame_grab | 07:59:22  📷  a-eyes  ch2 → ch2-20261003T175922Z.jpg  (179.0 KB, 4.49s)
2026-10-03T07:59:36-10:00job:security_camera_frame_grab | 07:59:27  📷  a-eyes  ch3 → ch3-20261003T175927Z.jpg  (200.6 KB, 4.47s)
2026-10-03T07:59:36-10:00job:security_camera_frame_grab | 07:59:31  📷  a-eyes  ch4 → ch4-20261003T175931Z.jpg  (147.5 KB, 4.30s)
2026-10-03T07:59:40-10:00  ✗  river2pro_read  WAITING
2026-10-03T07:59:40-10:00job:sys_stats_cycle RUN  bash "/home/rootrecord/RootRecord-Ecosystem/1 - Servers/1 - RootRecord-Pacific-Solar-Server/System/scripts/sys-sample.sh"
2026-10-03T07:59:41-10:00job:sys_stats_cycle | SYSTEM  cpu=27%  load=1.86  mem=60%  src=sqlite
2026-10-03T07:59:41-10:00job:sys_stats_cycle | OK wrote /home/rootrecord/RootRecord-Ecosystem/2 - RootRecord-Database/System/system.db
2026-10-03T07:59:45-10:00  ▸  SUMMARY=delta2 soc=0% solar=0W ac_out=0W usbc=0W src=ble db=ok
2026-10-03T07:59:45-10:00job:energy_consolidate_hours RUN  nice -n 10 python3 "/home/rootrecord/RootRecord-Ecosystem/1 - Servers/1 - RootRecord-Pacific-Solar-Server/Energy/scripts/consolidate.py" hours
2026-10-03T07:59:45-10:00job:energy_consolidate_hours | SUMMARY=ecoflow_layers hours=0 json=periods.json
2026-10-03T07:59:45-10:00job:security_camera_frame_grab RUN  bash "/home/rootrecord/RootRecord-Ecosystem/1 - Servers/1 - RootRecord-Pacific-Solar-Server/Security/Cameras/grab_all.sh"
2026-10-03T07:59:45-10:00job:sys_stats_cycle RUN  bash "/home/rootrecord/RootRecord-Ecosystem/1 - Servers/1 - RootRecord-Pacific-Solar-Server/System/scripts/sys-sample.sh"
2026-10-03T07:59:45-10:00job:sys_stats_cycle | SYSTEM  cpu=30%  load=1.71  mem=60%  src=sqlite
2026-10-03T07:59:45-10:00job:sys_stats_cycle | OK wrote /home/rootrecord/RootRecord-Ecosystem/2 - RootRecord-Database/System/system.db
2026-10-03T07:59:45-10:00job:system_consolidate_hours RUN  nice -n 10 python3 "/home/rootrecord/RootRecord-Ecosystem/1 - Servers/1 - RootRecord-Pacific-Solar-Server/System/scripts/consolidate.py" hours
2026-10-03T07:59:45-10:00job:system_consolidate_hours | SUMMARY=system_layers hours=0
2026-10-03T07:59:51-10:00job:security_camera_frame_grab FAIL code=-15
2026-10-03T07:59:51-10:00job:security_camera_frame_grab ! 07:59:45  📷  a-eyes  ch1 → ch1-20261003T175945Z.jpg  (427.3 KB, 4.58s)
2026-10-03T07:59:51-10:00  ✗  river2pro_read FAIL code=-15
  File "/home/rootrecord/RootRecord-Ecosystem/1 - Servers/1 - RootRecord-Pacific-Solar-Server/Automations/scripts/rootserver_poller.py", line 1007
    try:  # info: try
IndentationError: unexpected indent
  File "/home/rootrecord/RootRecord-Ecosystem/1 - Servers/1 - RootRecord-Pacific-Solar-Server/Automations/scripts/rootserver_poller.py", line 1007
    try:  # info: try
IndentationError: unexpected indent
2026-10-03T08:00:03-10:00HTTP listening on http://127.0.0.1:8799 (open access on bind)
2026-10-03T08:00:03-10:00boot:start  jobs=9
2026-10-03T08:00:03-10:00boot:run  priority=0  id=self_terminal
2026-10-03T08:00:03-10:00boot:p0 self_process pid=2746262
2026-10-03T08:00:03-10:00boot:run  priority=1  id=cloudflare_tunnel
2026-10-03T08:00:03-10:00boot:p1 cloudflare_tunnel host=rootserver.rootrecord.cloud
2026-10-03T08:00:03-10:00internet OK at boot — starting tunnel
2026-10-03T08:00:03-10:00Starting cloudflared mode=token public_host=rootserver.rootrecord.cloud
2026-10-03T08:00:03-10:00Waiting for tunnel register (timeout=45s)…
2026-10-03T08:00:03-10:00tunnel starting
2026-10-03T08:00:03-10:00tunnel connected  conn=0  edge=lax08
2026-10-03T08:00:03-10:00Tunnel READY — first connection registered.
2026-10-03T08:00:03-10:00boot:run  priority=2  id=github_setup_remotes
2026-10-03T08:00:03-10:00tunnel ingress  rootserver.rootrecord.cloud → 127.0.0.1:8799
2026-10-03T08:00:04-10:00boot:run  priority=3  id=ollama_warmup
2026-10-03T08:00:04-10:00job:ollama_warmup RUN  bash '/home/rootrecord/RootRecord-Ecosystem/1 - Servers/1 - RootRecord-Pacific-Solar-Server/System/scripts/plumbing/ollama-warmup.sh'
2026-10-03T08:00:04-10:00tunnel connected  conn=1  edge=lax13
2026-10-03T08:00:04-10:00job:ollama_warmup | [ok] ollama up
2026-10-03T08:00:04-10:00boot:run  priority=4  id=flm_npu_warmup
2026-10-03T08:00:04-10:00job:flm_npu_warmup RUN  bash '/home/rootrecord/RootRecord-Ecosystem/1 - Servers/1 - RootRecord-Pacific-Solar-Server/System/scripts/plumbing/flm-warmup.sh'
2026-10-03T08:00:04-10:00job:flm_npu_warmup | [skip] FLM warmup disabled (no resident model; set FLM_WARMUP_RESIDENT=1 to opt in)
2026-10-03T08:00:04-10:00boot:run  priority=5  id=council_relay
2026-10-03T08:00:04-10:00job:council_relay RUN  bash "/home/rootrecord/RootRecord-Ecosystem/1 - Servers/1 - RootRecord-Pacific-Solar-Server/Communications/telegram/scripts/ensure-relay.sh"
2026-10-03T08:00:05-10:00tunnel connected  conn=2  edge=lax07
2026-10-03T08:00:06-10:00job:council_relay FAIL code=-15
2026-10-03T08:00:06-10:00boot:run  priority=6  id=security_camera_server
2026-10-03T08:00:06-10:00boot:run  priority=7  id=security_timelapse_catchup
2026-10-03T08:00:06-10:00boot:run  priority=9  id=network_globe_hawaii
2026-10-03T08:00:06-10:00boot:done
2026-10-03T08:00:06-10:00hour-lane  restored done=2
2026-10-03T08:00:06-10:00scheduler  MODE=jobs.py exact_time=34
2026-10-03T08:00:07-10:00HTTP listening on http://127.0.0.1:8799 (open access on bind)
2026-10-03T08:00:07-10:00boot:start  jobs=9
2026-10-03T08:00:07-10:00boot:run  priority=0  id=self_terminal
2026-10-03T08:00:07-10:00boot:p0 self_process pid=2746642
2026-10-03T08:00:07-10:00boot:run  priority=1  id=cloudflare_tunnel
2026-10-03T08:00:07-10:00boot:p1 cloudflare_tunnel host=rootserver.rootrecord.cloud
2026-10-03T08:00:07-10:00internet OK at boot — starting tunnel
2026-10-03T08:00:07-10:00Starting cloudflared mode=token public_host=rootserver.rootrecord.cloud
2026-10-03T08:00:07-10:00Waiting for tunnel register (timeout=45s)…
2026-10-03T08:00:07-10:00tunnel starting
2026-10-03T08:00:07-10:00tunnel connected  conn=0  edge=lax13
2026-10-03T08:00:07-10:00Tunnel READY — first connection registered.
2026-10-03T08:00:07-10:00boot:run  priority=2  id=github_setup_remotes
2026-10-03T08:00:07-10:00tunnel ingress  rootserver.rootrecord.cloud → 127.0.0.1:8799
2026-10-03T08:00:08-10:00boot:run  priority=3  id=ollama_warmup
2026-10-03T08:00:08-10:00job:ollama_warmup RUN  bash '/home/rootrecord/RootRecord-Ecosystem/1 - Servers/1 - RootRecord-Pacific-Solar-Server/System/scripts/plumbing/ollama-warmup.sh'
2026-10-03T08:00:08-10:00tunnel connected  conn=1  edge=lax07
2026-10-03T08:00:08-10:00job:ollama_warmup | [ok] ollama up
2026-10-03T08:00:08-10:00boot:run  priority=4  id=flm_npu_warmup
2026-10-03T08:00:08-10:00job:flm_npu_warmup RUN  bash '/home/rootrecord/RootRecord-Ecosystem/1 - Servers/1 - RootRecord-Pacific-Solar-Server/System/scripts/plumbing/flm-warmup.sh'
2026-10-03T08:00:08-10:00job:flm_npu_warmup | [skip] FLM warmup disabled (no resident model; set FLM_WARMUP_RESIDENT=1 to opt in)
2026-10-03T08:00:08-10:00boot:run  priority=5  id=council_relay
2026-10-03T08:00:08-10:00job:council_relay RUN  bash "/home/rootrecord/RootRecord-Ecosystem/1 - Servers/1 - RootRecord-Pacific-Solar-Server/Communications/telegram/scripts/ensure-relay.sh"
2026-10-03T08:00:09-10:00tunnel connected  conn=2  edge=lax13
2026-10-03T08:00:10-10:00tunnel connected  conn=3  edge=lax05
2026-10-03T08:00:11-10:00job:council_relay | [ok] council-relay started pid=2746990 → /home/rootrecord/RootRecord-Ecosystem/2 - RootRecord-Database/Logs/Communications/council-relay.log
2026-10-03T08:00:11-10:00boot:run  priority=6  id=security_camera_server
2026-10-03T08:00:11-10:00job:security_camera_server RUN  bash "/home/rootrecord/RootRecord-Ecosystem/1 - Servers/1 - RootRecord-Pacific-Solar-Server/Security/Cameras/ensure_cam_server.sh"
2026-10-03T08:00:11-10:00job:security_camera_server | security cam server started
2026-10-03T08:00:11-10:00boot:run  priority=7  id=security_timelapse_catchup
2026-10-03T08:00:11-10:00job:security_timelapse_catchup RUN  bash "/home/rootrecord/RootRecord-Ecosystem/1 - Servers/1 - RootRecord-Pacific-Solar-Server/Security/Cameras/timelapse_catchup.sh"
2026-10-03T08:00:17-10:00job:security_timelapse_catchup FAIL code=-15
2026-10-03T08:00:17-10:00job:security_timelapse_catchup ! 08:00:11  🎬  a-eyes-timelapse  catchup: checking 20261003, now=08:00 HST
2026-10-03T08:00:17-10:00job:security_timelapse_catchup !   08:00:11  🎬  a-eyes-timelapse  hour 05 already compiled, skipping
2026-10-03T08:00:17-10:00job:security_timelapse_catchup !   08:00:11  🎬  a-eyes-timelapse  hour 06 already compiled, skipping
2026-10-03T08:00:17-10:00boot:run  priority=9  id=network_globe_hawaii
2026-10-03T08:00:17-10:00boot:done
2026-10-03T08:00:17-10:00hour-lane  restored done=2
2026-10-03T08:00:17-10:00scheduler  MODE=jobs.py exact_time=34
2026-10-03T08:00:23-10:00HTTP listening on http://127.0.0.1:8799 (open access on bind)
2026-10-03T08:00:23-10:00boot:start  jobs=9
2026-10-03T08:00:23-10:00boot:run  priority=0  id=self_terminal
2026-10-03T08:00:23-10:00boot:p0 self_process pid=2747383
2026-10-03T08:00:23-10:00boot:run  priority=1  id=cloudflare_tunnel
2026-10-03T08:00:23-10:00boot:p1 cloudflare_tunnel host=rootserver.rootrecord.cloud
2026-10-03T08:00:23-10:00internet OK at boot — starting tunnel
2026-10-03T08:00:23-10:00Starting cloudflared mode=token public_host=rootserver.rootrecord.cloud
2026-10-03T08:00:23-10:00Waiting for tunnel register (timeout=45s)…
2026-10-03T08:00:23-10:00tunnel starting
2026-10-03T08:00:24-10:00tunnel connected  conn=0  edge=lax13
2026-10-03T08:00:24-10:00Tunnel READY — first connection registered.
2026-10-03T08:00:24-10:00boot:run  priority=2  id=github_setup_remotes
2026-10-03T08:00:24-10:00tunnel ingress  rootserver.rootrecord.cloud → 127.0.0.1:8799
2026-10-03T08:00:24-10:00boot:run  priority=3  id=ollama_warmup
2026-10-03T08:00:24-10:00job:ollama_warmup RUN  bash '/home/rootrecord/RootRecord-Ecosystem/1 - Servers/1 - RootRecord-Pacific-Solar-Server/System/scripts/plumbing/ollama-warmup.sh'
2026-10-03T08:00:24-10:00job:ollama_warmup | [ok] ollama up
2026-10-03T08:00:24-10:00boot:run  priority=4  id=flm_npu_warmup
2026-10-03T08:00:24-10:00job:flm_npu_warmup RUN  bash '/home/rootrecord/RootRecord-Ecosystem/1 - Servers/1 - RootRecord-Pacific-Solar-Server/System/scripts/plumbing/flm-warmup.sh'
2026-10-03T08:00:24-10:00tunnel connected  conn=1  edge=lax05
2026-10-03T08:00:24-10:00job:flm_npu_warmup | [skip] FLM warmup disabled (no resident model; set FLM_WARMUP_RESIDENT=1 to opt in)
2026-10-03T08:00:24-10:00boot:run  priority=5  id=council_relay
2026-10-03T08:00:24-10:00job:council_relay RUN  bash "/home/rootrecord/RootRecord-Ecosystem/1 - Servers/1 - RootRecord-Pacific-Solar-Server/Communications/telegram/scripts/ensure-relay.sh"
2026-10-03T08:00:25-10:00tunnel connected  conn=2  edge=lax13
2026-10-03T08:00:26-10:00tunnel connected  conn=3  edge=lax10
2026-10-03T08:00:27-10:00job:council_relay | [ok] council-relay started pid=2747730 → /home/rootrecord/RootRecord-Ecosystem/2 - RootRecord-Database/Logs/Communications/council-relay.log
2026-10-03T08:00:27-10:00boot:run  priority=6  id=security_camera_server
2026-10-03T08:00:27-10:00job:security_camera_server RUN  bash "/home/rootrecord/RootRecord-Ecosystem/1 - Servers/1 - RootRecord-Pacific-Solar-Server/Security/Cameras/ensure_cam_server.sh"
2026-10-03T08:00:27-10:00job:security_camera_server | security cam server started
2026-10-03T08:00:27-10:00boot:run  priority=7  id=security_timelapse_catchup
2026-10-03T08:00:27-10:00job:security_timelapse_catchup RUN  bash "/home/rootrecord/RootRecord-Ecosystem/1 - Servers/1 - RootRecord-Pacific-Solar-Server/Security/Cameras/timelapse_catchup.sh"
2026-10-03T08:00:43-10:00job:security_timelapse_catchup | 08:00:27  🎬  a-eyes-timelapse  catchup: checking 20261003, now=08:00 HST
2026-10-03T08:00:43-10:00job:security_timelapse_catchup | 08:00:27  🎬  a-eyes-timelapse  hour 05 already compiled, skipping
2026-10-03T08:00:43-10:00job:security_timelapse_catchup | 08:00:27  🎬  a-eyes-timelapse  hour 06 already compiled, skipping
2026-10-03T08:00:43-10:00job:security_timelapse_catchup | 08:00:43  🎬  a-eyes-timelapse  hour 07 → hour_07.mp4  (65 frames, 12.86s)
2026-10-03T08:00:43-10:00job:security_timelapse_catchup | 08:00:43  🎬  a-eyes-timelapse  hour 07 frames archived → /home/rootrecord/RootRecord-Ecosystem/2 - RootRecord-Database/Media/Timelapses/_archive/20261003/hour_07
2026-10-03T08:00:43-10:00job:security_timelapse_catchup | 08:00:43  🎬  a-eyes-timelapse  catchup: window still open today, skipping daily render
2026-10-03T08:00:43-10:00boot:run  priority=9  id=network_globe_hawaii
2026-10-03T08:00:43-10:00job:network_globe_hawaii RUN  bash "/home/rootrecord/RootRecord-Ecosystem/1 - Servers/1 - RootRecord-Pacific-Solar-Server/Communications/network/scripts/ensure-network-globe-hawaii.sh"
2026-10-03T08:00:43-10:00job:network_globe_hawaii | [ensure-network-globe-hawaii] already running -- nothing to do
2026-10-03T08:00:43-10:00boot:done
2026-10-03T08:00:57-10:00  ▸  SUMMARY=delta2 soc=0% solar=0W ac_out=0W usbc=0W src=ble db=ok
2026-10-03T08:00:57-10:00hour-lane  restored done=2
2026-10-03T08:00:57-10:00scheduler  MODE=jobs.py exact_time=34
2026-10-03T08:00:57-10:00job:voice_hourly_chime RUN  nice -n 10 python3 "/home/rootrecord/RootRecord-Ecosystem/1 - Servers/1 - RootRecord-Pacific-Solar-Server/Media/Voice/scripts/voice_reports.py" hourly_chime
2026-10-03T08:01:02-10:00job:voice_hourly_chime TIMEOUT after 5s
2026-10-03T08:01:02-10:00boot:catch  id=voice_hourly_chime  at=08:00:00
2026-10-03T08:01:05-10:00  ▸  SUMMARY=delta2 soc=0% solar=0W ac_out=0W usbc=0W src=ble db=ok
2026-10-03T08:01:05-10:00job:energy_consolidate_minutes RUN  nice -n 10 python3 "/home/rootrecord/RootRecord-Ecosystem/1 - Servers/1 - RootRecord-Pacific-Solar-Server/Energy/scripts/consolidate.py" minutes
2026-10-03T08:01:07-10:00job:energy_consolidate_minutes | SUMMARY=ecoflow_layers minutes=15229
2026-10-03T08:01:07-10:00job:security_camera_frame_grab RUN  bash "/home/rootrecord/RootRecord-Ecosystem/1 - Servers/1 - RootRecord-Pacific-Solar-Server/Security/Cameras/grab_all.sh"
2026-10-03T08:01:07-10:00job:sys_stats_cycle RUN  bash "/home/rootrecord/RootRecord-Ecosystem/1 - Servers/1 - RootRecord-Pacific-Solar-Server/System/scripts/sys-sample.sh"
2026-10-03T08:01:07-10:00job:sys_stats_cycle | SYSTEM  cpu=11%  load=2.53  mem=57%  src=sqlite
2026-10-03T08:01:07-10:00job:sys_stats_cycle | OK wrote /home/rootrecord/RootRecord-Ecosystem/2 - RootRecord-Database/System/system.db
2026-10-03T08:01:07-10:00job:system_consolidate_minutes RUN  nice -n 10 python3 "/home/rootrecord/RootRecord-Ecosystem/1 - Servers/1 - RootRecord-Pacific-Solar-Server/System/scripts/consolidate.py" minutes
2026-10-03T08:01:08-10:00job:system_consolidate_minutes | SUMMARY=system_layers minutes=203
2026-10-03T08:01:17-10:00  ✗  river2pro_read  WAITING
2026-10-03T08:01:17-10:00job:sys_stats_cycle RUN  bash "/home/rootrecord/RootRecord-Ecosystem/1 - Servers/1 - RootRecord-Pacific-Solar-Server/System/scripts/sys-sample.sh"
2026-10-03T08:01:17-10:00job:sys_stats_cycle | SYSTEM  cpu=17%  load=2.30  mem=59%  src=sqlite
2026-10-03T08:01:17-10:00job:sys_stats_cycle | OK wrote /home/rootrecord/RootRecord-Ecosystem/2 - RootRecord-Database/System/system.db
2026-10-03T08:01:21-10:00  ▸  SUMMARY=delta2 soc=0% solar=0W ac_out=0W usbc=0W src=ble db=ok
2026-10-03T08:01:21-10:00job:sys_stats_cycle RUN  bash "/home/rootrecord/RootRecord-Ecosystem/1 - Servers/1 - RootRecord-Pacific-Solar-Server/System/scripts/sys-sample.sh"
2026-10-03T08:01:22-10:00job:sys_stats_cycle | SYSTEM  cpu=24%  load=2.28  mem=59%  src=sqlite
2026-10-03T08:01:22-10:00job:sys_stats_cycle | OK wrote /home/rootrecord/RootRecord-Ecosystem/2 - RootRecord-Database/System/system.db
2026-10-03T08:01:25-10:00job:security_camera_frame_grab | 08:01:07  📷  a-eyes  ch1 → ch1-20261003T180107Z.jpg  (419.5 KB, 4.44s)
2026-10-03T08:01:25-10:00job:security_camera_frame_grab | 08:01:11  📷  a-eyes  ch2 → ch2-20261003T180111Z.jpg  (180.1 KB, 4.27s)
2026-10-03T08:01:25-10:00job:security_camera_frame_grab | 08:01:16  📷  a-eyes  ch3 → ch3-20261003T180116Z.jpg  (212.5 KB, 4.37s)
2026-10-03T08:01:25-10:00job:security_camera_frame_grab | 08:01:20  📷  a-eyes  ch4 → ch4-20261003T180120Z.jpg  (143.6 KB, 4.47s)
2026-10-03T08:01:30-10:00  ✗  river2pro_read  WAITING
2026-10-03T08:01:30-10:00job:sys_stats_cycle RUN  bash "/home/rootrecord/RootRecord-Ecosystem/1 - Servers/1 - RootRecord-Pacific-Solar-Server/System/scripts/sys-sample.sh"
2026-10-03T08:01:31-10:00job:sys_stats_cycle | SYSTEM  cpu=6%  load=2.09  mem=59%  src=sqlite
2026-10-03T08:01:31-10:00job:sys_stats_cycle | OK wrote /home/rootrecord/RootRecord-Ecosystem/2 - RootRecord-Database/System/system.db
2026-10-03T08:01:35-10:00  ▸  SUMMARY=delta2 soc=0% solar=0W ac_out=0W usbc=0W src=ble db=ok
2026-10-03T08:01:35-10:00job:security_camera_frame_grab RUN  bash "/home/rootrecord/RootRecord-Ecosystem/1 - Servers/1 - RootRecord-Pacific-Solar-Server/Security/Cameras/grab_all.sh"
2026-10-03T08:01:35-10:00job:sys_stats_cycle RUN  bash "/home/rootrecord/RootRecord-Ecosystem/1 - Servers/1 - RootRecord-Pacific-Solar-Server/System/scripts/sys-sample.sh"
2026-10-03T08:01:35-10:00job:sys_stats_cycle | SYSTEM  cpu=21%  load=2.01  mem=58%  src=sqlite
2026-10-03T08:01:35-10:00job:sys_stats_cycle | OK wrote /home/rootrecord/RootRecord-Ecosystem/2 - RootRecord-Database/System/system.db
2026-10-03T08:01:44-10:00  ✗  river2pro_read  WAITING
2026-10-03T08:01:44-10:00job:sys_stats_cycle RUN  bash "/home/rootrecord/RootRecord-Ecosystem/1 - Servers/1 - RootRecord-Pacific-Solar-Server/System/scripts/sys-sample.sh"
2026-10-03T08:01:45-10:00job:sys_stats_cycle | SYSTEM  cpu=34%  load=1.70  mem=59%  src=sqlite
2026-10-03T08:01:45-10:00job:sys_stats_cycle | OK wrote /home/rootrecord/RootRecord-Ecosystem/2 - RootRecord-Database/System/system.db
2026-10-03T08:01:48-10:00  ▸  SUMMARY=delta2 soc=0% solar=0W ac_out=0W usbc=0W src=ble db=ok
2026-10-03T08:01:48-10:00job:energy_consolidate_hours RUN  nice -n 10 python3 "/home/rootrecord/RootRecord-Ecosystem/1 - Servers/1 - RootRecord-Pacific-Solar-Server/Energy/scripts/consolidate.py" hours
2026-10-03T08:01:48-10:00job:energy_consolidate_hours | SUMMARY=ecoflow_layers hours=55 json=periods.json
2026-10-03T08:01:48-10:00job:sys_stats_cycle RUN  bash "/home/rootrecord/RootRecord-Ecosystem/1 - Servers/1 - RootRecord-Pacific-Solar-Server/System/scripts/sys-sample.sh"
2026-10-03T08:01:49-10:00job:sys_stats_cycle | SYSTEM  cpu=6%  load=1.72  mem=59%  src=sqlite
2026-10-03T08:01:49-10:00job:sys_stats_cycle | OK wrote /home/rootrecord/RootRecord-Ecosystem/2 - RootRecord-Database/System/system.db
2026-10-03T08:01:49-10:00job:system_consolidate_hours RUN  nice -n 10 python3 "/home/rootrecord/RootRecord-Ecosystem/1 - Servers/1 - RootRecord-Pacific-Solar-Server/System/scripts/consolidate.py" hours
2026-10-03T08:01:49-10:00job:system_consolidate_hours | SUMMARY=system_layers hours=7
2026-10-03T08:01:53-10:00job:security_camera_frame_grab | 08:01:35  📷  a-eyes  ch1 → ch1-20261003T180135Z.jpg  (424.7 KB, 4.34s)
2026-10-03T08:01:53-10:00job:security_camera_frame_grab | 08:01:39  📷  a-eyes  ch2 → ch2-20261003T180139Z.jpg  (244.0 KB, 4.49s)
2026-10-03T08:01:53-10:00job:security_camera_frame_grab | 08:01:44  📷  a-eyes  ch3 → ch3-20261003T180144Z.jpg  (213.8 KB, 4.39s)
2026-10-03T08:01:53-10:00job:security_camera_frame_grab | 08:01:48  📷  a-eyes  ch4 → ch4-20261003T180148Z.jpg  (139.4 KB, 4.27s)
2026-10-03T08:01:57-10:00  ✗  river2pro_read  WAITING
2026-10-03T08:01:57-10:00job:sys_stats_cycle RUN  bash "/home/rootrecord/RootRecord-Ecosystem/1 - Servers/1 - RootRecord-Pacific-Solar-Server/System/scripts/sys-sample.sh"
2026-10-03T08:01:58-10:00job:sys_stats_cycle | SYSTEM  cpu=13%  load=1.46  mem=59%  src=sqlite
2026-10-03T08:01:58-10:00job:sys_stats_cycle | OK wrote /home/rootrecord/RootRecord-Ecosystem/2 - RootRecord-Database/System/system.db
2026-10-03T08:02:01-10:00  ▸  SUMMARY=delta2 soc=0% solar=0W ac_out=0W usbc=0W src=ble db=ok
2026-10-03T08:02:01-10:00job:security_camera_frame_grab RUN  bash "/home/rootrecord/RootRecord-Ecosystem/1 - Servers/1 - RootRecord-Pacific-Solar-Server/Security/Cameras/grab_all.sh"
2026-10-03T08:02:01-10:00job:sys_stats_cycle RUN  bash "/home/rootrecord/RootRecord-Ecosystem/1 - Servers/1 - RootRecord-Pacific-Solar-Server/System/scripts/sys-sample.sh"
2026-10-03T08:02:02-10:00job:sys_stats_cycle | SYSTEM  cpu=6%  load=1.42  mem=59%  src=sqlite
2026-10-03T08:02:02-10:00job:sys_stats_cycle | OK wrote /home/rootrecord/RootRecord-Ecosystem/2 - RootRecord-Database/System/system.db
2026-10-03T08:02:10-10:00  ✗  river2pro_read  WAITING
2026-10-03T08:02:10-10:00job:sys_stats_cycle RUN  bash "/home/rootrecord/RootRecord-Ecosystem/1 - Servers/1 - RootRecord-Pacific-Solar-Server/System/scripts/sys-sample.sh"
2026-10-03T08:02:11-10:00job:sys_stats_cycle | SYSTEM  cpu=11%  load=1.47  mem=58%  src=sqlite
2026-10-03T08:02:11-10:00job:sys_stats_cycle | OK wrote /home/rootrecord/RootRecord-Ecosystem/2 - RootRecord-Database/System/system.db
2026-10-03T08:02:14-10:00  ▸  SUMMARY=delta2 soc=0% solar=0W ac_out=0W usbc=0W src=ble db=ok
2026-10-03T08:02:14-10:00job:sys_stats_cycle RUN  bash "/home/rootrecord/RootRecord-Ecosystem/1 - Servers/1 - RootRecord-Pacific-Solar-Server/System/scripts/sys-sample.sh"
2026-10-03T08:02:15-10:00job:sys_stats_cycle | SYSTEM  cpu=23%  load=1.83  mem=59%  src=sqlite
2026-10-03T08:02:15-10:00job:sys_stats_cycle | OK wrote /home/rootrecord/RootRecord-Ecosystem/2 - RootRecord-Database/System/system.db
2026-10-03T08:02:19-10:00job:security_camera_frame_grab | 08:02:01  📷  a-eyes  ch1 → ch1-20261003T180201Z.jpg  (428.0 KB, 4.30s)
2026-10-03T08:02:19-10:00job:security_camera_frame_grab | 08:02:06  📷  a-eyes  ch2 → ch2-20261003T180206Z.jpg  (240.0 KB, 4.47s)
2026-10-03T08:02:19-10:00job:security_camera_frame_grab | 08:02:10  📷  a-eyes  ch3 → ch3-20261003T180210Z.jpg  (215.3 KB, 4.26s)
2026-10-03T08:02:19-10:00job:security_camera_frame_grab | 08:02:14  📷  a-eyes  ch4 → ch4-20261003T180214Z.jpg  (138.9 KB, 4.35s)
2026-10-03T08:02:24-10:00  ✗  river2pro_read  WAITING
2026-10-03T08:02:24-10:00job:sys_stats_cycle RUN  bash "/home/rootrecord/RootRecord-Ecosystem/1 - Servers/1 - RootRecord-Pacific-Solar-Server/System/scripts/sys-sample.sh"
2026-10-03T08:02:24-10:00job:sys_stats_cycle | SYSTEM  cpu=8%  load=2.08  mem=59%  src=sqlite
2026-10-03T08:02:24-10:00job:sys_stats_cycle | OK wrote /home/rootrecord/RootRecord-Ecosystem/2 - RootRecord-Database/System/system.db
2026-10-03T08:02:25-10:00tunnel timeout — reconnecting
2026-10-03T08:02:26-10:00tunnel timeout — reconnecting
2026-10-03T08:02:26-10:00tunnel timeout — reconnecting
2026-10-03T08:02:26-10:00tunnel connected  conn=0  edge=lax13
2026-10-03T08:02:26-10:00tunnel timeout — reconnecting
2026-10-03T08:02:27-10:00tunnel timeout — reconnecting
2026-10-03T08:02:27-10:00tunnel timeout — reconnecting
2026-10-03T08:02:27-10:00tunnel timeout — reconnecting
2026-10-03T08:02:28-10:00  ▸  SUMMARY=delta2 soc=0% solar=0W ac_out=0W usbc=0W src=ble db=ok
2026-10-03T08:02:28-10:00job:energy_consolidate_minutes RUN  nice -n 10 python3 "/home/rootrecord/RootRecord-Ecosystem/1 - Servers/1 - RootRecord-Pacific-Solar-Server/Energy/scripts/consolidate.py" minutes
2026-10-03T08:02:28-10:00tunnel connected  conn=3  edge=lax09
2026-10-03T08:02:28-10:00tunnel connected  conn=2  edge=lax07
2026-10-03T08:02:28-10:00tunnel connected  conn=1  edge=lax13
2026-10-03T08:02:29-10:00job:energy_consolidate_minutes | SUMMARY=ecoflow_layers minutes=4482
2026-10-03T08:02:29-10:00job:security_camera_frame_grab RUN  bash "/home/rootrecord/RootRecord-Ecosystem/1 - Servers/1 - RootRecord-Pacific-Solar-Server/Security/Cameras/grab_all.sh"
2026-10-03T08:02:29-10:00job:sys_stats_cycle RUN  bash "/home/rootrecord/RootRecord-Ecosystem/1 - Servers/1 - RootRecord-Pacific-Solar-Server/System/scripts/sys-sample.sh"
2026-10-03T08:02:29-10:00job:sys_stats_cycle | SYSTEM  cpu=13%  load=2.00  mem=59%  src=sqlite
2026-10-03T08:02:29-10:00job:sys_stats_cycle | OK wrote /home/rootrecord/RootRecord-Ecosystem/2 - RootRecord-Database/System/system.db
2026-10-03T08:02:29-10:00job:system_consolidate_minutes RUN  nice -n 10 python3 "/home/rootrecord/RootRecord-Ecosystem/1 - Servers/1 - RootRecord-Pacific-Solar-Server/System/scripts/consolidate.py" minutes
2026-10-03T08:02:29-10:00job:system_consolidate_minutes | SUMMARY=system_layers minutes=91
2026-10-03T08:02:38-10:00  ✗  river2pro_read  WAITING
2026-10-03T08:02:38-10:00job:sys_stats_cycle RUN  bash "/home/rootrecord/RootRecord-Ecosystem/1 - Servers/1 - RootRecord-Pacific-Solar-Server/System/scripts/sys-sample.sh"
2026-10-03T08:02:38-10:00job:sys_stats_cycle | SYSTEM  cpu=26%  load=2.21  mem=58%  src=sqlite
2026-10-03T08:02:38-10:00job:sys_stats_cycle | OK wrote /home/rootrecord/RootRecord-Ecosystem/2 - RootRecord-Database/System/system.db
2026-10-03T08:02:42-10:00  ▸  SUMMARY=delta2 soc=0% solar=0W ac_out=0W usbc=0W src=ble db=ok
2026-10-03T08:02:42-10:00job:sys_stats_cycle RUN  bash "/home/rootrecord/RootRecord-Ecosystem/1 - Servers/1 - RootRecord-Pacific-Solar-Server/System/scripts/sys-sample.sh"
2026-10-03T08:02:42-10:00job:sys_stats_cycle | SYSTEM  cpu=21%  load=2.03  mem=59%  src=sqlite
2026-10-03T08:02:42-10:00job:sys_stats_cycle | OK wrote /home/rootrecord/RootRecord-Ecosystem/2 - RootRecord-Database/System/system.db
2026-10-03T08:02:46-10:00job:security_camera_frame_grab | 08:02:29  📷  a-eyes  ch1 → ch1-20261003T180229Z.jpg  (430.4 KB, 4.37s)
2026-10-03T08:02:46-10:00job:security_camera_frame_grab | 08:02:33  📷  a-eyes  ch2 → ch2-20261003T180233Z.jpg  (242.1 KB, 4.45s)
2026-10-03T08:02:46-10:00job:security_camera_frame_grab | 08:02:37  📷  a-eyes  ch3 → ch3-20261003T180237Z.jpg  (217.4 KB, 4.47s)
2026-10-03T08:02:46-10:00job:security_camera_frame_grab | 08:02:42  📷  a-eyes  ch4 → ch4-20261003T180242Z.jpg  (137.6 KB, 4.28s)
2026-10-03T08:02:51-10:00  ✗  river2pro_read  WAITING
2026-10-03T08:02:51-10:00job:sys_stats_cycle RUN  bash "/home/rootrecord/RootRecord-Ecosystem/1 - Servers/1 - RootRecord-Pacific-Solar-Server/System/scripts/sys-sample.sh"
2026-10-03T08:02:52-10:00job:sys_stats_cycle | SYSTEM  cpu=29%  load=2.03  mem=59%  src=sqlite
2026-10-03T08:02:52-10:00job:sys_stats_cycle | OK wrote /home/rootrecord/RootRecord-Ecosystem/2 - RootRecord-Database/System/system.db
2026-10-03T08:02:55-10:00  ▸  SUMMARY=delta2 soc=0% solar=0W ac_out=0W usbc=0W src=ble db=ok
2026-10-03T08:02:55-10:00job:security_camera_frame_grab RUN  bash "/home/rootrecord/RootRecord-Ecosystem/1 - Servers/1 - RootRecord-Pacific-Solar-Server/Security/Cameras/grab_all.sh"
2026-10-03T08:02:55-10:00job:sys_stats_cycle RUN  bash "/home/rootrecord/RootRecord-Ecosystem/1 - Servers/1 - RootRecord-Pacific-Solar-Server/System/scripts/sys-sample.sh"
2026-10-03T08:02:56-10:00job:sys_stats_cycle | SYSTEM  cpu=7%  load=2.03  mem=59%  src=sqlite
2026-10-03T08:02:56-10:00job:sys_stats_cycle | OK wrote /home/rootrecord/RootRecord-Ecosystem/2 - RootRecord-Database/System/system.db
2026-10-03T08:03:04-10:00  ✗  river2pro_read  WAITING
2026-10-03T08:03:04-10:00job:sys_stats_cycle RUN  bash "/home/rootrecord/RootRecord-Ecosystem/1 - Servers/1 - RootRecord-Pacific-Solar-Server/System/scripts/sys-sample.sh"
2026-10-03T08:03:05-10:00job:sys_stats_cycle | SYSTEM  cpu=13%  load=2.53  mem=58%  src=sqlite
2026-10-03T08:03:05-10:00job:sys_stats_cycle | OK wrote /home/rootrecord/RootRecord-Ecosystem/2 - RootRecord-Database/System/system.db
2026-10-03T08:03:08-10:00  ▸  SUMMARY=delta2 soc=0% solar=0W ac_out=0W usbc=0W src=ble db=ok
2026-10-03T08:03:08-10:00job:energy_consolidate_hours RUN  nice -n 10 python3 "/home/rootrecord/RootRecord-Ecosystem/1 - Servers/1 - RootRecord-Pacific-Solar-Server/Energy/scripts/consolidate.py" hours
2026-10-03T08:03:08-10:00job:energy_consolidate_hours | SUMMARY=ecoflow_layers hours=0 json=periods.json
2026-10-03T08:03:08-10:00job:sys_stats_cycle RUN  bash "/home/rootrecord/RootRecord-Ecosystem/1 - Servers/1 - RootRecord-Pacific-Solar-Server/System/scripts/sys-sample.sh"
2026-10-03T08:03:09-10:00job:sys_stats_cycle | SYSTEM  cpu=18%  load=2.49  mem=58%  src=sqlite
2026-10-03T08:03:09-10:00job:sys_stats_cycle | OK wrote /home/rootrecord/RootRecord-Ecosystem/2 - RootRecord-Database/System/system.db
2026-10-03T08:03:09-10:00job:system_consolidate_hours RUN  nice -n 10 python3 "/home/rootrecord/RootRecord-Ecosystem/1 - Servers/1 - RootRecord-Pacific-Solar-Server/System/scripts/consolidate.py" hours
2026-10-03T08:03:09-10:00job:system_consolidate_hours | SUMMARY=system_layers hours=0
2026-10-03T08:03:13-10:00job:security_camera_frame_grab | 08:02:55  📷  a-eyes  ch1 → ch1-20261003T180255Z.jpg  (427.8 KB, 4.55s)
2026-10-03T08:03:13-10:00job:security_camera_frame_grab | 08:03:00  📷  a-eyes  ch2 → ch2-20261003T180300Z.jpg  (244.0 KB, 4.30s)
2026-10-03T08:03:13-10:00job:security_camera_frame_grab | 08:03:04  📷  a-eyes  ch3 → ch3-20261003T180304Z.jpg  (212.2 KB, 4.45s)
2026-10-03T08:03:13-10:00job:security_camera_frame_grab | 08:03:09  📷  a-eyes  ch4 → ch4-20261003T180309Z.jpg  (138.0 KB, 4.68s)
2026-10-03T08:03:18-10:00  ✗  river2pro_read  WAITING
2026-10-03T08:03:18-10:00job:sys_stats_cycle RUN  bash "/home/rootrecord/RootRecord-Ecosystem/1 - Servers/1 - RootRecord-Pacific-Solar-Server/System/scripts/sys-sample.sh"
2026-10-03T08:03:18-10:00job:sys_stats_cycle | SYSTEM  cpu=25%  load=2.42  mem=60%  src=sqlite
2026-10-03T08:03:18-10:00job:sys_stats_cycle | OK wrote /home/rootrecord/RootRecord-Ecosystem/2 - RootRecord-Database/System/system.db
2026-10-03T08:03:22-10:00  ▸  SUMMARY=delta2 soc=0% solar=0W ac_out=0W usbc=0W src=ble db=ok
2026-10-03T08:03:22-10:00job:security_camera_frame_grab RUN  bash "/home/rootrecord/RootRecord-Ecosystem/1 - Servers/1 - RootRecord-Pacific-Solar-Server/Security/Cameras/grab_all.sh"
2026-10-03T08:03:22-10:00job:sys_stats_cycle RUN  bash "/home/rootrecord/RootRecord-Ecosystem/1 - Servers/1 - RootRecord-Pacific-Solar-Server/System/scripts/sys-sample.sh"
2026-10-03T08:03:22-10:00job:sys_stats_cycle | SYSTEM  cpu=8%  load=2.39  mem=60%  src=sqlite
2026-10-03T08:03:22-10:00job:sys_stats_cycle | OK wrote /home/rootrecord/RootRecord-Ecosystem/2 - RootRecord-Database/System/system.db
2026-10-03T08:03:31-10:00  ✗  river2pro_read  WAITING
2026-10-03T08:03:31-10:00job:sys_stats_cycle RUN  bash "/home/rootrecord/RootRecord-Ecosystem/1 - Servers/1 - RootRecord-Pacific-Solar-Server/System/scripts/sys-sample.sh"
2026-10-03T08:03:31-10:00job:sys_stats_cycle | SYSTEM  cpu=33%  load=2.36  mem=59%  src=sqlite
2026-10-03T08:03:31-10:00job:sys_stats_cycle | OK wrote /home/rootrecord/RootRecord-Ecosystem/2 - RootRecord-Database/System/system.db
2026-10-03T08:03:35-10:00  ▸  SUMMARY=delta2 soc=0% solar=0W ac_out=0W usbc=0W src=ble db=ok
2026-10-03T08:03:35-10:00job:sys_stats_cycle RUN  bash "/home/rootrecord/RootRecord-Ecosystem/1 - Servers/1 - RootRecord-Pacific-Solar-Server/System/scripts/sys-sample.sh"
2026-10-03T08:03:35-10:00job:sys_stats_cycle | SYSTEM  cpu=15%  load=2.25  mem=59%  src=sqlite
2026-10-03T08:03:35-10:00job:sys_stats_cycle | OK wrote /home/rootrecord/RootRecord-Ecosystem/2 - RootRecord-Database/System/system.db
2026-10-03T08:03:40-10:00job:security_camera_frame_grab | 08:03:22  📷  a-eyes  ch1 → ch1-20261003T180322Z.jpg  (425.5 KB, 4.68s)
2026-10-03T08:03:40-10:00job:security_camera_frame_grab | 08:03:26  📷  a-eyes  ch2 → ch2-20261003T180326Z.jpg  (242.4 KB, 4.50s)
2026-10-03T08:03:40-10:00job:security_camera_frame_grab | 08:03:31  📷  a-eyes  ch3 → ch3-20261003T180331Z.jpg  (209.4 KB, 4.46s)
2026-10-03T08:03:40-10:00job:security_camera_frame_grab | 08:03:35  📷  a-eyes  ch4 → ch4-20261003T180335Z.jpg  (138.3 KB, 4.26s)
2026-10-03T08:03:44-10:00  ✗  river2pro_read  WAITING
2026-10-03T08:03:44-10:00HTTP listening on http://127.0.0.1:8799 (open access on bind)
2026-10-03T08:03:44-10:00boot:start  jobs=9
2026-10-03T08:03:44-10:00boot:run  priority=0  id=self_terminal
2026-10-03T08:03:44-10:00boot:p0 self_process pid=2755448
2026-10-03T08:03:44-10:00boot:run  priority=1  id=cloudflare_tunnel
2026-10-03T08:03:44-10:00boot:p1 cloudflare_tunnel host=rootserver.rootrecord.cloud
2026-10-03T08:03:45-10:00internet OK at boot — starting tunnel
2026-10-03T08:03:45-10:00Starting cloudflared mode=token public_host=rootserver.rootrecord.cloud
2026-10-03T08:03:45-10:00Waiting for tunnel register (timeout=45s)…
2026-10-03T08:03:45-10:00tunnel starting
2026-10-03T08:03:45-10:00tunnel connected  conn=0  edge=lax05
2026-10-03T08:03:45-10:00Tunnel READY — first connection registered.
2026-10-03T08:03:45-10:00boot:run  priority=2  id=github_setup_remotes
2026-10-03T08:03:45-10:00tunnel ingress  rootserver.rootrecord.cloud → 127.0.0.1:8799
2026-10-03T08:03:46-10:00boot:run  priority=3  id=ollama_warmup
2026-10-03T08:03:46-10:00job:ollama_warmup RUN  bash '/home/rootrecord/RootRecord-Ecosystem/1 - Servers/1 - RootRecord-Pacific-Solar-Server/System/scripts/plumbing/ollama-warmup.sh'
2026-10-03T08:03:46-10:00job:ollama_warmup | [ok] ollama up
2026-10-03T08:03:46-10:00boot:run  priority=4  id=flm_npu_warmup
2026-10-03T08:03:46-10:00job:flm_npu_warmup RUN  bash '/home/rootrecord/RootRecord-Ecosystem/1 - Servers/1 - RootRecord-Pacific-Solar-Server/System/scripts/plumbing/flm-warmup.sh'
2026-10-03T08:03:46-10:00tunnel connected  conn=1  edge=lax13
2026-10-03T08:03:46-10:00job:flm_npu_warmup | [skip] FLM warmup disabled (no resident model; set FLM_WARMUP_RESIDENT=1 to opt in)
2026-10-03T08:03:46-10:00boot:run  priority=5  id=council_relay
2026-10-03T08:03:46-10:00job:council_relay RUN  bash "/home/rootrecord/RootRecord-Ecosystem/1 - Servers/1 - RootRecord-Pacific-Solar-Server/Communications/telegram/scripts/ensure-relay.sh"
2026-10-03T08:03:47-10:00tunnel connected  conn=2  edge=lax13
2026-10-03T08:03:48-10:00tunnel connected  conn=3  edge=lax10
2026-10-03T08:03:49-10:00job:council_relay | [ok] council-relay started pid=2755781 → /home/rootrecord/RootRecord-Ecosystem/2 - RootRecord-Database/Logs/Communications/council-relay.log
2026-10-03T08:03:49-10:00boot:run  priority=6  id=security_camera_server
2026-10-03T08:03:49-10:00job:security_camera_server RUN  bash "/home/rootrecord/RootRecord-Ecosystem/1 - Servers/1 - RootRecord-Pacific-Solar-Server/Security/Cameras/ensure_cam_server.sh"
2026-10-03T08:03:49-10:00job:security_camera_server | security cam server started
2026-10-03T08:03:49-10:00boot:run  priority=7  id=security_timelapse_catchup
2026-10-03T08:03:49-10:00job:security_timelapse_catchup RUN  bash "/home/rootrecord/RootRecord-Ecosystem/1 - Servers/1 - RootRecord-Pacific-Solar-Server/Security/Cameras/timelapse_catchup.sh"
2026-10-03T08:03:49-10:00job:security_timelapse_catchup | 08:03:49  🎬  a-eyes-timelapse  catchup: checking 20261003, now=08:03 HST
2026-10-03T08:03:49-10:00job:security_timelapse_catchup | 08:03:49  🎬  a-eyes-timelapse  hour 05 already compiled, skipping
2026-10-03T08:03:49-10:00job:security_timelapse_catchup | 08:03:49  🎬  a-eyes-timelapse  hour 06 already compiled, skipping
2026-10-03T08:03:49-10:00job:security_timelapse_catchup | 08:03:49  🎬  a-eyes-timelapse  hour 07 already compiled, skipping
2026-10-03T08:03:49-10:00job:security_timelapse_catchup | 08:03:49  🎬  a-eyes-timelapse  catchup: window still open today, skipping daily render
2026-10-03T08:03:49-10:00boot:run  priority=9  id=network_globe_hawaii
2026-10-03T08:03:49-10:00job:network_globe_hawaii RUN  bash "/home/rootrecord/RootRecord-Ecosystem/1 - Servers/1 - RootRecord-Pacific-Solar-Server/Communications/network/scripts/ensure-network-globe-hawaii.sh"
2026-10-03T08:03:49-10:00job:network_globe_hawaii | [ensure-network-globe-hawaii] already running -- nothing to do
2026-10-03T08:03:49-10:00boot:done
2026-10-03T08:04:01-10:00  ▸  SUMMARY=delta2 soc=0% solar=0W ac_out=0W usbc=0W src=ble db=ok
2026-10-03T08:04:01-10:00hour-lane  restored done=2
2026-10-03T08:04:01-10:00scheduler  MODE=jobs.py exact_time=34
2026-10-03T08:04:13-10:00  ✗  river2pro_read  WAITING
2026-10-03T08:04:13-10:00job:sys_stats_cycle RUN  bash "/home/rootrecord/RootRecord-Ecosystem/1 - Servers/1 - RootRecord-Pacific-Solar-Server/System/scripts/sys-sample.sh"
2026-10-03T08:04:13-10:00job:sys_stats_cycle | SYSTEM  cpu=5%  load=2.45  mem=58%  src=sqlite
2026-10-03T08:04:13-10:00job:sys_stats_cycle | OK wrote /home/rootrecord/RootRecord-Ecosystem/2 - RootRecord-Database/System/system.db
2026-10-03T08:04:17-10:00  ▸  SUMMARY=delta2 soc=0% solar=0W ac_out=0W usbc=0W src=ble db=ok
2026-10-03T08:04:17-10:00job:security_camera_frame_grab RUN  bash "/home/rootrecord/RootRecord-Ecosystem/1 - Servers/1 - RootRecord-Pacific-Solar-Server/Security/Cameras/grab_all.sh"
2026-10-03T08:04:17-10:00job:sys_stats_cycle RUN  bash "/home/rootrecord/RootRecord-Ecosystem/1 - Servers/1 - RootRecord-Pacific-Solar-Server/System/scripts/sys-sample.sh"
2026-10-03T08:04:18-10:00job:sys_stats_cycle | SYSTEM  cpu=6%  load=2.34  mem=59%  src=sqlite
2026-10-03T08:04:18-10:00job:sys_stats_cycle | OK wrote /home/rootrecord/RootRecord-Ecosystem/2 - RootRecord-Database/System/system.db
2026-10-03T08:04:27-10:00  ✗  river2pro_read  WAITING
2026-10-03T08:04:27-10:00job:sys_stats_cycle RUN  bash "/home/rootrecord/RootRecord-Ecosystem/1 - Servers/1 - RootRecord-Pacific-Solar-Server/System/scripts/sys-sample.sh"
2026-10-03T08:04:28-10:00job:sys_stats_cycle | SYSTEM  cpu=19%  load=2.94  mem=60%  src=sqlite
2026-10-03T08:04:28-10:00job:sys_stats_cycle | OK wrote /home/rootrecord/RootRecord-Ecosystem/2 - RootRecord-Database/System/system.db
2026-10-03T08:04:31-10:00  ▸  SUMMARY=delta2 soc=0% solar=0W ac_out=0W usbc=0W src=ble db=ok
2026-10-03T08:04:31-10:00job:sys_stats_cycle RUN  bash "/home/rootrecord/RootRecord-Ecosystem/1 - Servers/1 - RootRecord-Pacific-Solar-Server/System/scripts/sys-sample.sh"
2026-10-03T08:04:32-10:00job:sys_stats_cycle | SYSTEM  cpu=20%  load=2.87  mem=60%  src=sqlite
2026-10-03T08:04:32-10:00job:sys_stats_cycle | OK wrote /home/rootrecord/RootRecord-Ecosystem/2 - RootRecord-Database/System/system.db
2026-10-03T08:04:35-10:00job:security_camera_frame_grab | 08:04:17  📷  a-eyes  ch1 → ch1-20261003T180417Z.jpg  (432.1 KB, 4.34s)
2026-10-03T08:04:35-10:00job:security_camera_frame_grab | 08:04:22  📷  a-eyes  ch2 → ch2-20261003T180422Z.jpg  (226.5 KB, 4.44s)
2026-10-03T08:04:35-10:00job:security_camera_frame_grab | 08:04:26  📷  a-eyes  ch3 → ch3-20261003T180426Z.jpg  (219.8 KB, 4.48s)
2026-10-03T08:04:35-10:00job:security_camera_frame_grab | 08:04:31  📷  a-eyes  ch4 → ch4-20261003T180431Z.jpg  (133.5 KB, 4.37s)
2026-10-03T08:04:40-10:00  ✗  river2pro_read  WAITING
2026-10-03T08:04:40-10:00job:sys_stats_cycle RUN  bash "/home/rootrecord/RootRecord-Ecosystem/1 - Servers/1 - RootRecord-Pacific-Solar-Server/System/scripts/sys-sample.sh"
2026-10-03T08:04:41-10:00job:sys_stats_cycle | SYSTEM  cpu=8%  load=2.72  mem=59%  src=sqlite
2026-10-03T08:04:41-10:00job:sys_stats_cycle | OK wrote /home/rootrecord/RootRecord-Ecosystem/2 - RootRecord-Database/System/system.db
2026-10-03T08:04:45-10:00  ▸  SUMMARY=delta2 soc=0% solar=0W ac_out=0W usbc=0W src=ble db=ok
2026-10-03T08:04:45-10:00job:energy_consolidate_hours RUN  nice -n 10 python3 "/home/rootrecord/RootRecord-Ecosystem/1 - Servers/1 - RootRecord-Pacific-Solar-Server/Energy/scripts/consolidate.py" hours
2026-10-03T08:04:45-10:00job:energy_consolidate_hours | SUMMARY=ecoflow_layers hours=0 json=periods.json
2026-10-03T08:04:45-10:00job:security_camera_frame_grab RUN  bash "/home/rootrecord/RootRecord-Ecosystem/1 - Servers/1 - RootRecord-Pacific-Solar-Server/Security/Cameras/grab_all.sh"
2026-10-03T08:04:45-10:00job:sys_stats_cycle RUN  bash "/home/rootrecord/RootRecord-Ecosystem/1 - Servers/1 - RootRecord-Pacific-Solar-Server/System/scripts/sys-sample.sh"
2026-10-03T08:04:45-10:00job:sys_stats_cycle | SYSTEM  cpu=14%  load=2.66  mem=59%  src=sqlite
2026-10-03T08:04:45-10:00job:sys_stats_cycle | OK wrote /home/rootrecord/RootRecord-Ecosystem/2 - RootRecord-Database/System/system.db
2026-10-03T08:04:45-10:00job:system_consolidate_hours RUN  nice -n 10 python3 "/home/rootrecord/RootRecord-Ecosystem/1 - Servers/1 - RootRecord-Pacific-Solar-Server/System/scripts/consolidate.py" hours
2026-10-03T08:04:45-10:00job:system_consolidate_hours | SUMMARY=system_layers hours=0
2026-10-03T08:04:54-10:00  ✗  river2pro_read  WAITING
2026-10-03T08:04:54-10:00job:sys_stats_cycle RUN  bash "/home/rootrecord/RootRecord-Ecosystem/1 - Servers/1 - RootRecord-Pacific-Solar-Server/System/scripts/sys-sample.sh"
2026-10-03T08:04:54-10:00job:sys_stats_cycle | SYSTEM  cpu=12%  load=2.25  mem=59%  src=sqlite
2026-10-03T08:04:54-10:00job:sys_stats_cycle | OK wrote /home/rootrecord/RootRecord-Ecosystem/2 - RootRecord-Database/System/system.db
2026-10-03T08:04:58-10:00  ▸  SUMMARY=delta2 soc=0% solar=0W ac_out=0W usbc=0W src=ble db=ok
2026-10-03T08:04:58-10:00job:sys_stats_cycle RUN  bash "/home/rootrecord/RootRecord-Ecosystem/1 - Servers/1 - RootRecord-Pacific-Solar-Server/System/scripts/sys-sample.sh"
2026-10-03T08:04:58-10:00job:sys_stats_cycle | SYSTEM  cpu=25%  load=2.23  mem=59%  src=sqlite
2026-10-03T08:04:58-10:00job:sys_stats_cycle | OK wrote /home/rootrecord/RootRecord-Ecosystem/2 - RootRecord-Database/System/system.db
2026-10-03T08:05:02-10:00job:security_camera_frame_grab | 08:04:45  📷  a-eyes  ch1 → ch1-20261003T180445Z.jpg  (431.1 KB, 4.38s)
2026-10-03T08:05:02-10:00job:security_camera_frame_grab | 08:04:49  📷  a-eyes  ch2 → ch2-20261003T180449Z.jpg  (223.8 KB, 4.32s)
2026-10-03T08:05:02-10:00job:security_camera_frame_grab | 08:04:54  📷  a-eyes  ch3 → ch3-20261003T180454Z.jpg  (219.9 KB, 4.49s)
2026-10-03T08:05:02-10:00job:security_camera_frame_grab | 08:04:58  📷  a-eyes  ch4 → ch4-20261003T180458Z.jpg  (129.7 KB, 4.34s)
2026-10-03T08:05:07-10:00  ✗  river2pro_read  WAITING
2026-10-03T08:05:07-10:00job:sys_stats_cycle RUN  bash "/home/rootrecord/RootRecord-Ecosystem/1 - Servers/1 - RootRecord-Pacific-Solar-Server/System/scripts/sys-sample.sh"
2026-10-03T08:05:07-10:00job:sys_stats_cycle | SYSTEM  cpu=20%  load=2.93  mem=59%  src=sqlite
2026-10-03T08:05:07-10:00job:sys_stats_cycle | OK wrote /home/rootrecord/RootRecord-Ecosystem/2 - RootRecord-Database/System/system.db
2026-10-03T08:05:11-10:00  ▸  SUMMARY=delta2 soc=0% solar=0W ac_out=0W usbc=0W src=ble db=ok
2026-10-03T08:05:11-10:00job:security_camera_frame_grab RUN  bash "/home/rootrecord/RootRecord-Ecosystem/1 - Servers/1 - RootRecord-Pacific-Solar-Server/Security/Cameras/grab_all.sh"
2026-10-03T08:05:11-10:00job:sys_stats_cycle RUN  bash "/home/rootrecord/RootRecord-Ecosystem/1 - Servers/1 - RootRecord-Pacific-Solar-Server/System/scripts/sys-sample.sh"
2026-10-03T08:05:11-10:00job:sys_stats_cycle | SYSTEM  cpu=8%  load=2.93  mem=58%  src=sqlite
2026-10-03T08:05:11-10:00job:sys_stats_cycle | OK wrote /home/rootrecord/RootRecord-Ecosystem/2 - RootRecord-Database/System/system.db
2026-10-03T08:05:20-10:00  ✗  river2pro_read  WAITING
2026-10-03T08:05:20-10:00job:sys_stats_cycle RUN  bash "/home/rootrecord/RootRecord-Ecosystem/1 - Servers/1 - RootRecord-Pacific-Solar-Server/System/scripts/sys-sample.sh"
2026-10-03T08:05:20-10:00job:sys_stats_cycle | SYSTEM  cpu=62%  load=2.56  mem=61%  src=sqlite
2026-10-03T08:05:20-10:00job:sys_stats_cycle | OK wrote /home/rootrecord/RootRecord-Ecosystem/2 - RootRecord-Database/System/system.db
2026-10-03T08:05:24-10:00  ▸  SUMMARY=delta2 soc=0% solar=0W ac_out=0W usbc=0W src=ble db=ok
2026-10-03T08:05:24-10:00job:energy_consolidate_minutes RUN  nice -n 10 python3 "/home/rootrecord/RootRecord-Ecosystem/1 - Servers/1 - RootRecord-Pacific-Solar-Server/Energy/scripts/consolidate.py" minutes
2026-10-03T08:05:26-10:00job:energy_consolidate_minutes | SUMMARY=ecoflow_layers minutes=9774
2026-10-03T08:05:26-10:00job:hawaii_to_ml2 RUN  bash "/home/rootrecord/RootRecord-Ecosystem/1 - Servers/3 - RootRecord-US-Mainland-Two/scripts/hawaii-to-ml2.sh"
2026-10-03T08:05:29-10:00job:security_camera_frame_grab | 08:05:11  📷  a-eyes  ch1 → ch1-20261003T180511Z.jpg  (428.4 KB, 4.30s)
2026-10-03T08:05:29-10:00job:security_camera_frame_grab | 08:05:15  📷  a-eyes  ch2 → ch2-20261003T180515Z.jpg  (215.6 KB, 4.41s)
2026-10-03T08:05:29-10:00job:security_camera_frame_grab | 08:05:20  📷  a-eyes  ch3 → ch3-20261003T180520Z.jpg  (208.3 KB, 4.68s)
2026-10-03T08:05:29-10:00job:security_camera_frame_grab | 08:05:24  📷  a-eyes  ch4 → ch4-20261003T180524Z.jpg  (121.1 KB, 4.63s)
2026-10-03T08:05:46-10:00job:hawaii_to_ml2 | hawaii-to-ml2: SSH /home/rootrecord/RootRecord-Ecosystem/2 - RootRecord-Database → ml2:US-Mainland-Server-2/var/bank/
2026-10-03T08:05:46-10:00job:hawaii_to_ml2 | hawaii-to-ml2: ok transport=remote
2026-10-03T08:05:46-10:00job:security_camera_frame_grab RUN  bash "/home/rootrecord/RootRecord-Ecosystem/1 - Servers/1 - RootRecord-Pacific-Solar-Server/Security/Cameras/grab_all.sh"
2026-10-03T08:05:46-10:00job:sys_stats_cycle RUN  bash "/home/rootrecord/RootRecord-Ecosystem/1 - Servers/1 - RootRecord-Pacific-Solar-Server/System/scripts/sys-sample.sh"
2026-10-03T08:05:47-10:00job:sys_stats_cycle | SYSTEM  cpu=31%  load=2.26  mem=63%  src=sqlite
2026-10-03T08:05:47-10:00job:sys_stats_cycle | OK wrote /home/rootrecord/RootRecord-Ecosystem/2 - RootRecord-Database/System/system.db
2026-10-03T08:05:47-10:00job:system_consolidate_minutes RUN  nice -n 10 python3 "/home/rootrecord/RootRecord-Ecosystem/1 - Servers/1 - RootRecord-Pacific-Solar-Server/System/scripts/consolidate.py" minutes
2026-10-03T08:05:48-10:00job:system_consolidate_minutes | SUMMARY=system_layers minutes=182
2026-10-03T08:05:56-10:00  ✗  river2pro_read  WAITING
2026-10-03T08:05:56-10:00job:sys_stats_cycle RUN  bash "/home/rootrecord/RootRecord-Ecosystem/1 - Servers/1 - RootRecord-Pacific-Solar-Server/System/scripts/sys-sample.sh"
2026-10-03T08:05:57-10:00job:sys_stats_cycle | SYSTEM  cpu=13%  load=2.14  mem=61%  src=sqlite
2026-10-03T08:05:57-10:00job:sys_stats_cycle | OK wrote /home/rootrecord/RootRecord-Ecosystem/2 - RootRecord-Database/System/system.db
2026-10-03T08:06:01-10:00  ▸  SUMMARY=delta2 soc=0% solar=0W ac_out=0W usbc=0W src=ble db=ok
2026-10-03T08:06:01-10:00job:sys_stats_cycle RUN  bash "/home/rootrecord/RootRecord-Ecosystem/1 - Servers/1 - RootRecord-Pacific-Solar-Server/System/scripts/sys-sample.sh"
2026-10-03T08:06:01-10:00job:sys_stats_cycle | SYSTEM  cpu=38%  load=2.14  mem=60%  src=sqlite
2026-10-03T08:06:01-10:00job:sys_stats_cycle | OK wrote /home/rootrecord/RootRecord-Ecosystem/2 - RootRecord-Database/System/system.db
2026-10-03T08:06:05-10:00job:security_camera_frame_grab | 08:05:47  📷  a-eyes  ch1 → ch1-20261003T180547Z.jpg  (432.9 KB, 4.35s)
2026-10-03T08:06:05-10:00job:security_camera_frame_grab | 08:05:51  📷  a-eyes  ch2 → ch2-20261003T180551Z.jpg  (210.2 KB, 4.53s)
2026-10-03T08:06:05-10:00job:security_camera_frame_grab | 08:05:56  📷  a-eyes  ch3 → ch3-20261003T180556Z.jpg  (199.1 KB, 4.48s)
2026-10-03T08:06:05-10:00job:security_camera_frame_grab | 08:06:00  📷  a-eyes  ch4 → ch4-20261003T180600Z.jpg  (125.2 KB, 4.49s)
2026-10-03T08:06:10-10:00  ✗  river2pro_read  WAITING
2026-10-03T08:06:10-10:00job:sys_stats_cycle RUN  bash "/home/rootrecord/RootRecord-Ecosystem/1 - Servers/1 - RootRecord-Pacific-Solar-Server/System/scripts/sys-sample.sh"
2026-10-03T08:06:10-10:00job:sys_stats_cycle | SYSTEM  cpu=6%  load=2.12  mem=60%  src=sqlite
2026-10-03T08:06:10-10:00job:sys_stats_cycle | OK wrote /home/rootrecord/RootRecord-Ecosystem/2 - RootRecord-Database/System/system.db
2026-10-03T08:06:11-10:00tunnel timeout — reconnecting
2026-10-03T08:06:11-10:00tunnel timeout — reconnecting
2026-10-03T08:06:12-10:00tunnel timeout — reconnecting
2026-10-03T08:06:12-10:00tunnel timeout — reconnecting
2026-10-03T08:06:12-10:00tunnel timeout — reconnecting
2026-10-03T08:06:12-10:00tunnel timeout — reconnecting
2026-10-03T08:06:12-10:00tunnel timeout — reconnecting
2026-10-03T08:06:14-10:00tunnel connected  conn=0  edge=lax07
2026-10-03T08:06:14-10:00  ▸  SUMMARY=delta2 soc=0% solar=0W ac_out=0W usbc=0W src=ble db=ok
2026-10-03T08:06:14-10:00job:security_camera_frame_grab RUN  bash "/home/rootrecord/RootRecord-Ecosystem/1 - Servers/1 - RootRecord-Pacific-Solar-Server/Security/Cameras/grab_all.sh"
2026-10-03T08:06:14-10:00job:sys_stats_cycle RUN  bash "/home/rootrecord/RootRecord-Ecosystem/1 - Servers/1 - RootRecord-Pacific-Solar-Server/System/scripts/sys-sample.sh"
2026-10-03T08:06:14-10:00job:sys_stats_cycle | SYSTEM  cpu=49%  load=2.03  mem=62%  src=sqlite
2026-10-03T08:06:14-10:00job:sys_stats_cycle | OK wrote /home/rootrecord/RootRecord-Ecosystem/2 - RootRecord-Database/System/system.db
2026-10-03T08:06:23-10:00  ✗  river2pro_read  WAITING
2026-10-03T08:06:23-10:00job:sys_stats_cycle RUN  bash "/home/rootrecord/RootRecord-Ecosystem/1 - Servers/1 - RootRecord-Pacific-Solar-Server/System/scripts/sys-sample.sh"
2026-10-03T08:06:24-10:00job:sys_stats_cycle | SYSTEM  cpu=6%  load=2.10  mem=61%  src=sqlite
2026-10-03T08:06:24-10:00job:sys_stats_cycle | OK wrote /home/rootrecord/RootRecord-Ecosystem/2 - RootRecord-Database/System/system.db
2026-10-03T08:06:25-10:00tunnel connected  conn=3  edge=lax01
2026-10-03T08:06:25-10:00tunnel connected  conn=2  edge=lax05
2026-10-03T08:06:25-10:00tunnel connected  conn=1  edge=lax13
2026-10-03T08:06:28-10:00  ▸  SUMMARY=delta2 soc=0% solar=0W ac_out=0W usbc=0W src=ble db=ok
2026-10-03T08:06:28-10:00job:energy_consolidate_hours RUN  nice -n 10 python3 "/home/rootrecord/RootRecord-Ecosystem/1 - Servers/1 - RootRecord-Pacific-Solar-Server/Energy/scripts/consolidate.py" hours
2026-10-03T08:06:28-10:00job:energy_consolidate_hours | SUMMARY=ecoflow_layers hours=0 json=periods.json
2026-10-03T08:06:28-10:00job:live_picture RUN  nice -n 10 python3 "/home/rootrecord/RootRecord-Ecosystem/1 - Servers/1 - RootRecord-Pacific-Solar-Server/Media/Video/scripts/live_picture.py"
2026-10-03T08:06:32-10:00job:security_camera_frame_grab | 08:06:14  📷  a-eyes  ch1 → ch1-20261003T180614Z.jpg  (422.1 KB, 4.42s)
2026-10-03T08:06:32-10:00job:security_camera_frame_grab | 08:06:18  📷  a-eyes  ch2 → ch2-20261003T180618Z.jpg  (209.1 KB, 4.38s)
2026-10-03T08:06:32-10:00job:security_camera_frame_grab | 08:06:23  📷  a-eyes  ch3 → ch3-20261003T180623Z.jpg  (199.0 KB, 4.47s)
2026-10-03T08:06:32-10:00job:security_camera_frame_grab | 08:06:27  📷  a-eyes  ch4 → ch4-20261003T180627Z.jpg  (125.4 KB, 4.49s)
2026-10-03T08:06:39-10:00job:live_picture | {"ok": true, "detail": "local+clock+thumb", "path": "/home/rootrecord/RootRecord-Ecosystem/1 - Servers/1 - RootRecord-Pacific-Solar-Server/Media/Video/live-frame.png", "size": [1920, 1080]}
2026-10-03T08:06:39-10:00job:security_camera_frame_grab RUN  bash "/home/rootrecord/RootRecord-Ecosystem/1 - Servers/1 - RootRecord-Pacific-Solar-Server/Security/Cameras/grab_all.sh"
2026-10-03T08:06:39-10:00job:sys_stats_cycle RUN  bash "/home/rootrecord/RootRecord-Ecosystem/1 - Servers/1 - RootRecord-Pacific-Solar-Server/System/scripts/sys-sample.sh"
2026-10-03T08:06:40-10:00job:sys_stats_cycle | SYSTEM  cpu=17%  load=2.15  mem=60%  src=sqlite
2026-10-03T08:06:40-10:00job:sys_stats_cycle | OK wrote /home/rootrecord/RootRecord-Ecosystem/2 - RootRecord-Database/System/system.db
2026-10-03T08:06:40-10:00job:system_consolidate_hours RUN  nice -n 10 python3 "/home/rootrecord/RootRecord-Ecosystem/1 - Servers/1 - RootRecord-Pacific-Solar-Server/System/scripts/consolidate.py" hours
2026-10-03T08:06:40-10:00job:system_consolidate_hours | SUMMARY=system_layers hours=0
2026-10-03T08:06:48-10:00  ✗  river2pro_read  WAITING
2026-10-03T08:06:48-10:00job:sys_stats_cycle RUN  bash "/home/rootrecord/RootRecord-Ecosystem/1 - Servers/1 - RootRecord-Pacific-Solar-Server/System/scripts/sys-sample.sh"
2026-10-03T08:06:49-10:00job:sys_stats_cycle | SYSTEM  cpu=17%  load=2.05  mem=60%  src=sqlite
2026-10-03T08:06:49-10:00job:sys_stats_cycle | OK wrote /home/rootrecord/RootRecord-Ecosystem/2 - RootRecord-Database/System/system.db
2026-10-03T08:06:53-10:00  ▸  SUMMARY=delta2 soc=0% solar=0W ac_out=0W usbc=0W src=ble db=ok
2026-10-03T08:06:53-10:00job:sys_stats_cycle RUN  bash "/home/rootrecord/RootRecord-Ecosystem/1 - Servers/1 - RootRecord-Pacific-Solar-Server/System/scripts/sys-sample.sh"
2026-10-03T08:06:53-10:00job:sys_stats_cycle | SYSTEM  cpu=15%  load=2.13  mem=60%  src=sqlite
2026-10-03T08:06:53-10:00job:sys_stats_cycle | OK wrote /home/rootrecord/RootRecord-Ecosystem/2 - RootRecord-Database/System/system.db
2026-10-03T08:06:55-10:00job:github_sync_all | ↑ [ecosystem] committed 57 local file(s)
2026-10-03T08:06:55-10:00job:github_sync_all | ↓ [ecosystem] fetching origin/main
2026-10-03T08:06:55-10:00job:github_sync_all | From github.com:RootRecord-Software-Solutions/RootRecord-Ecosystem
2026-10-03T08:06:55-10:00job:github_sync_all | * branch              main       -> FETCH_HEAD
2026-10-03T08:06:55-10:00job:github_sync_all | * [new branch]        main       -> origin/main
2026-10-03T08:06:55-10:00job:github_sync_all | ↑ [ecosystem] local is ahead of GitHub
2026-10-03T08:06:55-10:00job:github_sync_all | remote: warning: See https://gh.io/lfs for more information.
2026-10-03T08:06:55-10:00job:github_sync_all | remote: warning: File 2 - RootRecord-Database/Energy/layers/1sec.db is 74.45 MB; this is larger than GitHub's recommended maximum file size of 50.00 MB
2026-10-03T08:06:55-10:00job:github_sync_all | remote: warning: GH001: Large files detected. You may want to try Git Large File Storage - https://git-lfs.github.com.
2026-10-03T08:06:55-10:00job:github_sync_all | To github.com:RootRecord-Software-Solutions/RootRecord-Ecosystem.git
2026-10-03T08:06:55-10:00job:github_sync_all | cf7fc476..33f32d59  HEAD -> main
2026-10-03T08:06:55-10:00job:github_sync_all | branch 'main' set up to track 'origin/main'.
2026-10-03T08:06:55-10:00job:github_sync_all | ↑ [ecosystem] 57 files → RootRecord-Software-Solutions/RootRecord-Ecosystem (main)
2026-10-03T08:06:55-10:00job:github_sync_all | ↑ [pacific] committed 7 local file(s)
2026-10-03T08:06:55-10:00job:github_sync_all | ↓ [pacific] fetching origin/main
2026-10-03T08:06:55-10:00job:github_sync_all | From github.com:RootRecord-Software-Solutions/RootRecord-Pacific-Solar-Server
2026-10-03T08:06:55-10:00job:github_sync_all | * branch            main       -> FETCH_HEAD
2026-10-03T08:06:55-10:00job:github_sync_all | ↑ [pacific] local is ahead of GitHub
2026-10-03T08:06:55-10:00job:github_sync_all | To github.com:RootRecord-Software-Solutions/RootRecord-Pacific-Solar-Server.git
2026-10-03T08:06:55-10:00job:github_sync_all | e0e997a..8435d34  HEAD -> main
2026-10-03T08:06:55-10:00job:github_sync_all | branch 'main' set up to track 'origin/main'.
2026-10-03T08:06:55-10:00job:github_sync_all | ↑ [pacific] 7 files → RootRecord-Software-Solutions/RootRecord-Pacific-Solar-Server (main)
2026-10-03T08:06:55-10:00job:github_sync_all | ↑ [database] committed 189 local file(s)
2026-10-03T08:06:55-10:00job:github_sync_all | ↓ [database] fetching origin/main
2026-10-03T08:06:55-10:00job:github_sync_all | From github.com:RootRecord-Software-Solutions/RootRecord-Database
2026-10-03T08:06:55-10:00job:github_sync_all | * branch                main       -> FETCH_HEAD
2026-10-03T08:06:55-10:00job:github_sync_all | ↑ [database] local is ahead of GitHub
2026-10-03T08:06:55-10:00job:github_sync_all | remote: warning: See https://gh.io/lfs for more information.
2026-10-03T08:06:55-10:00job:github_sync_all | remote: warning: File Energy/layers/1sec.db is 74.45 MB; this is larger than GitHub's recommended maximum file size of 50.00 MB
2026-10-03T08:06:55-10:00job:github_sync_all | remote: warning: GH001: Large files detected. You may want to try Git Large File Storage - https://git-lfs.github.com.
2026-10-03T08:06:55-10:00job:github_sync_all | To github.com:RootRecord-Software-Solutions/RootRecord-Database.git
2026-10-03T08:06:55-10:00job:github_sync_all | 13812b014..52ccd7c5b  HEAD -> main
2026-10-03T08:06:55-10:00job:github_sync_all | branch 'main' set up to track 'origin/main'.
2026-10-03T08:06:55-10:00job:github_sync_all | ↑ [database] 189 files → RootRecord-Software-Solutions/RootRecord-Database (main)
2026-10-03T08:06:55-10:00job:github_sync_all | — [library] no local changes
2026-10-03T08:06:55-10:00job:github_sync_all | ↓ [library] fetching origin/main
2026-10-03T08:06:55-10:00job:github_sync_all | From github.com:RootRecord-Software-Solutions/RootRecord-Library
2026-10-03T08:06:55-10:00job:github_sync_all | * branch            main       -> FETCH_HEAD
2026-10-03T08:06:55-10:00job:github_sync_all | — [library] local and GitHub already match
2026-10-03T08:06:55-10:00job:github_sync_all | — [library] nothing to push
2026-10-03T08:06:57-10:00job:security_camera_frame_grab | 08:06:39  📷  a-eyes  ch1 → ch1-20261003T180639Z.jpg  (422.0 KB, 4.27s)
2026-10-03T08:06:57-10:00job:security_camera_frame_grab | 08:06:44  📷  a-eyes  ch2 → ch2-20261003T180644Z.jpg  (210.9 KB, 4.35s)
2026-10-03T08:06:57-10:00job:security_camera_frame_grab | 08:06:48  📷  a-eyes  ch3 → ch3-20261003T180648Z.jpg  (197.9 KB, 4.38s)
2026-10-03T08:06:57-10:00job:security_camera_frame_grab | 08:06:52  📷  a-eyes  ch4 → ch4-20261003T180652Z.jpg  (124.6 KB, 4.48s)
2026-10-03T08:07:02-10:00  ✗  river2pro_read  WAITING
2026-10-03T08:07:02-10:00job:sys_stats_cycle RUN  bash "/home/rootrecord/RootRecord-Ecosystem/1 - Servers/1 - RootRecord-Pacific-Solar-Server/System/scripts/sys-sample.sh"
2026-10-03T08:07:03-10:00job:sys_stats_cycle | SYSTEM  cpu=21%  load=1.95  mem=60%  src=sqlite
2026-10-03T08:07:03-10:00job:sys_stats_cycle | OK wrote /home/rootrecord/RootRecord-Ecosystem/2 - RootRecord-Database/System/system.db
2026-10-03T08:07:06-10:00  ▸  SUMMARY=delta2 soc=0% solar=0W ac_out=0W usbc=0W src=ble db=ok
2026-10-03T08:07:06-10:00job:security_camera_frame_grab RUN  bash "/home/rootrecord/RootRecord-Ecosystem/1 - Servers/1 - RootRecord-Pacific-Solar-Server/Security/Cameras/grab_all.sh"
2026-10-03T08:07:06-10:00job:sys_stats_cycle RUN  bash "/home/rootrecord/RootRecord-Ecosystem/1 - Servers/1 - RootRecord-Pacific-Solar-Server/System/scripts/sys-sample.sh"
2026-10-03T08:07:07-10:00job:sys_stats_cycle | SYSTEM  cpu=9%  load=2.04  mem=60%  src=sqlite
2026-10-03T08:07:07-10:00job:sys_stats_cycle | OK wrote /home/rootrecord/RootRecord-Ecosystem/2 - RootRecord-Database/System/system.db
2026-10-03T08:07:15-10:00  ✗  river2pro_read  WAITING
2026-10-03T08:07:15-10:00job:sys_stats_cycle RUN  bash "/home/rootrecord/RootRecord-Ecosystem/1 - Servers/1 - RootRecord-Pacific-Solar-Server/System/scripts/sys-sample.sh"
2026-10-03T08:07:16-10:00job:sys_stats_cycle | SYSTEM  cpu=8%  load=2.11  mem=61%  src=sqlite
2026-10-03T08:07:16-10:00job:sys_stats_cycle | OK wrote /home/rootrecord/RootRecord-Ecosystem/2 - RootRecord-Database/System/system.db
2026-10-03T08:07:19-10:00  ▸  SUMMARY=delta2 soc=0% solar=0W ac_out=0W usbc=0W src=ble db=ok
2026-10-03T08:07:19-10:00job:energy_consolidate_minutes RUN  nice -n 10 python3 "/home/rootrecord/RootRecord-Ecosystem/1 - Servers/1 - RootRecord-Pacific-Solar-Server/Energy/scripts/consolidate.py" minutes
2026-10-03T08:07:20-10:00job:energy_consolidate_minutes | SUMMARY=ecoflow_layers minutes=6318
2026-10-03T08:07:20-10:00job:sys_stats_cycle RUN  bash "/home/rootrecord/RootRecord-Ecosystem/1 - Servers/1 - RootRecord-Pacific-Solar-Server/System/scripts/sys-sample.sh"
2026-10-03T08:07:21-10:00job:sys_stats_cycle | SYSTEM  cpu=8%  load=2.02  mem=61%  src=sqlite
2026-10-03T08:07:21-10:00job:sys_stats_cycle | OK wrote /home/rootrecord/RootRecord-Ecosystem/2 - RootRecord-Database/System/system.db
2026-10-03T08:07:21-10:00job:system_consolidate_minutes RUN  nice -n 10 python3 "/home/rootrecord/RootRecord-Ecosystem/1 - Servers/1 - RootRecord-Pacific-Solar-Server/System/scripts/consolidate.py" minutes
2026-10-03T08:07:21-10:00job:system_consolidate_minutes | SUMMARY=system_layers minutes=98
2026-10-03T08:07:24-10:00job:security_camera_frame_grab | 08:07:06  📷  a-eyes  ch1 → ch1-20261003T180706Z.jpg  (414.7 KB, 4.58s)
2026-10-03T08:07:24-10:00job:security_camera_frame_grab | 08:07:11  📷  a-eyes  ch2 → ch2-20261003T180711Z.jpg  (199.2 KB, 4.19s)
2026-10-03T08:07:24-10:00job:security_camera_frame_grab | 08:07:15  📷  a-eyes  ch3 → ch3-20261003T180715Z.jpg  (198.7 KB, 4.37s)
2026-10-03T08:07:24-10:00job:security_camera_frame_grab | 08:07:19  📷  a-eyes  ch4 → ch4-20261003T180719Z.jpg  (170.1 KB, 4.48s)
2026-10-03T08:07:29-10:00  ✗  river2pro_read  WAITING
2026-10-03T08:07:29-10:00job:sys_stats_cycle RUN  bash "/home/rootrecord/RootRecord-Ecosystem/1 - Servers/1 - RootRecord-Pacific-Solar-Server/System/scripts/sys-sample.sh"
2026-10-03T08:07:30-10:00job:sys_stats_cycle | SYSTEM  cpu=12%  load=2.32  mem=60%  src=sqlite
2026-10-03T08:07:30-10:00job:sys_stats_cycle | OK wrote /home/rootrecord/RootRecord-Ecosystem/2 - RootRecord-Database/System/system.db
2026-10-03T08:07:34-10:00  ▸  SUMMARY=delta2 soc=0% solar=0W ac_out=0W usbc=0W src=ble db=ok
2026-10-03T08:07:34-10:00job:security_camera_frame_grab RUN  bash "/home/rootrecord/RootRecord-Ecosystem/1 - Servers/1 - RootRecord-Pacific-Solar-Server/Security/Cameras/grab_all.sh"
2026-10-03T08:07:34-10:00job:sys_stats_cycle RUN  bash "/home/rootrecord/RootRecord-Ecosystem/1 - Servers/1 - RootRecord-Pacific-Solar-Server/System/scripts/sys-sample.sh"
2026-10-03T08:07:34-10:00job:sys_stats_cycle | SYSTEM  cpu=14%  load=2.29  mem=59%  src=sqlite
2026-10-03T08:07:34-10:00job:sys_stats_cycle | OK wrote /home/rootrecord/RootRecord-Ecosystem/2 - RootRecord-Database/System/system.db
2026-10-03T08:07:42-10:00  ✗  river2pro_read  WAITING
2026-10-03T08:07:42-10:00job:sys_stats_cycle RUN  bash "/home/rootrecord/RootRecord-Ecosystem/1 - Servers/1 - RootRecord-Pacific-Solar-Server/System/scripts/sys-sample.sh"
2026-10-03T08:07:43-10:00job:sys_stats_cycle | SYSTEM  cpu=22%  load=2.53  mem=60%  src=sqlite
2026-10-03T08:07:43-10:00job:sys_stats_cycle | OK wrote /home/rootrecord/RootRecord-Ecosystem/2 - RootRecord-Database/System/system.db
2026-10-03T08:07:47-10:00  ▸  SUMMARY=delta2 soc=0% solar=0W ac_out=0W usbc=0W src=ble db=ok
2026-10-03T08:07:47-10:00job:sys_stats_cycle RUN  bash "/home/rootrecord/RootRecord-Ecosystem/1 - Servers/1 - RootRecord-Pacific-Solar-Server/System/scripts/sys-sample.sh"
2026-10-03T08:07:47-10:00job:sys_stats_cycle | SYSTEM  cpu=35%  load=2.49  mem=60%  src=sqlite
2026-10-03T08:07:47-10:00job:sys_stats_cycle | OK wrote /home/rootrecord/RootRecord-Ecosystem/2 - RootRecord-Database/System/system.db
2026-10-03T08:07:51-10:00job:security_camera_frame_grab | 08:07:34  📷  a-eyes  ch1 → ch1-20261003T180734Z.jpg  (414.1 KB, 4.61s)
2026-10-03T08:07:51-10:00job:security_camera_frame_grab | 08:07:38  📷  a-eyes  ch2 → ch2-20261003T180738Z.jpg  (206.1 KB, 4.38s)
2026-10-03T08:07:51-10:00job:security_camera_frame_grab | 08:07:43  📷  a-eyes  ch3 → ch3-20261003T180743Z.jpg  (192.4 KB, 4.32s)
2026-10-03T08:07:51-10:00job:security_camera_frame_grab | 08:07:47  📷  a-eyes  ch4 → ch4-20261003T180747Z.jpg  (177.1 KB, 4.41s)
2026-10-03T08:07:56-10:00  ✗  river2pro_read  WAITING
2026-10-03T08:07:56-10:00job:sys_stats_cycle RUN  bash "/home/rootrecord/RootRecord-Ecosystem/1 - Servers/1 - RootRecord-Pacific-Solar-Server/System/scripts/sys-sample.sh"
2026-10-03T08:07:56-10:00job:sys_stats_cycle | SYSTEM  cpu=21%  load=2.37  mem=61%  src=sqlite
2026-10-03T08:07:56-10:00job:sys_stats_cycle | OK wrote /home/rootrecord/RootRecord-Ecosystem/2 - RootRecord-Database/System/system.db
2026-10-03T08:08:00-10:00  ▸  SUMMARY=delta2 soc=0% solar=0W ac_out=0W usbc=0W src=ble db=ok
2026-10-03T08:08:00-10:00job:energy_consolidate_hours RUN  nice -n 10 python3 "/home/rootrecord/RootRecord-Ecosystem/1 - Servers/1 - RootRecord-Pacific-Solar-Server/Energy/scripts/consolidate.py" hours
2026-10-03T08:08:00-10:00job:energy_consolidate_hours | SUMMARY=ecoflow_layers hours=0 json=periods.json
2026-10-03T08:08:00-10:00job:security_camera_frame_grab RUN  bash "/home/rootrecord/RootRecord-Ecosystem/1 - Servers/1 - RootRecord-Pacific-Solar-Server/Security/Cameras/grab_all.sh"
2026-10-03T08:08:00-10:00job:sys_stats_cycle RUN  bash "/home/rootrecord/RootRecord-Ecosystem/1 - Servers/1 - RootRecord-Pacific-Solar-Server/System/scripts/sys-sample.sh"
2026-10-03T08:08:00-10:00job:sys_stats_cycle | SYSTEM  cpu=8%  load=2.26  mem=60%  src=sqlite
2026-10-03T08:08:00-10:00job:sys_stats_cycle | OK wrote /home/rootrecord/RootRecord-Ecosystem/2 - RootRecord-Database/System/system.db
2026-10-03T08:08:00-10:00job:system_consolidate_hours RUN  nice -n 10 python3 "/home/rootrecord/RootRecord-Ecosystem/1 - Servers/1 - RootRecord-Pacific-Solar-Server/System/scripts/consolidate.py" hours
2026-10-03T08:08:01-10:00job:system_consolidate_hours | SUMMARY=system_layers hours=0
2026-10-03T08:08:05-10:00job:security_camera_frame_grab FAIL code=-15
2026-10-03T08:08:05-10:00job:security_camera_frame_grab ! 08:08:00  📷  a-eyes  ch1 → ch1-20261003T180800Z.jpg  (419.0 KB, 4.61s)
2026-10-03T08:08:06-10:00  ✗  river2pro_read FAIL code=-15
2026-10-03T08:08:06-10:00HTTP listening on http://127.0.0.1:8799 (open access on bind)
2026-10-03T08:08:06-10:00boot:start  jobs=9
2026-10-03T08:08:06-10:00boot:run  priority=0  id=self_terminal
2026-10-03T08:08:06-10:00boot:p0 self_process pid=2775019
2026-10-03T08:08:06-10:00boot:run  priority=1  id=cloudflare_tunnel
2026-10-03T08:08:06-10:00boot:p1 cloudflare_tunnel host=rootserver.rootrecord.cloud
2026-10-03T08:08:06-10:00internet OK at boot — starting tunnel
2026-10-03T08:08:06-10:00Starting cloudflared mode=token public_host=rootserver.rootrecord.cloud
2026-10-03T08:08:06-10:00Waiting for tunnel register (timeout=45s)…
2026-10-03T08:08:06-10:00tunnel starting
2026-10-03T08:08:07-10:00tunnel connected  conn=0  edge=lax13
2026-10-03T08:08:07-10:00Tunnel READY — first connection registered.
2026-10-03T08:08:07-10:00boot:run  priority=2  id=github_setup_remotes
2026-10-03T08:08:07-10:00tunnel ingress  rootserver.rootrecord.cloud → 127.0.0.1:8799
2026-10-03T08:08:07-10:00boot:run  priority=3  id=ollama_warmup
2026-10-03T08:08:07-10:00job:ollama_warmup RUN  bash '/home/rootrecord/RootRecord-Ecosystem/1 - Servers/1 - RootRecord-Pacific-Solar-Server/System/scripts/plumbing/ollama-warmup.sh'
2026-10-03T08:08:07-10:00tunnel connected  conn=1  edge=lax11
2026-10-03T08:08:07-10:00job:ollama_warmup | [ok] ollama up
2026-10-03T08:08:07-10:00boot:run  priority=4  id=flm_npu_warmup
2026-10-03T08:08:07-10:00job:flm_npu_warmup RUN  bash '/home/rootrecord/RootRecord-Ecosystem/1 - Servers/1 - RootRecord-Pacific-Solar-Server/System/scripts/plumbing/flm-warmup.sh'
2026-10-03T08:08:07-10:00job:flm_npu_warmup | [skip] FLM warmup disabled (no resident model; set FLM_WARMUP_RESIDENT=1 to opt in)
2026-10-03T08:08:07-10:00boot:run  priority=5  id=council_relay
2026-10-03T08:08:07-10:00job:council_relay RUN  bash "/home/rootrecord/RootRecord-Ecosystem/1 - Servers/1 - RootRecord-Pacific-Solar-Server/Communications/telegram/scripts/ensure-relay.sh"
2026-10-03T08:08:08-10:00tunnel connected  conn=2  edge=lax09
2026-10-03T08:08:09-10:00tunnel connected  conn=3  edge=lax13
2026-10-03T08:08:10-10:00job:council_relay | [ok] council-relay started pid=2775368 → /home/rootrecord/RootRecord-Ecosystem/2 - RootRecord-Database/Logs/Communications/council-relay.log
2026-10-03T08:08:10-10:00boot:run  priority=6  id=security_camera_server
2026-10-03T08:08:10-10:00job:security_camera_server RUN  bash "/home/rootrecord/RootRecord-Ecosystem/1 - Servers/1 - RootRecord-Pacific-Solar-Server/Security/Cameras/ensure_cam_server.sh"
2026-10-03T08:08:10-10:00job:security_camera_server | security cam server started
2026-10-03T08:08:10-10:00boot:run  priority=7  id=security_timelapse_catchup
2026-10-03T08:08:10-10:00job:security_timelapse_catchup RUN  bash "/home/rootrecord/RootRecord-Ecosystem/1 - Servers/1 - RootRecord-Pacific-Solar-Server/Security/Cameras/timelapse_catchup.sh"
2026-10-03T08:08:11-10:00job:security_timelapse_catchup | 08:08:11  🎬  a-eyes-timelapse  catchup: checking 20261003, now=08:08 HST
2026-10-03T08:08:11-10:00job:security_timelapse_catchup | 08:08:11  🎬  a-eyes-timelapse  hour 05 already compiled, skipping
2026-10-03T08:08:11-10:00job:security_timelapse_catchup | 08:08:11  🎬  a-eyes-timelapse  hour 06 already compiled, skipping
2026-10-03T08:08:11-10:00job:security_timelapse_catchup | 08:08:11  🎬  a-eyes-timelapse  hour 07 already compiled, skipping
2026-10-03T08:08:11-10:00job:security_timelapse_catchup | 08:08:11  🎬  a-eyes-timelapse  catchup: window still open today, skipping daily render
2026-10-03T08:08:11-10:00boot:run  priority=9  id=network_globe_hawaii
2026-10-03T08:08:11-10:00job:network_globe_hawaii RUN  bash "/home/rootrecord/RootRecord-Ecosystem/1 - Servers/1 - RootRecord-Pacific-Solar-Server/Communications/network/scripts/ensure-network-globe-hawaii.sh"
2026-10-03T08:08:11-10:00job:network_globe_hawaii | [ensure-network-globe-hawaii] already running -- nothing to do
2026-10-03T08:08:11-10:00boot:done
2026-10-03T08:08:22-10:00  ▸  SUMMARY=delta2 soc=0% solar=0W ac_out=0W usbc=0W src=ble db=ok
2026-10-03T08:08:22-10:00hour-lane  restored done=2
2026-10-03T08:08:22-10:00scheduler  MODE=jobs.py exact_time=34
2026-10-03T08:08:33-10:00  ✗  river2pro_read  WAITING
2026-10-03T08:08:33-10:00job:sys_stats_cycle RUN  bash "/home/rootrecord/RootRecord-Ecosystem/1 - Servers/1 - RootRecord-Pacific-Solar-Server/System/scripts/sys-sample.sh"
2026-10-03T08:08:34-10:00job:sys_stats_cycle | SYSTEM  cpu=16%  load=1.76  mem=60%  src=sqlite
2026-10-03T08:08:34-10:00job:sys_stats_cycle | OK wrote /home/rootrecord/RootRecord-Ecosystem/2 - RootRecord-Database/System/system.db
2026-10-03T08:08:37-10:00  ▸  SUMMARY=delta2 soc=0% solar=0W ac_out=0W usbc=0W src=ble db=ok
2026-10-03T08:08:37-10:00job:energy_consolidate_hours RUN  nice -n 10 python3 "/home/rootrecord/RootRecord-Ecosystem/1 - Servers/1 - RootRecord-Pacific-Solar-Server/Energy/scripts/consolidate.py" hours
2026-10-03T08:08:37-10:00job:energy_consolidate_hours | SUMMARY=ecoflow_layers hours=0 json=periods.json
2026-10-03T08:08:37-10:00job:security_camera_frame_grab RUN  bash "/home/rootrecord/RootRecord-Ecosystem/1 - Servers/1 - RootRecord-Pacific-Solar-Server/Security/Cameras/grab_all.sh"
2026-10-03T08:08:37-10:00job:sys_stats_cycle RUN  bash "/home/rootrecord/RootRecord-Ecosystem/1 - Servers/1 - RootRecord-Pacific-Solar-Server/System/scripts/sys-sample.sh"
2026-10-03T08:08:38-10:00job:sys_stats_cycle | SYSTEM  cpu=37%  load=1.62  mem=59%  src=sqlite
2026-10-03T08:08:38-10:00job:sys_stats_cycle | OK wrote /home/rootrecord/RootRecord-Ecosystem/2 - RootRecord-Database/System/system.db
2026-10-03T08:08:38-10:00job:system_consolidate_hours RUN  nice -n 10 python3 "/home/rootrecord/RootRecord-Ecosystem/1 - Servers/1 - RootRecord-Pacific-Solar-Server/System/scripts/consolidate.py" hours
2026-10-03T08:08:38-10:00job:system_consolidate_hours | SUMMARY=system_layers hours=0
2026-10-03T08:08:47-10:00  ✗  river2pro_read  WAITING
2026-10-03T08:08:47-10:00job:sys_stats_cycle RUN  bash "/home/rootrecord/RootRecord-Ecosystem/1 - Servers/1 - RootRecord-Pacific-Solar-Server/System/scripts/sys-sample.sh"
2026-10-03T08:08:47-10:00job:sys_stats_cycle | SYSTEM  cpu=9%  load=1.59  mem=59%  src=sqlite
2026-10-03T08:08:47-10:00job:sys_stats_cycle | OK wrote /home/rootrecord/RootRecord-Ecosystem/2 - RootRecord-Database/System/system.db
2026-10-03T08:08:51-10:00  ▸  SUMMARY=delta2 soc=0% solar=0W ac_out=0W usbc=0W src=ble db=ok
2026-10-03T08:08:51-10:00job:sys_stats_cycle RUN  bash "/home/rootrecord/RootRecord-Ecosystem/1 - Servers/1 - RootRecord-Pacific-Solar-Server/System/scripts/sys-sample.sh"
2026-10-03T08:08:52-10:00job:sys_stats_cycle | SYSTEM  cpu=13%  load=1.54  mem=59%  src=sqlite
2026-10-03T08:08:52-10:00job:sys_stats_cycle | OK wrote /home/rootrecord/RootRecord-Ecosystem/2 - RootRecord-Database/System/system.db
2026-10-03T08:08:56-10:00job:security_camera_frame_grab | 08:08:37  📷  a-eyes  ch1 → ch1-20261003T180837Z.jpg  (428.0 KB, 4.49s)
2026-10-03T08:08:56-10:00job:security_camera_frame_grab | 08:08:42  📷  a-eyes  ch2 → ch2-20261003T180842Z.jpg  (205.9 KB, 4.40s)
2026-10-03T08:08:56-10:00job:security_camera_frame_grab | 08:08:46  📷  a-eyes  ch3 → ch3-20261003T180846Z.jpg  (195.2 KB, 4.64s)
2026-10-03T08:08:56-10:00job:security_camera_frame_grab | 08:08:51  📷  a-eyes  ch4 → ch4-20261003T180851Z.jpg  (185.9 KB, 4.49s)
2026-10-03T08:09:00-10:00  ✗  river2pro_read  WAITING
2026-10-03T08:09:00-10:00job:sys_stats_cycle RUN  bash "/home/rootrecord/RootRecord-Ecosystem/1 - Servers/1 - RootRecord-Pacific-Solar-Server/System/scripts/sys-sample.sh"
2026-10-03T08:09:00-10:00job:sys_stats_cycle | SYSTEM  cpu=9%  load=1.42  mem=58%  src=sqlite
2026-10-03T08:09:00-10:00job:sys_stats_cycle | OK wrote /home/rootrecord/RootRecord-Ecosystem/2 - RootRecord-Database/System/system.db
2026-10-03T08:09:04-10:00  ▸  SUMMARY=delta2 soc=0% solar=0W ac_out=0W usbc=0W src=ble db=ok
2026-10-03T08:09:04-10:00job:security_camera_frame_grab RUN  bash "/home/rootrecord/RootRecord-Ecosystem/1 - Servers/1 - RootRecord-Pacific-Solar-Server/Security/Cameras/grab_all.sh"
2026-10-03T08:09:04-10:00job:sys_stats_cycle RUN  bash "/home/rootrecord/RootRecord-Ecosystem/1 - Servers/1 - RootRecord-Pacific-Solar-Server/System/scripts/sys-sample.sh"
2026-10-03T08:09:05-10:00job:sys_stats_cycle | SYSTEM  cpu=20%  load=1.46  mem=58%  src=sqlite
2026-10-03T08:09:05-10:00job:sys_stats_cycle | OK wrote /home/rootrecord/RootRecord-Ecosystem/2 - RootRecord-Database/System/system.db
2026-10-03T08:09:13-10:00  ✗  river2pro_read  WAITING
2026-10-03T08:09:13-10:00job:sys_stats_cycle RUN  bash "/home/rootrecord/RootRecord-Ecosystem/1 - Servers/1 - RootRecord-Pacific-Solar-Server/System/scripts/sys-sample.sh"
2026-10-03T08:09:14-10:00job:sys_stats_cycle | SYSTEM  cpu=28%  load=1.47  mem=59%  src=sqlite
2026-10-03T08:09:14-10:00job:sys_stats_cycle | OK wrote /home/rootrecord/RootRecord-Ecosystem/2 - RootRecord-Database/System/system.db
2026-10-03T08:09:17-10:00  ▸  SUMMARY=delta2 soc=0% solar=0W ac_out=0W usbc=0W src=ble db=ok
2026-10-03T08:09:17-10:00job:energy_consolidate_minutes RUN  nice -n 10 python3 "/home/rootrecord/RootRecord-Ecosystem/1 - Servers/1 - RootRecord-Pacific-Solar-Server/Energy/scripts/consolidate.py" minutes
2026-10-03T08:09:18-10:00job:energy_consolidate_minutes | SUMMARY=ecoflow_layers minutes=6480
2026-10-03T08:09:18-10:00job:sys_stats_cycle RUN  bash "/home/rootrecord/RootRecord-Ecosystem/1 - Servers/1 - RootRecord-Pacific-Solar-Server/System/scripts/sys-sample.sh"
2026-10-03T08:09:19-10:00job:sys_stats_cycle | SYSTEM  cpu=8%  load=1.35  mem=59%  src=sqlite
2026-10-03T08:09:19-10:00job:sys_stats_cycle | OK wrote /home/rootrecord/RootRecord-Ecosystem/2 - RootRecord-Database/System/system.db
2026-10-03T08:09:19-10:00job:system_consolidate_minutes RUN  nice -n 10 python3 "/home/rootrecord/RootRecord-Ecosystem/1 - Servers/1 - RootRecord-Pacific-Solar-Server/System/scripts/consolidate.py" minutes
2026-10-03T08:09:19-10:00job:system_consolidate_minutes | SUMMARY=system_layers minutes=112
2026-10-03T08:09:22-10:00job:security_camera_frame_grab | 08:09:04  📷  a-eyes  ch1 → ch1-20261003T180904Z.jpg  (428.5 KB, 4.60s)
2026-10-03T08:09:22-10:00job:security_camera_frame_grab | 08:09:09  📷  a-eyes  ch2 → ch2-20261003T180909Z.jpg  (206.4 KB, 4.40s)
2026-10-03T08:09:22-10:00job:security_camera_frame_grab | 08:09:13  📷  a-eyes  ch3 → ch3-20261003T180913Z.jpg  (193.5 KB, 4.57s)
2026-10-03T08:09:22-10:00job:security_camera_frame_grab | 08:09:18  📷  a-eyes  ch4 → ch4-20261003T180918Z.jpg  (186.1 KB, 4.28s)
2026-10-03T08:09:28-10:00  ✗  river2pro_read  WAITING
2026-10-03T08:09:28-10:00job:sys_stats_cycle RUN  bash "/home/rootrecord/RootRecord-Ecosystem/1 - Servers/1 - RootRecord-Pacific-Solar-Server/System/scripts/sys-sample.sh"
2026-10-03T08:09:28-10:00job:sys_stats_cycle | SYSTEM  cpu=11%  load=1.15  mem=59%  src=sqlite
2026-10-03T08:09:28-10:00job:sys_stats_cycle | OK wrote /home/rootrecord/RootRecord-Ecosystem/2 - RootRecord-Database/System/system.db
2026-10-03T08:09:32-10:00  ▸  SUMMARY=delta2 soc=0% solar=0W ac_out=0W usbc=0W src=ble db=ok
2026-10-03T08:09:32-10:00job:security_camera_frame_grab RUN  bash "/home/rootrecord/RootRecord-Ecosystem/1 - Servers/1 - RootRecord-Pacific-Solar-Server/Security/Cameras/grab_all.sh"
2026-10-03T08:09:32-10:00job:sys_stats_cycle RUN  bash "/home/rootrecord/RootRecord-Ecosystem/1 - Servers/1 - RootRecord-Pacific-Solar-Server/System/scripts/sys-sample.sh"
2026-10-03T08:09:32-10:00job:sys_stats_cycle | SYSTEM  cpu=13%  load=1.29  mem=59%  src=sqlite
2026-10-03T08:09:32-10:00job:sys_stats_cycle | OK wrote /home/rootrecord/RootRecord-Ecosystem/2 - RootRecord-Database/System/system.db
2026-10-03T08:09:41-10:00  ✗  river2pro_read  WAITING
2026-10-03T08:09:41-10:00job:sys_stats_cycle RUN  bash "/home/rootrecord/RootRecord-Ecosystem/1 - Servers/1 - RootRecord-Pacific-Solar-Server/System/scripts/sys-sample.sh"
2026-10-03T08:09:42-10:00job:sys_stats_cycle | SYSTEM  cpu=6%  load=1.48  mem=59%  src=sqlite
2026-10-03T08:09:42-10:00job:sys_stats_cycle | OK wrote /home/rootrecord/RootRecord-Ecosystem/2 - RootRecord-Database/System/system.db
2026-10-03T08:09:45-10:00  ▸  SUMMARY=delta2 soc=0% solar=0W ac_out=0W usbc=0W src=ble db=ok
2026-10-03T08:09:45-10:00job:sys_stats_cycle RUN  bash "/home/rootrecord/RootRecord-Ecosystem/1 - Servers/1 - RootRecord-Pacific-Solar-Server/System/scripts/sys-sample.sh"
2026-10-03T08:09:46-10:00job:sys_stats_cycle | SYSTEM  cpu=23%  load=1.48  mem=59%  src=sqlite
2026-10-03T08:09:46-10:00job:sys_stats_cycle | OK wrote /home/rootrecord/RootRecord-Ecosystem/2 - RootRecord-Database/System/system.db
2026-10-03T08:09:50-10:00job:security_camera_frame_grab | 08:09:32  📷  a-eyes  ch1 → ch1-20261003T180932Z.jpg  (428.1 KB, 4.58s)
2026-10-03T08:09:50-10:00job:security_camera_frame_grab | 08:09:37  📷  a-eyes  ch2 → ch2-20261003T180937Z.jpg  (202.8 KB, 4.43s)
2026-10-03T08:09:50-10:00job:security_camera_frame_grab | 08:09:41  📷  a-eyes  ch3 → ch3-20261003T180941Z.jpg  (175.1 KB, 4.35s)
2026-10-03T08:09:50-10:00job:security_camera_frame_grab | 08:09:46  📷  a-eyes  ch4 → ch4-20261003T180946Z.jpg  (183.3 KB, 4.35s)
2026-10-03T08:09:54-10:00  ✗  river2pro_read  WAITING
2026-10-03T08:09:54-10:00job:sys_stats_cycle RUN  bash "/home/rootrecord/RootRecord-Ecosystem/1 - Servers/1 - RootRecord-Pacific-Solar-Server/System/scripts/sys-sample.sh"
2026-10-03T08:09:55-10:00job:sys_stats_cycle | SYSTEM  cpu=8%  load=1.63  mem=59%  src=sqlite
2026-10-03T08:09:55-10:00job:sys_stats_cycle | OK wrote /home/rootrecord/RootRecord-Ecosystem/2 - RootRecord-Database/System/system.db
2026-10-03T08:09:56-10:00tunnel timeout — reconnecting
2026-10-03T08:09:56-10:00tunnel timeout — reconnecting
2026-10-03T08:09:56-10:00tunnel timeout — reconnecting
2026-10-03T08:09:57-10:00tunnel timeout — reconnecting
2026-10-03T08:09:57-10:00tunnel timeout — reconnecting
2026-10-03T08:09:57-10:00tunnel timeout — reconnecting
2026-10-03T08:09:58-10:00tunnel connected  conn=0  edge=lax13
2026-10-03T08:09:58-10:00tunnel timeout — reconnecting
2026-10-03T08:09:59-10:00  ▸  SUMMARY=delta2 soc=0% solar=0W ac_out=0W usbc=0W src=ble db=ok
2026-10-03T08:09:59-10:00job:energy_consolidate_hours RUN  nice -n 10 python3 "/home/rootrecord/RootRecord-Ecosystem/1 - Servers/1 - RootRecord-Pacific-Solar-Server/Energy/scripts/consolidate.py" hours
2026-10-03T08:09:59-10:00job:energy_consolidate_hours | SUMMARY=ecoflow_layers hours=0 json=periods.json
2026-10-03T08:09:59-10:00job:security_camera_frame_grab RUN  bash "/home/rootrecord/RootRecord-Ecosystem/1 - Servers/1 - RootRecord-Pacific-Solar-Server/Security/Cameras/grab_all.sh"
2026-10-03T08:09:59-10:00job:sys_stats_cycle RUN  bash "/home/rootrecord/RootRecord-Ecosystem/1 - Servers/1 - RootRecord-Pacific-Solar-Server/System/scripts/sys-sample.sh"
2026-10-03T08:09:59-10:00job:sys_stats_cycle | SYSTEM  cpu=35%  load=1.50  mem=58%  src=sqlite
2026-10-03T08:09:59-10:00job:sys_stats_cycle | OK wrote /home/rootrecord/RootRecord-Ecosystem/2 - RootRecord-Database/System/system.db
2026-10-03T08:09:59-10:00job:system_consolidate_hours RUN  nice -n 10 python3 "/home/rootrecord/RootRecord-Ecosystem/1 - Servers/1 - RootRecord-Pacific-Solar-Server/System/scripts/consolidate.py" hours
2026-10-03T08:09:59-10:00job:system_consolidate_hours | SUMMARY=system_layers hours=0
2026-10-03T08:10:04-10:00tunnel connected  conn=3  edge=lax13
2026-10-03T08:10:04-10:00tunnel connected  conn=1  edge=lax05
2026-10-03T08:10:04-10:00tunnel connected  conn=2  edge=lax10
2026-10-03T08:10:08-10:00  ✗  river2pro_read  WAITING
2026-10-03T08:10:08-10:00job:sys_stats_cycle RUN  bash "/home/rootrecord/RootRecord-Ecosystem/1 - Servers/1 - RootRecord-Pacific-Solar-Server/System/scripts/sys-sample.sh"
2026-10-03T08:10:08-10:00job:sys_stats_cycle | SYSTEM  cpu=11%  load=1.57  mem=58%  src=sqlite
2026-10-03T08:10:08-10:00job:sys_stats_cycle | OK wrote /home/rootrecord/RootRecord-Ecosystem/2 - RootRecord-Database/System/system.db
2026-10-03T08:10:12-10:00  ▸  SUMMARY=delta2 soc=0% solar=0W ac_out=0W usbc=0W src=ble db=ok
2026-10-03T08:10:12-10:00job:sys_stats_cycle RUN  bash "/home/rootrecord/RootRecord-Ecosystem/1 - Servers/1 - RootRecord-Pacific-Solar-Server/System/scripts/sys-sample.sh"
2026-10-03T08:10:12-10:00job:sys_stats_cycle | SYSTEM  cpu=22%  load=1.53  mem=58%  src=sqlite
2026-10-03T08:10:12-10:00job:sys_stats_cycle | OK wrote /home/rootrecord/RootRecord-Ecosystem/2 - RootRecord-Database/System/system.db
2026-10-03T08:10:17-10:00job:security_camera_frame_grab | 08:09:59  📷  a-eyes  ch1 → ch1-20261003T180959Z.jpg  (426.1 KB, 4.51s)
2026-10-03T08:10:17-10:00job:security_camera_frame_grab | 08:10:03  📷  a-eyes  ch2 → ch2-20261003T181003Z.jpg  (199.0 KB, 4.45s)
2026-10-03T08:10:17-10:00job:security_camera_frame_grab | 08:10:08  📷  a-eyes  ch3 → ch3-20261003T181008Z.jpg  (178.0 KB, 4.48s)
2026-10-03T08:10:17-10:00job:security_camera_frame_grab | 08:10:12  📷  a-eyes  ch4 → ch4-20261003T181012Z.jpg  (175.6 KB, 4.27s)
2026-10-03T08:10:21-10:00  ✗  river2pro_read  WAITING
2026-10-03T08:10:21-10:00job:sys_stats_cycle RUN  bash "/home/rootrecord/RootRecord-Ecosystem/1 - Servers/1 - RootRecord-Pacific-Solar-Server/System/scripts/sys-sample.sh"
2026-10-03T08:10:21-10:00job:sys_stats_cycle | SYSTEM  cpu=13%  load=1.40  mem=59%  src=sqlite
2026-10-03T08:10:21-10:00job:sys_stats_cycle | OK wrote /home/rootrecord/RootRecord-Ecosystem/2 - RootRecord-Database/System/system.db
2026-10-03T08:10:25-10:00  ▸  SUMMARY=delta2 soc=0% solar=0W ac_out=0W usbc=0W src=ble db=ok
2026-10-03T08:10:25-10:00job:security_camera_frame_grab RUN  bash "/home/rootrecord/RootRecord-Ecosystem/1 - Servers/1 - RootRecord-Pacific-Solar-Server/Security/Cameras/grab_all.sh"
2026-10-03T08:10:25-10:00job:sys_stats_cycle RUN  bash "/home/rootrecord/RootRecord-Ecosystem/1 - Servers/1 - RootRecord-Pacific-Solar-Server/System/scripts/sys-sample.sh"
2026-10-03T08:10:25-10:00job:sys_stats_cycle | SYSTEM  cpu=9%  load=1.29  mem=59%  src=sqlite
2026-10-03T08:10:25-10:00job:sys_stats_cycle | OK wrote /home/rootrecord/RootRecord-Ecosystem/2 - RootRecord-Database/System/system.db
2026-10-03T08:10:34-10:00  ✗  river2pro_read  WAITING
2026-10-03T08:10:34-10:00job:sys_stats_cycle RUN  bash "/home/rootrecord/RootRecord-Ecosystem/1 - Servers/1 - RootRecord-Pacific-Solar-Server/System/scripts/sys-sample.sh"
2026-10-03T08:10:34-10:00job:sys_stats_cycle | SYSTEM  cpu=15%  load=1.17  mem=59%  src=sqlite
2026-10-03T08:10:34-10:00job:sys_stats_cycle | OK wrote /home/rootrecord/RootRecord-Ecosystem/2 - RootRecord-Database/System/system.db
2026-10-03T08:10:38-10:00  ▸  SUMMARY=delta2 soc=0% solar=0W ac_out=0W usbc=0W src=ble db=ok
2026-10-03T08:10:38-10:00job:energy_consolidate_minutes RUN  nice -n 10 python3 "/home/rootrecord/RootRecord-Ecosystem/1 - Servers/1 - RootRecord-Pacific-Solar-Server/Energy/scripts/consolidate.py" minutes
2026-10-03T08:10:39-10:00job:energy_consolidate_minutes | SUMMARY=ecoflow_layers minutes=4482
2026-10-03T08:10:39-10:00job:hawaii_to_ml2 RUN  bash "/home/rootrecord/RootRecord-Ecosystem/1 - Servers/3 - RootRecord-US-Mainland-Two/scripts/hawaii-to-ml2.sh"
2026-10-03T08:10:43-10:00job:security_camera_frame_grab | 08:10:25  📷  a-eyes  ch1 → ch1-20261003T181025Z.jpg  (420.5 KB, 4.57s)
2026-10-03T08:10:43-10:00job:security_camera_frame_grab | 08:10:30  📷  a-eyes  ch2 → ch2-20261003T181030Z.jpg  (192.5 KB, 4.65s)
2026-10-03T08:10:43-10:00job:security_camera_frame_grab | 08:10:34  📷  a-eyes  ch3 → ch3-20261003T181034Z.jpg  (173.6 KB, 4.45s)
2026-10-03T08:10:43-10:00job:security_camera_frame_grab | 08:10:39  📷  a-eyes  ch4 → ch4-20261003T181039Z.jpg  (167.9 KB, 4.31s)
2026-10-03T08:10:57-10:00job:hawaii_to_ml2 | hawaii-to-ml2: SSH /home/rootrecord/RootRecord-Ecosystem/2 - RootRecord-Database → ml2:US-Mainland-Server-2/var/bank/
2026-10-03T08:10:57-10:00job:hawaii_to_ml2 | hawaii-to-ml2: ok transport=remote
2026-10-03T08:10:57-10:00job:security_camera_frame_grab RUN  bash "/home/rootrecord/RootRecord-Ecosystem/1 - Servers/1 - RootRecord-Pacific-Solar-Server/Security/Cameras/grab_all.sh"
2026-10-03T08:10:57-10:00job:sys_stats_cycle RUN  bash "/home/rootrecord/RootRecord-Ecosystem/1 - Servers/1 - RootRecord-Pacific-Solar-Server/System/scripts/sys-sample.sh"
2026-10-03T08:10:58-10:00job:sys_stats_cycle | SYSTEM  cpu=32%  load=1.03  mem=59%  src=sqlite
2026-10-03T08:10:58-10:00job:sys_stats_cycle | OK wrote /home/rootrecord/RootRecord-Ecosystem/2 - RootRecord-Database/System/system.db
2026-10-03T08:10:58-10:00job:system_consolidate_minutes RUN  nice -n 10 python3 "/home/rootrecord/RootRecord-Ecosystem/1 - Servers/1 - RootRecord-Pacific-Solar-Server/System/scripts/consolidate.py" minutes
2026-10-03T08:10:58-10:00job:system_consolidate_minutes | SUMMARY=system_layers minutes=98
2026-10-03T08:11:07-10:00  ✗  river2pro_read  WAITING
2026-10-03T08:11:07-10:00job:sys_stats_cycle RUN  bash "/home/rootrecord/RootRecord-Ecosystem/1 - Servers/1 - RootRecord-Pacific-Solar-Server/System/scripts/sys-sample.sh"
2026-10-03T08:11:07-10:00job:sys_stats_cycle | SYSTEM  cpu=7%  load=1.56  mem=60%  src=sqlite
2026-10-03T08:11:07-10:00job:sys_stats_cycle | OK wrote /home/rootrecord/RootRecord-Ecosystem/2 - RootRecord-Database/System/system.db
2026-10-03T08:11:11-10:00  ▸  SUMMARY=delta2 soc=0% solar=0W ac_out=0W usbc=0W src=ble db=ok
2026-10-03T08:11:11-10:00job:sys_stats_cycle RUN  bash "/home/rootrecord/RootRecord-Ecosystem/1 - Servers/1 - RootRecord-Pacific-Solar-Server/System/scripts/sys-sample.sh"
2026-10-03T08:11:11-10:00job:sys_stats_cycle | SYSTEM  cpu=14%  load=1.56  mem=61%  src=sqlite
2026-10-03T08:11:11-10:00job:sys_stats_cycle | OK wrote /home/rootrecord/RootRecord-Ecosystem/2 - RootRecord-Database/System/system.db
2026-10-03T08:11:15-10:00job:security_camera_frame_grab | 08:10:57  📷  a-eyes  ch1 → ch1-20261003T181057Z.jpg  (421.8 KB, 4.45s)
2026-10-03T08:11:15-10:00job:security_camera_frame_grab | 08:11:02  📷  a-eyes  ch2 → ch2-20261003T181102Z.jpg  (192.8 KB, 4.38s)
2026-10-03T08:11:15-10:00job:security_camera_frame_grab | 08:11:06  📷  a-eyes  ch3 → ch3-20261003T181106Z.jpg  (177.1 KB, 4.57s)
2026-10-03T08:11:15-10:00job:security_camera_frame_grab | 08:11:11  📷  a-eyes  ch4 → ch4-20261003T181111Z.jpg  (160.5 KB, 4.40s)
2026-10-03T08:11:20-10:00  ✗  river2pro_read  WAITING
2026-10-03T08:11:20-10:00job:sys_stats_cycle RUN  bash "/home/rootrecord/RootRecord-Ecosystem/1 - Servers/1 - RootRecord-Pacific-Solar-Server/System/scripts/sys-sample.sh"
2026-10-03T08:11:20-10:00job:sys_stats_cycle | SYSTEM  cpu=9%  load=1.63  mem=61%  src=sqlite
2026-10-03T08:11:20-10:00job:sys_stats_cycle | OK wrote /home/rootrecord/RootRecord-Ecosystem/2 - RootRecord-Database/System/system.db
2026-10-03T08:11:24-10:00  ▸  SUMMARY=delta2 soc=0% solar=0W ac_out=0W usbc=0W src=ble db=ok
2026-10-03T08:11:24-10:00job:security_camera_frame_grab RUN  bash "/home/rootrecord/RootRecord-Ecosystem/1 - Servers/1 - RootRecord-Pacific-Solar-Server/Security/Cameras/grab_all.sh"
2026-10-03T08:11:24-10:00job:sys_stats_cycle RUN  bash "/home/rootrecord/RootRecord-Ecosystem/1 - Servers/1 - RootRecord-Pacific-Solar-Server/System/scripts/sys-sample.sh"
2026-10-03T08:11:25-10:00job:sys_stats_cycle | SYSTEM  cpu=24%  load=1.74  mem=62%  src=sqlite
2026-10-03T08:11:25-10:00job:sys_stats_cycle | OK wrote /home/rootrecord/RootRecord-Ecosystem/2 - RootRecord-Database/System/system.db
2026-10-03T08:11:33-10:00  ✗  river2pro_read  WAITING
2026-10-03T08:11:33-10:00job:sys_stats_cycle RUN  bash "/home/rootrecord/RootRecord-Ecosystem/1 - Servers/1 - RootRecord-Pacific-Solar-Server/System/scripts/sys-sample.sh"
2026-10-03T08:11:34-10:00job:sys_stats_cycle | SYSTEM  cpu=14%  load=1.77  mem=60%  src=sqlite
2026-10-03T08:11:34-10:00job:sys_stats_cycle | OK wrote /home/rootrecord/RootRecord-Ecosystem/2 - RootRecord-Database/System/system.db
2026-10-03T08:11:37-10:00  ▸  SUMMARY=delta2 soc=0% solar=0W ac_out=0W usbc=0W src=ble db=ok
2026-10-03T08:11:37-10:00job:energy_consolidate_hours RUN  nice -n 10 python3 "/home/rootrecord/RootRecord-Ecosystem/1 - Servers/1 - RootRecord-Pacific-Solar-Server/Energy/scripts/consolidate.py" hours
2026-10-03T08:11:37-10:00job:energy_consolidate_hours | SUMMARY=ecoflow_layers hours=0 json=periods.json
2026-10-03T08:11:37-10:00job:live_picture RUN  nice -n 10 python3 "/home/rootrecord/RootRecord-Ecosystem/1 - Servers/1 - RootRecord-Pacific-Solar-Server/Media/Video/scripts/live_picture.py"
2026-10-03T08:11:42-10:00job:security_camera_frame_grab | 08:11:24  📷  a-eyes  ch1 → ch1-20261003T181124Z.jpg  (419.8 KB, 4.43s)
2026-10-03T08:11:42-10:00job:security_camera_frame_grab | 08:11:29  📷  a-eyes  ch2 → ch2-20261003T181129Z.jpg  (195.9 KB, 4.38s)
2026-10-03T08:11:42-10:00job:security_camera_frame_grab | 08:11:33  📷  a-eyes  ch3 → ch3-20261003T181133Z.jpg  (172.6 KB, 4.45s)
2026-10-03T08:11:42-10:00job:security_camera_frame_grab | 08:11:38  📷  a-eyes  ch4 → ch4-20261003T181138Z.jpg  (165.9 KB, 4.28s)
2026-10-03T08:11:49-10:00job:live_picture | {"ok": true, "detail": "local+clock+thumb", "path": "/home/rootrecord/RootRecord-Ecosystem/1 - Servers/1 - RootRecord-Pacific-Solar-Server/Media/Video/live-frame.png", "size": [1920, 1080]}
2026-10-03T08:11:49-10:00job:security_camera_frame_grab RUN  bash "/home/rootrecord/RootRecord-Ecosystem/1 - Servers/1 - RootRecord-Pacific-Solar-Server/Security/Cameras/grab_all.sh"
2026-10-03T08:11:49-10:00job:sys_stats_cycle RUN  bash "/home/rootrecord/RootRecord-Ecosystem/1 - Servers/1 - RootRecord-Pacific-Solar-Server/System/scripts/sys-sample.sh"
2026-10-03T08:11:49-10:00job:sys_stats_cycle | SYSTEM  cpu=10%  load=2.00  mem=60%  src=sqlite
2026-10-03T08:11:49-10:00job:sys_stats_cycle | OK wrote /home/rootrecord/RootRecord-Ecosystem/2 - RootRecord-Database/System/system.db
2026-10-03T08:11:49-10:00job:system_consolidate_hours RUN  nice -n 10 python3 "/home/rootrecord/RootRecord-Ecosystem/1 - Servers/1 - RootRecord-Pacific-Solar-Server/System/scripts/consolidate.py" hours
2026-10-03T08:11:49-10:00job:system_consolidate_hours | SUMMARY=system_layers hours=0
2026-10-03T08:11:58-10:00  ✗  river2pro_read  WAITING
2026-10-03T08:11:58-10:00job:sys_stats_cycle RUN  bash "/home/rootrecord/RootRecord-Ecosystem/1 - Servers/1 - RootRecord-Pacific-Solar-Server/System/scripts/sys-sample.sh"
2026-10-03T08:11:58-10:00job:sys_stats_cycle | SYSTEM  cpu=27%  load=1.92  mem=61%  src=sqlite
2026-10-03T08:11:58-10:00job:sys_stats_cycle | OK wrote /home/rootrecord/RootRecord-Ecosystem/2 - RootRecord-Database/System/system.db
2026-10-03T08:11:59-10:00job:github_sync_all FAIL code=-15
2026-10-03T08:11:59-10:00job:github_sync_all ! ↑ [ecosystem] committed 25 local file(s)
2026-10-03T08:11:59-10:00job:github_sync_all ! ↓ [ecosystem] fetching origin/main
2026-10-03T08:11:59-10:00job:github_sync_all ! From github.com:RootRecord-Software-Solutions/RootRecord-Ecosystem
2026-10-03T08:11:59-10:00job:github_sync_all !  * branch              main       -> FETCH_HEAD
2026-10-03T08:11:59-10:00job:github_sync_all !  * [new branch]        main       -> origin/main
2026-10-03T08:11:59-10:00job:github_sync_all ! ↑ [ecosystem] local is ahead of GitHub
2026-10-03T08:11:59-10:00job:github_sync_all ! remote: warning: See https://gh.io/lfs for more information.        
2026-10-03T08:11:59-10:00job:github_sync_all ! remote: warning: File 2 - RootRecord-Database/Energy/layers/1sec.db is 77.12 MB; this is larger than GitHub's recommended maximum file size of 50.00 MB        
2026-10-03T08:11:59-10:00job:github_sync_all ! remote: warning: GH001: Large files detected. You may want to try Git Large File Storage - https://git-lfs.github.com.        
2026-10-03T08:11:59-10:00job:github_sync_all ! To github.com:RootRecord-Software-Solutions/RootRecord-Ecosystem.git
2026-10-03T08:11:59-10:00job:github_sync_all !    33f32d59..3cc78ce5  HEAD -> main
2026-10-03T08:11:59-10:00job:github_sync_all ! branch 'main' set up to track 'origin/main'.
2026-10-03T08:11:59-10:00job:github_sync_all ! ↑ [ecosystem] 25 files → RootRecord-Software-Solutions/RootRecord-Ecosystem (main)
2026-10-03T08:11:59-10:00job:github_sync_all ! ↑ [pacific] committed 5 local file(s)
2026-10-03T08:11:59-10:00job:github_sync_all ! ↓ [pacific] fetching origin/main
2026-10-03T08:11:59-10:00job:github_sync_all ! From github.com:RootRecord-Software-Solutions/RootRecord-Pacific-Solar-Server
2026-10-03T08:11:59-10:00job:github_sync_all !  * branch            main       -> FETCH_HEAD
2026-10-03T08:11:59-10:00job:github_sync_all ! ↑ [pacific] local is ahead of GitHub
2026-10-03T08:11:59-10:00job:github_sync_all ! To github.com:RootRecord-Software-Solutions/RootRecord-Pacific-Solar-Server.git
2026-10-03T08:11:59-10:00job:github_sync_all !    8435d34..856aaa0  HEAD -> main
2026-10-03T08:11:59-10:00job:security_camera_frame_grab FAIL code=-15
2026-10-03T08:11:59-10:00job:security_camera_frame_grab ! 08:11:49  📷  a-eyes  ch1 → ch1-20261003T181149Z.jpg  (419.3 KB, 4.50s)
2026-10-03T08:11:59-10:00job:security_camera_frame_grab !   08:11:53  📷  a-eyes  ch2 → ch2-20261003T181153Z.jpg  (204.3 KB, 4.34s)
2026-10-03T08:12:00-10:00  ✗  delta2_read FAIL code=-15
2026-10-03T08:12:00-10:00HTTP listening on http://127.0.0.1:8799 (open access on bind)
2026-10-03T08:12:00-10:00boot:start  jobs=9
2026-10-03T08:12:00-10:00boot:run  priority=0  id=self_terminal
2026-10-03T08:12:00-10:00boot:p0 self_process pid=2793607
2026-10-03T08:12:00-10:00boot:run  priority=1  id=cloudflare_tunnel
2026-10-03T08:12:00-10:00boot:p1 cloudflare_tunnel host=rootserver.rootrecord.cloud
2026-10-03T08:12:00-10:00internet OK at boot — starting tunnel
2026-10-03T08:12:00-10:00Starting cloudflared mode=token public_host=rootserver.rootrecord.cloud
2026-10-03T08:12:00-10:00Waiting for tunnel register (timeout=45s)…
2026-10-03T08:12:00-10:00tunnel starting
2026-10-03T08:12:01-10:00tunnel connected  conn=0  edge=lax08
2026-10-03T08:12:01-10:00Tunnel READY — first connection registered.
2026-10-03T08:12:01-10:00boot:run  priority=2  id=github_setup_remotes
2026-10-03T08:12:01-10:00tunnel ingress  rootserver.rootrecord.cloud → 127.0.0.1:8799
2026-10-03T08:12:01-10:00boot:run  priority=3  id=ollama_warmup
2026-10-03T08:12:01-10:00job:ollama_warmup RUN  bash '/home/rootrecord/RootRecord-Ecosystem/1 - Servers/1 - RootRecord-Pacific-Solar-Server/System/scripts/plumbing/ollama-warmup.sh'
2026-10-03T08:12:01-10:00tunnel connected  conn=1  edge=lax13
2026-10-03T08:12:01-10:00job:ollama_warmup | [ok] ollama up
2026-10-03T08:12:01-10:00boot:run  priority=4  id=flm_npu_warmup
2026-10-03T08:12:01-10:00job:flm_npu_warmup RUN  bash '/home/rootrecord/RootRecord-Ecosystem/1 - Servers/1 - RootRecord-Pacific-Solar-Server/System/scripts/plumbing/flm-warmup.sh'
2026-10-03T08:12:01-10:00job:flm_npu_warmup | [skip] FLM warmup disabled (no resident model; set FLM_WARMUP_RESIDENT=1 to opt in)
2026-10-03T08:12:01-10:00boot:run  priority=5  id=council_relay
2026-10-03T08:12:01-10:00job:council_relay RUN  bash "/home/rootrecord/RootRecord-Ecosystem/1 - Servers/1 - RootRecord-Pacific-Solar-Server/Communications/telegram/scripts/ensure-relay.sh"
2026-10-03T08:12:02-10:00tunnel connected  conn=2  edge=lax11
2026-10-03T08:12:03-10:00tunnel connected  conn=3  edge=lax13
2026-10-03T08:12:05-10:00job:council_relay | [ok] council-relay started pid=2793958 → /home/rootrecord/RootRecord-Ecosystem/2 - RootRecord-Database/Logs/Communications/council-relay.log
2026-10-03T08:12:05-10:00boot:run  priority=6  id=security_camera_server
2026-10-03T08:12:05-10:00job:security_camera_server RUN  bash "/home/rootrecord/RootRecord-Ecosystem/1 - Servers/1 - RootRecord-Pacific-Solar-Server/Security/Cameras/ensure_cam_server.sh"
2026-10-03T08:12:05-10:00job:security_camera_server | security cam server started
2026-10-03T08:12:05-10:00boot:run  priority=7  id=security_timelapse_catchup
2026-10-03T08:12:05-10:00job:security_timelapse_catchup RUN  bash "/home/rootrecord/RootRecord-Ecosystem/1 - Servers/1 - RootRecord-Pacific-Solar-Server/Security/Cameras/timelapse_catchup.sh"
2026-10-03T08:12:05-10:00job:security_timelapse_catchup | 08:12:05  🎬  a-eyes-timelapse  catchup: checking 20261003, now=08:12 HST
2026-10-03T08:12:05-10:00job:security_timelapse_catchup | 08:12:05  🎬  a-eyes-timelapse  hour 05 already compiled, skipping
2026-10-03T08:12:05-10:00job:security_timelapse_catchup | 08:12:05  🎬  a-eyes-timelapse  hour 06 already compiled, skipping
2026-10-03T08:12:05-10:00job:security_timelapse_catchup | 08:12:05  🎬  a-eyes-timelapse  hour 07 already compiled, skipping
2026-10-03T08:12:05-10:00job:security_timelapse_catchup | 08:12:05  🎬  a-eyes-timelapse  catchup: window still open today, skipping daily render
2026-10-03T08:12:05-10:00boot:run  priority=9  id=network_globe_hawaii
2026-10-03T08:12:05-10:00job:network_globe_hawaii RUN  bash "/home/rootrecord/RootRecord-Ecosystem/1 - Servers/1 - RootRecord-Pacific-Solar-Server/Communications/network/scripts/ensure-network-globe-hawaii.sh"
2026-10-03T08:12:05-10:00job:network_globe_hawaii | [ensure-network-globe-hawaii] already running -- nothing to do
2026-10-03T08:12:05-10:00boot:done
2026-10-03T08:12:16-10:00  ▸  SUMMARY=delta2 soc=0% solar=0W ac_out=0W usbc=0W src=ble db=ok
2026-10-03T08:12:16-10:00hour-lane  restored done=2
2026-10-03T08:12:16-10:00scheduler  MODE=jobs.py exact_time=34
2026-10-03T08:12:23-10:00  ▸  SUMMARY=delta2 soc=0% solar=0W ac_out=0W usbc=0W src=ble db=ok
2026-10-03T08:12:23-10:00job:security_camera_frame_grab RUN  bash "/home/rootrecord/RootRecord-Ecosystem/1 - Servers/1 - RootRecord-Pacific-Solar-Server/Security/Cameras/grab_all.sh"
2026-10-03T08:12:23-10:00job:sys_stats_cycle RUN  bash "/home/rootrecord/RootRecord-Ecosystem/1 - Servers/1 - RootRecord-Pacific-Solar-Server/System/scripts/sys-sample.sh"
2026-10-03T08:12:24-10:00job:sys_stats_cycle | SYSTEM  cpu=30%  load=1.79  mem=59%  src=sqlite
2026-10-03T08:12:24-10:00job:sys_stats_cycle | OK wrote /home/rootrecord/RootRecord-Ecosystem/2 - RootRecord-Database/System/system.db
2026-10-03T08:12:33-10:00  ✗  river2pro_read  WAITING
2026-10-03T08:12:33-10:00job:sys_stats_cycle RUN  bash "/home/rootrecord/RootRecord-Ecosystem/1 - Servers/1 - RootRecord-Pacific-Solar-Server/System/scripts/sys-sample.sh"
2026-10-03T08:12:33-10:00job:sys_stats_cycle | SYSTEM  cpu=11%  load=1.89  mem=60%  src=sqlite
2026-10-03T08:12:33-10:00job:sys_stats_cycle | OK wrote /home/rootrecord/RootRecord-Ecosystem/2 - RootRecord-Database/System/system.db
2026-10-03T08:12:37-10:00  ▸  SUMMARY=delta2 soc=0% solar=0W ac_out=0W usbc=0W src=ble db=ok
2026-10-03T08:12:37-10:00job:energy_consolidate_hours RUN  nice -n 10 python3 "/home/rootrecord/RootRecord-Ecosystem/1 - Servers/1 - RootRecord-Pacific-Solar-Server/Energy/scripts/consolidate.py" hours
2026-10-03T08:12:37-10:00job:energy_consolidate_hours | SUMMARY=ecoflow_layers hours=0 json=periods.json
2026-10-03T08:12:37-10:00job:sys_stats_cycle RUN  bash "/home/rootrecord/RootRecord-Ecosystem/1 - Servers/1 - RootRecord-Pacific-Solar-Server/System/scripts/sys-sample.sh"
2026-10-03T08:12:38-10:00job:sys_stats_cycle | SYSTEM  cpu=16%  load=1.82  mem=60%  src=sqlite
2026-10-03T08:12:38-10:00job:sys_stats_cycle | OK wrote /home/rootrecord/RootRecord-Ecosystem/2 - RootRecord-Database/System/system.db
2026-10-03T08:12:38-10:00job:system_consolidate_hours RUN  nice -n 10 python3 "/home/rootrecord/RootRecord-Ecosystem/1 - Servers/1 - RootRecord-Pacific-Solar-Server/System/scripts/consolidate.py" hours
2026-10-03T08:12:38-10:00job:system_consolidate_hours | SUMMARY=system_layers hours=0
2026-10-03T08:12:41-10:00job:security_camera_frame_grab | 08:12:23  📷  a-eyes  ch1 → ch1-20261003T181223Z.jpg  (408.8 KB, 4.40s)
2026-10-03T08:12:41-10:00job:security_camera_frame_grab | 08:12:28  📷  a-eyes  ch2 → ch2-20261003T181228Z.jpg  (200.0 KB, 4.35s)
2026-10-03T08:12:41-10:00job:security_camera_frame_grab | 08:12:32  📷  a-eyes  ch3 → ch3-20261003T181232Z.jpg  (170.6 KB, 4.32s)
2026-10-03T08:12:41-10:00job:security_camera_frame_grab | 08:12:37  📷  a-eyes  ch4 → ch4-20261003T181237Z.jpg  (166.9 KB, 4.34s)
2026-10-03T08:12:47-10:00  ✗  river2pro_read  WAITING
2026-10-03T08:12:47-10:00job:sys_stats_cycle RUN  bash "/home/rootrecord/RootRecord-Ecosystem/1 - Servers/1 - RootRecord-Pacific-Solar-Server/System/scripts/sys-sample.sh"
2026-10-03T08:12:47-10:00job:sys_stats_cycle | SYSTEM  cpu=12%  load=1.62  mem=60%  src=sqlite
2026-10-03T08:12:47-10:00job:sys_stats_cycle | OK wrote /home/rootrecord/RootRecord-Ecosystem/2 - RootRecord-Database/System/system.db
2026-10-03T08:12:51-10:00  ▸  SUMMARY=delta2 soc=0% solar=0W ac_out=0W usbc=0W src=ble db=ok
2026-10-03T08:12:51-10:00job:security_camera_frame_grab RUN  bash "/home/rootrecord/RootRecord-Ecosystem/1 - Servers/1 - RootRecord-Pacific-Solar-Server/Security/Cameras/grab_all.sh"
2026-10-03T08:12:51-10:00job:sys_stats_cycle RUN  bash "/home/rootrecord/RootRecord-Ecosystem/1 - Servers/1 - RootRecord-Pacific-Solar-Server/System/scripts/sys-sample.sh"
2026-10-03T08:12:51-10:00job:sys_stats_cycle | SYSTEM  cpu=21%  load=1.62  mem=60%  src=sqlite
2026-10-03T08:12:51-10:00job:sys_stats_cycle | OK wrote /home/rootrecord/RootRecord-Ecosystem/2 - RootRecord-Database/System/system.db
2026-10-03T08:13:00-10:00  ✗  river2pro_read  WAITING
2026-10-03T08:13:00-10:00job:sys_stats_cycle RUN  bash "/home/rootrecord/RootRecord-Ecosystem/1 - Servers/1 - RootRecord-Pacific-Solar-Server/System/scripts/sys-sample.sh"
2026-10-03T08:13:00-10:00job:sys_stats_cycle | SYSTEM  cpu=26%  load=1.66  mem=61%  src=sqlite
2026-10-03T08:13:00-10:00job:sys_stats_cycle | OK wrote /home/rootrecord/RootRecord-Ecosystem/2 - RootRecord-Database/System/system.db
2026-10-03T08:13:04-10:00  ▸  SUMMARY=delta2 soc=0% solar=0W ac_out=0W usbc=0W src=ble db=ok
2026-10-03T08:13:04-10:00job:sys_stats_cycle RUN  bash "/home/rootrecord/RootRecord-Ecosystem/1 - Servers/1 - RootRecord-Pacific-Solar-Server/System/scripts/sys-sample.sh"
2026-10-03T08:13:05-10:00job:sys_stats_cycle | SYSTEM  cpu=25%  load=1.53  mem=60%  src=sqlite
2026-10-03T08:13:05-10:00job:sys_stats_cycle | OK wrote /home/rootrecord/RootRecord-Ecosystem/2 - RootRecord-Database/System/system.db
2026-10-03T08:13:09-10:00job:security_camera_frame_grab | 08:12:51  📷  a-eyes  ch1 → ch1-20261003T181251Z.jpg  (378.0 KB, 4.55s)
2026-10-03T08:13:09-10:00job:security_camera_frame_grab | 08:12:56  📷  a-eyes  ch2 → ch2-20261003T181256Z.jpg  (204.0 KB, 4.37s)
2026-10-03T08:13:09-10:00job:security_camera_frame_grab | 08:13:00  📷  a-eyes  ch3 → ch3-20261003T181300Z.jpg  (168.0 KB, 4.48s)
2026-10-03T08:13:09-10:00job:security_camera_frame_grab | 08:13:04  📷  a-eyes  ch4 → ch4-20261003T181304Z.jpg  (162.3 KB, 4.49s)
2026-10-03T08:13:13-10:00  ✗  river2pro_read  WAITING
2026-10-03T08:13:13-10:00job:sys_stats_cycle RUN  bash "/home/rootrecord/RootRecord-Ecosystem/1 - Servers/1 - RootRecord-Pacific-Solar-Server/System/scripts/sys-sample.sh"
2026-10-03T08:13:14-10:00job:sys_stats_cycle | SYSTEM  cpu=18%  load=1.30  mem=59%  src=sqlite
2026-10-03T08:13:14-10:00job:sys_stats_cycle | OK wrote /home/rootrecord/RootRecord-Ecosystem/2 - RootRecord-Database/System/system.db
2026-10-03T08:13:17-10:00  ▸  SUMMARY=delta2 soc=0% solar=0W ac_out=0W usbc=0W src=ble db=ok
2026-10-03T08:13:17-10:00job:energy_consolidate_minutes RUN  nice -n 10 python3 "/home/rootrecord/RootRecord-Ecosystem/1 - Servers/1 - RootRecord-Pacific-Solar-Server/Energy/scripts/consolidate.py" minutes
2026-10-03T08:13:18-10:00job:energy_consolidate_minutes | SUMMARY=ecoflow_layers minutes=8748
2026-10-03T08:13:18-10:00job:security_camera_frame_grab RUN  bash "/home/rootrecord/RootRecord-Ecosystem/1 - Servers/1 - RootRecord-Pacific-Solar-Server/Security/Cameras/grab_all.sh"
2026-10-03T08:13:18-10:00job:sys_stats_cycle RUN  bash "/home/rootrecord/RootRecord-Ecosystem/1 - Servers/1 - RootRecord-Pacific-Solar-Server/System/scripts/sys-sample.sh"
2026-10-03T08:13:19-10:00job:sys_stats_cycle | SYSTEM  cpu=15%  load=1.51  mem=60%  src=sqlite
2026-10-03T08:13:19-10:00job:sys_stats_cycle | OK wrote /home/rootrecord/RootRecord-Ecosystem/2 - RootRecord-Database/System/system.db
2026-10-03T08:13:19-10:00job:system_consolidate_minutes RUN  nice -n 10 python3 "/home/rootrecord/RootRecord-Ecosystem/1 - Servers/1 - RootRecord-Pacific-Solar-Server/System/scripts/consolidate.py" minutes
2026-10-03T08:13:19-10:00job:system_consolidate_minutes | SUMMARY=system_layers minutes=133
2026-10-03T08:13:28-10:00  ✗  river2pro_read  WAITING
2026-10-03T08:13:28-10:00job:sys_stats_cycle RUN  bash "/home/rootrecord/RootRecord-Ecosystem/1 - Servers/1 - RootRecord-Pacific-Solar-Server/System/scripts/sys-sample.sh"
2026-10-03T08:13:29-10:00job:sys_stats_cycle | SYSTEM  cpu=12%  load=1.50  mem=59%  src=sqlite
2026-10-03T08:13:29-10:00job:sys_stats_cycle | OK wrote /home/rootrecord/RootRecord-Ecosystem/2 - RootRecord-Database/System/system.db
2026-10-03T08:13:32-10:00  ▸  SUMMARY=delta2 soc=0% solar=0W ac_out=0W usbc=0W src=ble db=ok
2026-10-03T08:13:32-10:00job:sys_stats_cycle RUN  bash "/home/rootrecord/RootRecord-Ecosystem/1 - Servers/1 - RootRecord-Pacific-Solar-Server/System/scripts/sys-sample.sh"
2026-10-03T08:13:33-10:00job:sys_stats_cycle | SYSTEM  cpu=18%  load=1.46  mem=60%  src=sqlite
2026-10-03T08:13:33-10:00job:sys_stats_cycle | OK wrote /home/rootrecord/RootRecord-Ecosystem/2 - RootRecord-Database/System/system.db
2026-10-03T08:13:36-10:00job:security_camera_frame_grab | 08:13:18  📷  a-eyes  ch1 → ch1-20261003T181318Z.jpg  (357.7 KB, 4.48s)
2026-10-03T08:13:36-10:00job:security_camera_frame_grab | 08:13:23  📷  a-eyes  ch2 → ch2-20261003T181323Z.jpg  (199.2 KB, 4.46s)
2026-10-03T08:13:36-10:00job:security_camera_frame_grab | 08:13:27  📷  a-eyes  ch3 → ch3-20261003T181327Z.jpg  (172.9 KB, 4.48s)
2026-10-03T08:13:36-10:00job:security_camera_frame_grab | 08:13:32  📷  a-eyes  ch4 → ch4-20261003T181332Z.jpg  (153.3 KB, 4.47s)
2026-10-03T08:13:41-10:00  ✗  river2pro_read  WAITING
2026-10-03T08:13:41-10:00job:sys_stats_cycle RUN  bash "/home/rootrecord/RootRecord-Ecosystem/1 - Servers/1 - RootRecord-Pacific-Solar-Server/System/scripts/sys-sample.sh"
2026-10-03T08:13:41-10:00job:sys_stats_cycle | SYSTEM  cpu=15%  load=1.34  mem=60%  src=sqlite
2026-10-03T08:13:41-10:00job:sys_stats_cycle | OK wrote /home/rootrecord/RootRecord-Ecosystem/2 - RootRecord-Database/System/system.db
2026-10-03T08:13:45-10:00  ▸  SUMMARY=delta2 soc=0% solar=0W ac_out=0W usbc=0W src=ble db=ok
2026-10-03T08:13:45-10:00job:security_camera_frame_grab RUN  bash "/home/rootrecord/RootRecord-Ecosystem/1 - Servers/1 - RootRecord-Pacific-Solar-Server/Security/Cameras/grab_all.sh"
2026-10-03T08:13:45-10:00job:sys_stats_cycle RUN  bash "/home/rootrecord/RootRecord-Ecosystem/1 - Servers/1 - RootRecord-Pacific-Solar-Server/System/scripts/sys-sample.sh"
2026-10-03T08:13:45-10:00job:sys_stats_cycle | SYSTEM  cpu=23%  load=1.31  mem=60%  src=sqlite
2026-10-03T08:13:45-10:00job:sys_stats_cycle | OK wrote /home/rootrecord/RootRecord-Ecosystem/2 - RootRecord-Database/System/system.db
2026-10-03T08:13:54-10:00  ✗  river2pro_read  WAITING
2026-10-03T08:13:54-10:00job:sys_stats_cycle RUN  bash "/home/rootrecord/RootRecord-Ecosystem/1 - Servers/1 - RootRecord-Pacific-Solar-Server/System/scripts/sys-sample.sh"
2026-10-03T08:13:54-10:00job:sys_stats_cycle | SYSTEM  cpu=17%  load=1.27  mem=60%  src=sqlite
2026-10-03T08:13:54-10:00job:sys_stats_cycle | OK wrote /home/rootrecord/RootRecord-Ecosystem/2 - RootRecord-Database/System/system.db
2026-10-03T08:13:58-10:00  ▸  SUMMARY=delta2 soc=0% solar=0W ac_out=0W usbc=0W src=ble db=ok
2026-10-03T08:13:58-10:00job:energy_consolidate_hours RUN  nice -n 10 python3 "/home/rootrecord/RootRecord-Ecosystem/1 - Servers/1 - RootRecord-Pacific-Solar-Server/Energy/scripts/consolidate.py" hours
2026-10-03T08:13:58-10:00job:energy_consolidate_hours | SUMMARY=ecoflow_layers hours=0 json=periods.json
2026-10-03T08:13:58-10:00job:sys_stats_cycle RUN  bash "/home/rootrecord/RootRecord-Ecosystem/1 - Servers/1 - RootRecord-Pacific-Solar-Server/System/scripts/sys-sample.sh"
2026-10-03T08:13:58-10:00job:sys_stats_cycle | SYSTEM  cpu=18%  load=1.16  mem=60%  src=sqlite
2026-10-03T08:13:58-10:00job:sys_stats_cycle | OK wrote /home/rootrecord/RootRecord-Ecosystem/2 - RootRecord-Database/System/system.db
2026-10-03T08:13:58-10:00job:system_consolidate_hours RUN  nice -n 10 python3 "/home/rootrecord/RootRecord-Ecosystem/1 - Servers/1 - RootRecord-Pacific-Solar-Server/System/scripts/consolidate.py" hours
2026-10-03T08:13:59-10:00job:system_consolidate_hours | SUMMARY=system_layers hours=0
2026-10-03T08:14:03-10:00job:security_camera_frame_grab | 08:13:45  📷  a-eyes  ch1 → ch1-20261003T181345Z.jpg  (360.0 KB, 4.30s)
2026-10-03T08:14:03-10:00job:security_camera_frame_grab | 08:13:49  📷  a-eyes  ch2 → ch2-20261003T181349Z.jpg  (199.3 KB, 4.45s)
2026-10-03T08:14:03-10:00job:security_camera_frame_grab | 08:13:54  📷  a-eyes  ch3 → ch3-20261003T181354Z.jpg  (172.5 KB, 4.59s)
2026-10-03T08:14:03-10:00job:security_camera_frame_grab | 08:13:58  📷  a-eyes  ch4 → ch4-20261003T181358Z.jpg  (151.7 KB, 4.48s)
2026-10-03T08:14:07-10:00  ✗  river2pro_read  WAITING
2026-10-03T08:14:07-10:00job:sys_stats_cycle RUN  bash "/home/rootrecord/RootRecord-Ecosystem/1 - Servers/1 - RootRecord-Pacific-Solar-Server/System/scripts/sys-sample.sh"
2026-10-03T08:14:08-10:00job:sys_stats_cycle | SYSTEM  cpu=9%  load=0.99  mem=59%  src=sqlite
2026-10-03T08:14:08-10:00job:sys_stats_cycle | OK wrote /home/rootrecord/RootRecord-Ecosystem/2 - RootRecord-Database/System/system.db
2026-10-03T08:14:11-10:00  ▸  SUMMARY=delta2 soc=0% solar=0W ac_out=0W usbc=0W src=ble db=ok
2026-10-03T08:14:11-10:00job:security_camera_frame_grab RUN  bash "/home/rootrecord/RootRecord-Ecosystem/1 - Servers/1 - RootRecord-Pacific-Solar-Server/Security/Cameras/grab_all.sh"
2026-10-03T08:14:11-10:00job:sys_stats_cycle RUN  bash "/home/rootrecord/RootRecord-Ecosystem/1 - Servers/1 - RootRecord-Pacific-Solar-Server/System/scripts/sys-sample.sh"
2026-10-03T08:14:12-10:00job:sys_stats_cycle | SYSTEM  cpu=8%  load=1.31  mem=59%  src=sqlite
2026-10-03T08:14:12-10:00job:sys_stats_cycle | OK wrote /home/rootrecord/RootRecord-Ecosystem/2 - RootRecord-Database/System/system.db
2026-10-03T08:14:20-10:00  ✗  river2pro_read  WAITING
2026-10-03T08:14:20-10:00job:sys_stats_cycle RUN  bash "/home/rootrecord/RootRecord-Ecosystem/1 - Servers/1 - RootRecord-Pacific-Solar-Server/System/scripts/sys-sample.sh"
2026-10-03T08:14:21-10:00job:sys_stats_cycle | SYSTEM  cpu=46%  load=1.36  mem=60%  src=sqlite
2026-10-03T08:14:21-10:00job:sys_stats_cycle | OK wrote /home/rootrecord/RootRecord-Ecosystem/2 - RootRecord-Database/System/system.db
2026-10-03T08:14:24-10:00  ▸  SUMMARY=delta2 soc=0% solar=0W ac_out=0W usbc=0W src=ble db=ok
2026-10-03T08:14:24-10:00job:sys_stats_cycle RUN  bash "/home/rootrecord/RootRecord-Ecosystem/1 - Servers/1 - RootRecord-Pacific-Solar-Server/System/scripts/sys-sample.sh"
2026-10-03T08:14:25-10:00job:sys_stats_cycle | SYSTEM  cpu=6%  load=1.49  mem=60%  src=sqlite
2026-10-03T08:14:25-10:00job:sys_stats_cycle | OK wrote /home/rootrecord/RootRecord-Ecosystem/2 - RootRecord-Database/System/system.db
2026-10-03T08:14:30-10:00job:security_camera_frame_grab | 08:14:11  📷  a-eyes  ch1 → ch1-20261003T181411Z.jpg  (361.1 KB, 4.58s)
2026-10-03T08:14:30-10:00job:security_camera_frame_grab | 08:14:16  📷  a-eyes  ch2 → ch2-20261003T181416Z.jpg  (198.3 KB, 4.49s)
2026-10-03T08:14:30-10:00job:security_camera_frame_grab | 08:14:20  📷  a-eyes  ch3 → ch3-20261003T181420Z.jpg  (175.0 KB, 4.67s)
2026-10-03T08:14:30-10:00job:security_camera_frame_grab | 08:14:25  📷  a-eyes  ch4 → ch4-20261003T181425Z.jpg  (144.0 KB, 4.47s)
2026-10-03T08:14:33-10:00  ✗  river2pro_read  WAITING
2026-10-03T08:14:33-10:00job:sys_stats_cycle RUN  bash "/home/rootrecord/RootRecord-Ecosystem/1 - Servers/1 - RootRecord-Pacific-Solar-Server/System/scripts/sys-sample.sh"
2026-10-03T08:14:34-10:00job:sys_stats_cycle | SYSTEM  cpu=8%  load=1.34  mem=61%  src=sqlite
2026-10-03T08:14:34-10:00job:sys_stats_cycle | OK wrote /home/rootrecord/RootRecord-Ecosystem/2 - RootRecord-Database/System/system.db
2026-10-03T08:14:37-10:00  ▸  SUMMARY=delta2 soc=0% solar=0W ac_out=0W usbc=0W src=ble db=ok
2026-10-03T08:14:37-10:00job:energy_consolidate_minutes RUN  nice -n 10 python3 "/home/rootrecord/RootRecord-Ecosystem/1 - Servers/1 - RootRecord-Pacific-Solar-Server/Energy/scripts/consolidate.py" minutes
2026-10-03T08:14:38-10:00job:energy_consolidate_minutes | SUMMARY=ecoflow_layers minutes=4374
2026-10-03T08:14:38-10:00job:security_camera_frame_grab RUN  bash "/home/rootrecord/RootRecord-Ecosystem/1 - Servers/1 - RootRecord-Pacific-Solar-Server/Security/Cameras/grab_all.sh"
2026-10-03T08:14:38-10:00job:sys_stats_cycle RUN  bash "/home/rootrecord/RootRecord-Ecosystem/1 - Servers/1 - RootRecord-Pacific-Solar-Server/System/scripts/sys-sample.sh"
2026-10-03T08:14:39-10:00job:sys_stats_cycle | SYSTEM  cpu=19%  load=1.24  mem=59%  src=sqlite
2026-10-03T08:14:39-10:00job:sys_stats_cycle | OK wrote /home/rootrecord/RootRecord-Ecosystem/2 - RootRecord-Database/System/system.db
2026-10-03T08:14:39-10:00job:system_consolidate_minutes RUN  nice -n 10 python3 "/home/rootrecord/RootRecord-Ecosystem/1 - Servers/1 - RootRecord-Pacific-Solar-Server/System/scripts/consolidate.py" minutes
2026-10-03T08:14:39-10:00job:system_consolidate_minutes | SUMMARY=system_layers minutes=91
2026-10-03T08:14:48-10:00  ✗  river2pro_read  WAITING
2026-10-03T08:14:48-10:00job:sys_stats_cycle RUN  bash "/home/rootrecord/RootRecord-Ecosystem/1 - Servers/1 - RootRecord-Pacific-Solar-Server/System/scripts/sys-sample.sh"
2026-10-03T08:14:48-10:00job:sys_stats_cycle | SYSTEM  cpu=8%  load=2.02  mem=60%  src=sqlite
2026-10-03T08:14:48-10:00job:sys_stats_cycle | OK wrote /home/rootrecord/RootRecord-Ecosystem/2 - RootRecord-Database/System/system.db
2026-10-03T08:14:51-10:00  ▸  SUMMARY=delta2 soc=0% solar=0W ac_out=0W usbc=0W src=ble db=ok
2026-10-03T08:14:51-10:00job:sys_stats_cycle RUN  bash "/home/rootrecord/RootRecord-Ecosystem/1 - Servers/1 - RootRecord-Pacific-Solar-Server/System/scripts/sys-sample.sh"
2026-10-03T08:14:52-10:00job:sys_stats_cycle | SYSTEM  cpu=27%  load=1.93  mem=61%  src=sqlite
2026-10-03T08:14:52-10:00job:sys_stats_cycle | OK wrote /home/rootrecord/RootRecord-Ecosystem/2 - RootRecord-Database/System/system.db
2026-10-03T08:14:55-10:00tunnel timeout — reconnecting
2026-10-03T08:14:55-10:00tunnel timeout — reconnecting
2026-10-03T08:14:56-10:00tunnel timeout — reconnecting
2026-10-03T08:14:56-10:00tunnel timeout — reconnecting
2026-10-03T08:14:56-10:00tunnel connected  conn=0  edge=lax09
2026-10-03T08:14:56-10:00job:security_camera_frame_grab | 08:14:39  📷  a-eyes  ch1 → ch1-20261003T181439Z.jpg  (358.5 KB, 4.37s)
2026-10-03T08:14:56-10:00job:security_camera_frame_grab | 08:14:43  📷  a-eyes  ch2 → ch2-20261003T181443Z.jpg  (198.2 KB, 4.47s)
2026-10-03T08:14:56-10:00job:security_camera_frame_grab | 08:14:47  📷  a-eyes  ch3 → ch3-20261003T181447Z.jpg  (176.3 KB, 4.35s)
2026-10-03T08:14:56-10:00job:security_camera_frame_grab | 08:14:52  📷  a-eyes  ch4 → ch4-20261003T181452Z.jpg  (130.3 KB, 4.50s)
2026-10-03T08:14:56-10:00tunnel timeout — reconnecting
2026-10-03T08:14:57-10:00tunnel timeout — reconnecting
2026-10-03T08:14:57-10:00tunnel timeout — reconnecting
2026-10-03T08:14:58-10:00tunnel connected  conn=1  edge=lax13
2026-10-03T08:14:58-10:00tunnel connected  conn=2  edge=lax13
2026-10-03T08:14:58-10:00tunnel connected  conn=3  edge=lax10
2026-10-03T08:15:01-10:00  ✗  river2pro_read  WAITING
2026-10-03T08:15:01-10:00job:sys_stats_cycle RUN  bash "/home/rootrecord/RootRecord-Ecosystem/1 - Servers/1 - RootRecord-Pacific-Solar-Server/System/scripts/sys-sample.sh"
2026-10-03T08:15:01-10:00job:sys_stats_cycle | SYSTEM  cpu=17%  load=1.86  mem=59%  src=sqlite
2026-10-03T08:15:01-10:00job:sys_stats_cycle | OK wrote /home/rootrecord/RootRecord-Ecosystem/2 - RootRecord-Database/System/system.db
2026-10-03T08:15:05-10:00  ▸  SUMMARY=delta2 soc=0% solar=0W ac_out=0W usbc=0W src=ble db=ok
2026-10-03T08:15:05-10:00job:security_camera_frame_grab RUN  bash "/home/rootrecord/RootRecord-Ecosystem/1 - Servers/1 - RootRecord-Pacific-Solar-Server/Security/Cameras/grab_all.sh"
2026-10-03T08:15:05-10:00job:sys_stats_cycle RUN  bash "/home/rootrecord/RootRecord-Ecosystem/1 - Servers/1 - RootRecord-Pacific-Solar-Server/System/scripts/sys-sample.sh"
2026-10-03T08:15:05-10:00job:security_camera_frame_grab FAIL code=-15
2026-10-03T08:15:05-10:00job:sys_stats_cycle FAIL code=-15
2026-10-03T08:15:06-10:00HTTP listening on http://127.0.0.1:8799 (open access on bind)
2026-10-03T08:15:06-10:00boot:start  jobs=9
2026-10-03T08:15:06-10:00boot:run  priority=0  id=self_terminal
2026-10-03T08:15:06-10:00boot:p0 self_process pid=2801432
2026-10-03T08:15:06-10:00boot:run  priority=1  id=cloudflare_tunnel
2026-10-03T08:15:06-10:00boot:p1 cloudflare_tunnel host=rootserver.rootrecord.cloud
2026-10-03T08:15:06-10:00internet OK at boot — starting tunnel
2026-10-03T08:15:06-10:00Starting cloudflared mode=token public_host=rootserver.rootrecord.cloud
2026-10-03T08:15:06-10:00Waiting for tunnel register (timeout=45s)…
2026-10-03T08:15:06-10:00tunnel starting
2026-10-03T08:15:07-10:00tunnel connected  conn=0  edge=lax01
2026-10-03T08:15:07-10:00Tunnel READY — first connection registered.
2026-10-03T08:15:07-10:00boot:run  priority=2  id=github_setup_remotes
2026-10-03T08:15:07-10:00tunnel ingress  rootserver.rootrecord.cloud → 127.0.0.1:8799
2026-10-03T08:15:07-10:00boot:run  priority=3  id=ollama_warmup
2026-10-03T08:15:07-10:00job:ollama_warmup RUN  bash '/home/rootrecord/RootRecord-Ecosystem/1 - Servers/1 - RootRecord-Pacific-Solar-Server/System/scripts/plumbing/ollama-warmup.sh'
2026-10-03T08:15:07-10:00job:ollama_warmup | [ok] ollama up
2026-10-03T08:15:07-10:00boot:run  priority=4  id=flm_npu_warmup
2026-10-03T08:15:07-10:00job:flm_npu_warmup RUN  bash '/home/rootrecord/RootRecord-Ecosystem/1 - Servers/1 - RootRecord-Pacific-Solar-Server/System/scripts/plumbing/flm-warmup.sh'
2026-10-03T08:15:07-10:00job:flm_npu_warmup | [skip] FLM warmup disabled (no resident model; set FLM_WARMUP_RESIDENT=1 to opt in)
2026-10-03T08:15:07-10:00boot:run  priority=5  id=council_relay
2026-10-03T08:15:07-10:00tunnel connected  conn=1  edge=lax08
2026-10-03T08:15:07-10:00job:council_relay RUN  bash "/home/rootrecord/RootRecord-Ecosystem/1 - Servers/1 - RootRecord-Pacific-Solar-Server/Communications/telegram/scripts/ensure-relay.sh"
2026-10-03T08:15:08-10:00tunnel connected  conn=2  edge=lax10
2026-10-03T08:15:09-10:00tunnel connected  conn=3  edge=lax01
2026-10-03T08:15:10-10:00job:council_relay | [ok] council-relay started pid=2801779 → /home/rootrecord/RootRecord-Ecosystem/2 - RootRecord-Database/Logs/Communications/council-relay.log
2026-10-03T08:15:10-10:00boot:run  priority=6  id=security_camera_server
2026-10-03T08:15:10-10:00job:security_camera_server RUN  bash "/home/rootrecord/RootRecord-Ecosystem/1 - Servers/1 - RootRecord-Pacific-Solar-Server/Security/Cameras/ensure_cam_server.sh"
2026-10-03T08:15:10-10:00job:security_camera_server | security cam server started
2026-10-03T08:15:10-10:00boot:run  priority=7  id=security_timelapse_catchup
2026-10-03T08:15:10-10:00job:security_timelapse_catchup RUN  bash "/home/rootrecord/RootRecord-Ecosystem/1 - Servers/1 - RootRecord-Pacific-Solar-Server/Security/Cameras/timelapse_catchup.sh"
2026-10-03T08:15:10-10:00job:security_timelapse_catchup | 08:15:10  🎬  a-eyes-timelapse  catchup: checking 20261003, now=08:15 HST
2026-10-03T08:15:10-10:00job:security_timelapse_catchup | 08:15:10  🎬  a-eyes-timelapse  hour 05 already compiled, skipping
2026-10-03T08:15:10-10:00job:security_timelapse_catchup | 08:15:10  🎬  a-eyes-timelapse  hour 06 already compiled, skipping
2026-10-03T08:15:10-10:00job:security_timelapse_catchup | 08:15:10  🎬  a-eyes-timelapse  hour 07 already compiled, skipping
2026-10-03T08:15:10-10:00job:security_timelapse_catchup | 08:15:10  🎬  a-eyes-timelapse  catchup: window still open today, skipping daily render
2026-10-03T08:15:10-10:00boot:run  priority=9  id=network_globe_hawaii
2026-10-03T08:15:10-10:00job:network_globe_hawaii RUN  bash "/home/rootrecord/RootRecord-Ecosystem/1 - Servers/1 - RootRecord-Pacific-Solar-Server/Communications/network/scripts/ensure-network-globe-hawaii.sh"
2026-10-03T08:15:10-10:00job:network_globe_hawaii | [ensure-network-globe-hawaii] already running -- nothing to do
2026-10-03T08:15:10-10:00boot:done
2026-10-03T08:15:23-10:00  ▸  SUMMARY=delta2 soc=0% solar=0W ac_out=0W usbc=0W src=ble db=ok
2026-10-03T08:15:23-10:00hour-lane  restored done=2
2026-10-03T08:15:23-10:00scheduler  MODE=jobs.py exact_time=34
2026-10-03T08:15:33-10:00  ✗  river2pro_read  WAITING
2026-10-03T08:15:33-10:00job:sys_stats_cycle RUN  bash "/home/rootrecord/RootRecord-Ecosystem/1 - Servers/1 - RootRecord-Pacific-Solar-Server/System/scripts/sys-sample.sh"
2026-10-03T08:15:34-10:00job:sys_stats_cycle | SYSTEM  cpu=19%  load=2.48  mem=61%  src=sqlite
2026-10-03T08:15:34-10:00job:sys_stats_cycle | OK wrote /home/rootrecord/RootRecord-Ecosystem/2 - RootRecord-Database/System/system.db
2026-10-03T08:15:37-10:00  ▸  SUMMARY=delta2 soc=0% solar=0W ac_out=0W usbc=0W src=ble db=ok
2026-10-03T08:15:37-10:00job:energy_consolidate_hours RUN  nice -n 10 python3 "/home/rootrecord/RootRecord-Ecosystem/1 - Servers/1 - RootRecord-Pacific-Solar-Server/Energy/scripts/consolidate.py" hours
2026-10-03T08:15:38-10:00job:energy_consolidate_hours | SUMMARY=ecoflow_layers hours=0 json=periods.json
2026-10-03T08:15:38-10:00job:live_picture RUN  nice -n 10 python3 "/home/rootrecord/RootRecord-Ecosystem/1 - Servers/1 - RootRecord-Pacific-Solar-Server/Media/Video/scripts/live_picture.py"
2026-10-03T08:15:49-10:00job:live_picture | {"ok": true, "detail": "local+clock+thumb", "path": "/home/rootrecord/RootRecord-Ecosystem/1 - Servers/1 - RootRecord-Pacific-Solar-Server/Media/Video/live-frame.png", "size": [1920, 1080]}
2026-10-03T08:15:49-10:00job:security_camera_frame_grab RUN  bash "/home/rootrecord/RootRecord-Ecosystem/1 - Servers/1 - RootRecord-Pacific-Solar-Server/Security/Cameras/grab_all.sh"
2026-10-03T08:15:49-10:00job:sys_stats_cycle RUN  bash "/home/rootrecord/RootRecord-Ecosystem/1 - Servers/1 - RootRecord-Pacific-Solar-Server/System/scripts/sys-sample.sh"
2026-10-03T08:15:50-10:00job:sys_stats_cycle | SYSTEM  cpu=12%  load=2.71  mem=60%  src=sqlite
2026-10-03T08:15:50-10:00job:sys_stats_cycle | OK wrote /home/rootrecord/RootRecord-Ecosystem/2 - RootRecord-Database/System/system.db
2026-10-03T08:15:50-10:00job:system_consolidate_hours RUN  nice -n 10 python3 "/home/rootrecord/RootRecord-Ecosystem/1 - Servers/1 - RootRecord-Pacific-Solar-Server/System/scripts/consolidate.py" hours
2026-10-03T08:15:50-10:00job:system_consolidate_hours | SUMMARY=system_layers hours=0
2026-10-03T08:15:50-10:00job:voice_kilauea_image_check RUN  nice -n 10 python3 "/home/rootrecord/RootRecord-Ecosystem/1 - Servers/1 - RootRecord-Pacific-Solar-Server/Media/Voice/scripts/voice_reports.py" kilauea_image_check
2026-10-03T08:16:08-10:00job:security_camera_frame_grab | 08:15:49  📷  a-eyes  ch1 → ch1-20261003T181549Z.jpg  (317.0 KB, 4.51s)
2026-10-03T08:16:08-10:00job:security_camera_frame_grab | 08:15:54  📷  a-eyes  ch2 → ch2-20261003T181554Z.jpg  (205.3 KB, 4.55s)
2026-10-03T08:16:08-10:00job:security_camera_frame_grab | 08:15:59  📷  a-eyes  ch3 → ch3-20261003T181559Z.jpg  (172.3 KB, 4.57s)
2026-10-03T08:16:08-10:00job:security_camera_frame_grab | 08:16:03  📷  a-eyes  ch4 → ch4-20261003T181603Z.jpg  (121.8 KB, 4.53s)
2026-10-03T08:18:02-10:00job:voice_kilauea_image_check FAIL code=-15
2026-10-03T08:18:02-10:00HTTP listening on http://127.0.0.1:8799 (open access on bind)
2026-10-03T08:18:02-10:00boot:start  jobs=9
2026-10-03T08:18:02-10:00boot:run  priority=0  id=self_terminal
2026-10-03T08:18:02-10:00boot:p0 self_process pid=2805049
2026-10-03T08:18:02-10:00boot:run  priority=1  id=cloudflare_tunnel
2026-10-03T08:18:02-10:00boot:p1 cloudflare_tunnel host=rootserver.rootrecord.cloud
2026-10-03T08:18:02-10:00internet OK at boot — starting tunnel
2026-10-03T08:18:02-10:00Starting cloudflared mode=token public_host=rootserver.rootrecord.cloud
2026-10-03T08:18:02-10:00Waiting for tunnel register (timeout=45s)…
2026-10-03T08:18:02-10:00tunnel starting
2026-10-03T08:18:03-10:00tunnel connected  conn=0  edge=lax01
2026-10-03T08:18:03-10:00Tunnel READY — first connection registered.
2026-10-03T08:18:03-10:00boot:run  priority=2  id=github_setup_remotes
2026-10-03T08:18:03-10:00tunnel ingress  rootserver.rootrecord.cloud → 127.0.0.1:8799
2026-10-03T08:18:03-10:00boot:run  priority=3  id=ollama_warmup
2026-10-03T08:18:03-10:00job:ollama_warmup RUN  bash '/home/rootrecord/RootRecord-Ecosystem/1 - Servers/1 - RootRecord-Pacific-Solar-Server/System/scripts/plumbing/ollama-warmup.sh'
2026-10-03T08:18:03-10:00tunnel connected  conn=1  edge=lax08
2026-10-03T08:18:03-10:00job:ollama_warmup | [ok] ollama up
2026-10-03T08:18:03-10:00boot:run  priority=4  id=flm_npu_warmup
2026-10-03T08:18:03-10:00job:flm_npu_warmup RUN  bash '/home/rootrecord/RootRecord-Ecosystem/1 - Servers/1 - RootRecord-Pacific-Solar-Server/System/scripts/plumbing/flm-warmup.sh'
2026-10-03T08:18:03-10:00job:flm_npu_warmup | [skip] FLM warmup disabled (no resident model; set FLM_WARMUP_RESIDENT=1 to opt in)
2026-10-03T08:18:03-10:00boot:run  priority=5  id=council_relay
2026-10-03T08:18:03-10:00job:council_relay RUN  bash "/home/rootrecord/RootRecord-Ecosystem/1 - Servers/1 - RootRecord-Pacific-Solar-Server/Communications/telegram/scripts/ensure-relay.sh"
2026-10-03T08:18:04-10:00tunnel connected  conn=2  edge=lax07
2026-10-03T08:18:05-10:00tunnel connected  conn=3  edge=lax13
2026-10-03T08:18:06-10:00job:council_relay | [ok] council-relay started pid=2805381 → /home/rootrecord/RootRecord-Ecosystem/2 - RootRecord-Database/Logs/Communications/council-relay.log
2026-10-03T08:18:06-10:00boot:run  priority=6  id=security_camera_server
2026-10-03T08:18:06-10:00job:security_camera_server RUN  bash "/home/rootrecord/RootRecord-Ecosystem/1 - Servers/1 - RootRecord-Pacific-Solar-Server/Security/Cameras/ensure_cam_server.sh"
2026-10-03T08:18:06-10:00job:security_camera_server | security cam server started
2026-10-03T08:18:06-10:00boot:run  priority=7  id=security_timelapse_catchup
2026-10-03T08:18:06-10:00job:security_timelapse_catchup RUN  bash "/home/rootrecord/RootRecord-Ecosystem/1 - Servers/1 - RootRecord-Pacific-Solar-Server/Security/Cameras/timelapse_catchup.sh"
2026-10-03T08:18:06-10:00job:security_timelapse_catchup | 08:18:06  🎬  a-eyes-timelapse  catchup: checking 20261003, now=08:18 HST
2026-10-03T08:18:06-10:00job:security_timelapse_catchup | 08:18:06  🎬  a-eyes-timelapse  hour 05 already compiled, skipping
2026-10-03T08:18:06-10:00job:security_timelapse_catchup | 08:18:06  🎬  a-eyes-timelapse  hour 06 already compiled, skipping
2026-10-03T08:18:06-10:00job:security_timelapse_catchup | 08:18:06  🎬  a-eyes-timelapse  hour 07 already compiled, skipping
2026-10-03T08:18:06-10:00job:security_timelapse_catchup | 08:18:06  🎬  a-eyes-timelapse  catchup: window still open today, skipping daily render
2026-10-03T08:18:06-10:00boot:run  priority=9  id=network_globe_hawaii
2026-10-03T08:18:06-10:00job:network_globe_hawaii RUN  bash "/home/rootrecord/RootRecord-Ecosystem/1 - Servers/1 - RootRecord-Pacific-Solar-Server/Communications/network/scripts/ensure-network-globe-hawaii.sh"
2026-10-03T08:18:07-10:00job:network_globe_hawaii | [ensure-network-globe-hawaii] already running -- nothing to do
2026-10-03T08:18:07-10:00boot:done
2026-10-03T08:18:21-10:00  ▸  SUMMARY=delta2 soc=0% solar=0W ac_out=0W usbc=0W src=ble db=ok
2026-10-03T08:18:21-10:00hour-lane  restored done=2
2026-10-03T08:18:21-10:00scheduler  MODE=jobs.py exact_time=34
2026-10-03T08:18:33-10:00  ✗  river2pro_read  WAITING
2026-10-03T08:18:33-10:00job:sys_stats_cycle RUN  bash "/home/rootrecord/RootRecord-Ecosystem/1 - Servers/1 - RootRecord-Pacific-Solar-Server/System/scripts/sys-sample.sh"
2026-10-03T08:18:34-10:00job:sys_stats_cycle | SYSTEM  cpu=11%  load=4.40  mem=57%  src=sqlite
2026-10-03T08:18:34-10:00job:sys_stats_cycle | OK wrote /home/rootrecord/RootRecord-Ecosystem/2 - RootRecord-Database/System/system.db
2026-10-03T08:18:37-10:00  ▸  SUMMARY=delta2 soc=0% solar=0W ac_out=0W usbc=0W src=ble db=ok
2026-10-03T08:18:37-10:00job:energy_consolidate_hours RUN  nice -n 10 python3 "/home/rootrecord/RootRecord-Ecosystem/1 - Servers/1 - RootRecord-Pacific-Solar-Server/Energy/scripts/consolidate.py" hours
2026-10-03T08:18:37-10:00job:energy_consolidate_hours | SUMMARY=ecoflow_layers hours=0 json=periods.json
2026-10-03T08:18:37-10:00job:security_camera_frame_grab RUN  bash "/home/rootrecord/RootRecord-Ecosystem/1 - Servers/1 - RootRecord-Pacific-Solar-Server/Security/Cameras/grab_all.sh"
2026-10-03T08:18:37-10:00job:sys_stats_cycle RUN  bash "/home/rootrecord/RootRecord-Ecosystem/1 - Servers/1 - RootRecord-Pacific-Solar-Server/System/scripts/sys-sample.sh"
2026-10-03T08:18:38-10:00job:sys_stats_cycle | SYSTEM  cpu=5%  load=4.13  mem=59%  src=sqlite
2026-10-03T08:18:38-10:00job:sys_stats_cycle | OK wrote /home/rootrecord/RootRecord-Ecosystem/2 - RootRecord-Database/System/system.db
2026-10-03T08:18:38-10:00job:system_consolidate_hours RUN  nice -n 10 python3 "/home/rootrecord/RootRecord-Ecosystem/1 - Servers/1 - RootRecord-Pacific-Solar-Server/System/scripts/consolidate.py" hours
2026-10-03T08:18:38-10:00job:system_consolidate_hours | SUMMARY=system_layers hours=0
2026-10-03T08:18:46-10:00  ✗  river2pro_read  WAITING
2026-10-03T08:18:46-10:00job:sys_stats_cycle RUN  bash "/home/rootrecord/RootRecord-Ecosystem/1 - Servers/1 - RootRecord-Pacific-Solar-Server/System/scripts/sys-sample.sh"
2026-10-03T08:18:47-10:00job:sys_stats_cycle | SYSTEM  cpu=15%  load=3.88  mem=58%  src=sqlite
2026-10-03T08:18:47-10:00job:sys_stats_cycle | OK wrote /home/rootrecord/RootRecord-Ecosystem/2 - RootRecord-Database/System/system.db
2026-10-03T08:18:50-10:00  ▸  SUMMARY=delta2 soc=0% solar=0W ac_out=0W usbc=0W src=ble db=ok
2026-10-03T08:18:50-10:00job:sys_stats_cycle RUN  bash "/home/rootrecord/RootRecord-Ecosystem/1 - Servers/1 - RootRecord-Pacific-Solar-Server/System/scripts/sys-sample.sh"
2026-10-03T08:18:51-10:00job:sys_stats_cycle | SYSTEM  cpu=38%  load=3.64  mem=58%  src=sqlite
2026-10-03T08:18:51-10:00job:sys_stats_cycle | OK wrote /home/rootrecord/RootRecord-Ecosystem/2 - RootRecord-Database/System/system.db
2026-10-03T08:18:55-10:00job:security_camera_frame_grab | 08:18:37  📷  a-eyes  ch1 → ch1-20261003T181837Z.jpg  (332.3 KB, 4.36s)
2026-10-03T08:18:55-10:00job:security_camera_frame_grab | 08:18:42  📷  a-eyes  ch2 → ch2-20261003T181842Z.jpg  (211.7 KB, 4.26s)
2026-10-03T08:18:55-10:00job:security_camera_frame_grab | 08:18:46  📷  a-eyes  ch3 → ch3-20261003T181846Z.jpg  (155.5 KB, 4.34s)
2026-10-03T08:18:55-10:00job:security_camera_frame_grab | 08:18:50  📷  a-eyes  ch4 → ch4-20261003T181850Z.jpg  (110.2 KB, 4.39s)
2026-10-03T08:18:59-10:00  ✗  river2pro_read  WAITING
2026-10-03T08:18:59-10:00job:sys_stats_cycle RUN  bash "/home/rootrecord/RootRecord-Ecosystem/1 - Servers/1 - RootRecord-Pacific-Solar-Server/System/scripts/sys-sample.sh"
2026-10-03T08:19:00-10:00job:sys_stats_cycle | SYSTEM  cpu=8%  load=3.31  mem=59%  src=sqlite
2026-10-03T08:19:00-10:00job:sys_stats_cycle | OK wrote /home/rootrecord/RootRecord-Ecosystem/2 - RootRecord-Database/System/system.db
2026-10-03T08:19:04-10:00  ▸  SUMMARY=delta2 soc=0% solar=0W ac_out=0W usbc=0W src=ble db=ok
2026-10-03T08:19:04-10:00job:security_camera_frame_grab RUN  bash "/home/rootrecord/RootRecord-Ecosystem/1 - Servers/1 - RootRecord-Pacific-Solar-Server/Security/Cameras/grab_all.sh"
2026-10-03T08:19:04-10:00job:sys_stats_cycle RUN  bash "/home/rootrecord/RootRecord-Ecosystem/1 - Servers/1 - RootRecord-Pacific-Solar-Server/System/scripts/sys-sample.sh"
2026-10-03T08:19:05-10:00job:sys_stats_cycle | SYSTEM  cpu=9%  load=3.12  mem=58%  src=sqlite
2026-10-03T08:19:05-10:00job:sys_stats_cycle | OK wrote /home/rootrecord/RootRecord-Ecosystem/2 - RootRecord-Database/System/system.db
2026-10-03T08:19:13-10:00  ✗  river2pro_read  WAITING
2026-10-03T08:19:13-10:00job:sys_stats_cycle RUN  bash "/home/rootrecord/RootRecord-Ecosystem/1 - Servers/1 - RootRecord-Pacific-Solar-Server/System/scripts/sys-sample.sh"
2026-10-03T08:19:14-10:00job:sys_stats_cycle | SYSTEM  cpu=9%  load=2.64  mem=59%  src=sqlite
2026-10-03T08:19:14-10:00job:sys_stats_cycle | OK wrote /home/rootrecord/RootRecord-Ecosystem/2 - RootRecord-Database/System/system.db
2026-10-03T08:19:17-10:00  ▸  SUMMARY=delta2 soc=0% solar=0W ac_out=0W usbc=0W src=ble db=ok
2026-10-03T08:19:17-10:00job:energy_consolidate_minutes RUN  nice -n 10 python3 "/home/rootrecord/RootRecord-Ecosystem/1 - Servers/1 - RootRecord-Pacific-Solar-Server/Energy/scripts/consolidate.py" minutes
2026-10-03T08:19:19-10:00job:energy_consolidate_minutes | SUMMARY=ecoflow_layers minutes=13716
2026-10-03T08:19:19-10:00job:sys_stats_cycle RUN  bash "/home/rootrecord/RootRecord-Ecosystem/1 - Servers/1 - RootRecord-Pacific-Solar-Server/System/scripts/sys-sample.sh"
2026-10-03T08:19:19-10:00job:sys_stats_cycle | SYSTEM  cpu=11%  load=2.51  mem=59%  src=sqlite
2026-10-03T08:19:19-10:00job:sys_stats_cycle | OK wrote /home/rootrecord/RootRecord-Ecosystem/2 - RootRecord-Database/System/system.db
2026-10-03T08:19:19-10:00job:system_consolidate_minutes RUN  nice -n 10 python3 "/home/rootrecord/RootRecord-Ecosystem/1 - Servers/1 - RootRecord-Pacific-Solar-Server/System/scripts/consolidate.py" minutes
2026-10-03T08:19:20-10:00job:system_consolidate_minutes | SUMMARY=system_layers minutes=126
2026-10-03T08:19:22-10:00job:security_camera_frame_grab | 08:19:04  📷  a-eyes  ch1 → ch1-20261003T181904Z.jpg  (324.7 KB, 4.52s)
2026-10-03T08:19:22-10:00job:security_camera_frame_grab | 08:19:09  📷  a-eyes  ch2 → ch2-20261003T181909Z.jpg  (208.6 KB, 4.48s)
2026-10-03T08:19:22-10:00job:security_camera_frame_grab | 08:19:13  📷  a-eyes  ch3 → ch3-20261003T181913Z.jpg  (157.2 KB, 4.46s)
2026-10-03T08:19:22-10:00job:security_camera_frame_grab | 08:19:18  📷  a-eyes  ch4 → ch4-20261003T181918Z.jpg  (106.2 KB, 4.51s)
2026-10-03T08:19:28-10:00  ✗  river2pro_read  WAITING
2026-10-03T08:19:28-10:00job:sys_stats_cycle RUN  bash "/home/rootrecord/RootRecord-Ecosystem/1 - Servers/1 - RootRecord-Pacific-Solar-Server/System/scripts/sys-sample.sh"
2026-10-03T08:19:29-10:00job:sys_stats_cycle | SYSTEM  cpu=52%  load=2.20  mem=58%  src=sqlite
2026-10-03T08:19:29-10:00job:sys_stats_cycle | OK wrote /home/rootrecord/RootRecord-Ecosystem/2 - RootRecord-Database/System/system.db
2026-10-03T08:19:33-10:00  ▸  SUMMARY=delta2 soc=0% solar=0W ac_out=0W usbc=0W src=ble db=ok
2026-10-03T08:19:33-10:00job:security_camera_frame_grab RUN  bash "/home/rootrecord/RootRecord-Ecosystem/1 - Servers/1 - RootRecord-Pacific-Solar-Server/Security/Cameras/grab_all.sh"
2026-10-03T08:19:33-10:00job:sys_stats_cycle RUN  bash "/home/rootrecord/RootRecord-Ecosystem/1 - Servers/1 - RootRecord-Pacific-Solar-Server/System/scripts/sys-sample.sh"
2026-10-03T08:19:33-10:00job:sys_stats_cycle | SYSTEM  cpu=14%  load=2.02  mem=58%  src=sqlite
2026-10-03T08:19:33-10:00job:sys_stats_cycle | OK wrote /home/rootrecord/RootRecord-Ecosystem/2 - RootRecord-Database/System/system.db
2026-10-03T08:19:42-10:00  ✗  river2pro_read  WAITING
2026-10-03T08:19:42-10:00job:sys_stats_cycle RUN  bash "/home/rootrecord/RootRecord-Ecosystem/1 - Servers/1 - RootRecord-Pacific-Solar-Server/System/scripts/sys-sample.sh"
2026-10-03T08:19:42-10:00job:sys_stats_cycle | SYSTEM  cpu=27%  load=2.02  mem=58%  src=sqlite
2026-10-03T08:19:42-10:00job:sys_stats_cycle | OK wrote /home/rootrecord/RootRecord-Ecosystem/2 - RootRecord-Database/System/system.db
2026-10-03T08:19:46-10:00  ▸  SUMMARY=delta2 soc=0% solar=0W ac_out=0W usbc=0W src=ble db=ok
2026-10-03T08:19:46-10:00job:sys_stats_cycle RUN  bash "/home/rootrecord/RootRecord-Ecosystem/1 - Servers/1 - RootRecord-Pacific-Solar-Server/System/scripts/sys-sample.sh"
2026-10-03T08:19:46-10:00job:sys_stats_cycle | SYSTEM  cpu=19%  load=2.02  mem=59%  src=sqlite
2026-10-03T08:19:46-10:00job:sys_stats_cycle | OK wrote /home/rootrecord/RootRecord-Ecosystem/2 - RootRecord-Database/System/system.db
2026-10-03T08:19:50-10:00job:security_camera_frame_grab | 08:19:33  📷  a-eyes  ch1 → ch1-20261003T181933Z.jpg  (323.7 KB, 4.47s)
2026-10-03T08:19:50-10:00job:security_camera_frame_grab | 08:19:37  📷  a-eyes  ch2 → ch2-20261003T181937Z.jpg  (214.2 KB, 4.38s)
2026-10-03T08:19:50-10:00job:security_camera_frame_grab | 08:19:42  📷  a-eyes  ch3 → ch3-20261003T181942Z.jpg  (160.5 KB, 4.55s)
2026-10-03T08:19:50-10:00job:security_camera_frame_grab | 08:19:46  📷  a-eyes  ch4 → ch4-20261003T181946Z.jpg  (104.4 KB, 4.28s)
2026-10-03T08:19:55-10:00  ✗  river2pro_read  WAITING
2026-10-03T08:19:55-10:00job:sys_stats_cycle RUN  bash "/home/rootrecord/RootRecord-Ecosystem/1 - Servers/1 - RootRecord-Pacific-Solar-Server/System/scripts/sys-sample.sh"
2026-10-03T08:19:55-10:00job:sys_stats_cycle | SYSTEM  cpu=15%  load=2.02  mem=59%  src=sqlite
2026-10-03T08:19:55-10:00job:sys_stats_cycle | OK wrote /home/rootrecord/RootRecord-Ecosystem/2 - RootRecord-Database/System/system.db
2026-10-03T08:19:59-10:00  ▸  SUMMARY=delta2 soc=0% solar=0W ac_out=0W usbc=0W src=ble db=ok
2026-10-03T08:19:59-10:00job:energy_consolidate_hours RUN  nice -n 10 python3 "/home/rootrecord/RootRecord-Ecosystem/1 - Servers/1 - RootRecord-Pacific-Solar-Server/Energy/scripts/consolidate.py" hours
2026-10-03T08:20:00-10:00job:energy_consolidate_hours | SUMMARY=ecoflow_layers hours=0 json=periods.json
2026-10-03T08:20:00-10:00job:security_camera_frame_grab RUN  bash "/home/rootrecord/RootRecord-Ecosystem/1 - Servers/1 - RootRecord-Pacific-Solar-Server/Security/Cameras/grab_all.sh"
2026-10-03T08:20:00-10:00job:sys_stats_cycle RUN  bash "/home/rootrecord/RootRecord-Ecosystem/1 - Servers/1 - RootRecord-Pacific-Solar-Server/System/scripts/sys-sample.sh"
2026-10-03T08:20:00-10:00job:sys_stats_cycle | SYSTEM  cpu=7%  load=1.94  mem=59%  src=sqlite
2026-10-03T08:20:00-10:00job:sys_stats_cycle | OK wrote /home/rootrecord/RootRecord-Ecosystem/2 - RootRecord-Database/System/system.db
2026-10-03T08:20:00-10:00job:system_consolidate_hours RUN  nice -n 10 python3 "/home/rootrecord/RootRecord-Ecosystem/1 - Servers/1 - RootRecord-Pacific-Solar-Server/System/scripts/consolidate.py" hours
2026-10-03T08:20:00-10:00job:system_consolidate_hours | SUMMARY=system_layers hours=0
2026-10-03T08:20:09-10:00  ✗  river2pro_read  WAITING
2026-10-03T08:20:09-10:00job:sys_stats_cycle RUN  bash "/home/rootrecord/RootRecord-Ecosystem/1 - Servers/1 - RootRecord-Pacific-Solar-Server/System/scripts/sys-sample.sh"
2026-10-03T08:20:09-10:00job:sys_stats_cycle | SYSTEM  cpu=24%  load=1.71  mem=60%  src=sqlite
2026-10-03T08:20:09-10:00job:sys_stats_cycle | OK wrote /home/rootrecord/RootRecord-Ecosystem/2 - RootRecord-Database/System/system.db
2026-10-03T08:20:13-10:00  ▸  SUMMARY=delta2 soc=0% solar=0W ac_out=0W usbc=0W src=ble db=ok
2026-10-03T08:20:13-10:00job:sys_stats_cycle RUN  bash "/home/rootrecord/RootRecord-Ecosystem/1 - Servers/1 - RootRecord-Pacific-Solar-Server/System/scripts/sys-sample.sh"
2026-10-03T08:20:13-10:00job:sys_stats_cycle | SYSTEM  cpu=17%  load=1.82  mem=59%  src=sqlite
2026-10-03T08:20:13-10:00job:sys_stats_cycle | OK wrote /home/rootrecord/RootRecord-Ecosystem/2 - RootRecord-Database/System/system.db
2026-10-03T08:20:18-10:00job:security_camera_frame_grab | 08:20:00  📷  a-eyes  ch1 → ch1-20261003T182000Z.jpg  (315.1 KB, 4.41s)
2026-10-03T08:20:18-10:00job:security_camera_frame_grab | 08:20:04  📷  a-eyes  ch2 → ch2-20261003T182004Z.jpg  (211.2 KB, 4.61s)
2026-10-03T08:20:18-10:00job:security_camera_frame_grab | 08:20:09  📷  a-eyes  ch3 → ch3-20261003T182009Z.jpg  (157.7 KB, 4.57s)
2026-10-03T08:20:18-10:00job:security_camera_frame_grab | 08:20:13  📷  a-eyes  ch4 → ch4-20261003T182013Z.jpg  (106.6 KB, 4.26s)
2026-10-03T08:20:22-10:00  ✗  river2pro_read  WAITING
2026-10-03T08:20:22-10:00job:sys_stats_cycle RUN  bash "/home/rootrecord/RootRecord-Ecosystem/1 - Servers/1 - RootRecord-Pacific-Solar-Server/System/scripts/sys-sample.sh"
2026-10-03T08:20:22-10:00job:sys_stats_cycle | SYSTEM  cpu=14%  load=2.42  mem=60%  src=sqlite
2026-10-03T08:20:22-10:00job:sys_stats_cycle | OK wrote /home/rootrecord/RootRecord-Ecosystem/2 - RootRecord-Database/System/system.db
2026-10-03T08:20:26-10:00  ▸  SUMMARY=delta2 soc=0% solar=0W ac_out=0W usbc=0W src=ble db=ok
2026-10-03T08:20:26-10:00job:security_camera_frame_grab RUN  bash "/home/rootrecord/RootRecord-Ecosystem/1 - Servers/1 - RootRecord-Pacific-Solar-Server/Security/Cameras/grab_all.sh"
2026-10-03T08:20:26-10:00job:sys_stats_cycle RUN  bash "/home/rootrecord/RootRecord-Ecosystem/1 - Servers/1 - RootRecord-Pacific-Solar-Server/System/scripts/sys-sample.sh"
2026-10-03T08:20:27-10:00job:sys_stats_cycle | SYSTEM  cpu=30%  load=2.62  mem=59%  src=sqlite
2026-10-03T08:20:27-10:00job:sys_stats_cycle | OK wrote /home/rootrecord/RootRecord-Ecosystem/2 - RootRecord-Database/System/system.db
2026-10-03T08:20:36-10:00  ✗  river2pro_read  WAITING
2026-10-03T08:20:36-10:00job:sys_stats_cycle RUN  bash "/home/rootrecord/RootRecord-Ecosystem/1 - Servers/1 - RootRecord-Pacific-Solar-Server/System/scripts/sys-sample.sh"
2026-10-03T08:20:36-10:00job:sys_stats_cycle | SYSTEM  cpu=14%  load=2.41  mem=59%  src=sqlite
2026-10-03T08:20:36-10:00job:sys_stats_cycle | OK wrote /home/rootrecord/RootRecord-Ecosystem/2 - RootRecord-Database/System/system.db
2026-10-03T08:20:40-10:00  ▸  SUMMARY=delta2 soc=0% solar=0W ac_out=0W usbc=0W src=ble db=ok
2026-10-03T08:20:40-10:00job:energy_consolidate_minutes RUN  nice -n 10 python3 "/home/rootrecord/RootRecord-Ecosystem/1 - Servers/1 - RootRecord-Pacific-Solar-Server/Energy/scripts/consolidate.py" minutes
2026-10-03T08:20:41-10:00job:energy_consolidate_minutes | SUMMARY=ecoflow_layers minutes=4590
2026-10-03T08:20:41-10:00job:hawaii_to_ml2 RUN  bash "/home/rootrecord/RootRecord-Ecosystem/1 - Servers/3 - RootRecord-US-Mainland-Two/scripts/hawaii-to-ml2.sh"
2026-10-03T08:20:44-10:00job:security_camera_frame_grab | 08:20:26  📷  a-eyes  ch1 → ch1-20261003T182026Z.jpg  (310.2 KB, 4.38s)
2026-10-03T08:20:44-10:00job:security_camera_frame_grab | 08:20:31  📷  a-eyes  ch2 → ch2-20261003T182031Z.jpg  (216.0 KB, 4.73s)
2026-10-03T08:20:44-10:00job:security_camera_frame_grab | 08:20:36  📷  a-eyes  ch3 → ch3-20261003T182036Z.jpg  (157.3 KB, 4.49s)
2026-10-03T08:20:44-10:00job:security_camera_frame_grab | 08:20:40  📷  a-eyes  ch4 → ch4-20261003T182040Z.jpg  (107.3 KB, 4.31s)
2026-10-03T08:21:00-10:00job:hawaii_to_ml2 | hawaii-to-ml2: SSH /home/rootrecord/RootRecord-Ecosystem/2 - RootRecord-Database → ml2:US-Mainland-Server-2/var/bank/
2026-10-03T08:21:00-10:00job:hawaii_to_ml2 | hawaii-to-ml2: ok transport=remote
2026-10-03T08:21:00-10:00job:security_camera_frame_grab RUN  bash "/home/rootrecord/RootRecord-Ecosystem/1 - Servers/1 - RootRecord-Pacific-Solar-Server/Security/Cameras/grab_all.sh"
2026-10-03T08:21:00-10:00job:sys_stats_cycle RUN  bash "/home/rootrecord/RootRecord-Ecosystem/1 - Servers/1 - RootRecord-Pacific-Solar-Server/System/scripts/sys-sample.sh"
2026-10-03T08:21:01-10:00job:sys_stats_cycle | SYSTEM  cpu=49%  load=2.11  mem=60%  src=sqlite
2026-10-03T08:21:01-10:00job:sys_stats_cycle | OK wrote /home/rootrecord/RootRecord-Ecosystem/2 - RootRecord-Database/System/system.db
2026-10-03T08:21:01-10:00job:system_consolidate_minutes RUN  nice -n 10 python3 "/home/rootrecord/RootRecord-Ecosystem/1 - Servers/1 - RootRecord-Pacific-Solar-Server/System/scripts/consolidate.py" minutes
2026-10-03T08:21:02-10:00job:system_consolidate_minutes | SUMMARY=system_layers minutes=105
2026-10-03T08:21:10-10:00  ✗  river2pro_read  WAITING
2026-10-03T08:21:10-10:00job:sys_stats_cycle RUN  bash "/home/rootrecord/RootRecord-Ecosystem/1 - Servers/1 - RootRecord-Pacific-Solar-Server/System/scripts/sys-sample.sh"
2026-10-03T08:21:10-10:00job:sys_stats_cycle | SYSTEM  cpu=12%  load=2.32  mem=59%  src=sqlite
2026-10-03T08:21:10-10:00job:sys_stats_cycle | OK wrote /home/rootrecord/RootRecord-Ecosystem/2 - RootRecord-Database/System/system.db
2026-10-03T08:21:14-10:00  ▸  SUMMARY=delta2 soc=0% solar=0W ac_out=0W usbc=0W src=ble db=ok
2026-10-03T08:21:14-10:00job:sys_stats_cycle RUN  bash "/home/rootrecord/RootRecord-Ecosystem/1 - Servers/1 - RootRecord-Pacific-Solar-Server/System/scripts/sys-sample.sh"
2026-10-03T08:21:15-10:00job:sys_stats_cycle | SYSTEM  cpu=9%  load=2.21  mem=59%  src=sqlite
2026-10-03T08:21:15-10:00job:sys_stats_cycle | OK wrote /home/rootrecord/RootRecord-Ecosystem/2 - RootRecord-Database/System/system.db
2026-10-03T08:21:18-10:00job:security_camera_frame_grab | 08:21:00  📷  a-eyes  ch1 → ch1-20261003T182100Z.jpg  (310.9 KB, 4.51s)
2026-10-03T08:21:18-10:00job:security_camera_frame_grab | 08:21:05  📷  a-eyes  ch2 → ch2-20261003T182105Z.jpg  (212.3 KB, 4.35s)
2026-10-03T08:21:18-10:00job:security_camera_frame_grab | 08:21:09  📷  a-eyes  ch3 → ch3-20261003T182109Z.jpg  (159.5 KB, 4.27s)
2026-10-03T08:21:18-10:00job:security_camera_frame_grab | 08:21:14  📷  a-eyes  ch4 → ch4-20261003T182114Z.jpg  (104.7 KB, 4.58s)
2026-10-03T08:21:23-10:00  ✗  river2pro_read  WAITING
2026-10-03T08:21:23-10:00job:sys_stats_cycle RUN  bash "/home/rootrecord/RootRecord-Ecosystem/1 - Servers/1 - RootRecord-Pacific-Solar-Server/System/scripts/sys-sample.sh"
2026-10-03T08:21:23-10:00job:sys_stats_cycle | SYSTEM  cpu=17%  load=1.87  mem=59%  src=sqlite
2026-10-03T08:21:23-10:00job:sys_stats_cycle | OK wrote /home/rootrecord/RootRecord-Ecosystem/2 - RootRecord-Database/System/system.db
2026-10-03T08:21:27-10:00  ▸  SUMMARY=delta2 soc=0% solar=0W ac_out=0W usbc=0W src=ble db=ok
2026-10-03T08:21:27-10:00job:security_camera_frame_grab RUN  bash "/home/rootrecord/RootRecord-Ecosystem/1 - Servers/1 - RootRecord-Pacific-Solar-Server/Security/Cameras/grab_all.sh"
2026-10-03T08:21:27-10:00job:sys_stats_cycle RUN  bash "/home/rootrecord/RootRecord-Ecosystem/1 - Servers/1 - RootRecord-Pacific-Solar-Server/System/scripts/sys-sample.sh"
2026-10-03T08:21:28-10:00job:sys_stats_cycle | SYSTEM  cpu=26%  load=1.72  mem=58%  src=sqlite
2026-10-03T08:21:28-10:00job:sys_stats_cycle | OK wrote /home/rootrecord/RootRecord-Ecosystem/2 - RootRecord-Database/System/system.db
2026-10-03T08:21:35-10:00tunnel timeout — reconnecting
2026-10-03T08:21:35-10:00tunnel timeout — reconnecting
2026-10-03T08:21:35-10:00tunnel timeout — reconnecting
2026-10-03T08:21:35-10:00tunnel timeout — reconnecting
2026-10-03T08:21:35-10:00tunnel timeout — reconnecting
2026-10-03T08:21:35-10:00tunnel timeout — reconnecting
2026-10-03T08:21:36-10:00  ✗  river2pro_read  WAITING
2026-10-03T08:21:36-10:00job:sys_stats_cycle RUN  bash "/home/rootrecord/RootRecord-Ecosystem/1 - Servers/1 - RootRecord-Pacific-Solar-Server/System/scripts/sys-sample.sh"
2026-10-03T08:21:37-10:00tunnel timeout — reconnecting
2026-10-03T08:21:37-10:00job:sys_stats_cycle | SYSTEM  cpu=12%  load=1.58  mem=58%  src=sqlite
2026-10-03T08:21:37-10:00job:sys_stats_cycle | OK wrote /home/rootrecord/RootRecord-Ecosystem/2 - RootRecord-Database/System/system.db
2026-10-03T08:21:37-10:00tunnel connected  conn=0  edge=lax01
2026-10-03T08:21:41-10:00  ▸  SUMMARY=delta2 soc=0% solar=0W ac_out=0W usbc=0W src=ble db=ok
2026-10-03T08:21:41-10:00job:energy_consolidate_hours RUN  nice -n 10 python3 "/home/rootrecord/RootRecord-Ecosystem/1 - Servers/1 - RootRecord-Pacific-Solar-Server/Energy/scripts/consolidate.py" hours
2026-10-03T08:21:41-10:00job:energy_consolidate_hours | SUMMARY=ecoflow_layers hours=0 json=periods.json
2026-10-03T08:21:41-10:00job:live_picture RUN  nice -n 10 python3 "/home/rootrecord/RootRecord-Ecosystem/1 - Servers/1 - RootRecord-Pacific-Solar-Server/Media/Video/scripts/live_picture.py"
2026-10-03T08:21:46-10:00tunnel connected  conn=3  edge=lax01
2026-10-03T08:21:46-10:00tunnel connected  conn=2  edge=lax09
2026-10-03T08:21:46-10:00tunnel connected  conn=1  edge=lax08
2026-10-03T08:21:51-10:00job:security_camera_frame_grab | 08:21:27  📷  a-eyes  ch1 → ch1-20261003T182127Z.jpg  (302.0 KB, 10.52s)
2026-10-03T08:21:51-10:00job:security_camera_frame_grab | 08:21:38  📷  a-eyes  ch2 → ch2-20261003T182138Z.jpg  (203.6 KB, 4.28s)
2026-10-03T08:21:51-10:00job:security_camera_frame_grab | 08:21:42  📷  a-eyes  ch3 → ch3-20261003T182142Z.jpg  (156.7 KB, 4.36s)
2026-10-03T08:21:51-10:00job:security_camera_frame_grab | 08:21:46  📷  a-eyes  ch4 → ch4-20261003T182146Z.jpg  (105.8 KB, 4.30s)
2026-10-03T08:21:51-10:00job:live_picture | {"ok": true, "detail": "local+clock+thumb", "path": "/home/rootrecord/RootRecord-Ecosystem/1 - Servers/1 - RootRecord-Pacific-Solar-Server/Media/Video/live-frame.png", "size": [1920, 1080]}
2026-10-03T08:21:51-10:00job:security_camera_frame_grab RUN  bash "/home/rootrecord/RootRecord-Ecosystem/1 - Servers/1 - RootRecord-Pacific-Solar-Server/Security/Cameras/grab_all.sh"
2026-10-03T08:21:51-10:00job:sys_stats_cycle RUN  bash "/home/rootrecord/RootRecord-Ecosystem/1 - Servers/1 - RootRecord-Pacific-Solar-Server/System/scripts/sys-sample.sh"
2026-10-03T08:21:52-10:00job:sys_stats_cycle | SYSTEM  cpu=12%  load=1.95  mem=60%  src=sqlite
2026-10-03T08:21:52-10:00job:sys_stats_cycle | OK wrote /home/rootrecord/RootRecord-Ecosystem/2 - RootRecord-Database/System/system.db
2026-10-03T08:21:52-10:00job:system_consolidate_hours RUN  nice -n 10 python3 "/home/rootrecord/RootRecord-Ecosystem/1 - Servers/1 - RootRecord-Pacific-Solar-Server/System/scripts/consolidate.py" hours
2026-10-03T08:21:52-10:00job:system_consolidate_hours | SUMMARY=system_layers hours=0
2026-10-03T08:22:02-10:00  ✗  river2pro_read  WAITING
2026-10-03T08:22:02-10:00job:sys_stats_cycle RUN  bash "/home/rootrecord/RootRecord-Ecosystem/1 - Servers/1 - RootRecord-Pacific-Solar-Server/System/scripts/sys-sample.sh"
2026-10-03T08:22:02-10:00job:sys_stats_cycle | SYSTEM  cpu=9%  load=2.12  mem=60%  src=sqlite
2026-10-03T08:22:02-10:00job:sys_stats_cycle | OK wrote /home/rootrecord/RootRecord-Ecosystem/2 - RootRecord-Database/System/system.db
2026-10-03T08:22:06-10:00  ▸  SUMMARY=delta2 soc=0% solar=0W ac_out=0W usbc=0W src=ble db=ok
2026-10-03T08:22:06-10:00job:sys_stats_cycle RUN  bash "/home/rootrecord/RootRecord-Ecosystem/1 - Servers/1 - RootRecord-Pacific-Solar-Server/System/scripts/sys-sample.sh"
2026-10-03T08:22:06-10:00job:sys_stats_cycle | SYSTEM  cpu=11%  load=2.12  mem=59%  src=sqlite
2026-10-03T08:22:06-10:00job:sys_stats_cycle | OK wrote /home/rootrecord/RootRecord-Ecosystem/2 - RootRecord-Database/System/system.db
2026-10-03T08:22:09-10:00job:security_camera_frame_grab | 08:21:51  📷  a-eyes  ch1 → ch1-20261003T182151Z.jpg  (310.9 KB, 4.37s)
2026-10-03T08:22:09-10:00job:security_camera_frame_grab | 08:21:56  📷  a-eyes  ch2 → ch2-20261003T182156Z.jpg  (209.1 KB, 4.59s)
2026-10-03T08:22:09-10:00job:security_camera_frame_grab | 08:22:00  📷  a-eyes  ch3 → ch3-20261003T182200Z.jpg  (157.9 KB, 4.28s)
2026-10-03T08:22:09-10:00job:security_camera_frame_grab | 08:22:05  📷  a-eyes  ch4 → ch4-20261003T182205Z.jpg  (105.7 KB, 4.28s)
2026-10-03T08:22:15-10:00  ✗  river2pro_read  WAITING
2026-10-03T08:22:15-10:00job:sys_stats_cycle RUN  bash "/home/rootrecord/RootRecord-Ecosystem/1 - Servers/1 - RootRecord-Pacific-Solar-Server/System/scripts/sys-sample.sh"
2026-10-03T08:22:16-10:00job:sys_stats_cycle | SYSTEM  cpu=22%  load=2.03  mem=59%  src=sqlite
2026-10-03T08:22:16-10:00job:sys_stats_cycle | OK wrote /home/rootrecord/RootRecord-Ecosystem/2 - RootRecord-Database/System/system.db
2026-10-03T08:22:19-10:00  ▸  SUMMARY=delta2 soc=0% solar=0W ac_out=0W usbc=0W src=ble db=ok
2026-10-03T08:22:19-10:00job:security_camera_frame_grab RUN  bash "/home/rootrecord/RootRecord-Ecosystem/1 - Servers/1 - RootRecord-Pacific-Solar-Server/Security/Cameras/grab_all.sh"
2026-10-03T08:22:19-10:00job:sys_stats_cycle RUN  bash "/home/rootrecord/RootRecord-Ecosystem/1 - Servers/1 - RootRecord-Pacific-Solar-Server/System/scripts/sys-sample.sh"
2026-10-03T08:22:20-10:00job:sys_stats_cycle | SYSTEM  cpu=28%  load=2.11  mem=59%  src=sqlite
2026-10-03T08:22:20-10:00job:sys_stats_cycle | OK wrote /home/rootrecord/RootRecord-Ecosystem/2 - RootRecord-Database/System/system.db
2026-10-03T08:22:21-10:00job:github_sync_all | ↑ [ecosystem] committed 31 local file(s)
2026-10-03T08:22:21-10:00job:github_sync_all | ↓ [ecosystem] fetching origin/main
2026-10-03T08:22:21-10:00job:github_sync_all | From github.com:RootRecord-Software-Solutions/RootRecord-Ecosystem
2026-10-03T08:22:21-10:00job:github_sync_all | * branch              main       -> FETCH_HEAD
2026-10-03T08:22:21-10:00job:github_sync_all | * [new branch]        main       -> origin/main
2026-10-03T08:22:21-10:00job:github_sync_all | ↑ [ecosystem] local is ahead of GitHub
2026-10-03T08:22:21-10:00job:github_sync_all | remote: warning: See https://gh.io/lfs for more information.
2026-10-03T08:22:21-10:00job:github_sync_all | remote: warning: File 2 - RootRecord-Database/Energy/layers/1sec.db is 82.02 MB; this is larger than GitHub's recommended maximum file size of 50.00 MB
2026-10-03T08:22:21-10:00job:github_sync_all | remote: warning: GH001: Large files detected. You may want to try Git Large File Storage - https://git-lfs.github.com.
2026-10-03T08:22:21-10:00job:github_sync_all | To github.com:RootRecord-Software-Solutions/RootRecord-Ecosystem.git
2026-10-03T08:22:21-10:00job:github_sync_all | 3cc78ce5..db75c56a  HEAD -> main
2026-10-03T08:22:21-10:00job:github_sync_all | branch 'main' set up to track 'origin/main'.
2026-10-03T08:22:21-10:00job:github_sync_all | ↑ [ecosystem] 31 files → RootRecord-Software-Solutions/RootRecord-Ecosystem (main)
2026-10-03T08:22:21-10:00job:github_sync_all | ↑ [pacific] committed 5 local file(s)
2026-10-03T08:22:21-10:00job:github_sync_all | ↓ [pacific] fetching origin/main
2026-10-03T08:22:21-10:00job:github_sync_all | From github.com:RootRecord-Software-Solutions/RootRecord-Pacific-Solar-Server
2026-10-03T08:22:21-10:00job:github_sync_all | * branch            main       -> FETCH_HEAD
2026-10-03T08:22:21-10:00job:github_sync_all | ↑ [pacific] local is ahead of GitHub
2026-10-03T08:22:21-10:00job:github_sync_all | To github.com:RootRecord-Software-Solutions/RootRecord-Pacific-Solar-Server.git
2026-10-03T08:22:21-10:00job:github_sync_all | 856aaa0..69511b4  HEAD -> main
2026-10-03T08:22:21-10:00job:github_sync_all | branch 'main' set up to track 'origin/main'.
2026-10-03T08:22:21-10:00job:github_sync_all | ↑ [pacific] 5 files → RootRecord-Software-Solutions/RootRecord-Pacific-Solar-Server (main)
2026-10-03T08:22:21-10:00job:github_sync_all | ↑ [database] committed 123 local file(s)
2026-10-03T08:22:21-10:00job:github_sync_all | ↓ [database] fetching origin/main
2026-10-03T08:22:21-10:00job:github_sync_all | From github.com:RootRecord-Software-Solutions/RootRecord-Database
2026-10-03T08:22:21-10:00job:github_sync_all | * branch                main       -> FETCH_HEAD
2026-10-03T08:22:21-10:00job:github_sync_all | ↑ [database] local is ahead of GitHub
2026-10-03T08:22:21-10:00job:github_sync_all | remote: warning: See https://gh.io/lfs for more information.
2026-10-03T08:22:21-10:00job:github_sync_all | remote: warning: File Energy/layers/1sec.db is 82.03 MB; this is larger than GitHub's recommended maximum file size of 50.00 MB
2026-10-03T08:22:21-10:00job:github_sync_all | remote: warning: GH001: Large files detected. You may want to try Git Large File Storage - https://git-lfs.github.com.
2026-10-03T08:22:21-10:00job:github_sync_all | To github.com:RootRecord-Software-Solutions/RootRecord-Database.git
2026-10-03T08:22:21-10:00job:github_sync_all | e5432a580..1eaacdcac  HEAD -> main
2026-10-03T08:22:21-10:00job:github_sync_all | branch 'main' set up to track 'origin/main'.
2026-10-03T08:22:21-10:00job:github_sync_all | ↑ [database] 123 files → RootRecord-Software-Solutions/RootRecord-Database (main)
2026-10-03T08:22:21-10:00job:github_sync_all | — [library] no local changes
2026-10-03T08:22:21-10:00job:github_sync_all | ↓ [library] fetching origin/main
2026-10-03T08:22:21-10:00job:github_sync_all | From github.com:RootRecord-Software-Solutions/RootRecord-Library
2026-10-03T08:22:21-10:00job:github_sync_all | * branch            main       -> FETCH_HEAD
2026-10-03T08:22:21-10:00job:github_sync_all | — [library] local and GitHub already match
2026-10-03T08:22:21-10:00job:github_sync_all | — [library] nothing to push
2026-10-03T08:22:29-10:00  ✗  river2pro_read  WAITING
2026-10-03T08:22:29-10:00job:sys_stats_cycle RUN  bash "/home/rootrecord/RootRecord-Ecosystem/1 - Servers/1 - RootRecord-Pacific-Solar-Server/System/scripts/sys-sample.sh"
2026-10-03T08:22:29-10:00job:sys_stats_cycle | SYSTEM  cpu=11%  load=2.09  mem=61%  src=sqlite
2026-10-03T08:22:29-10:00job:sys_stats_cycle | OK wrote /home/rootrecord/RootRecord-Ecosystem/2 - RootRecord-Database/System/system.db
2026-10-03T08:22:33-10:00  ▸  SUMMARY=delta2 soc=0% solar=0W ac_out=0W usbc=0W src=ble db=ok
2026-10-03T08:22:33-10:00job:energy_consolidate_minutes RUN  nice -n 10 python3 "/home/rootrecord/RootRecord-Ecosystem/1 - Servers/1 - RootRecord-Pacific-Solar-Server/Energy/scripts/consolidate.py" minutes
2026-10-03T08:22:34-10:00job:energy_consolidate_minutes | SUMMARY=ecoflow_layers minutes=6156
2026-10-03T08:22:34-10:00job:sys_stats_cycle RUN  bash "/home/rootrecord/RootRecord-Ecosystem/1 - Servers/1 - RootRecord-Pacific-Solar-Server/System/scripts/sys-sample.sh"
2026-10-03T08:22:34-10:00job:sys_stats_cycle | SYSTEM  cpu=15%  load=2.00  mem=60%  src=sqlite
2026-10-03T08:22:34-10:00job:sys_stats_cycle | OK wrote /home/rootrecord/RootRecord-Ecosystem/2 - RootRecord-Database/System/system.db
2026-10-03T08:22:34-10:00job:system_consolidate_minutes RUN  nice -n 10 python3 "/home/rootrecord/RootRecord-Ecosystem/1 - Servers/1 - RootRecord-Pacific-Solar-Server/System/scripts/consolidate.py" minutes
2026-10-03T08:22:35-10:00job:system_consolidate_minutes | SUMMARY=system_layers minutes=91
2026-10-03T08:22:37-10:00job:security_camera_frame_grab | 08:22:19  📷  a-eyes  ch1 → ch1-20261003T182219Z.jpg  (314.6 KB, 4.39s)
2026-10-03T08:22:37-10:00job:security_camera_frame_grab | 08:22:24  📷  a-eyes  ch2 → ch2-20261003T182224Z.jpg  (207.8 KB, 4.37s)
2026-10-03T08:22:37-10:00job:security_camera_frame_grab | 08:22:28  📷  a-eyes  ch3 → ch3-20261003T182228Z.jpg  (153.0 KB, 4.47s)
2026-10-03T08:22:37-10:00job:security_camera_frame_grab | 08:22:33  📷  a-eyes  ch4 → ch4-20261003T182233Z.jpg  (106.8 KB, 4.38s)
2026-10-03T08:22:43-10:00  ✗  river2pro_read  WAITING
2026-10-03T08:22:43-10:00job:sys_stats_cycle RUN  bash "/home/rootrecord/RootRecord-Ecosystem/1 - Servers/1 - RootRecord-Pacific-Solar-Server/System/scripts/sys-sample.sh"
2026-10-03T08:22:43-10:00job:sys_stats_cycle | SYSTEM  cpu=9%  load=1.85  mem=59%  src=sqlite
2026-10-03T08:22:43-10:00job:sys_stats_cycle | OK wrote /home/rootrecord/RootRecord-Ecosystem/2 - RootRecord-Database/System/system.db
2026-10-03T08:22:47-10:00  ▸  SUMMARY=delta2 soc=0% solar=0W ac_out=0W usbc=0W src=ble db=ok
2026-10-03T08:22:47-10:00job:security_camera_frame_grab RUN  bash "/home/rootrecord/RootRecord-Ecosystem/1 - Servers/1 - RootRecord-Pacific-Solar-Server/Security/Cameras/grab_all.sh"
2026-10-03T08:22:47-10:00job:sys_stats_cycle RUN  bash "/home/rootrecord/RootRecord-Ecosystem/1 - Servers/1 - RootRecord-Pacific-Solar-Server/System/scripts/sys-sample.sh"
2026-10-03T08:22:47-10:00job:sys_stats_cycle | SYSTEM  cpu=9%  load=1.79  mem=58%  src=sqlite
2026-10-03T08:22:47-10:00job:sys_stats_cycle | OK wrote /home/rootrecord/RootRecord-Ecosystem/2 - RootRecord-Database/System/system.db
2026-10-03T08:22:56-10:00  ✗  river2pro_read  WAITING
2026-10-03T08:22:56-10:00job:sys_stats_cycle RUN  bash "/home/rootrecord/RootRecord-Ecosystem/1 - Servers/1 - RootRecord-Pacific-Solar-Server/System/scripts/sys-sample.sh"
2026-10-03T08:22:57-10:00job:sys_stats_cycle | SYSTEM  cpu=24%  load=1.72  mem=59%  src=sqlite
2026-10-03T08:22:57-10:00job:sys_stats_cycle | OK wrote /home/rootrecord/RootRecord-Ecosystem/2 - RootRecord-Database/System/system.db
2026-10-03T08:23:00-10:00  ▸  SUMMARY=delta2 soc=0% solar=0W ac_out=0W usbc=0W src=ble db=ok
2026-10-03T08:23:00-10:00job:sys_stats_cycle RUN  bash "/home/rootrecord/RootRecord-Ecosystem/1 - Servers/1 - RootRecord-Pacific-Solar-Server/System/scripts/sys-sample.sh"
2026-10-03T08:23:00-10:00job:sys_stats_cycle | SYSTEM  cpu=11%  load=1.75  mem=60%  src=sqlite
2026-10-03T08:23:00-10:00job:sys_stats_cycle | OK wrote /home/rootrecord/RootRecord-Ecosystem/2 - RootRecord-Database/System/system.db
2026-10-03T08:23:05-10:00job:security_camera_frame_grab | 08:22:47  📷  a-eyes  ch1 → ch1-20261003T182247Z.jpg  (314.6 KB, 4.39s)
2026-10-03T08:23:05-10:00job:security_camera_frame_grab | 08:22:51  📷  a-eyes  ch2 → ch2-20261003T182251Z.jpg  (210.7 KB, 4.46s)
2026-10-03T08:23:05-10:00job:security_camera_frame_grab | 08:22:56  📷  a-eyes  ch3 → ch3-20261003T182256Z.jpg  (162.3 KB, 4.36s)
2026-10-03T08:23:05-10:00job:security_camera_frame_grab | 08:23:00  📷  a-eyes  ch4 → ch4-20261003T182300Z.jpg  (109.2 KB, 4.40s)
2026-10-03T08:23:09-10:00  ✗  river2pro_read  WAITING
2026-10-03T08:23:09-10:00job:sys_stats_cycle RUN  bash "/home/rootrecord/RootRecord-Ecosystem/1 - Servers/1 - RootRecord-Pacific-Solar-Server/System/scripts/sys-sample.sh"
2026-10-03T08:23:09-10:00job:sys_stats_cycle | SYSTEM  cpu=11%  load=1.55  mem=58%  src=sqlite
2026-10-03T08:23:09-10:00job:sys_stats_cycle | OK wrote /home/rootrecord/RootRecord-Ecosystem/2 - RootRecord-Database/System/system.db
2026-10-03T08:23:13-10:00  ▸  SUMMARY=delta2 soc=0% solar=0W ac_out=0W usbc=0W src=ble db=ok
2026-10-03T08:23:13-10:00job:energy_consolidate_hours RUN  nice -n 10 python3 "/home/rootrecord/RootRecord-Ecosystem/1 - Servers/1 - RootRecord-Pacific-Solar-Server/Energy/scripts/consolidate.py" hours
2026-10-03T08:23:13-10:00job:energy_consolidate_hours | SUMMARY=ecoflow_layers hours=0 json=periods.json
2026-10-03T08:23:13-10:00job:security_camera_frame_grab RUN  bash "/home/rootrecord/RootRecord-Ecosystem/1 - Servers/1 - RootRecord-Pacific-Solar-Server/Security/Cameras/grab_all.sh"
2026-10-03T08:23:13-10:00job:sys_stats_cycle RUN  bash "/home/rootrecord/RootRecord-Ecosystem/1 - Servers/1 - RootRecord-Pacific-Solar-Server/System/scripts/sys-sample.sh"
2026-10-03T08:23:14-10:00job:sys_stats_cycle | SYSTEM  cpu=25%  load=1.59  mem=58%  src=sqlite
2026-10-03T08:23:14-10:00job:sys_stats_cycle | OK wrote /home/rootrecord/RootRecord-Ecosystem/2 - RootRecord-Database/System/system.db
2026-10-03T08:23:14-10:00job:system_consolidate_hours RUN  nice -n 10 python3 "/home/rootrecord/RootRecord-Ecosystem/1 - Servers/1 - RootRecord-Pacific-Solar-Server/System/scripts/consolidate.py" hours
2026-10-03T08:23:14-10:00job:system_consolidate_hours | SUMMARY=system_layers hours=0
2026-10-03T08:23:23-10:00  ✗  river2pro_read  WAITING
2026-10-03T08:23:23-10:00job:sys_stats_cycle RUN  bash "/home/rootrecord/RootRecord-Ecosystem/1 - Servers/1 - RootRecord-Pacific-Solar-Server/System/scripts/sys-sample.sh"
2026-10-03T08:23:23-10:00job:sys_stats_cycle | SYSTEM  cpu=11%  load=1.65  mem=59%  src=sqlite
2026-10-03T08:23:23-10:00job:sys_stats_cycle | OK wrote /home/rootrecord/RootRecord-Ecosystem/2 - RootRecord-Database/System/system.db
2026-10-03T08:23:27-10:00  ▸  SUMMARY=delta2 soc=0% solar=0W ac_out=0W usbc=0W src=ble db=ok
2026-10-03T08:23:27-10:00job:sys_stats_cycle RUN  bash "/home/rootrecord/RootRecord-Ecosystem/1 - Servers/1 - RootRecord-Pacific-Solar-Server/System/scripts/sys-sample.sh"
2026-10-03T08:23:27-10:00job:sys_stats_cycle | SYSTEM  cpu=22%  load=1.84  mem=59%  src=sqlite
2026-10-03T08:23:27-10:00job:sys_stats_cycle | OK wrote /home/rootrecord/RootRecord-Ecosystem/2 - RootRecord-Database/System/system.db
2026-10-03T08:23:31-10:00job:security_camera_frame_grab | 08:23:13  📷  a-eyes  ch1 → ch1-20261003T182313Z.jpg  (321.6 KB, 4.39s)
2026-10-03T08:23:31-10:00job:security_camera_frame_grab | 08:23:18  📷  a-eyes  ch2 → ch2-20261003T182318Z.jpg  (206.3 KB, 4.47s)
2026-10-03T08:23:31-10:00job:security_camera_frame_grab | 08:23:22  📷  a-eyes  ch3 → ch3-20261003T182322Z.jpg  (162.8 KB, 4.49s)
2026-10-03T08:23:31-10:00job:security_camera_frame_grab | 08:23:27  📷  a-eyes  ch4 → ch4-20261003T182327Z.jpg  (108.3 KB, 4.46s)
2026-10-03T08:23:36-10:00  ✗  river2pro_read  WAITING
2026-10-03T08:23:36-10:00job:sys_stats_cycle RUN  bash "/home/rootrecord/RootRecord-Ecosystem/1 - Servers/1 - RootRecord-Pacific-Solar-Server/System/scripts/sys-sample.sh"
2026-10-03T08:23:36-10:00job:sys_stats_cycle | SYSTEM  cpu=8%  load=1.93  mem=59%  src=sqlite
2026-10-03T08:23:36-10:00job:sys_stats_cycle | OK wrote /home/rootrecord/RootRecord-Ecosystem/2 - RootRecord-Database/System/system.db
2026-10-03T08:23:40-10:00  ▸  SUMMARY=delta2 soc=0% solar=0W ac_out=0W usbc=0W src=ble db=ok
2026-10-03T08:23:40-10:00job:security_camera_frame_grab RUN  bash "/home/rootrecord/RootRecord-Ecosystem/1 - Servers/1 - RootRecord-Pacific-Solar-Server/Security/Cameras/grab_all.sh"
2026-10-03T08:23:40-10:00job:sys_stats_cycle RUN  bash "/home/rootrecord/RootRecord-Ecosystem/1 - Servers/1 - RootRecord-Pacific-Solar-Server/System/scripts/sys-sample.sh"
2026-10-03T08:23:40-10:00job:sys_stats_cycle | SYSTEM  cpu=18%  load=1.86  mem=59%  src=sqlite
2026-10-03T08:23:40-10:00job:sys_stats_cycle | OK wrote /home/rootrecord/RootRecord-Ecosystem/2 - RootRecord-Database/System/system.db
2026-10-03T08:23:49-10:00  ✗  river2pro_read  WAITING
2026-10-03T08:23:49-10:00job:sys_stats_cycle RUN  bash "/home/rootrecord/RootRecord-Ecosystem/1 - Servers/1 - RootRecord-Pacific-Solar-Server/System/scripts/sys-sample.sh"
2026-10-03T08:23:49-10:00job:sys_stats_cycle | SYSTEM  cpu=11%  load=1.65  mem=59%  src=sqlite
2026-10-03T08:23:49-10:00job:sys_stats_cycle | OK wrote /home/rootrecord/RootRecord-Ecosystem/2 - RootRecord-Database/System/system.db
2026-10-03T08:23:53-10:00  ▸  SUMMARY=delta2 soc=0% solar=0W ac_out=0W usbc=0W src=ble db=ok
2026-10-03T08:23:53-10:00job:energy_consolidate_minutes RUN  nice -n 10 python3 "/home/rootrecord/RootRecord-Ecosystem/1 - Servers/1 - RootRecord-Pacific-Solar-Server/Energy/scripts/consolidate.py" minutes
2026-10-03T08:23:54-10:00job:energy_consolidate_minutes | SUMMARY=ecoflow_layers minutes=4374
2026-10-03T08:23:54-10:00job:sys_stats_cycle RUN  bash "/home/rootrecord/RootRecord-Ecosystem/1 - Servers/1 - RootRecord-Pacific-Solar-Server/System/scripts/sys-sample.sh"
2026-10-03T08:23:54-10:00job:sys_stats_cycle | SYSTEM  cpu=18%  load=1.60  mem=59%  src=sqlite
2026-10-03T08:23:54-10:00job:sys_stats_cycle | OK wrote /home/rootrecord/RootRecord-Ecosystem/2 - RootRecord-Database/System/system.db
2026-10-03T08:23:54-10:00job:system_consolidate_minutes RUN  nice -n 10 python3 "/home/rootrecord/RootRecord-Ecosystem/1 - Servers/1 - RootRecord-Pacific-Solar-Server/System/scripts/consolidate.py" minutes
2026-10-03T08:23:55-10:00job:system_consolidate_minutes | SUMMARY=system_layers minutes=91
2026-10-03T08:23:57-10:00job:security_camera_frame_grab | 08:23:40  📷  a-eyes  ch1 → ch1-20261003T182340Z.jpg  (311.5 KB, 4.21s)
2026-10-03T08:23:57-10:00job:security_camera_frame_grab | 08:23:44  📷  a-eyes  ch2 → ch2-20261003T182344Z.jpg  (198.1 KB, 4.28s)
2026-10-03T08:23:57-10:00job:security_camera_frame_grab | 08:23:48  📷  a-eyes  ch3 → ch3-20261003T182348Z.jpg  (156.4 KB, 4.54s)
2026-10-03T08:23:57-10:00job:security_camera_frame_grab | 08:23:53  📷  a-eyes  ch4 → ch4-20261003T182353Z.jpg  (100.4 KB, 4.28s)
2026-10-03T08:24:03-10:00  ✗  river2pro_read  WAITING
2026-10-03T08:24:03-10:00job:sys_stats_cycle RUN  bash "/home/rootrecord/RootRecord-Ecosystem/1 - Servers/1 - RootRecord-Pacific-Solar-Server/System/scripts/sys-sample.sh"
2026-10-03T08:24:04-10:00job:sys_stats_cycle | SYSTEM  cpu=34%  load=1.58  mem=60%  src=sqlite
2026-10-03T08:24:04-10:00job:sys_stats_cycle | OK wrote /home/rootrecord/RootRecord-Ecosystem/2 - RootRecord-Database/System/system.db
2026-10-03T08:24:07-10:00  ▸  SUMMARY=delta2 soc=0% solar=0W ac_out=0W usbc=0W src=ble db=ok
2026-10-03T08:24:07-10:00job:security_camera_frame_grab RUN  bash "/home/rootrecord/RootRecord-Ecosystem/1 - Servers/1 - RootRecord-Pacific-Solar-Server/Security/Cameras/grab_all.sh"
2026-10-03T08:24:07-10:00job:sys_stats_cycle RUN  bash "/home/rootrecord/RootRecord-Ecosystem/1 - Servers/1 - RootRecord-Pacific-Solar-Server/System/scripts/sys-sample.sh"
2026-10-03T08:24:07-10:00job:sys_stats_cycle | SYSTEM  cpu=43%  load=1.45  mem=60%  src=sqlite
2026-10-03T08:24:07-10:00job:sys_stats_cycle | OK wrote /home/rootrecord/RootRecord-Ecosystem/2 - RootRecord-Database/System/system.db
2026-10-03T08:24:16-10:00  ✗  river2pro_read  WAITING
2026-10-03T08:24:16-10:00job:sys_stats_cycle RUN  bash "/home/rootrecord/RootRecord-Ecosystem/1 - Servers/1 - RootRecord-Pacific-Solar-Server/System/scripts/sys-sample.sh"
2026-10-03T08:24:17-10:00job:sys_stats_cycle | SYSTEM  cpu=6%  load=1.34  mem=60%  src=sqlite
2026-10-03T08:24:17-10:00job:sys_stats_cycle | OK wrote /home/rootrecord/RootRecord-Ecosystem/2 - RootRecord-Database/System/system.db
2026-10-03T08:24:20-10:00  ▸  SUMMARY=delta2 soc=0% solar=0W ac_out=0W usbc=0W src=ble db=ok
2026-10-03T08:24:20-10:00job:sys_stats_cycle RUN  bash "/home/rootrecord/RootRecord-Ecosystem/1 - Servers/1 - RootRecord-Pacific-Solar-Server/System/scripts/sys-sample.sh"
2026-10-03T08:24:21-10:00job:sys_stats_cycle | SYSTEM  cpu=40%  load=1.31  mem=60%  src=sqlite
2026-10-03T08:24:21-10:00job:sys_stats_cycle | OK wrote /home/rootrecord/RootRecord-Ecosystem/2 - RootRecord-Database/System/system.db
2026-10-03T08:24:25-10:00job:security_camera_frame_grab | 08:24:07  📷  a-eyes  ch1 → ch1-20261003T182407Z.jpg  (318.8 KB, 4.38s)
2026-10-03T08:24:25-10:00job:security_camera_frame_grab | 08:24:12  📷  a-eyes  ch2 → ch2-20261003T182412Z.jpg  (207.5 KB, 4.61s)
2026-10-03T08:24:25-10:00job:security_camera_frame_grab | 08:24:16  📷  a-eyes  ch3 → ch3-20261003T182416Z.jpg  (157.7 KB, 4.46s)
2026-10-03T08:24:25-10:00job:security_camera_frame_grab | 08:24:21  📷  a-eyes  ch4 → ch4-20261003T182421Z.jpg  (109.6 KB, 4.25s)
2026-10-03T08:24:30-10:00  ✗  river2pro_read  WAITING
2026-10-03T08:24:30-10:00job:sys_stats_cycle RUN  bash "/home/rootrecord/RootRecord-Ecosystem/1 - Servers/1 - RootRecord-Pacific-Solar-Server/System/scripts/sys-sample.sh"
2026-10-03T08:24:30-10:00job:sys_stats_cycle | SYSTEM  cpu=22%  load=1.48  mem=59%  src=sqlite
2026-10-03T08:24:30-10:00job:sys_stats_cycle | OK wrote /home/rootrecord/RootRecord-Ecosystem/2 - RootRecord-Database/System/system.db
2026-10-03T08:24:34-10:00  ▸  SUMMARY=delta2 soc=0% solar=0W ac_out=0W usbc=0W src=ble db=ok
2026-10-03T08:24:34-10:00job:energy_consolidate_hours RUN  nice -n 10 python3 "/home/rootrecord/RootRecord-Ecosystem/1 - Servers/1 - RootRecord-Pacific-Solar-Server/Energy/scripts/consolidate.py" hours
2026-10-03T08:24:34-10:00job:energy_consolidate_hours | SUMMARY=ecoflow_layers hours=0 json=periods.json
2026-10-03T08:24:34-10:00job:security_camera_frame_grab RUN  bash "/home/rootrecord/RootRecord-Ecosystem/1 - Servers/1 - RootRecord-Pacific-Solar-Server/Security/Cameras/grab_all.sh"
2026-10-03T08:24:34-10:00job:sys_stats_cycle RUN  bash "/home/rootrecord/RootRecord-Ecosystem/1 - Servers/1 - RootRecord-Pacific-Solar-Server/System/scripts/sys-sample.sh"
2026-10-03T08:24:34-10:00job:sys_stats_cycle | SYSTEM  cpu=27%  load=1.36  mem=60%  src=sqlite
2026-10-03T08:24:34-10:00job:sys_stats_cycle | OK wrote /home/rootrecord/RootRecord-Ecosystem/2 - RootRecord-Database/System/system.db
2026-10-03T08:24:34-10:00job:system_consolidate_hours RUN  nice -n 10 python3 "/home/rootrecord/RootRecord-Ecosystem/1 - Servers/1 - RootRecord-Pacific-Solar-Server/System/scripts/consolidate.py" hours
2026-10-03T08:24:34-10:00job:system_consolidate_hours | SUMMARY=system_layers hours=0
2026-10-03T08:24:43-10:00  ✗  river2pro_read  WAITING
2026-10-03T08:24:43-10:00job:sys_stats_cycle RUN  bash "/home/rootrecord/RootRecord-Ecosystem/1 - Servers/1 - RootRecord-Pacific-Solar-Server/System/scripts/sys-sample.sh"
2026-10-03T08:24:43-10:00job:sys_stats_cycle | SYSTEM  cpu=10%  load=1.23  mem=59%  src=sqlite
2026-10-03T08:24:43-10:00job:sys_stats_cycle | OK wrote /home/rootrecord/RootRecord-Ecosystem/2 - RootRecord-Database/System/system.db
2026-10-03T08:24:47-10:00  ▸  SUMMARY=delta2 soc=0% solar=0W ac_out=0W usbc=0W src=ble db=ok
2026-10-03T08:24:47-10:00job:sys_stats_cycle RUN  bash "/home/rootrecord/RootRecord-Ecosystem/1 - Servers/1 - RootRecord-Pacific-Solar-Server/System/scripts/sys-sample.sh"
2026-10-03T08:24:47-10:00job:sys_stats_cycle | SYSTEM  cpu=14%  load=1.21  mem=60%  src=sqlite
2026-10-03T08:24:47-10:00job:sys_stats_cycle | OK wrote /home/rootrecord/RootRecord-Ecosystem/2 - RootRecord-Database/System/system.db
2026-10-03T08:24:52-10:00job:security_camera_frame_grab | 08:24:34  📷  a-eyes  ch1 → ch1-20261003T182434Z.jpg  (315.2 KB, 4.45s)
2026-10-03T08:24:52-10:00job:security_camera_frame_grab | 08:24:38  📷  a-eyes  ch2 → ch2-20261003T182438Z.jpg  (207.6 KB, 4.39s)
2026-10-03T08:24:52-10:00job:security_camera_frame_grab | 08:24:43  📷  a-eyes  ch3 → ch3-20261003T182443Z.jpg  (158.3 KB, 4.46s)
2026-10-03T08:24:52-10:00job:security_camera_frame_grab | 08:24:47  📷  a-eyes  ch4 → ch4-20261003T182447Z.jpg  (106.8 KB, 4.56s)
2026-10-03T08:24:56-10:00  ✗  river2pro_read  WAITING
2026-10-03T08:24:56-10:00job:sys_stats_cycle RUN  bash "/home/rootrecord/RootRecord-Ecosystem/1 - Servers/1 - RootRecord-Pacific-Solar-Server/System/scripts/sys-sample.sh"
2026-10-03T08:24:56-10:00job:sys_stats_cycle | SYSTEM  cpu=30%  load=1.43  mem=59%  src=sqlite
2026-10-03T08:24:56-10:00job:sys_stats_cycle | OK wrote /home/rootrecord/RootRecord-Ecosystem/2 - RootRecord-Database/System/system.db
2026-10-03T08:25:00-10:00  ▸  SUMMARY=delta2 soc=0% solar=0W ac_out=0W usbc=0W src=ble db=ok
2026-10-03T08:25:00-10:00job:security_camera_frame_grab RUN  bash "/home/rootrecord/RootRecord-Ecosystem/1 - Servers/1 - RootRecord-Pacific-Solar-Server/Security/Cameras/grab_all.sh"
2026-10-03T08:25:00-10:00job:sys_stats_cycle RUN  bash "/home/rootrecord/RootRecord-Ecosystem/1 - Servers/1 - RootRecord-Pacific-Solar-Server/System/scripts/sys-sample.sh"
2026-10-03T08:25:00-10:00job:sys_stats_cycle | SYSTEM  cpu=7%  load=1.40  mem=59%  src=sqlite
2026-10-03T08:25:00-10:00job:sys_stats_cycle | OK wrote /home/rootrecord/RootRecord-Ecosystem/2 - RootRecord-Database/System/system.db
2026-10-03T08:25:09-10:00  ✗  river2pro_read  WAITING
2026-10-03T08:25:09-10:00job:sys_stats_cycle RUN  bash "/home/rootrecord/RootRecord-Ecosystem/1 - Servers/1 - RootRecord-Pacific-Solar-Server/System/scripts/sys-sample.sh"
2026-10-03T08:25:09-10:00job:sys_stats_cycle | SYSTEM  cpu=22%  load=1.18  mem=60%  src=sqlite
2026-10-03T08:25:09-10:00job:sys_stats_cycle | OK wrote /home/rootrecord/RootRecord-Ecosystem/2 - RootRecord-Database/System/system.db
2026-10-03T08:25:13-10:00  ▸  SUMMARY=delta2 soc=0% solar=0W ac_out=0W usbc=0W src=ble db=ok
2026-10-03T08:25:13-10:00job:energy_consolidate_minutes RUN  nice -n 10 python3 "/home/rootrecord/RootRecord-Ecosystem/1 - Servers/1 - RootRecord-Pacific-Solar-Server/Energy/scripts/consolidate.py" minutes
2026-10-03T08:25:14-10:00job:energy_consolidate_minutes | SUMMARY=ecoflow_layers minutes=4536
2026-10-03T08:25:14-10:00job:sys_stats_cycle RUN  bash "/home/rootrecord/RootRecord-Ecosystem/1 - Servers/1 - RootRecord-Pacific-Solar-Server/System/scripts/sys-sample.sh"
2026-10-03T08:25:15-10:00job:sys_stats_cycle | SYSTEM  cpu=25%  load=1.17  mem=60%  src=sqlite
2026-10-03T08:25:15-10:00job:sys_stats_cycle | OK wrote /home/rootrecord/RootRecord-Ecosystem/2 - RootRecord-Database/System/system.db
2026-10-03T08:25:15-10:00job:system_consolidate_minutes RUN  nice -n 10 python3 "/home/rootrecord/RootRecord-Ecosystem/1 - Servers/1 - RootRecord-Pacific-Solar-Server/System/scripts/consolidate.py" minutes
2026-10-03T08:25:15-10:00job:system_consolidate_minutes | SUMMARY=system_layers minutes=105
2026-10-03T08:25:18-10:00job:security_camera_frame_grab | 08:25:00  📷  a-eyes  ch1 → ch1-20261003T182500Z.jpg  (309.6 KB, 4.37s)
2026-10-03T08:25:18-10:00job:security_camera_frame_grab | 08:25:04  📷  a-eyes  ch2 → ch2-20261003T182504Z.jpg  (212.1 KB, 4.46s)
2026-10-03T08:25:18-10:00job:security_camera_frame_grab | 08:25:09  📷  a-eyes  ch3 → ch3-20261003T182509Z.jpg  (159.8 KB, 4.48s)
2026-10-03T08:25:18-10:00job:security_camera_frame_grab | 08:25:13  📷  a-eyes  ch4 → ch4-20261003T182513Z.jpg  (111.5 KB, 4.38s)
2026-10-03T08:25:23-10:00  ✗  river2pro_read  WAITING
2026-10-03T08:25:23-10:00job:sys_stats_cycle RUN  bash "/home/rootrecord/RootRecord-Ecosystem/1 - Servers/1 - RootRecord-Pacific-Solar-Server/System/scripts/sys-sample.sh"
2026-10-03T08:25:24-10:00job:sys_stats_cycle | SYSTEM  cpu=21%  load=1.52  mem=60%  src=sqlite
2026-10-03T08:25:24-10:00job:sys_stats_cycle | OK wrote /home/rootrecord/RootRecord-Ecosystem/2 - RootRecord-Database/System/system.db
2026-10-03T08:25:27-10:00  ▸  SUMMARY=delta2 soc=0% solar=0W ac_out=0W usbc=0W src=ble db=ok
2026-10-03T08:25:27-10:00job:security_camera_frame_grab RUN  bash "/home/rootrecord/RootRecord-Ecosystem/1 - Servers/1 - RootRecord-Pacific-Solar-Server/Security/Cameras/grab_all.sh"
2026-10-03T08:25:27-10:00job:sys_stats_cycle RUN  bash "/home/rootrecord/RootRecord-Ecosystem/1 - Servers/1 - RootRecord-Pacific-Solar-Server/System/scripts/sys-sample.sh"
2026-10-03T08:25:28-10:00job:sys_stats_cycle | SYSTEM  cpu=6%  load=1.40  mem=60%  src=sqlite
2026-10-03T08:25:28-10:00job:sys_stats_cycle | OK wrote /home/rootrecord/RootRecord-Ecosystem/2 - RootRecord-Database/System/system.db
2026-10-03T08:25:37-10:00  ✗  river2pro_read  WAITING
2026-10-03T08:25:37-10:00job:sys_stats_cycle RUN  bash "/home/rootrecord/RootRecord-Ecosystem/1 - Servers/1 - RootRecord-Pacific-Solar-Server/System/scripts/sys-sample.sh"
2026-10-03T08:25:37-10:00job:sys_stats_cycle | SYSTEM  cpu=6%  load=1.34  mem=60%  src=sqlite
2026-10-03T08:25:37-10:00job:sys_stats_cycle | OK wrote /home/rootrecord/RootRecord-Ecosystem/2 - RootRecord-Database/System/system.db
2026-10-03T08:25:41-10:00  ▸  SUMMARY=delta2 soc=0% solar=0W ac_out=0W usbc=0W src=ble db=ok
2026-10-03T08:25:41-10:00job:sys_stats_cycle RUN  bash "/home/rootrecord/RootRecord-Ecosystem/1 - Servers/1 - RootRecord-Pacific-Solar-Server/System/scripts/sys-sample.sh"
2026-10-03T08:25:41-10:00job:sys_stats_cycle | SYSTEM  cpu=14%  load=1.34  mem=61%  src=sqlite
2026-10-03T08:25:41-10:00job:sys_stats_cycle | OK wrote /home/rootrecord/RootRecord-Ecosystem/2 - RootRecord-Database/System/system.db
2026-10-03T08:25:45-10:00job:security_camera_frame_grab | 08:25:27  📷  a-eyes  ch1 → ch1-20261003T182527Z.jpg  (313.5 KB, 4.37s)
2026-10-03T08:25:45-10:00job:security_camera_frame_grab | 08:25:32  📷  a-eyes  ch2 → ch2-20261003T182532Z.jpg  (209.7 KB, 4.27s)
2026-10-03T08:25:45-10:00job:security_camera_frame_grab | 08:25:36  📷  a-eyes  ch3 → ch3-20261003T182536Z.jpg  (158.1 KB, 4.55s)
2026-10-03T08:25:45-10:00job:security_camera_frame_grab | 08:25:41  📷  a-eyes  ch4 → ch4-20261003T182541Z.jpg  (110.5 KB, 4.40s)
2026-10-03T08:25:50-10:00  ✗  river2pro_read  WAITING
2026-10-03T08:25:50-10:00job:sys_stats_cycle RUN  bash "/home/rootrecord/RootRecord-Ecosystem/1 - Servers/1 - RootRecord-Pacific-Solar-Server/System/scripts/sys-sample.sh"
2026-10-03T08:25:51-10:00job:sys_stats_cycle | SYSTEM  cpu=8%  load=1.61  mem=59%  src=sqlite
2026-10-03T08:25:51-10:00job:sys_stats_cycle | OK wrote /home/rootrecord/RootRecord-Ecosystem/2 - RootRecord-Database/System/system.db
2026-10-03T08:25:54-10:00  ▸  SUMMARY=delta2 soc=0% solar=0W ac_out=0W usbc=0W src=ble db=ok
2026-10-03T08:25:54-10:00job:energy_consolidate_hours RUN  nice -n 10 python3 "/home/rootrecord/RootRecord-Ecosystem/1 - Servers/1 - RootRecord-Pacific-Solar-Server/Energy/scripts/consolidate.py" hours
2026-10-03T08:25:54-10:00job:energy_consolidate_hours | SUMMARY=ecoflow_layers hours=0 json=periods.json
2026-10-03T08:25:54-10:00job:security_camera_frame_grab RUN  bash "/home/rootrecord/RootRecord-Ecosystem/1 - Servers/1 - RootRecord-Pacific-Solar-Server/Security/Cameras/grab_all.sh"
2026-10-03T08:25:54-10:00job:sys_stats_cycle RUN  bash "/home/rootrecord/RootRecord-Ecosystem/1 - Servers/1 - RootRecord-Pacific-Solar-Server/System/scripts/sys-sample.sh"
2026-10-03T08:25:55-10:00job:sys_stats_cycle | SYSTEM  cpu=21%  load=1.72  mem=59%  src=sqlite
2026-10-03T08:25:55-10:00job:sys_stats_cycle | OK wrote /home/rootrecord/RootRecord-Ecosystem/2 - RootRecord-Database/System/system.db
2026-10-03T08:25:55-10:00job:system_consolidate_hours RUN  nice -n 10 python3 "/home/rootrecord/RootRecord-Ecosystem/1 - Servers/1 - RootRecord-Pacific-Solar-Server/System/scripts/consolidate.py" hours
2026-10-03T08:25:55-10:00job:system_consolidate_hours | SUMMARY=system_layers hours=0
2026-10-03T08:26:03-10:00  ✗  river2pro_read  WAITING
2026-10-03T08:26:03-10:00job:sys_stats_cycle RUN  bash "/home/rootrecord/RootRecord-Ecosystem/1 - Servers/1 - RootRecord-Pacific-Solar-Server/System/scripts/sys-sample.sh"
2026-10-03T08:26:04-10:00job:sys_stats_cycle | SYSTEM  cpu=12%  load=1.61  mem=60%  src=sqlite
2026-10-03T08:26:04-10:00job:sys_stats_cycle | OK wrote /home/rootrecord/RootRecord-Ecosystem/2 - RootRecord-Database/System/system.db
2026-10-03T08:26:08-10:00  ▸  SUMMARY=delta2 soc=0% solar=0W ac_out=0W usbc=0W src=ble db=ok
2026-10-03T08:26:08-10:00job:sys_stats_cycle RUN  bash "/home/rootrecord/RootRecord-Ecosystem/1 - Servers/1 - RootRecord-Pacific-Solar-Server/System/scripts/sys-sample.sh"
2026-10-03T08:26:08-10:00job:sys_stats_cycle | SYSTEM  cpu=29%  load=1.56  mem=59%  src=sqlite
2026-10-03T08:26:08-10:00job:sys_stats_cycle | OK wrote /home/rootrecord/RootRecord-Ecosystem/2 - RootRecord-Database/System/system.db
2026-10-03T08:26:12-10:00job:security_camera_frame_grab | 08:25:54  📷  a-eyes  ch1 → ch1-20261003T182554Z.jpg  (317.5 KB, 4.55s)
2026-10-03T08:26:12-10:00job:security_camera_frame_grab | 08:25:59  📷  a-eyes  ch2 → ch2-20261003T182559Z.jpg  (217.5 KB, 4.36s)
2026-10-03T08:26:12-10:00job:security_camera_frame_grab | 08:26:03  📷  a-eyes  ch3 → ch3-20261003T182603Z.jpg  (161.7 KB, 4.39s)
2026-10-03T08:26:12-10:00job:security_camera_frame_grab | 08:26:08  📷  a-eyes  ch4 → ch4-20261003T182608Z.jpg  (105.8 KB, 4.36s)
2026-10-03T08:26:17-10:00  ✗  river2pro_read  WAITING
2026-10-03T08:26:17-10:00job:sys_stats_cycle RUN  bash "/home/rootrecord/RootRecord-Ecosystem/1 - Servers/1 - RootRecord-Pacific-Solar-Server/System/scripts/sys-sample.sh"
2026-10-03T08:26:17-10:00job:sys_stats_cycle | SYSTEM  cpu=11%  load=1.71  mem=59%  src=sqlite
2026-10-03T08:26:17-10:00job:sys_stats_cycle | OK wrote /home/rootrecord/RootRecord-Ecosystem/2 - RootRecord-Database/System/system.db
2026-10-03T08:26:21-10:00  ▸  SUMMARY=delta2 soc=0% solar=0W ac_out=0W usbc=0W src=ble db=ok
2026-10-03T08:26:21-10:00job:security_camera_frame_grab RUN  bash "/home/rootrecord/RootRecord-Ecosystem/1 - Servers/1 - RootRecord-Pacific-Solar-Server/Security/Cameras/grab_all.sh"
2026-10-03T08:26:21-10:00job:sys_stats_cycle RUN  bash "/home/rootrecord/RootRecord-Ecosystem/1 - Servers/1 - RootRecord-Pacific-Solar-Server/System/scripts/sys-sample.sh"
2026-10-03T08:26:21-10:00job:sys_stats_cycle | SYSTEM  cpu=21%  load=1.71  mem=59%  src=sqlite
2026-10-03T08:26:21-10:00job:sys_stats_cycle | OK wrote /home/rootrecord/RootRecord-Ecosystem/2 - RootRecord-Database/System/system.db
2026-10-03T08:26:30-10:00  ✗  river2pro_read  WAITING
2026-10-03T08:26:30-10:00job:sys_stats_cycle RUN  bash "/home/rootrecord/RootRecord-Ecosystem/1 - Servers/1 - RootRecord-Pacific-Solar-Server/System/scripts/sys-sample.sh"
2026-10-03T08:26:30-10:00job:sys_stats_cycle | SYSTEM  cpu=9%  load=1.67  mem=59%  src=sqlite
2026-10-03T08:26:30-10:00job:sys_stats_cycle | OK wrote /home/rootrecord/RootRecord-Ecosystem/2 - RootRecord-Database/System/system.db
2026-10-03T08:26:34-10:00  ▸  SUMMARY=delta2 soc=0% solar=0W ac_out=0W usbc=0W src=ble db=ok
2026-10-03T08:26:34-10:00job:energy_consolidate_minutes RUN  nice -n 10 python3 "/home/rootrecord/RootRecord-Ecosystem/1 - Servers/1 - RootRecord-Pacific-Solar-Server/Energy/scripts/consolidate.py" minutes
2026-10-03T08:26:35-10:00job:energy_consolidate_minutes | SUMMARY=ecoflow_layers minutes=4428
2026-10-03T08:26:35-10:00job:sys_stats_cycle RUN  bash "/home/rootrecord/RootRecord-Ecosystem/1 - Servers/1 - RootRecord-Pacific-Solar-Server/System/scripts/sys-sample.sh"
2026-10-03T08:26:35-10:00job:sys_stats_cycle | SYSTEM  cpu=5%  load=1.78  mem=59%  src=sqlite
2026-10-03T08:26:35-10:00job:sys_stats_cycle | OK wrote /home/rootrecord/RootRecord-Ecosystem/2 - RootRecord-Database/System/system.db
2026-10-03T08:26:35-10:00job:system_consolidate_minutes RUN  nice -n 10 python3 "/home/rootrecord/RootRecord-Ecosystem/1 - Servers/1 - RootRecord-Pacific-Solar-Server/System/scripts/consolidate.py" minutes
2026-10-03T08:26:36-10:00job:system_consolidate_minutes | SUMMARY=system_layers minutes=91
2026-10-03T08:26:38-10:00job:security_camera_frame_grab | 08:26:21  📷  a-eyes  ch1 → ch1-20261003T182621Z.jpg  (313.2 KB, 4.46s)
2026-10-03T08:26:38-10:00job:security_camera_frame_grab | 08:26:25  📷  a-eyes  ch2 → ch2-20261003T182625Z.jpg  (213.8 KB, 4.41s)
2026-10-03T08:26:38-10:00job:security_camera_frame_grab | 08:26:30  📷  a-eyes  ch3 → ch3-20261003T182630Z.jpg  (161.6 KB, 4.35s)
2026-10-03T08:26:38-10:00job:security_camera_frame_grab | 08:26:34  📷  a-eyes  ch4 → ch4-20261003T182634Z.jpg  (109.1 KB, 4.50s)
2026-10-03T08:26:44-10:00  ✗  river2pro_read  WAITING
2026-10-03T08:26:44-10:00job:sys_stats_cycle RUN  bash "/home/rootrecord/RootRecord-Ecosystem/1 - Servers/1 - RootRecord-Pacific-Solar-Server/System/scripts/sys-sample.sh"
2026-10-03T08:26:45-10:00job:sys_stats_cycle | SYSTEM  cpu=16%  load=1.74  mem=58%  src=sqlite
2026-10-03T08:26:45-10:00job:sys_stats_cycle | OK wrote /home/rootrecord/RootRecord-Ecosystem/2 - RootRecord-Database/System/system.db
2026-10-03T08:26:48-10:00  ▸  SUMMARY=delta2 soc=0% solar=0W ac_out=0W usbc=0W src=ble db=ok
2026-10-03T08:26:48-10:00job:security_camera_frame_grab RUN  bash "/home/rootrecord/RootRecord-Ecosystem/1 - Servers/1 - RootRecord-Pacific-Solar-Server/Security/Cameras/grab_all.sh"
2026-10-03T08:26:48-10:00job:sys_stats_cycle RUN  bash "/home/rootrecord/RootRecord-Ecosystem/1 - Servers/1 - RootRecord-Pacific-Solar-Server/System/scripts/sys-sample.sh"
2026-10-03T08:26:48-10:00job:sys_stats_cycle | SYSTEM  cpu=12%  load=1.68  mem=58%  src=sqlite
2026-10-03T08:26:48-10:00job:sys_stats_cycle | OK wrote /home/rootrecord/RootRecord-Ecosystem/2 - RootRecord-Database/System/system.db
2026-10-03T08:26:57-10:00  ✗  river2pro_read  WAITING
2026-10-03T08:26:57-10:00job:sys_stats_cycle RUN  bash "/home/rootrecord/RootRecord-Ecosystem/1 - Servers/1 - RootRecord-Pacific-Solar-Server/System/scripts/sys-sample.sh"
2026-10-03T08:26:57-10:00job:sys_stats_cycle | SYSTEM  cpu=18%  load=1.58  mem=58%  src=sqlite
2026-10-03T08:26:57-10:00job:sys_stats_cycle | OK wrote /home/rootrecord/RootRecord-Ecosystem/2 - RootRecord-Database/System/system.db
2026-10-03T08:27:01-10:00  ▸  SUMMARY=delta2 soc=0% solar=0W ac_out=0W usbc=0W src=ble db=ok
2026-10-03T08:27:01-10:00job:sys_stats_cycle RUN  bash "/home/rootrecord/RootRecord-Ecosystem/1 - Servers/1 - RootRecord-Pacific-Solar-Server/System/scripts/sys-sample.sh"
2026-10-03T08:27:02-10:00job:sys_stats_cycle | SYSTEM  cpu=12%  load=1.58  mem=60%  src=sqlite
2026-10-03T08:27:02-10:00job:sys_stats_cycle | OK wrote /home/rootrecord/RootRecord-Ecosystem/2 - RootRecord-Database/System/system.db
2026-10-03T08:27:06-10:00job:security_camera_frame_grab | 08:26:48  📷  a-eyes  ch1 → ch1-20261003T182648Z.jpg  (306.4 KB, 4.45s)
2026-10-03T08:27:06-10:00job:security_camera_frame_grab | 08:26:53  📷  a-eyes  ch2 → ch2-20261003T182653Z.jpg  (221.0 KB, 4.28s)
2026-10-03T08:27:06-10:00job:security_camera_frame_grab | 08:26:57  📷  a-eyes  ch3 → ch3-20261003T182657Z.jpg  (168.6 KB, 4.37s)
2026-10-03T08:27:06-10:00job:security_camera_frame_grab | 08:27:01  📷  a-eyes  ch4 → ch4-20261003T182701Z.jpg  (108.6 KB, 4.49s)
2026-10-03T08:27:10-10:00  ✗  river2pro_read  WAITING
2026-10-03T08:27:10-10:00job:sys_stats_cycle RUN  bash "/home/rootrecord/RootRecord-Ecosystem/1 - Servers/1 - RootRecord-Pacific-Solar-Server/System/scripts/sys-sample.sh"
2026-10-03T08:27:10-10:00job:sys_stats_cycle | SYSTEM  cpu=4%  load=1.57  mem=59%  src=sqlite
2026-10-03T08:27:10-10:00job:sys_stats_cycle | OK wrote /home/rootrecord/RootRecord-Ecosystem/2 - RootRecord-Database/System/system.db
2026-10-03T08:27:14-10:00  ▸  SUMMARY=delta2 soc=0% solar=0W ac_out=0W usbc=0W src=ble db=ok
2026-10-03T08:27:14-10:00job:energy_consolidate_hours RUN  nice -n 10 python3 "/home/rootrecord/RootRecord-Ecosystem/1 - Servers/1 - RootRecord-Pacific-Solar-Server/Energy/scripts/consolidate.py" hours
2026-10-03T08:27:14-10:00job:energy_consolidate_hours | SUMMARY=ecoflow_layers hours=0 json=periods.json
2026-10-03T08:27:14-10:00job:security_camera_frame_grab RUN  bash "/home/rootrecord/RootRecord-Ecosystem/1 - Servers/1 - RootRecord-Pacific-Solar-Server/Security/Cameras/grab_all.sh"
2026-10-03T08:27:14-10:00job:sys_stats_cycle RUN  bash "/home/rootrecord/RootRecord-Ecosystem/1 - Servers/1 - RootRecord-Pacific-Solar-Server/System/scripts/sys-sample.sh"
2026-10-03T08:27:15-10:00job:sys_stats_cycle | SYSTEM  cpu=13%  load=1.60  mem=59%  src=sqlite
2026-10-03T08:27:15-10:00job:sys_stats_cycle | OK wrote /home/rootrecord/RootRecord-Ecosystem/2 - RootRecord-Database/System/system.db
2026-10-03T08:27:15-10:00job:system_consolidate_hours RUN  nice -n 10 python3 "/home/rootrecord/RootRecord-Ecosystem/1 - Servers/1 - RootRecord-Pacific-Solar-Server/System/scripts/consolidate.py" hours
2026-10-03T08:27:15-10:00job:system_consolidate_hours | SUMMARY=system_layers hours=0
2026-10-03T08:27:23-10:00  ✗  river2pro_read  WAITING
2026-10-03T08:27:23-10:00job:sys_stats_cycle RUN  bash "/home/rootrecord/RootRecord-Ecosystem/1 - Servers/1 - RootRecord-Pacific-Solar-Server/System/scripts/sys-sample.sh"
2026-10-03T08:27:23-10:00job:sys_stats_cycle | SYSTEM  cpu=42%  load=1.66  mem=59%  src=sqlite
2026-10-03T08:27:23-10:00job:sys_stats_cycle | OK wrote /home/rootrecord/RootRecord-Ecosystem/2 - RootRecord-Database/System/system.db
2026-10-03T08:27:27-10:00  ▸  SUMMARY=delta2 soc=0% solar=0W ac_out=0W usbc=0W src=ble db=ok
2026-10-03T08:27:27-10:00job:sys_stats_cycle RUN  bash "/home/rootrecord/RootRecord-Ecosystem/1 - Servers/1 - RootRecord-Pacific-Solar-Server/System/scripts/sys-sample.sh"
2026-10-03T08:27:28-10:00job:sys_stats_cycle | SYSTEM  cpu=44%  load=1.60  mem=60%  src=sqlite
2026-10-03T08:27:28-10:00job:sys_stats_cycle | OK wrote /home/rootrecord/RootRecord-Ecosystem/2 - RootRecord-Database/System/system.db
2026-10-03T08:27:33-10:00job:security_camera_frame_grab | 08:27:14  📷  a-eyes  ch1 → ch1-20261003T182714Z.jpg  (318.1 KB, 4.55s)
2026-10-03T08:27:33-10:00job:security_camera_frame_grab | 08:27:19  📷  a-eyes  ch2 → ch2-20261003T182719Z.jpg  (222.3 KB, 4.43s)
2026-10-03T08:27:33-10:00job:security_camera_frame_grab | 08:27:23  📷  a-eyes  ch3 → ch3-20261003T182723Z.jpg  (172.1 KB, 4.40s)
2026-10-03T08:27:33-10:00job:security_camera_frame_grab | 08:27:28  📷  a-eyes  ch4 → ch4-20261003T182728Z.jpg  (112.4 KB, 4.99s)
2026-10-03T08:27:37-10:00  ✗  river2pro_read  WAITING
2026-10-03T08:27:37-10:00job:sys_stats_cycle RUN  bash "/home/rootrecord/RootRecord-Ecosystem/1 - Servers/1 - RootRecord-Pacific-Solar-Server/System/scripts/sys-sample.sh"
2026-10-03T08:27:37-10:00job:sys_stats_cycle | SYSTEM  cpu=17%  load=1.59  mem=59%  src=sqlite
2026-10-03T08:27:37-10:00job:sys_stats_cycle | OK wrote /home/rootrecord/RootRecord-Ecosystem/2 - RootRecord-Database/System/system.db
2026-10-03T08:27:41-10:00  ▸  SUMMARY=delta2 soc=0% solar=0W ac_out=0W usbc=0W src=ble db=ok
2026-10-03T08:27:41-10:00job:security_camera_frame_grab RUN  bash "/home/rootrecord/RootRecord-Ecosystem/1 - Servers/1 - RootRecord-Pacific-Solar-Server/Security/Cameras/grab_all.sh"
2026-10-03T08:27:41-10:00job:sys_stats_cycle RUN  bash "/home/rootrecord/RootRecord-Ecosystem/1 - Servers/1 - RootRecord-Pacific-Solar-Server/System/scripts/sys-sample.sh"
2026-10-03T08:27:41-10:00job:sys_stats_cycle | SYSTEM  cpu=25%  load=1.59  mem=61%  src=sqlite
2026-10-03T08:27:41-10:00job:sys_stats_cycle | OK wrote /home/rootrecord/RootRecord-Ecosystem/2 - RootRecord-Database/System/system.db
2026-10-03T08:27:50-10:00  ✗  river2pro_read  WAITING
2026-10-03T08:27:50-10:00job:sys_stats_cycle RUN  bash "/home/rootrecord/RootRecord-Ecosystem/1 - Servers/1 - RootRecord-Pacific-Solar-Server/System/scripts/sys-sample.sh"
2026-10-03T08:27:50-10:00job:sys_stats_cycle | SYSTEM  cpu=10%  load=1.57  mem=58%  src=sqlite
2026-10-03T08:27:50-10:00job:sys_stats_cycle | OK wrote /home/rootrecord/RootRecord-Ecosystem/2 - RootRecord-Database/System/system.db
2026-10-03T08:27:54-10:00  ▸  SUMMARY=delta2 soc=0% solar=0W ac_out=0W usbc=0W src=ble db=ok
2026-10-03T08:27:54-10:00job:energy_consolidate_minutes RUN  nice -n 10 python3 "/home/rootrecord/RootRecord-Ecosystem/1 - Servers/1 - RootRecord-Pacific-Solar-Server/Energy/scripts/consolidate.py" minutes
2026-10-03T08:27:55-10:00job:energy_consolidate_minutes | SUMMARY=ecoflow_layers minutes=4374
2026-10-03T08:27:55-10:00job:hawaii_to_ml2 RUN  bash "/home/rootrecord/RootRecord-Ecosystem/1 - Servers/3 - RootRecord-US-Mainland-Two/scripts/hawaii-to-ml2.sh"
2026-10-03T08:27:58-10:00job:security_camera_frame_grab | 08:27:41  📷  a-eyes  ch1 → ch1-20261003T182741Z.jpg  (318.5 KB, 4.18s)
2026-10-03T08:27:58-10:00job:security_camera_frame_grab | 08:27:45  📷  a-eyes  ch2 → ch2-20261003T182745Z.jpg  (218.9 KB, 4.48s)
2026-10-03T08:27:58-10:00job:security_camera_frame_grab | 08:27:49  📷  a-eyes  ch3 → ch3-20261003T182749Z.jpg  (176.9 KB, 4.36s)
2026-10-03T08:27:58-10:00job:security_camera_frame_grab | 08:27:54  📷  a-eyes  ch4 → ch4-20261003T182754Z.jpg  (112.8 KB, 4.30s)
2026-10-03T08:28:13-10:00job:hawaii_to_ml2 | hawaii-to-ml2: SSH /home/rootrecord/RootRecord-Ecosystem/2 - RootRecord-Database → ml2:US-Mainland-Server-2/var/bank/
2026-10-03T08:28:13-10:00job:hawaii_to_ml2 | hawaii-to-ml2: ok transport=remote
2026-10-03T08:28:13-10:00job:security_camera_frame_grab RUN  bash "/home/rootrecord/RootRecord-Ecosystem/1 - Servers/1 - RootRecord-Pacific-Solar-Server/Security/Cameras/grab_all.sh"
2026-10-03T08:28:13-10:00job:sys_stats_cycle RUN  bash "/home/rootrecord/RootRecord-Ecosystem/1 - Servers/1 - RootRecord-Pacific-Solar-Server/System/scripts/sys-sample.sh"
2026-10-03T08:28:13-10:00job:sys_stats_cycle | SYSTEM  cpu=6%  load=1.73  mem=60%  src=sqlite
2026-10-03T08:28:13-10:00job:sys_stats_cycle | OK wrote /home/rootrecord/RootRecord-Ecosystem/2 - RootRecord-Database/System/system.db
2026-10-03T08:28:13-10:00job:system_consolidate_minutes RUN  nice -n 10 python3 "/home/rootrecord/RootRecord-Ecosystem/1 - Servers/1 - RootRecord-Pacific-Solar-Server/System/scripts/consolidate.py" minutes
2026-10-03T08:28:14-10:00job:system_consolidate_minutes | SUMMARY=system_layers minutes=98
2026-10-03T08:28:22-10:00  ✗  river2pro_read  WAITING
2026-10-03T08:28:22-10:00job:sys_stats_cycle RUN  bash "/home/rootrecord/RootRecord-Ecosystem/1 - Servers/1 - RootRecord-Pacific-Solar-Server/System/scripts/sys-sample.sh"
2026-10-03T08:28:23-10:00job:sys_stats_cycle | SYSTEM  cpu=37%  load=1.84  mem=61%  src=sqlite
2026-10-03T08:28:23-10:00job:sys_stats_cycle | OK wrote /home/rootrecord/RootRecord-Ecosystem/2 - RootRecord-Database/System/system.db
2026-10-03T08:28:26-10:00  ▸  SUMMARY=delta2 soc=0% solar=0W ac_out=0W usbc=0W src=ble db=ok
2026-10-03T08:28:26-10:00job:sys_stats_cycle RUN  bash "/home/rootrecord/RootRecord-Ecosystem/1 - Servers/1 - RootRecord-Pacific-Solar-Server/System/scripts/sys-sample.sh"
2026-10-03T08:28:27-10:00job:sys_stats_cycle | SYSTEM  cpu=16%  load=2.02  mem=61%  src=sqlite
2026-10-03T08:28:27-10:00job:sys_stats_cycle | OK wrote /home/rootrecord/RootRecord-Ecosystem/2 - RootRecord-Database/System/system.db
2026-10-03T08:28:30-10:00job:security_camera_frame_grab | 08:28:13  📷  a-eyes  ch1 → ch1-20261003T182813Z.jpg  (323.7 KB, 4.41s)
2026-10-03T08:28:30-10:00job:security_camera_frame_grab | 08:28:17  📷  a-eyes  ch2 → ch2-20261003T182817Z.jpg  (224.1 KB, 4.38s)
2026-10-03T08:28:30-10:00job:security_camera_frame_grab | 08:28:22  📷  a-eyes  ch3 → ch3-20261003T182822Z.jpg  (182.3 KB, 4.47s)
2026-10-03T08:28:30-10:00job:security_camera_frame_grab | 08:28:26  📷  a-eyes  ch4 → ch4-20261003T182826Z.jpg  (111.6 KB, 4.39s)
2026-10-03T08:28:35-10:00  ✗  river2pro_read  WAITING
2026-10-03T08:28:35-10:00job:sys_stats_cycle RUN  bash "/home/rootrecord/RootRecord-Ecosystem/1 - Servers/1 - RootRecord-Pacific-Solar-Server/System/scripts/sys-sample.sh"
2026-10-03T08:28:36-10:00job:sys_stats_cycle | SYSTEM  cpu=38%  load=2.09  mem=62%  src=sqlite
2026-10-03T08:28:36-10:00job:sys_stats_cycle | OK wrote /home/rootrecord/RootRecord-Ecosystem/2 - RootRecord-Database/System/system.db
2026-10-03T08:28:39-10:00  ▸  SUMMARY=delta2 soc=0% solar=0W ac_out=0W usbc=0W src=ble db=ok
2026-10-03T08:28:39-10:00job:security_camera_frame_grab RUN  bash "/home/rootrecord/RootRecord-Ecosystem/1 - Servers/1 - RootRecord-Pacific-Solar-Server/Security/Cameras/grab_all.sh"
2026-10-03T08:28:39-10:00job:sys_stats_cycle RUN  bash "/home/rootrecord/RootRecord-Ecosystem/1 - Servers/1 - RootRecord-Pacific-Solar-Server/System/scripts/sys-sample.sh"
2026-10-03T08:28:40-10:00job:sys_stats_cycle | SYSTEM  cpu=14%  load=2.01  mem=62%  src=sqlite
2026-10-03T08:28:40-10:00job:sys_stats_cycle | OK wrote /home/rootrecord/RootRecord-Ecosystem/2 - RootRecord-Database/System/system.db
2026-10-03T08:28:49-10:00  ✗  river2pro_read  WAITING
2026-10-03T08:28:49-10:00job:sys_stats_cycle RUN  bash "/home/rootrecord/RootRecord-Ecosystem/1 - Servers/1 - RootRecord-Pacific-Solar-Server/System/scripts/sys-sample.sh"
2026-10-03T08:28:49-10:00job:sys_stats_cycle | SYSTEM  cpu=37%  load=1.86  mem=63%  src=sqlite
2026-10-03T08:28:49-10:00job:sys_stats_cycle | OK wrote /home/rootrecord/RootRecord-Ecosystem/2 - RootRecord-Database/System/system.db
2026-10-03T08:28:53-10:00  ▸  SUMMARY=delta2 soc=0% solar=0W ac_out=0W usbc=0W src=ble db=ok
2026-10-03T08:28:53-10:00job:energy_consolidate_hours RUN  nice -n 10 python3 "/home/rootrecord/RootRecord-Ecosystem/1 - Servers/1 - RootRecord-Pacific-Solar-Server/Energy/scripts/consolidate.py" hours
2026-10-03T08:28:53-10:00job:energy_consolidate_hours | SUMMARY=ecoflow_layers hours=0 json=periods.json
2026-10-03T08:28:53-10:00job:live_picture RUN  nice -n 10 python3 "/home/rootrecord/RootRecord-Ecosystem/1 - Servers/1 - RootRecord-Pacific-Solar-Server/Media/Video/scripts/live_picture.py"
2026-10-03T08:28:57-10:00job:security_camera_frame_grab | 08:28:39  📷  a-eyes  ch1 → ch1-20261003T182839Z.jpg  (326.1 KB, 4.35s)
2026-10-03T08:28:57-10:00job:security_camera_frame_grab | 08:28:44  📷  a-eyes  ch2 → ch2-20261003T182844Z.jpg  (225.1 KB, 4.42s)
2026-10-03T08:28:57-10:00job:security_camera_frame_grab | 08:28:48  📷  a-eyes  ch3 → ch3-20261003T182848Z.jpg  (186.2 KB, 4.47s)
2026-10-03T08:28:57-10:00job:security_camera_frame_grab | 08:28:53  📷  a-eyes  ch4 → ch4-20261003T182853Z.jpg  (116.6 KB, 4.49s)
2026-10-03T08:29:05-10:00job:live_picture | {"ok": true, "detail": "local+clock+thumb", "path": "/home/rootrecord/RootRecord-Ecosystem/1 - Servers/1 - RootRecord-Pacific-Solar-Server/Media/Video/live-frame.png", "size": [1920, 1080]}
2026-10-03T08:29:05-10:00job:security_camera_frame_grab RUN  bash "/home/rootrecord/RootRecord-Ecosystem/1 - Servers/1 - RootRecord-Pacific-Solar-Server/Security/Cameras/grab_all.sh"
2026-10-03T08:29:05-10:00job:sys_stats_cycle RUN  bash "/home/rootrecord/RootRecord-Ecosystem/1 - Servers/1 - RootRecord-Pacific-Solar-Server/System/scripts/sys-sample.sh"
2026-10-03T08:29:06-10:00job:sys_stats_cycle | SYSTEM  cpu=13%  load=1.90  mem=61%  src=sqlite
2026-10-03T08:29:06-10:00job:sys_stats_cycle | OK wrote /home/rootrecord/RootRecord-Ecosystem/2 - RootRecord-Database/System/system.db
2026-10-03T08:29:06-10:00job:system_consolidate_hours RUN  nice -n 10 python3 "/home/rootrecord/RootRecord-Ecosystem/1 - Servers/1 - RootRecord-Pacific-Solar-Server/System/scripts/consolidate.py" hours
2026-10-03T08:29:06-10:00job:system_consolidate_hours | SUMMARY=system_layers hours=0
2026-10-03T08:29:14-10:00  ✗  river2pro_read  WAITING
2026-10-03T08:29:14-10:00job:sys_stats_cycle RUN  bash "/home/rootrecord/RootRecord-Ecosystem/1 - Servers/1 - RootRecord-Pacific-Solar-Server/System/scripts/sys-sample.sh"
2026-10-03T08:29:15-10:00job:sys_stats_cycle | SYSTEM  cpu=31%  load=1.99  mem=61%  src=sqlite
2026-10-03T08:29:15-10:00job:sys_stats_cycle | OK wrote /home/rootrecord/RootRecord-Ecosystem/2 - RootRecord-Database/System/system.db
2026-10-03T08:29:18-10:00  ▸  SUMMARY=delta2 soc=0% solar=0W ac_out=0W usbc=0W src=ble db=ok
2026-10-03T08:29:18-10:00job:sys_stats_cycle RUN  bash "/home/rootrecord/RootRecord-Ecosystem/1 - Servers/1 - RootRecord-Pacific-Solar-Server/System/scripts/sys-sample.sh"
2026-10-03T08:29:19-10:00job:sys_stats_cycle | SYSTEM  cpu=28%  load=1.83  mem=61%  src=sqlite
2026-10-03T08:29:19-10:00job:sys_stats_cycle | OK wrote /home/rootrecord/RootRecord-Ecosystem/2 - RootRecord-Database/System/system.db
2026-10-03T08:29:23-10:00job:security_camera_frame_grab | 08:29:05  📷  a-eyes  ch1 → ch1-20261003T182905Z.jpg  (324.4 KB, 4.42s)
2026-10-03T08:29:23-10:00job:security_camera_frame_grab | 08:29:10  📷  a-eyes  ch2 → ch2-20261003T182910Z.jpg  (224.0 KB, 4.50s)
2026-10-03T08:29:23-10:00job:security_camera_frame_grab | 08:29:14  📷  a-eyes  ch3 → ch3-20261003T182914Z.jpg  (163.6 KB, 4.41s)
2026-10-03T08:29:23-10:00job:security_camera_frame_grab | 08:29:19  📷  a-eyes  ch4 → ch4-20261003T182919Z.jpg  (114.2 KB, 4.38s)
2026-10-03T08:29:27-10:00  ✗  river2pro_read  WAITING
2026-10-03T08:29:27-10:00job:sys_stats_cycle RUN  bash "/home/rootrecord/RootRecord-Ecosystem/1 - Servers/1 - RootRecord-Pacific-Solar-Server/System/scripts/sys-sample.sh"
2026-10-03T08:29:28-10:00job:sys_stats_cycle | SYSTEM  cpu=29%  load=1.86  mem=61%  src=sqlite
2026-10-03T08:29:28-10:00job:sys_stats_cycle | OK wrote /home/rootrecord/RootRecord-Ecosystem/2 - RootRecord-Database/System/system.db
2026-10-03T08:29:30-10:00job:github_sync_all | ↑ [ecosystem] committed 18 local file(s)
2026-10-03T08:29:30-10:00job:github_sync_all | ↓ [ecosystem] fetching origin/main
2026-10-03T08:29:30-10:00job:github_sync_all | From github.com:RootRecord-Software-Solutions/RootRecord-Ecosystem
2026-10-03T08:29:30-10:00job:github_sync_all | * branch              main       -> FETCH_HEAD
2026-10-03T08:29:30-10:00job:github_sync_all | ↑ [ecosystem] local is ahead of GitHub
2026-10-03T08:29:30-10:00job:github_sync_all | remote: warning: See https://gh.io/lfs for more information.
2026-10-03T08:29:30-10:00job:github_sync_all | remote: warning: File 2 - RootRecord-Database/Energy/layers/1sec.db is 85.82 MB; this is larger than GitHub's recommended maximum file size of 50.00 MB
2026-10-03T08:29:30-10:00job:github_sync_all | remote: warning: GH001: Large files detected. You may want to try Git Large File Storage - https://git-lfs.github.com.
2026-10-03T08:29:30-10:00job:github_sync_all | To github.com:RootRecord-Software-Solutions/RootRecord-Ecosystem.git
2026-10-03T08:29:30-10:00job:github_sync_all | db75c56a..d40ad8e4  HEAD -> main
2026-10-03T08:29:30-10:00job:github_sync_all | branch 'main' set up to track 'origin/main'.
2026-10-03T08:29:30-10:00job:github_sync_all | ↑ [ecosystem] 18 files → RootRecord-Software-Solutions/RootRecord-Ecosystem (main)
2026-10-03T08:29:30-10:00job:github_sync_all | ↑ [pacific] committed 5 local file(s)
2026-10-03T08:29:30-10:00job:github_sync_all | ↓ [pacific] fetching origin/main
2026-10-03T08:29:30-10:00job:github_sync_all | From github.com:RootRecord-Software-Solutions/RootRecord-Pacific-Solar-Server
2026-10-03T08:29:30-10:00job:github_sync_all | * branch            main       -> FETCH_HEAD
2026-10-03T08:29:30-10:00job:github_sync_all | ↑ [pacific] local is ahead of GitHub
2026-10-03T08:29:30-10:00job:github_sync_all | To github.com:RootRecord-Software-Solutions/RootRecord-Pacific-Solar-Server.git
2026-10-03T08:29:30-10:00job:github_sync_all | 69511b4..8de52ca  HEAD -> main
2026-10-03T08:29:30-10:00job:github_sync_all | branch 'main' set up to track 'origin/main'.
2026-10-03T08:29:30-10:00job:github_sync_all | ↑ [pacific] 5 files → RootRecord-Software-Solutions/RootRecord-Pacific-Solar-Server (main)
2026-10-03T08:29:30-10:00job:github_sync_all | ↑ [database] committed 123 local file(s)
2026-10-03T08:29:30-10:00job:github_sync_all | ↓ [database] fetching origin/main
2026-10-03T08:29:30-10:00job:github_sync_all | From github.com:RootRecord-Software-Solutions/RootRecord-Database
2026-10-03T08:29:30-10:00job:github_sync_all | * branch                main       -> FETCH_HEAD
2026-10-03T08:29:30-10:00job:github_sync_all | ↑ [database] local is ahead of GitHub
2026-10-03T08:29:30-10:00job:github_sync_all | remote: warning: See https://gh.io/lfs for more information.
2026-10-03T08:29:30-10:00job:github_sync_all | remote: warning: File Energy/layers/1sec.db is 85.82 MB; this is larger than GitHub's recommended maximum file size of 50.00 MB
2026-10-03T08:29:30-10:00job:github_sync_all | remote: warning: GH001: Large files detected. You may want to try Git Large File Storage - https://git-lfs.github.com.
2026-10-03T08:29:30-10:00job:github_sync_all | To github.com:RootRecord-Software-Solutions/RootRecord-Database.git
2026-10-03T08:29:30-10:00job:github_sync_all | 1eaacdcac..0ace0dcc1  HEAD -> main
2026-10-03T08:29:30-10:00job:github_sync_all | branch 'main' set up to track 'origin/main'.
2026-10-03T08:29:30-10:00job:github_sync_all | ↑ [database] 123 files → RootRecord-Software-Solutions/RootRecord-Database (main)
2026-10-03T08:29:30-10:00job:github_sync_all | ↑ [library] committed 9 local file(s)
2026-10-03T08:29:30-10:00job:github_sync_all | ↓ [library] fetching origin/main
2026-10-03T08:29:30-10:00job:github_sync_all | From github.com:RootRecord-Software-Solutions/RootRecord-Library
2026-10-03T08:29:30-10:00job:github_sync_all | * branch            main       -> FETCH_HEAD
2026-10-03T08:29:30-10:00job:github_sync_all | ↑ [library] local is ahead of GitHub
2026-10-03T08:29:30-10:00job:github_sync_all | To github.com:RootRecord-Software-Solutions/RootRecord-Library.git
2026-10-03T08:29:30-10:00job:github_sync_all | db6a59f..162b89d  HEAD -> main
2026-10-03T08:29:31-10:00  ▸  SUMMARY=delta2 soc=0% solar=0W ac_out=0W usbc=0W src=ble db=ok
2026-10-03T08:29:31-10:00job:security_camera_frame_grab RUN  bash "/home/rootrecord/RootRecord-Ecosystem/1 - Servers/1 - RootRecord-Pacific-Solar-Server/Security/Cameras/grab_all.sh"
2026-10-03T08:29:31-10:00job:sys_stats_cycle RUN  bash "/home/rootrecord/RootRecord-Ecosystem/1 - Servers/1 - RootRecord-Pacific-Solar-Server/System/scripts/sys-sample.sh"
2026-10-03T08:29:32-10:00job:sys_stats_cycle | SYSTEM  cpu=27%  load=1.95  mem=62%  src=sqlite
2026-10-03T08:29:32-10:00job:sys_stats_cycle | OK wrote /home/rootrecord/RootRecord-Ecosystem/2 - RootRecord-Database/System/system.db
2026-10-03T08:29:40-10:00  ✗  river2pro_read  WAITING
2026-10-03T08:29:40-10:00job:sys_stats_cycle RUN  bash "/home/rootrecord/RootRecord-Ecosystem/1 - Servers/1 - RootRecord-Pacific-Solar-Server/System/scripts/sys-sample.sh"
2026-10-03T08:29:41-10:00job:sys_stats_cycle | SYSTEM  cpu=29%  load=1.79  mem=60%  src=sqlite
2026-10-03T08:29:41-10:00job:sys_stats_cycle | OK wrote /home/rootrecord/RootRecord-Ecosystem/2 - RootRecord-Database/System/system.db
2026-10-03T08:29:45-10:00  ▸  SUMMARY=delta2 soc=0% solar=0W ac_out=0W usbc=0W src=ble db=ok
2026-10-03T08:29:45-10:00job:energy_consolidate_minutes RUN  nice -n 10 python3 "/home/rootrecord/RootRecord-Ecosystem/1 - Servers/1 - RootRecord-Pacific-Solar-Server/Energy/scripts/consolidate.py" minutes
2026-10-03T08:29:46-10:00job:energy_consolidate_minutes | SUMMARY=ecoflow_layers minutes=6102
2026-10-03T08:29:46-10:00job:sys_stats_cycle RUN  bash "/home/rootrecord/RootRecord-Ecosystem/1 - Servers/1 - RootRecord-Pacific-Solar-Server/System/scripts/sys-sample.sh"
2026-10-03T08:29:47-10:00job:sys_stats_cycle | SYSTEM  cpu=9%  load=2.29  mem=62%  src=sqlite
2026-10-03T08:29:47-10:00job:sys_stats_cycle | OK wrote /home/rootrecord/RootRecord-Ecosystem/2 - RootRecord-Database/System/system.db
2026-10-03T08:29:47-10:00job:system_consolidate_minutes RUN  nice -n 10 python3 "/home/rootrecord/RootRecord-Ecosystem/1 - Servers/1 - RootRecord-Pacific-Solar-Server/System/scripts/consolidate.py" minutes
2026-10-03T08:29:47-10:00job:system_consolidate_minutes | SUMMARY=system_layers minutes=91
2026-10-03T08:29:49-10:00job:security_camera_frame_grab | 08:29:32  📷  a-eyes  ch1 → ch1-20261003T182932Z.jpg  (321.3 KB, 4.48s)
2026-10-03T08:29:49-10:00job:security_camera_frame_grab | 08:29:36  📷  a-eyes  ch2 → ch2-20261003T182936Z.jpg  (221.4 KB, 4.37s)
2026-10-03T08:29:49-10:00job:security_camera_frame_grab | 08:29:40  📷  a-eyes  ch3 → ch3-20261003T182940Z.jpg  (154.0 KB, 4.34s)
2026-10-03T08:29:49-10:00job:security_camera_frame_grab | 08:29:45  📷  a-eyes  ch4 → ch4-20261003T182945Z.jpg  (113.8 KB, 4.49s)
2026-10-03T08:29:56-10:00  ✗  river2pro_read  WAITING
2026-10-03T08:29:56-10:00job:sys_stats_cycle RUN  bash "/home/rootrecord/RootRecord-Ecosystem/1 - Servers/1 - RootRecord-Pacific-Solar-Server/System/scripts/sys-sample.sh"
2026-10-03T08:29:56-10:00job:sys_stats_cycle | SYSTEM  cpu=32%  load=2.10  mem=62%  src=sqlite
2026-10-03T08:29:56-10:00job:sys_stats_cycle | OK wrote /home/rootrecord/RootRecord-Ecosystem/2 - RootRecord-Database/System/system.db
2026-10-03T08:30:00-10:00  ▸  SUMMARY=delta2 soc=0% solar=0W ac_out=0W usbc=0W src=ble db=ok
2026-10-03T08:30:00-10:00job:security_camera_frame_grab RUN  bash "/home/rootrecord/RootRecord-Ecosystem/1 - Servers/1 - RootRecord-Pacific-Solar-Server/Security/Cameras/grab_all.sh"
2026-10-03T08:30:00-10:00job:sys_stats_cycle RUN  bash "/home/rootrecord/RootRecord-Ecosystem/1 - Servers/1 - RootRecord-Pacific-Solar-Server/System/scripts/sys-sample.sh"
2026-10-03T08:30:00-10:00job:sys_stats_cycle | SYSTEM  cpu=27%  load=2.17  mem=59%  src=sqlite
2026-10-03T08:30:00-10:00job:sys_stats_cycle | OK wrote /home/rootrecord/RootRecord-Ecosystem/2 - RootRecord-Database/System/system.db
2026-10-03T08:30:09-10:00  ✗  river2pro_read  WAITING
2026-10-03T08:30:09-10:00job:sys_stats_cycle RUN  bash "/home/rootrecord/RootRecord-Ecosystem/1 - Servers/1 - RootRecord-Pacific-Solar-Server/System/scripts/sys-sample.sh"
2026-10-03T08:30:10-10:00job:sys_stats_cycle | SYSTEM  cpu=44%  load=1.91  mem=60%  src=sqlite
2026-10-03T08:30:10-10:00job:sys_stats_cycle | OK wrote /home/rootrecord/RootRecord-Ecosystem/2 - RootRecord-Database/System/system.db
2026-10-03T08:30:13-10:00  ▸  SUMMARY=delta2 soc=0% solar=0W ac_out=0W usbc=0W src=ble db=ok
2026-10-03T08:30:13-10:00job:sys_stats_cycle RUN  bash "/home/rootrecord/RootRecord-Ecosystem/1 - Servers/1 - RootRecord-Pacific-Solar-Server/System/scripts/sys-sample.sh"
2026-10-03T08:30:14-10:00job:sys_stats_cycle | SYSTEM  cpu=32%  load=1.92  mem=59%  src=sqlite
2026-10-03T08:30:14-10:00job:sys_stats_cycle | OK wrote /home/rootrecord/RootRecord-Ecosystem/2 - RootRecord-Database/System/system.db
2026-10-03T08:30:18-10:00job:security_camera_frame_grab | 08:30:00  📷  a-eyes  ch1 → ch1-20261003T183000Z.jpg  (317.9 KB, 4.32s)
2026-10-03T08:30:18-10:00job:security_camera_frame_grab | 08:30:04  📷  a-eyes  ch2 → ch2-20261003T183004Z.jpg  (221.9 KB, 4.48s)
2026-10-03T08:30:18-10:00job:security_camera_frame_grab | 08:30:09  📷  a-eyes  ch3 → ch3-20261003T183009Z.jpg  (162.6 KB, 4.34s)
2026-10-03T08:30:18-10:00job:security_camera_frame_grab | 08:30:13  📷  a-eyes  ch4 → ch4-20261003T183013Z.jpg  (115.3 KB, 4.39s)
2026-10-03T08:30:22-10:00  ✗  river2pro_read  WAITING
2026-10-03T08:30:22-10:00job:sys_stats_cycle RUN  bash "/home/rootrecord/RootRecord-Ecosystem/1 - Servers/1 - RootRecord-Pacific-Solar-Server/System/scripts/sys-sample.sh"
2026-10-03T08:30:23-10:00job:sys_stats_cycle | SYSTEM  cpu=6%  load=1.78  mem=60%  src=sqlite
2026-10-03T08:30:23-10:00job:sys_stats_cycle | OK wrote /home/rootrecord/RootRecord-Ecosystem/2 - RootRecord-Database/System/system.db
2026-10-03T08:30:26-10:00  ▸  SUMMARY=delta2 soc=0% solar=0W ac_out=0W usbc=0W src=ble db=ok
2026-10-03T08:30:26-10:00job:energy_consolidate_hours RUN  nice -n 10 python3 "/home/rootrecord/RootRecord-Ecosystem/1 - Servers/1 - RootRecord-Pacific-Solar-Server/Energy/scripts/consolidate.py" hours
