2026-10-02T04:05:04-10:00job:automations_log_hourly_archive OK
2026-10-02T04:05:04-10:00job:security_timelapse_hourly_compile RUN  bash "/home/rootrecord/RootRecord-Ecosystem/1 - Servers/1 - RootRecord-Pacific-Solar-Server/Security/Cameras/timelapse_hourly.sh"
2026-10-02T04:05:04-10:00job:security_timelapse_hourly_compile | 04:05:04  🎬  a-eyes-timelapse  hour 03 is outside the 05:00-19:00 window, skipping
2026-10-02T04:05:05-10:00job:voice_timing_report RUN  nice -n 10 python3 "/home/rootrecord/RootRecord-Ecosystem/1 - Servers/1 - RootRecord-Pacific-Solar-Server/Reports/Voice-Timing/scripts/voice_timing_report.py"
2026-10-02T04:05:05-10:00job:voice_timing_report | [ok] voice-timing written (302 runs): /home/rootrecord/RootRecord-Ecosystem/5 - RootRecord-Library/Documentation/01-Operations/voice-timing.md
2026-10-02T04:05:05-10:00ENERGY  status=live  B2=2.7%  B1=19.2%  solar=0 W  ac=0 W  usbc=0 W  src=/home/rootrecord/RootRecord-Ecosystem/2 - RootRecord-Database/Energy  LAP=100%/Full/AC
2026-10-02T04:05:05-10:00job:sys_stats_cycle RUN  bash "/home/rootrecord/RootRecord-Ecosystem/1 - Servers/1 - RootRecord-Pacific-Solar-Server/System/scripts/sys-sample.sh"
2026-10-02T04:05:07-10:00job:sys_stats_cycle | SYSTEM  cpu=2%  load=0.91  mem=21%  src=sqlite
2026-10-02T04:05:07-10:00job:sys_stats_cycle | OK wrote /home/rootrecord/RootRecord-Ecosystem/2 - RootRecord-Database/System/samples/sys-20261002-040505.json
2026-10-02T04:06:23-10:00job:github_sync_all | ↑ [ecosystem] committed 27 local file(s)
2026-10-02T04:06:23-10:00job:github_sync_all | ↓ [ecosystem] fetching origin/main
2026-10-02T04:06:23-10:00job:github_sync_all | From github.com:RootRecord-Software-Solutions/RootRecord-Ecosystem
2026-10-02T04:06:23-10:00job:github_sync_all | * branch              main       -> FETCH_HEAD
2026-10-02T04:06:23-10:00job:github_sync_all | ↑ [ecosystem] local is ahead of GitHub
2026-10-02T04:06:23-10:00job:github_sync_all | To github.com:RootRecord-Software-Solutions/RootRecord-Ecosystem.git
2026-10-02T04:06:23-10:00job:github_sync_all | b47f8925..95e98a9c  HEAD -> main
2026-10-02T04:06:23-10:00job:github_sync_all | branch 'main' set up to track 'origin/main'.
2026-10-02T04:06:23-10:00job:github_sync_all | ↑ [ecosystem] 27 files → RootRecord-Software-Solutions/RootRecord-Ecosystem (main)
2026-10-02T04:06:23-10:00job:github_sync_all | ↑ [pacific] committed 11 local file(s)
2026-10-02T04:06:23-10:00job:github_sync_all | ↓ [pacific] fetching origin/main
2026-10-02T04:06:23-10:00job:github_sync_all | From github.com:RootRecord-Software-Solutions/RootRecord-Pacific-Solar-Server
2026-10-02T04:06:23-10:00job:github_sync_all | * branch            main       -> FETCH_HEAD
2026-10-02T04:06:23-10:00job:github_sync_all | ↑ [pacific] local is ahead of GitHub
2026-10-02T04:06:23-10:00job:github_sync_all | To github.com:RootRecord-Software-Solutions/RootRecord-Pacific-Solar-Server.git
2026-10-02T04:06:23-10:00job:github_sync_all | 9d00b06..5537eae  HEAD -> main
2026-10-02T04:06:23-10:00job:github_sync_all | branch 'main' set up to track 'origin/main'.
2026-10-02T04:06:23-10:00job:github_sync_all | ↑ [pacific] 11 files → RootRecord-Software-Solutions/RootRecord-Pacific-Solar-Server (main)
2026-10-02T04:06:23-10:00job:github_sync_all | ↑ [database] committed 48 local file(s)
2026-10-02T04:06:23-10:00job:github_sync_all | ↓ [database] fetching origin/main
2026-10-02T04:06:23-10:00job:github_sync_all | From github.com:RootRecord-Software-Solutions/RootRecord-Database
2026-10-02T04:06:23-10:00job:github_sync_all | * branch              main       -> FETCH_HEAD
2026-10-02T04:06:23-10:00job:github_sync_all | ↑ [database] local is ahead of GitHub
2026-10-02T04:06:23-10:00job:github_sync_all | To github.com:RootRecord-Software-Solutions/RootRecord-Database.git
2026-10-02T04:06:23-10:00job:github_sync_all | 12d38f55..19dc353f  HEAD -> main
2026-10-02T04:06:23-10:00job:github_sync_all | branch 'main' set up to track 'origin/main'.
2026-10-02T04:06:23-10:00job:github_sync_all | ↑ [database] 48 files → RootRecord-Software-Solutions/RootRecord-Database (main)
2026-10-02T04:06:23-10:00job:github_sync_all | ↑ [library] committed 1 local file(s)
2026-10-02T04:06:23-10:00job:github_sync_all | ↓ [library] fetching origin/main
2026-10-02T04:06:23-10:00job:github_sync_all | From github.com:RootRecord-Software-Solutions/RootRecord-Library
2026-10-02T04:06:23-10:00job:github_sync_all | * branch            main       -> FETCH_HEAD
2026-10-02T04:06:23-10:00job:github_sync_all | ↑ [library] local is ahead of GitHub
2026-10-02T04:06:23-10:00job:github_sync_all | To github.com:RootRecord-Software-Solutions/RootRecord-Library.git
2026-10-02T04:06:23-10:00job:github_sync_all | f7d8928..4ade341  HEAD -> main
2026-10-02T04:06:23-10:00job:github_sync_all | branch 'main' set up to track 'origin/main'.
2026-10-02T04:06:23-10:00job:github_sync_all | ↑ [library] 1 files → RootRecord-Software-Solutions/RootRecord-Library (main)
2026-10-02T04:06:23-10:00job:github_sync_all | ↑ [website] committed 10 local file(s)
2026-10-02T04:06:23-10:00job:github_sync_all | ↓ [website] fetching origin/main
2026-10-02T04:06:23-10:00job:github_sync_all | From github.com:RootRecord-Software-Solutions/RootRecord-Website
2026-10-02T04:06:23-10:00job:github_sync_all | * branch            main       -> FETCH_HEAD
2026-10-02T04:06:23-10:00job:security_camera_frame_grab RUN  bash "/home/rootrecord/RootRecord-Ecosystem/1 - Servers/1 - RootRecord-Pacific-Solar-Server/Security/Cameras/grab_all.sh"
2026-10-02T04:06:40-10:00job:security_camera_frame_grab | 04:06:23  📷  a-eyes  ch1 → ch1-20261002T140623Z.jpg  (296.0 KB, 4.45s)
2026-10-02T04:06:40-10:00job:security_camera_frame_grab | 04:06:27  📷  a-eyes  ch2 → ch2-20261002T140627Z.jpg  (318.9 KB, 4.25s)
2026-10-02T04:06:40-10:00job:security_camera_frame_grab | 04:06:31  📷  a-eyes  ch3 → ch3-20261002T140631Z.jpg  (345.8 KB, 4.40s)
2026-10-02T04:06:40-10:00job:security_camera_frame_grab | 04:06:36  📷  a-eyes  ch4 → ch4-20261002T140636Z.jpg  (275.2 KB, 4.39s)
2026-10-02T04:06:40-10:00job:voice_kilauea_image_check RUN  nice -n 10 python3 "/home/rootrecord/RootRecord-Ecosystem/1 - Servers/1 - RootRecord-Pacific-Solar-Server/Media/Voice/scripts/voice_reports.py" kilauea_image_check
2026-10-02T04:09:58-10:00job:voice_kilauea_image_check | {"ok": true, "report": "kilauea_image_check", "md": "/home/rootrecord/RootRecord-Ecosystem/test-reports/Voice/kilauea_image_check_current.md", "sentences": 2, "status_starting": {"ok": true, "skipped": true, "detail": "no_status_type", "phase": "starting"}, "voice": {"ok": true, "mode": "stitch", "report": "kilauea_image_check", "agent": "carly", "voice": "af_nova", "speed": 1.0, "wav": "/home/rootrecord/RootRecord-Ecosystem/2 - RootRecord-Database/Media/Audio/Voice/kilauea_image_check_current.wav", "clips_used": 0, "live_sentences": 4, "model_loaded": true, "render_s": 7.16, "sample_rate": 24000, "channels": 1, "subtype": "PCM_16", "duration_s": 11.521, "peak_dbfs": -2.33, "rms_dbfs": -20.3, "lead_silence_ms": 115, "qc": "PASS", "wall_s": 7.24, "peak_rss_mb": 1341, "rc": 0}, "deliver": {"ok": true, "sent": true, "persona": "carly", "chat": "-1004367256267", "message_id": 2583, "transcript": false, "report": true, "photo": false, "plan": {"voice": true, "transcript": false, "report": true}}, "status_transit": {"ok": true, "skipped": true, "detail": "no_status_type", "phase": "transit"}, "radio": {"ok": true, "report": "kilauea_image_check", "file": "kilauea_image_check_current.opus", "bytes": 34526, "stage": {"ok": true, "skipped": true, "detail": "no_stage_type", "report": "kilauea_image_check"}}, "status_send": {"ok": true, "skipped": true, "detail": "no_status_type", "phase": "sent"}}
2026-10-02T04:09:58-10:00ENERGY  status=live  B2=2.7%  B1=18.3%  solar=0 W  ac=0 W  usbc=0 W  src=/home/rootrecord/RootRecord-Ecosystem/2 - RootRecord-Database/Energy  LAP=100%/Full/AC
2026-10-02T04:09:58-10:00job:sys_stats_cycle RUN  bash "/home/rootrecord/RootRecord-Ecosystem/1 - Servers/1 - RootRecord-Pacific-Solar-Server/System/scripts/sys-sample.sh"
2026-10-02T04:10:00-10:00job:sys_stats_cycle | SYSTEM  cpu=2%  load=1.04  mem=21%  src=sqlite
2026-10-02T04:10:00-10:00job:sys_stats_cycle | OK wrote /home/rootrecord/RootRecord-Ecosystem/2 - RootRecord-Database/System/samples/sys-20261002-040959.json
2026-10-02T04:10:13-10:00tunnel timeout — reconnecting
2026-10-02T04:10:13-10:00tunnel timeout — reconnecting
2026-10-02T04:10:14-10:00tunnel timeout — reconnecting
2026-10-02T04:10:14-10:00tunnel timeout — reconnecting
2026-10-02T04:10:15-10:00tunnel timeout — reconnecting
2026-10-02T04:10:15-10:00tunnel timeout — reconnecting
2026-10-02T04:10:15-10:00tunnel timeout — reconnecting
2026-10-02T04:10:21-10:00tunnel timeout — reconnecting
2026-10-02T04:10:23-10:00tunnel connected  conn=0  edge=lax10
2026-10-02T04:10:34-10:00tunnel timeout — reconnecting
2026-10-02T04:10:34-10:00tunnel timeout — reconnecting
2026-10-02T04:10:34-10:00tunnel timeout — reconnecting
2026-10-02T04:10:34-10:00tunnel timeout — reconnecting
2026-10-02T04:10:37-10:00tunnel timeout — reconnecting
2026-10-02T04:10:38-10:00tunnel timeout — reconnecting
2026-10-02T04:10:51-10:00tunnel connected  conn=3  edge=lax01
2026-10-02T04:10:51-10:00tunnel connected  conn=2  edge=lax05
2026-10-02T04:10:51-10:00tunnel connected  conn=1  edge=lax13
2026-10-02T04:11:27-10:00job:github_sync_all | ↑ [ecosystem] committed 15 local file(s)
2026-10-02T04:11:27-10:00job:github_sync_all | ↓ [ecosystem] fetching origin/main
2026-10-02T04:11:27-10:00job:github_sync_all | From github.com:RootRecord-Software-Solutions/RootRecord-Ecosystem
2026-10-02T04:11:27-10:00job:github_sync_all | * branch              main       -> FETCH_HEAD
2026-10-02T04:11:27-10:00job:github_sync_all | ↑ [ecosystem] local is ahead of GitHub
2026-10-02T04:11:27-10:00job:github_sync_all | To github.com:RootRecord-Software-Solutions/RootRecord-Ecosystem.git
2026-10-02T04:11:27-10:00job:github_sync_all | 95e98a9c..0bffea89  HEAD -> main
2026-10-02T04:11:27-10:00job:github_sync_all | branch 'main' set up to track 'origin/main'.
2026-10-02T04:11:27-10:00job:github_sync_all | ↑ [ecosystem] 15 files → RootRecord-Software-Solutions/RootRecord-Ecosystem (main)
2026-10-02T04:11:27-10:00job:github_sync_all | ↑ [pacific] committed 1 local file(s)
2026-10-02T04:11:27-10:00job:github_sync_all | ↓ [pacific] fetching origin/main
2026-10-02T04:11:27-10:00job:github_sync_all | From github.com:RootRecord-Software-Solutions/RootRecord-Pacific-Solar-Server
2026-10-02T04:11:27-10:00job:github_sync_all | * branch            main       -> FETCH_HEAD
2026-10-02T04:11:27-10:00job:github_sync_all | ↑ [pacific] local is ahead of GitHub
2026-10-02T04:11:27-10:00job:github_sync_all | To github.com:RootRecord-Software-Solutions/RootRecord-Pacific-Solar-Server.git
2026-10-02T04:11:27-10:00job:github_sync_all | 5537eae..7dbc090  HEAD -> main
2026-10-02T04:11:27-10:00job:github_sync_all | branch 'main' set up to track 'origin/main'.
2026-10-02T04:11:27-10:00job:github_sync_all | ↑ [pacific] 1 files → RootRecord-Software-Solutions/RootRecord-Pacific-Solar-Server (main)
2026-10-02T04:11:27-10:00job:github_sync_all | ↑ [database] committed 36 local file(s)
2026-10-02T04:11:27-10:00job:github_sync_all | ↓ [database] fetching origin/main
2026-10-02T04:11:27-10:00job:github_sync_all | From github.com:RootRecord-Software-Solutions/RootRecord-Database
2026-10-02T04:11:27-10:00job:github_sync_all | * branch              main       -> FETCH_HEAD
2026-10-02T04:11:27-10:00job:github_sync_all | ↑ [database] local is ahead of GitHub
2026-10-02T04:11:27-10:00job:github_sync_all | To github.com:RootRecord-Software-Solutions/RootRecord-Database.git
2026-10-02T04:11:27-10:00job:github_sync_all | 19dc353f..19fe2ebb  HEAD -> main
2026-10-02T04:11:27-10:00job:github_sync_all | branch 'main' set up to track 'origin/main'.
2026-10-02T04:11:27-10:00job:github_sync_all | ↑ [database] 36 files → RootRecord-Software-Solutions/RootRecord-Database (main)
2026-10-02T04:11:27-10:00job:github_sync_all | — [library] no local changes
2026-10-02T04:11:27-10:00job:github_sync_all | ↓ [library] fetching origin/main
2026-10-02T04:11:27-10:00job:github_sync_all | From github.com:RootRecord-Software-Solutions/RootRecord-Library
2026-10-02T04:11:27-10:00job:github_sync_all | * branch            main       -> FETCH_HEAD
2026-10-02T04:11:27-10:00job:github_sync_all | — [library] local and GitHub already match
2026-10-02T04:11:27-10:00job:github_sync_all | — [library] nothing to push
2026-10-02T04:11:27-10:00job:github_sync_all | — [website] no local changes
2026-10-02T04:11:27-10:00job:github_sync_all | ↓ [website] fetching origin/main
2026-10-02T04:11:27-10:00job:github_sync_all | From github.com:RootRecord-Software-Solutions/RootRecord-Website
2026-10-02T04:11:27-10:00job:github_sync_all | * branch            main       -> FETCH_HEAD
2026-10-02T04:11:27-10:00job:github_sync_all | — [website] local and GitHub already match
2026-10-02T04:11:27-10:00job:github_sync_all | — [website] nothing to push
2026-10-02T04:11:27-10:00job:github_sync_all | — [website-personal] no local changes
2026-10-02T04:11:27-10:00job:worklog_scan RUN  bash "/home/rootrecord/RootRecord-Ecosystem/1 - Servers/1 - RootRecord-Pacific-Solar-Server/Reports/scripts/worklog_once.sh"
2026-10-02T04:13:26-10:00tunnel timeout — reconnecting
2026-10-02T04:13:26-10:00tunnel timeout — reconnecting
2026-10-02T04:13:27-10:00tunnel timeout — reconnecting
2026-10-02T04:13:27-10:00tunnel timeout — reconnecting
2026-10-02T04:13:27-10:00tunnel timeout — reconnecting
2026-10-02T04:13:28-10:00tunnel timeout — reconnecting
2026-10-02T04:13:28-10:00tunnel timeout — reconnecting
2026-10-02T04:13:33-10:00tunnel timeout — reconnecting
2026-10-02T04:13:39-10:00tunnel timeout — reconnecting
2026-10-02T04:13:43-10:00cloudflared ERR: 2026-10-02T14:13:43Z ERR Failed to dial a quic connection error="failed to dial to edge with quic: write udp [::]:54419-
2026-10-02T04:13:45-10:00cloudflared ERR: 2026-10-02T14:13:45Z ERR Failed to dial a quic connection error="failed to dial to edge with quic: write udp [::]:47083-
2026-10-02T04:13:45-10:00cloudflared ERR: 2026-10-02T14:13:45Z ERR Failed to dial a quic connection error="failed to dial to edge with quic: write udp [::]:37723-
2026-10-02T04:13:45-10:00cloudflared ERR: 2026-10-02T14:13:45Z ERR Failed to dial a quic connection error="failed to dial to edge with quic: write udp [::]:47727-
2026-10-02T04:13:46-10:00tunnel connection terminated
2026-10-02T04:13:47-10:00tunnel connection terminated
2026-10-02T04:13:48-10:00tunnel connection terminated
2026-10-02T04:13:57-10:00cloudflared ERR: 2026-10-02T14:13:57Z ERR Failed to dial a quic connection error="failed to dial to edge with quic: write udp [::]:54419-
2026-10-02T04:14:08-10:00cloudflared ERR: 2026-10-02T14:14:08Z ERR Failed to dial a quic connection error="failed to dial to edge with quic: write udp [::]:54419-
2026-10-02T04:14:22-10:00cloudflared ERR: 2026-10-02T14:14:22Z ERR Failed to dial a quic connection error="failed to dial to edge with quic: write udp [::]:47727-
2026-10-02T04:14:22-10:00cloudflared ERR: 2026-10-02T14:14:22Z ERR Failed to dial a quic connection error="failed to dial to edge with quic: write udp [::]:47083-
2026-10-02T04:14:22-10:00cloudflared ERR: 2026-10-02T14:14:22Z ERR Failed to dial a quic connection error="failed to dial to edge with quic: write udp [::]:37723-
2026-10-02T04:14:24-10:00cloudflared ERR: 2026-10-02T14:14:24Z ERR Failed to dial a quic connection error="failed to dial to edge with quic: write udp [::]:54419-
2026-10-02T04:14:26-10:00tunnel connection terminated
2026-10-02T04:14:27-10:00job:worklog_scan TIMEOUT after 180s
2026-10-02T04:14:27-10:00job:security_camera_frame_grab RUN  bash "/home/rootrecord/RootRecord-Ecosystem/1 - Servers/1 - RootRecord-Pacific-Solar-Server/Security/Cameras/grab_all.sh"
2026-10-02T04:14:27-10:00job:security_camera_frame_grab | 04:14:27  ✗  a-eyes  ch1 FAILED: [tcp @ 0x64705eff3940] Connection to tcp://192.168.1.33:554?timeout=0 failed: Network is unreachable
2026-10-02T04:14:27-10:00job:security_camera_frame_grab | [in#0 @ 0x64705eff0c40] Error opening input: Netw
2026-10-02T04:14:27-10:00job:security_camera_frame_grab | a-eyes: ch1 grab failed
2026-10-02T04:14:27-10:00job:security_camera_frame_grab | 04:14:27  ✗  a-eyes  ch2 FAILED: [tcp @ 0x5b7f57bf9940] Connection to tcp://192.168.1.33:554?timeout=0 failed: Network is unreachable
2026-10-02T04:14:27-10:00job:security_camera_frame_grab | [in#0 @ 0x5b7f57bf6c40] Error opening input: Netw
2026-10-02T04:14:27-10:00job:security_camera_frame_grab | a-eyes: ch2 grab failed
2026-10-02T04:14:27-10:00job:security_camera_frame_grab | 04:14:27  ✗  a-eyes  ch3 FAILED: [tcp @ 0x5efc90a00940] Connection to tcp://192.168.1.33:554?timeout=0 failed: Network is unreachable
2026-10-02T04:14:27-10:00job:security_camera_frame_grab | [in#0 @ 0x5efc909fdc40] Error opening input: Netw
2026-10-02T04:14:27-10:00job:security_camera_frame_grab | a-eyes: ch3 grab failed
2026-10-02T04:14:27-10:00job:security_camera_frame_grab | 04:14:27  ✗  a-eyes  ch4 FAILED: [tcp @ 0x621971925940] Connection to tcp://192.168.1.33:554?timeout=0 failed: Network is unreachable
2026-10-02T04:14:27-10:00job:security_camera_frame_grab | [in#0 @ 0x621971922c40] Error opening input: Netw
2026-10-02T04:14:27-10:00job:security_camera_frame_grab | a-eyes: ch4 grab failed
2026-10-02T04:14:27-10:00job:service_supervisor RUN  bash "/home/rootrecord/RootRecord-Ecosystem/1 - Servers/1 - RootRecord-Pacific-Solar-Server/Automations/scripts/supervise-services.sh"
2026-10-02T04:14:27-10:00job:service_supervisor | [supervisor] weather alive pid=197847 (act)
2026-10-02T04:14:27-10:00job:service_supervisor | [supervisor] relay alive pid=5979 (act)
2026-10-02T04:14:27-10:00job:system_uptime_log RUN  python3 "/home/rootrecord/RootRecord-Ecosystem/1 - Servers/1 - RootRecord-Pacific-Solar-Server/System/scripts/uptime_log.py" tick
2026-10-02T04:14:27-10:00job:system_uptime_log | {"ok": true, "facts": {"process_uptime_s": null, "boot_uptime_s": 2287, "desk_uptime_s": 226101, "origin_started_at": "2026-09-29T23:26:06.758795+00:00", "last_return_at": "2026-10-02T14:14:27.880831+00:00", "last_return_kind": "desk_up"}}
2026-10-02T04:14:27-10:00job:status_snapshot RUN  nice -n 10 python3 "/home/rootrecord/RootRecord-Ecosystem/1 - Servers/1 - RootRecord-Pacific-Solar-Server/Website/scripts/live_data_pages.py"
2026-10-02T04:14:28-10:00job:status_snapshot | live-data 6 pages
2026-10-02T04:14:28-10:00job:system_net_sample RUN  nice -n 10 python3 "/home/rootrecord/RootRecord-Ecosystem/1 - Servers/1 - RootRecord-Pacific-Solar-Server/System/scripts/host_desks.py" net-sample
2026-10-02T04:14:28-10:00job:system_net_sample | {"ok": true, "file": "/home/rootrecord/RootRecord-Ecosystem/2 - RootRecord-Database/System/network/Daily/net-20261002.jsonl", "iface": "wlo1", "hour": {"seconds": 4196, "rx": 101907310, "tx": 13727346, "total": 115634656, "iface": "wlo1", "link": "wireless"}, "day": {"seconds": 95081, "rx": 160606676, "tx": 22830097, "total": 183436773, "iface": "wlo1", "link": "wireless"}}
2026-10-02T04:14:28-10:00internet DOWN — net services waiting (retry ~60s)
2026-10-02T04:14:28-10:00ENERGY  status=live  B2=2.7%  B1=17.6%  solar=0 W  ac=0 W  usbc=0 W  src=/home/rootrecord/RootRecord-Ecosystem/2 - RootRecord-Database/Energy  LAP=100%/Full/AC
2026-10-02T04:14:28-10:00job:sys_stats_cycle RUN  bash "/home/rootrecord/RootRecord-Ecosystem/1 - Servers/1 - RootRecord-Pacific-Solar-Server/System/scripts/sys-sample.sh"
2026-10-02T04:14:28-10:00tunnel connection terminated
2026-10-02T04:14:30-10:00tunnel connection terminated
2026-10-02T04:14:30-10:00job:sys_stats_cycle | SYSTEM  cpu=1%  load=1.32  mem=21%  src=sqlite
2026-10-02T04:14:30-10:00job:sys_stats_cycle | OK wrote /home/rootrecord/RootRecord-Ecosystem/2 - RootRecord-Database/System/samples/sys-20261002-041428.json
2026-10-02T04:14:30-10:00job:github_sync_all SKIP — offline (will retry when internet is up)
2026-10-02T04:14:30-10:00job:discord_report_relay SKIP — offline (will retry when internet is up)
2026-10-02T04:14:30-10:00job:security_camera_frame_grab RUN  bash "/home/rootrecord/RootRecord-Ecosystem/1 - Servers/1 - RootRecord-Pacific-Solar-Server/Security/Cameras/grab_all.sh"
2026-10-02T04:14:30-10:00job:security_camera_frame_grab | 04:14:30  ✗  a-eyes  ch1 FAILED: [tcp @ 0x56cdb02c3940] Connection to tcp://192.168.1.33:554?timeout=0 failed: Network is unreachable
2026-10-02T04:14:30-10:00job:security_camera_frame_grab | [in#0 @ 0x56cdb02c0c40] Error opening input: Netw
2026-10-02T04:14:30-10:00job:security_camera_frame_grab | a-eyes: ch1 grab failed
2026-10-02T04:14:30-10:00job:security_camera_frame_grab | 04:14:30  ✗  a-eyes  ch2 FAILED: [tcp @ 0x5dd6bc6a2940] Connection to tcp://192.168.1.33:554?timeout=0 failed: Network is unreachable
2026-10-02T04:14:30-10:00job:security_camera_frame_grab | [in#0 @ 0x5dd6bc69fc40] Error opening input: Netw
2026-10-02T04:14:30-10:00job:security_camera_frame_grab | a-eyes: ch2 grab failed
2026-10-02T04:14:30-10:00job:security_camera_frame_grab | 04:14:30  ✗  a-eyes  ch3 FAILED: [tcp @ 0x62a54cbd5940] Connection to tcp://192.168.1.33:554?timeout=0 failed: Network is unreachable
2026-10-02T04:14:30-10:00job:security_camera_frame_grab | [in#0 @ 0x62a54cbd2c40] Error opening input: Netw
2026-10-02T04:14:30-10:00job:security_camera_frame_grab | a-eyes: ch3 grab failed
2026-10-02T04:14:30-10:00job:security_camera_frame_grab | 04:14:30  ✗  a-eyes  ch4 FAILED: [tcp @ 0x5f3beda3e940] Connection to tcp://192.168.1.33:554?timeout=0 failed: Network is unreachable
2026-10-02T04:14:30-10:00job:security_camera_frame_grab | [in#0 @ 0x5f3beda3bc40] Error opening input: Netw
2026-10-02T04:14:30-10:00job:security_camera_frame_grab | a-eyes: ch4 grab failed
2026-10-02T04:14:31-10:00job:security_camera_frame_grab RUN  bash "/home/rootrecord/RootRecord-Ecosystem/1 - Servers/1 - RootRecord-Pacific-Solar-Server/Security/Cameras/grab_all.sh"
2026-10-02T04:14:31-10:00job:security_camera_frame_grab | 04:14:31  ✗  a-eyes  ch1 FAILED: [tcp @ 0x6364a3222940] Connection to tcp://192.168.1.33:554?timeout=0 failed: Network is unreachable
2026-10-02T04:14:31-10:00job:security_camera_frame_grab | [in#0 @ 0x6364a321fc40] Error opening input: Netw
2026-10-02T04:14:31-10:00job:security_camera_frame_grab | a-eyes: ch1 grab failed
2026-10-02T04:14:31-10:00job:security_camera_frame_grab | 04:14:31  ✗  a-eyes  ch2 FAILED: [tcp @ 0x5b70231ad940] Connection to tcp://192.168.1.33:554?timeout=0 failed: Network is unreachable
2026-10-02T04:14:31-10:00job:security_camera_frame_grab | [in#0 @ 0x5b70231aac40] Error opening input: Netw
2026-10-02T04:14:31-10:00job:security_camera_frame_grab | a-eyes: ch2 grab failed
2026-10-02T04:14:31-10:00job:security_camera_frame_grab | 04:14:31  ✗  a-eyes  ch3 FAILED: [tcp @ 0x64254b220940] Connection to tcp://192.168.1.33:554?timeout=0 failed: Network is unreachable
2026-10-02T04:14:31-10:00job:security_camera_frame_grab | [in#0 @ 0x64254b21dc40] Error opening input: Netw
2026-10-02T04:14:31-10:00job:security_camera_frame_grab | a-eyes: ch3 grab failed
2026-10-02T04:14:31-10:00job:security_camera_frame_grab | 04:14:31  ✗  a-eyes  ch4 FAILED: [tcp @ 0x5ec3dd29d940] Connection to tcp://192.168.1.33:554?timeout=0 failed: Network is unreachable
2026-10-02T04:14:31-10:00job:security_camera_frame_grab | [in#0 @ 0x5ec3dd29ac40] Error opening input: Netw
2026-10-02T04:14:31-10:00job:security_camera_frame_grab | a-eyes: ch4 grab failed
2026-10-02T04:14:32-10:00job:security_camera_frame_grab RUN  bash "/home/rootrecord/RootRecord-Ecosystem/1 - Servers/1 - RootRecord-Pacific-Solar-Server/Security/Cameras/grab_all.sh"
2026-10-02T04:14:33-10:00job:security_camera_frame_grab | 04:14:33  ✗  a-eyes  ch1 FAILED: [tcp @ 0x5fd0baf42940] Connection to tcp://192.168.1.33:554?timeout=0 failed: Network is unreachable
2026-10-02T04:14:33-10:00job:security_camera_frame_grab | [in#0 @ 0x5fd0baf3fc40] Error opening input: Netw
2026-10-02T04:14:33-10:00job:security_camera_frame_grab | a-eyes: ch1 grab failed
2026-10-02T04:14:33-10:00job:security_camera_frame_grab | 04:14:33  ✗  a-eyes  ch2 FAILED: [tcp @ 0x653638095940] Connection to tcp://192.168.1.33:554?timeout=0 failed: Network is unreachable
2026-10-02T04:14:33-10:00job:security_camera_frame_grab | [in#0 @ 0x653638092c40] Error opening input: Netw
2026-10-02T04:14:33-10:00job:security_camera_frame_grab | a-eyes: ch2 grab failed
2026-10-02T04:14:33-10:00job:security_camera_frame_grab | 04:14:33  ✗  a-eyes  ch3 FAILED: [tcp @ 0x58b9ff0aa940] Connection to tcp://192.168.1.33:554?timeout=0 failed: Network is unreachable
2026-10-02T04:14:33-10:00job:security_camera_frame_grab | [in#0 @ 0x58b9ff0a7c40] Error opening input: Netw
2026-10-02T04:14:33-10:00job:security_camera_frame_grab | a-eyes: ch3 grab failed
2026-10-02T04:14:33-10:00job:security_camera_frame_grab | 04:14:33  ✗  a-eyes  ch4 FAILED: [tcp @ 0x5f24d0d24940] Connection to tcp://192.168.1.33:554?timeout=0 failed: Network is unreachable
2026-10-02T04:14:33-10:00job:security_camera_frame_grab | [in#0 @ 0x5f24d0d21c40] Error opening input: Netw
2026-10-02T04:14:33-10:00job:security_camera_frame_grab | a-eyes: ch4 grab failed
2026-10-02T04:14:34-10:00job:security_camera_frame_grab RUN  bash "/home/rootrecord/RootRecord-Ecosystem/1 - Servers/1 - RootRecord-Pacific-Solar-Server/Security/Cameras/grab_all.sh"
2026-10-02T04:14:34-10:00job:security_camera_frame_grab | 04:14:34  ✗  a-eyes  ch1 FAILED: [tcp @ 0x5608e83f6940] Connection to tcp://192.168.1.33:554?timeout=0 failed: Network is unreachable
2026-10-02T04:14:34-10:00job:security_camera_frame_grab | [in#0 @ 0x5608e83f3c40] Error opening input: Netw
2026-10-02T04:14:34-10:00job:security_camera_frame_grab | a-eyes: ch1 grab failed
2026-10-02T04:14:34-10:00job:security_camera_frame_grab | 04:14:34  ✗  a-eyes  ch2 FAILED: [tcp @ 0x5e7eae7c3940] Connection to tcp://192.168.1.33:554?timeout=0 failed: Network is unreachable
2026-10-02T04:14:34-10:00job:security_camera_frame_grab | [in#0 @ 0x5e7eae7c0c40] Error opening input: Netw
2026-10-02T04:14:34-10:00job:security_camera_frame_grab | a-eyes: ch2 grab failed
2026-10-02T04:14:34-10:00job:security_camera_frame_grab | 04:14:34  ✗  a-eyes  ch3 FAILED: [tcp @ 0x576baa394940] Connection to tcp://192.168.1.33:554?timeout=0 failed: Network is unreachable
2026-10-02T04:14:34-10:00job:security_camera_frame_grab | [in#0 @ 0x576baa391c40] Error opening input: Netw
2026-10-02T04:14:34-10:00job:security_camera_frame_grab | a-eyes: ch3 grab failed
2026-10-02T04:14:34-10:00job:security_camera_frame_grab | 04:14:34  ✗  a-eyes  ch4 FAILED: [tcp @ 0x5cae2548a940] Connection to tcp://192.168.1.33:554?timeout=0 failed: Network is unreachable
2026-10-02T04:14:34-10:00job:security_camera_frame_grab | [in#0 @ 0x5cae25487c40] Error opening input: Netw
2026-10-02T04:14:34-10:00job:security_camera_frame_grab | a-eyes: ch4 grab failed
2026-10-02T04:14:35-10:00job:sys_stats_cycle RUN  bash "/home/rootrecord/RootRecord-Ecosystem/1 - Servers/1 - RootRecord-Pacific-Solar-Server/System/scripts/sys-sample.sh"
2026-10-02T04:14:36-10:00job:sys_stats_cycle | SYSTEM  cpu=2%  load=1.22  mem=21%  src=sqlite
2026-10-02T04:14:36-10:00job:sys_stats_cycle | OK wrote /home/rootrecord/RootRecord-Ecosystem/2 - RootRecord-Database/System/samples/sys-20261002-041435.json
2026-10-02T04:14:36-10:00job:github_sync_all SKIP — offline (will retry when internet is up)
2026-10-02T04:14:36-10:00job:security_camera_frame_grab RUN  bash "/home/rootrecord/RootRecord-Ecosystem/1 - Servers/1 - RootRecord-Pacific-Solar-Server/Security/Cameras/grab_all.sh"
2026-10-02T04:14:37-10:00job:security_camera_frame_grab | 04:14:36  ✗  a-eyes  ch1 FAILED: [tcp @ 0x5da130403940] Connection to tcp://192.168.1.33:554?timeout=0 failed: Network is unreachable
2026-10-02T04:14:37-10:00job:security_camera_frame_grab | [in#0 @ 0x5da130400c40] Error opening input: Netw
2026-10-02T04:14:37-10:00job:security_camera_frame_grab | a-eyes: ch1 grab failed
2026-10-02T04:14:37-10:00job:security_camera_frame_grab | 04:14:36  ✗  a-eyes  ch2 FAILED: [tcp @ 0x5cbf27b1a940] Connection to tcp://192.168.1.33:554?timeout=0 failed: Network is unreachable
2026-10-02T04:14:37-10:00job:security_camera_frame_grab | [in#0 @ 0x5cbf27b17c40] Error opening input: Netw
2026-10-02T04:14:37-10:00job:security_camera_frame_grab | a-eyes: ch2 grab failed
2026-10-02T04:14:37-10:00job:security_camera_frame_grab | 04:14:37  ✗  a-eyes  ch3 FAILED: [tcp @ 0x5ea0763a9940] Connection to tcp://192.168.1.33:554?timeout=0 failed: Network is unreachable
2026-10-02T04:14:37-10:00job:security_camera_frame_grab | [in#0 @ 0x5ea0763a6c40] Error opening input: Netw
2026-10-02T04:14:37-10:00job:security_camera_frame_grab | a-eyes: ch3 grab failed
2026-10-02T04:14:37-10:00job:security_camera_frame_grab | 04:14:37  ✗  a-eyes  ch4 FAILED: [tcp @ 0x57f94d4e8940] Connection to tcp://192.168.1.33:554?timeout=0 failed: Network is unreachable
2026-10-02T04:14:37-10:00job:security_camera_frame_grab | [in#0 @ 0x57f94d4e5c40] Error opening input: Netw
2026-10-02T04:14:37-10:00job:security_camera_frame_grab | a-eyes: ch4 grab failed
2026-10-02T04:14:38-10:00job:security_camera_frame_grab RUN  bash "/home/rootrecord/RootRecord-Ecosystem/1 - Servers/1 - RootRecord-Pacific-Solar-Server/Security/Cameras/grab_all.sh"
2026-10-02T04:14:38-10:00job:security_camera_frame_grab | 04:14:38  ✗  a-eyes  ch1 FAILED: [tcp @ 0x5cc2885d7940] Connection to tcp://192.168.1.33:554?timeout=0 failed: Network is unreachable
2026-10-02T04:14:38-10:00job:security_camera_frame_grab | [in#0 @ 0x5cc2885d4c40] Error opening input: Netw
2026-10-02T04:14:38-10:00job:security_camera_frame_grab | a-eyes: ch1 grab failed
2026-10-02T04:14:38-10:00job:security_camera_frame_grab | 04:14:38  ✗  a-eyes  ch2 FAILED: [tcp @ 0x5717b1a69940] Connection to tcp://192.168.1.33:554?timeout=0 failed: Network is unreachable
2026-10-02T04:14:38-10:00job:security_camera_frame_grab | [in#0 @ 0x5717b1a66c40] Error opening input: Netw
2026-10-02T04:14:38-10:00job:security_camera_frame_grab | a-eyes: ch2 grab failed
2026-10-02T04:14:38-10:00job:security_camera_frame_grab | 04:14:38  ✗  a-eyes  ch3 FAILED: [tcp @ 0x5a57085c7940] Connection to tcp://192.168.1.33:554?timeout=0 failed: Network is unreachable
2026-10-02T04:14:38-10:00job:security_camera_frame_grab | [in#0 @ 0x5a57085c4c40] Error opening input: Netw
2026-10-02T04:14:38-10:00job:security_camera_frame_grab | a-eyes: ch3 grab failed
2026-10-02T04:14:38-10:00job:security_camera_frame_grab | 04:14:38  ✗  a-eyes  ch4 FAILED: [tcp @ 0x649b6a3e5940] Connection to tcp://192.168.1.33:554?timeout=0 failed: Network is unreachable
2026-10-02T04:14:38-10:00job:security_camera_frame_grab | [in#0 @ 0x649b6a3e2c40] Error opening input: Netw
2026-10-02T04:14:38-10:00job:security_camera_frame_grab | a-eyes: ch4 grab failed
2026-10-02T04:14:39-10:00job:security_camera_frame_grab RUN  bash "/home/rootrecord/RootRecord-Ecosystem/1 - Servers/1 - RootRecord-Pacific-Solar-Server/Security/Cameras/grab_all.sh"
2026-10-02T04:14:39-10:00job:security_camera_frame_grab | 04:14:39  ✗  a-eyes  ch1 FAILED: [tcp @ 0x5a4c1ba7a940] Connection to tcp://192.168.1.33:554?timeout=0 failed: Network is unreachable
2026-10-02T04:14:39-10:00job:security_camera_frame_grab | [in#0 @ 0x5a4c1ba77c40] Error opening input: Netw
2026-10-02T04:14:39-10:00job:security_camera_frame_grab | a-eyes: ch1 grab failed
2026-10-02T04:14:39-10:00job:security_camera_frame_grab | 04:14:39  ✗  a-eyes  ch2 FAILED: [tcp @ 0x61aebccc8940] Connection to tcp://192.168.1.33:554?timeout=0 failed: Network is unreachable
2026-10-02T04:14:39-10:00job:security_camera_frame_grab | [in#0 @ 0x61aebccc5c40] Error opening input: Netw
2026-10-02T04:14:39-10:00job:security_camera_frame_grab | a-eyes: ch2 grab failed
2026-10-02T04:14:39-10:00job:security_camera_frame_grab | 04:14:39  ✗  a-eyes  ch3 FAILED: [tcp @ 0x5af63a1a9940] Connection to tcp://192.168.1.33:554?timeout=0 failed: Network is unreachable
2026-10-02T04:14:39-10:00job:security_camera_frame_grab | [in#0 @ 0x5af63a1a6c40] Error opening input: Netw
2026-10-02T04:14:39-10:00job:security_camera_frame_grab | a-eyes: ch3 grab failed
2026-10-02T04:14:39-10:00job:security_camera_frame_grab | 04:14:39  ✗  a-eyes  ch4 FAILED: [tcp @ 0x5be41043f940] Connection to tcp://192.168.1.33:554?timeout=0 failed: Network is unreachable
2026-10-02T04:14:39-10:00job:security_camera_frame_grab | [in#0 @ 0x5be41043cc40] Error opening input: Netw
2026-10-02T04:14:39-10:00job:security_camera_frame_grab | a-eyes: ch4 grab failed
2026-10-02T04:14:39-10:00cloudflared ERR: 2026-10-02T14:14:39Z ERR Failed to dial a quic connection error="failed to dial to edge with quic: write udp [::]:54419-
2026-10-02T04:14:40-10:00job:security_camera_frame_grab RUN  bash "/home/rootrecord/RootRecord-Ecosystem/1 - Servers/1 - RootRecord-Pacific-Solar-Server/Security/Cameras/grab_all.sh"
2026-10-02T04:14:40-10:00job:security_camera_frame_grab | 04:14:40  ✗  a-eyes  ch1 FAILED: [tcp @ 0x6127dbc75940] Connection to tcp://192.168.1.33:554?timeout=0 failed: Network is unreachable
2026-10-02T04:14:40-10:00job:security_camera_frame_grab | [in#0 @ 0x6127dbc72c40] Error opening input: Netw
2026-10-02T04:14:40-10:00job:security_camera_frame_grab | a-eyes: ch1 grab failed
2026-10-02T04:14:40-10:00job:security_camera_frame_grab | 04:14:40  ✗  a-eyes  ch2 FAILED: [tcp @ 0x61da13f33940] Connection to tcp://192.168.1.33:554?timeout=0 failed: Network is unreachable
2026-10-02T04:14:40-10:00job:security_camera_frame_grab | [in#0 @ 0x61da13f30c40] Error opening input: Netw
2026-10-02T04:14:40-10:00job:security_camera_frame_grab | a-eyes: ch2 grab failed
2026-10-02T04:14:40-10:00job:security_camera_frame_grab | 04:14:40  ✗  a-eyes  ch3 FAILED: [tcp @ 0x58fb9abfd940] Connection to tcp://192.168.1.33:554?timeout=0 failed: Network is unreachable
2026-10-02T04:14:40-10:00job:security_camera_frame_grab | [in#0 @ 0x58fb9abfac40] Error opening input: Netw
2026-10-02T04:14:40-10:00job:security_camera_frame_grab | a-eyes: ch3 grab failed
2026-10-02T04:14:40-10:00job:security_camera_frame_grab | 04:14:40  ✗  a-eyes  ch4 FAILED: [tcp @ 0x5d42c18c8940] Connection to tcp://192.168.1.33:554?timeout=0 failed: Network is unreachable
2026-10-02T04:14:40-10:00job:security_camera_frame_grab | [in#0 @ 0x5d42c18c5c40] Error opening input: Netw
2026-10-02T04:14:40-10:00job:security_camera_frame_grab | a-eyes: ch4 grab failed
2026-10-02T04:14:41-10:00job:security_camera_frame_grab RUN  bash "/home/rootrecord/RootRecord-Ecosystem/1 - Servers/1 - RootRecord-Pacific-Solar-Server/Security/Cameras/grab_all.sh"
2026-10-02T04:14:41-10:00job:security_camera_frame_grab | 04:14:41  ✗  a-eyes  ch1 FAILED: [tcp @ 0x57f526edb940] Connection to tcp://192.168.1.33:554?timeout=0 failed: Network is unreachable
2026-10-02T04:14:41-10:00job:security_camera_frame_grab | [in#0 @ 0x57f526ed8c40] Error opening input: Netw
2026-10-02T04:14:41-10:00job:security_camera_frame_grab | a-eyes: ch1 grab failed
2026-10-02T04:14:41-10:00job:security_camera_frame_grab | 04:14:41  ✗  a-eyes  ch2 FAILED: [tcp @ 0x559e2504c940] Connection to tcp://192.168.1.33:554?timeout=0 failed: Network is unreachable
2026-10-02T04:14:41-10:00job:security_camera_frame_grab | [in#0 @ 0x559e25049c40] Error opening input: Netw
2026-10-02T04:14:41-10:00job:security_camera_frame_grab | a-eyes: ch2 grab failed
2026-10-02T04:14:41-10:00job:security_camera_frame_grab | 04:14:41  ✗  a-eyes  ch3 FAILED: [tcp @ 0x5e3ea6a4a940] Connection to tcp://192.168.1.33:554?timeout=0 failed: Network is unreachable
2026-10-02T04:14:41-10:00job:security_camera_frame_grab | [in#0 @ 0x5e3ea6a47c40] Error opening input: Netw
2026-10-02T04:14:41-10:00job:security_camera_frame_grab | a-eyes: ch3 grab failed
2026-10-02T04:14:41-10:00job:security_camera_frame_grab | 04:14:41  ✗  a-eyes  ch4 FAILED: [tcp @ 0x5df259aa3940] Connection to tcp://192.168.1.33:554?timeout=0 failed: Network is unreachable
2026-10-02T04:14:41-10:00job:security_camera_frame_grab | [in#0 @ 0x5df259aa0c40] Error opening input: Netw
2026-10-02T04:14:41-10:00job:security_camera_frame_grab | a-eyes: ch4 grab failed
2026-10-02T04:14:42-10:00job:sys_stats_cycle RUN  bash "/home/rootrecord/RootRecord-Ecosystem/1 - Servers/1 - RootRecord-Pacific-Solar-Server/System/scripts/sys-sample.sh"
2026-10-02T04:14:43-10:00job:sys_stats_cycle | SYSTEM  cpu=1%  load=1.10  mem=21%  src=sqlite
2026-10-02T04:14:43-10:00job:sys_stats_cycle | OK wrote /home/rootrecord/RootRecord-Ecosystem/2 - RootRecord-Database/System/samples/sys-20261002-041442.json
2026-10-02T04:14:43-10:00job:github_sync_all SKIP — offline (will retry when internet is up)
2026-10-02T04:14:44-10:00job:security_camera_frame_grab RUN  bash "/home/rootrecord/RootRecord-Ecosystem/1 - Servers/1 - RootRecord-Pacific-Solar-Server/Security/Cameras/grab_all.sh"
2026-10-02T04:14:44-10:00job:security_camera_frame_grab | 04:14:44  ✗  a-eyes  ch1 FAILED: [tcp @ 0x58d880299940] Connection to tcp://192.168.1.33:554?timeout=0 failed: Network is unreachable
2026-10-02T04:14:44-10:00job:security_camera_frame_grab | [in#0 @ 0x58d880296c40] Error opening input: Netw
2026-10-02T04:14:44-10:00job:security_camera_frame_grab | a-eyes: ch1 grab failed
2026-10-02T04:14:44-10:00job:security_camera_frame_grab | 04:14:44  ✗  a-eyes  ch2 FAILED: [tcp @ 0x5daa3d20c940] Connection to tcp://192.168.1.33:554?timeout=0 failed: Network is unreachable
2026-10-02T04:14:44-10:00job:security_camera_frame_grab | [in#0 @ 0x5daa3d209c40] Error opening input: Netw
2026-10-02T04:14:44-10:00job:security_camera_frame_grab | a-eyes: ch2 grab failed
2026-10-02T04:14:44-10:00job:security_camera_frame_grab | 04:14:44  ✗  a-eyes  ch3 FAILED: [tcp @ 0x5a28628b9940] Connection to tcp://192.168.1.33:554?timeout=0 failed: Network is unreachable
2026-10-02T04:14:44-10:00job:security_camera_frame_grab | [in#0 @ 0x5a28628b6c40] Error opening input: Netw
2026-10-02T04:14:44-10:00job:security_camera_frame_grab | a-eyes: ch3 grab failed
2026-10-02T04:14:44-10:00job:security_camera_frame_grab | 04:14:44  ✗  a-eyes  ch4 FAILED: [tcp @ 0x5affdfba0940] Connection to tcp://192.168.1.33:554?timeout=0 failed: Network is unreachable
2026-10-02T04:14:44-10:00job:security_camera_frame_grab | [in#0 @ 0x5affdfb9dc40] Error opening input: Netw
2026-10-02T04:14:44-10:00job:security_camera_frame_grab | a-eyes: ch4 grab failed
2026-10-02T04:14:45-10:00job:security_camera_frame_grab RUN  bash "/home/rootrecord/RootRecord-Ecosystem/1 - Servers/1 - RootRecord-Pacific-Solar-Server/Security/Cameras/grab_all.sh"
2026-10-02T04:14:45-10:00job:security_camera_frame_grab | 04:14:45  ✗  a-eyes  ch1 FAILED: [tcp @ 0x59668600a940] Connection to tcp://192.168.1.33:554?timeout=0 failed: Network is unreachable
2026-10-02T04:14:45-10:00job:security_camera_frame_grab | [in#0 @ 0x596686007c40] Error opening input: Netw
2026-10-02T04:14:45-10:00job:security_camera_frame_grab | a-eyes: ch1 grab failed
2026-10-02T04:14:45-10:00job:security_camera_frame_grab | 04:14:45  ✗  a-eyes  ch2 FAILED: [tcp @ 0x593f279f4940] Connection to tcp://192.168.1.33:554?timeout=0 failed: Network is unreachable
2026-10-02T04:14:45-10:00job:security_camera_frame_grab | [in#0 @ 0x593f279f1c40] Error opening input: Netw
2026-10-02T04:14:45-10:00job:security_camera_frame_grab | a-eyes: ch2 grab failed
2026-10-02T04:14:45-10:00job:security_camera_frame_grab | 04:14:45  ✗  a-eyes  ch3 FAILED: [tcp @ 0x6106a72ab940] Connection to tcp://192.168.1.33:554?timeout=0 failed: Network is unreachable
2026-10-02T04:14:45-10:00job:security_camera_frame_grab | [in#0 @ 0x6106a72a8c40] Error opening input: Netw
2026-10-02T04:14:45-10:00job:security_camera_frame_grab | a-eyes: ch3 grab failed
2026-10-02T04:14:45-10:00job:security_camera_frame_grab | 04:14:45  ✗  a-eyes  ch4 FAILED: [tcp @ 0x59fdb9ce8940] Connection to tcp://192.168.1.33:554?timeout=0 failed: Network is unreachable
2026-10-02T04:14:45-10:00job:security_camera_frame_grab | [in#0 @ 0x59fdb9ce5c40] Error opening input: Netw
2026-10-02T04:14:45-10:00job:security_camera_frame_grab | a-eyes: ch4 grab failed
2026-10-02T04:14:46-10:00job:security_camera_frame_grab RUN  bash "/home/rootrecord/RootRecord-Ecosystem/1 - Servers/1 - RootRecord-Pacific-Solar-Server/Security/Cameras/grab_all.sh"
2026-10-02T04:14:46-10:00job:security_camera_frame_grab | 04:14:46  ✗  a-eyes  ch1 FAILED: [tcp @ 0x621cf1e2d940] Connection to tcp://192.168.1.33:554?timeout=0 failed: Network is unreachable
2026-10-02T04:14:46-10:00job:security_camera_frame_grab | [in#0 @ 0x621cf1e2ac40] Error opening input: Netw
2026-10-02T04:14:46-10:00job:security_camera_frame_grab | a-eyes: ch1 grab failed
2026-10-02T04:14:46-10:00job:security_camera_frame_grab | 04:14:46  ✗  a-eyes  ch2 FAILED: [tcp @ 0x58b9128c2940] Connection to tcp://192.168.1.33:554?timeout=0 failed: Network is unreachable
2026-10-02T04:14:46-10:00job:security_camera_frame_grab | [in#0 @ 0x58b9128bfc40] Error opening input: Netw
2026-10-02T04:14:46-10:00job:security_camera_frame_grab | a-eyes: ch2 grab failed
2026-10-02T04:14:46-10:00job:security_camera_frame_grab | 04:14:46  ✗  a-eyes  ch3 FAILED: [tcp @ 0x59ae978dd940] Connection to tcp://192.168.1.33:554?timeout=0 failed: Network is unreachable
2026-10-02T04:14:46-10:00job:security_camera_frame_grab | [in#0 @ 0x59ae978dac40] Error opening input: Netw
2026-10-02T04:14:46-10:00job:security_camera_frame_grab | a-eyes: ch3 grab failed
2026-10-02T04:14:46-10:00job:security_camera_frame_grab | 04:14:46  ✗  a-eyes  ch4 FAILED: [tcp @ 0x5fbe75451940] Connection to tcp://192.168.1.33:554?timeout=0 failed: Network is unreachable
2026-10-02T04:14:46-10:00job:security_camera_frame_grab | [in#0 @ 0x5fbe7544ec40] Error opening input: Netw
2026-10-02T04:14:46-10:00job:security_camera_frame_grab | a-eyes: ch4 grab failed
2026-10-02T04:14:47-10:00job:security_camera_frame_grab RUN  bash "/home/rootrecord/RootRecord-Ecosystem/1 - Servers/1 - RootRecord-Pacific-Solar-Server/Security/Cameras/grab_all.sh"
2026-10-02T04:14:47-10:00job:security_camera_frame_grab | 04:14:47  ✗  a-eyes  ch1 FAILED: [tcp @ 0x64f5e35d6940] Connection to tcp://192.168.1.33:554?timeout=0 failed: Network is unreachable
2026-10-02T04:14:47-10:00job:security_camera_frame_grab | [in#0 @ 0x64f5e35d3c40] Error opening input: Netw
2026-10-02T04:14:47-10:00job:security_camera_frame_grab | a-eyes: ch1 grab failed
2026-10-02T04:14:47-10:00job:security_camera_frame_grab | 04:14:47  ✗  a-eyes  ch2 FAILED: [tcp @ 0x5b50b4dc9940] Connection to tcp://192.168.1.33:554?timeout=0 failed: Network is unreachable
2026-10-02T04:14:47-10:00job:security_camera_frame_grab | [in#0 @ 0x5b50b4dc6c40] Error opening input: Netw
2026-10-02T04:14:47-10:00job:security_camera_frame_grab | a-eyes: ch2 grab failed
2026-10-02T04:14:47-10:00job:security_camera_frame_grab | 04:14:47  ✗  a-eyes  ch3 FAILED: [tcp @ 0x618ee063a940] Connection to tcp://192.168.1.33:554?timeout=0 failed: Network is unreachable
2026-10-02T04:14:47-10:00job:security_camera_frame_grab | [in#0 @ 0x618ee0637c40] Error opening input: Netw
2026-10-02T04:14:47-10:00job:security_camera_frame_grab | a-eyes: ch3 grab failed
2026-10-02T04:14:47-10:00job:security_camera_frame_grab | 04:14:47  ✗  a-eyes  ch4 FAILED: [tcp @ 0x59df95010940] Connection to tcp://192.168.1.33:554?timeout=0 failed: Network is unreachable
2026-10-02T04:14:47-10:00job:security_camera_frame_grab | [in#0 @ 0x59df9500dc40] Error opening input: Netw
2026-10-02T04:14:47-10:00job:security_camera_frame_grab | a-eyes: ch4 grab failed
2026-10-02T04:14:48-10:00job:sys_stats_cycle RUN  bash "/home/rootrecord/RootRecord-Ecosystem/1 - Servers/1 - RootRecord-Pacific-Solar-Server/System/scripts/sys-sample.sh"
2026-10-02T04:14:50-10:00job:sys_stats_cycle | SYSTEM  cpu=2%  load=1.09  mem=21%  src=sqlite
2026-10-02T04:14:50-10:00job:sys_stats_cycle | OK wrote /home/rootrecord/RootRecord-Ecosystem/2 - RootRecord-Database/System/samples/sys-20261002-041449.json
2026-10-02T04:14:50-10:00job:github_sync_all SKIP — offline (will retry when internet is up)
2026-10-02T04:14:50-10:00job:security_camera_frame_grab RUN  bash "/home/rootrecord/RootRecord-Ecosystem/1 - Servers/1 - RootRecord-Pacific-Solar-Server/Security/Cameras/grab_all.sh"
2026-10-02T04:14:50-10:00job:security_camera_frame_grab | 04:14:50  ✗  a-eyes  ch1 FAILED: [tcp @ 0x60e773305940] Connection to tcp://192.168.1.33:554?timeout=0 failed: Network is unreachable
2026-10-02T04:14:50-10:00job:security_camera_frame_grab | [in#0 @ 0x60e773302c40] Error opening input: Netw
2026-10-02T04:14:50-10:00job:security_camera_frame_grab | a-eyes: ch1 grab failed
2026-10-02T04:14:50-10:00job:security_camera_frame_grab | 04:14:50  ✗  a-eyes  ch2 FAILED: [tcp @ 0x5e79870b5940] Connection to tcp://192.168.1.33:554?timeout=0 failed: Network is unreachable
2026-10-02T04:14:50-10:00job:security_camera_frame_grab | [in#0 @ 0x5e79870b2c40] Error opening input: Netw
2026-10-02T04:14:50-10:00job:security_camera_frame_grab | a-eyes: ch2 grab failed
2026-10-02T04:14:50-10:00job:security_camera_frame_grab | 04:14:50  ✗  a-eyes  ch3 FAILED: [tcp @ 0x64ea2cfee940] Connection to tcp://192.168.1.33:554?timeout=0 failed: Network is unreachable
2026-10-02T04:14:50-10:00job:security_camera_frame_grab | [in#0 @ 0x64ea2cfebc40] Error opening input: Netw
2026-10-02T04:14:50-10:00job:security_camera_frame_grab | a-eyes: ch3 grab failed
2026-10-02T04:14:50-10:00job:security_camera_frame_grab | 04:14:50  ✗  a-eyes  ch4 FAILED: [tcp @ 0x57f2f6e42940] Connection to tcp://192.168.1.33:554?timeout=0 failed: Network is unreachable
2026-10-02T04:14:50-10:00job:security_camera_frame_grab | [in#0 @ 0x57f2f6e3fc40] Error opening input: Netw
2026-10-02T04:14:50-10:00job:security_camera_frame_grab | a-eyes: ch4 grab failed
2026-10-02T04:14:51-10:00job:security_camera_frame_grab RUN  bash "/home/rootrecord/RootRecord-Ecosystem/1 - Servers/1 - RootRecord-Pacific-Solar-Server/Security/Cameras/grab_all.sh"
2026-10-02T04:14:51-10:00job:security_camera_frame_grab | 04:14:51  ✗  a-eyes  ch1 FAILED: [tcp @ 0x5a9ee4e26940] Connection to tcp://192.168.1.33:554?timeout=0 failed: Network is unreachable
2026-10-02T04:14:51-10:00job:security_camera_frame_grab | [in#0 @ 0x5a9ee4e23c40] Error opening input: Netw
2026-10-02T04:14:51-10:00job:security_camera_frame_grab | a-eyes: ch1 grab failed
2026-10-02T04:14:51-10:00job:security_camera_frame_grab | 04:14:51  ✗  a-eyes  ch2 FAILED: [tcp @ 0x5b170cb81940] Connection to tcp://192.168.1.33:554?timeout=0 failed: Network is unreachable
2026-10-02T04:14:51-10:00job:security_camera_frame_grab | [in#0 @ 0x5b170cb7ec40] Error opening input: Netw
2026-10-02T04:14:51-10:00job:security_camera_frame_grab | a-eyes: ch2 grab failed
2026-10-02T04:14:51-10:00job:security_camera_frame_grab | 04:14:51  ✗  a-eyes  ch3 FAILED: [tcp @ 0x5b20e19b7940] Connection to tcp://192.168.1.33:554?timeout=0 failed: Network is unreachable
2026-10-02T04:14:51-10:00job:security_camera_frame_grab | [in#0 @ 0x5b20e19b4c40] Error opening input: Netw
2026-10-02T04:14:51-10:00job:security_camera_frame_grab | a-eyes: ch3 grab failed
2026-10-02T04:14:51-10:00job:security_camera_frame_grab | 04:14:51  ✗  a-eyes  ch4 FAILED: [tcp @ 0x611d23f51940] Connection to tcp://192.168.1.33:554?timeout=0 failed: Network is unreachable
2026-10-02T04:14:51-10:00job:security_camera_frame_grab | [in#0 @ 0x611d23f4ec40] Error opening input: Netw
2026-10-02T04:14:51-10:00job:security_camera_frame_grab | a-eyes: ch4 grab failed
2026-10-02T04:14:52-10:00job:security_camera_frame_grab RUN  bash "/home/rootrecord/RootRecord-Ecosystem/1 - Servers/1 - RootRecord-Pacific-Solar-Server/Security/Cameras/grab_all.sh"
2026-10-02T04:14:53-10:00job:security_camera_frame_grab | 04:14:52  ✗  a-eyes  ch1 FAILED: [tcp @ 0x627c61f7f940] Connection to tcp://192.168.1.33:554?timeout=0 failed: Network is unreachable
2026-10-02T04:14:53-10:00job:security_camera_frame_grab | [in#0 @ 0x627c61f7cc40] Error opening input: Netw
2026-10-02T04:14:53-10:00job:security_camera_frame_grab | a-eyes: ch1 grab failed
2026-10-02T04:14:53-10:00job:security_camera_frame_grab | 04:14:52  ✗  a-eyes  ch2 FAILED: [tcp @ 0x58b4c0c6e940] Connection to tcp://192.168.1.33:554?timeout=0 failed: Network is unreachable
2026-10-02T04:14:53-10:00job:security_camera_frame_grab | [in#0 @ 0x58b4c0c6bc40] Error opening input: Netw
2026-10-02T04:14:53-10:00job:security_camera_frame_grab | a-eyes: ch2 grab failed
2026-10-02T04:14:53-10:00job:security_camera_frame_grab | 04:14:52  ✗  a-eyes  ch3 FAILED: [tcp @ 0x5b4b6b12c940] Connection to tcp://192.168.1.33:554?timeout=0 failed: Network is unreachable
2026-10-02T04:14:53-10:00job:security_camera_frame_grab | [in#0 @ 0x5b4b6b129c40] Error opening input: Netw
2026-10-02T04:14:53-10:00job:security_camera_frame_grab | a-eyes: ch3 grab failed
2026-10-02T04:14:53-10:00job:security_camera_frame_grab | 04:14:52  ✗  a-eyes  ch4 FAILED: [tcp @ 0x6175a42aa940] Connection to tcp://192.168.1.33:554?timeout=0 failed: Network is unreachable
2026-10-02T04:14:53-10:00job:security_camera_frame_grab | [in#0 @ 0x6175a42a7c40] Error opening input: Netw
2026-10-02T04:14:53-10:00job:security_camera_frame_grab | a-eyes: ch4 grab failed
2026-10-02T04:14:54-10:00job:security_camera_frame_grab RUN  bash "/home/rootrecord/RootRecord-Ecosystem/1 - Servers/1 - RootRecord-Pacific-Solar-Server/Security/Cameras/grab_all.sh"
2026-10-02T04:14:54-10:00job:security_camera_frame_grab | 04:14:54  ✗  a-eyes  ch1 FAILED: [tcp @ 0x5e8a37aa8940] Connection to tcp://192.168.1.33:554?timeout=0 failed: Network is unreachable
2026-10-02T04:14:54-10:00job:security_camera_frame_grab | [in#0 @ 0x5e8a37aa5c40] Error opening input: Netw
2026-10-02T04:14:54-10:00job:security_camera_frame_grab | a-eyes: ch1 grab failed
2026-10-02T04:14:54-10:00job:security_camera_frame_grab | 04:14:54  ✗  a-eyes  ch2 FAILED: [tcp @ 0x56352aa9e940] Connection to tcp://192.168.1.33:554?timeout=0 failed: Network is unreachable
2026-10-02T04:14:54-10:00job:security_camera_frame_grab | [in#0 @ 0x56352aa9bc40] Error opening input: Netw
2026-10-02T04:14:54-10:00job:security_camera_frame_grab | a-eyes: ch2 grab failed
2026-10-02T04:14:54-10:00job:security_camera_frame_grab | 04:14:54  ✗  a-eyes  ch3 FAILED: [tcp @ 0x6535e3dd7940] Connection to tcp://192.168.1.33:554?timeout=0 failed: Network is unreachable
2026-10-02T04:14:54-10:00job:security_camera_frame_grab | [in#0 @ 0x6535e3dd4c40] Error opening input: Netw
2026-10-02T04:14:54-10:00job:security_camera_frame_grab | a-eyes: ch3 grab failed
2026-10-02T04:14:54-10:00job:security_camera_frame_grab | 04:14:54  ✗  a-eyes  ch4 FAILED: [tcp @ 0x5fe2e51c0940] Connection to tcp://192.168.1.33:554?timeout=0 failed: Network is unreachable
2026-10-02T04:14:54-10:00job:security_camera_frame_grab | [in#0 @ 0x5fe2e51bdc40] Error opening input: Netw
2026-10-02T04:14:54-10:00job:security_camera_frame_grab | a-eyes: ch4 grab failed
2026-10-02T04:14:55-10:00job:security_camera_frame_grab RUN  bash "/home/rootrecord/RootRecord-Ecosystem/1 - Servers/1 - RootRecord-Pacific-Solar-Server/Security/Cameras/grab_all.sh"
2026-10-02T04:14:55-10:00job:security_camera_frame_grab | 04:14:55  ✗  a-eyes  ch1 FAILED: [tcp @ 0x5704734d9940] Connection to tcp://192.168.1.33:554?timeout=0 failed: Network is unreachable
2026-10-02T04:14:55-10:00job:security_camera_frame_grab | [in#0 @ 0x5704734d6c40] Error opening input: Netw
2026-10-02T04:14:55-10:00job:security_camera_frame_grab | a-eyes: ch1 grab failed
2026-10-02T04:14:55-10:00job:security_camera_frame_grab | 04:14:55  ✗  a-eyes  ch2 FAILED: [tcp @ 0x5bd065200940] Connection to tcp://192.168.1.33:554?timeout=0 failed: Network is unreachable
2026-10-02T04:14:55-10:00job:security_camera_frame_grab | [in#0 @ 0x5bd0651fdc40] Error opening input: Netw
2026-10-02T04:14:55-10:00job:security_camera_frame_grab | a-eyes: ch2 grab failed
2026-10-02T04:14:55-10:00job:security_camera_frame_grab | 04:14:55  ✗  a-eyes  ch3 FAILED: [tcp @ 0x61fb0f653940] Connection to tcp://192.168.1.33:554?timeout=0 failed: Network is unreachable
2026-10-02T04:14:55-10:00job:security_camera_frame_grab | [in#0 @ 0x61fb0f650c40] Error opening input: Netw
2026-10-02T04:14:55-10:00job:security_camera_frame_grab | a-eyes: ch3 grab failed
2026-10-02T04:14:55-10:00job:security_camera_frame_grab | 04:14:55  ✗  a-eyes  ch4 FAILED: [tcp @ 0x5adf3bd93940] Connection to tcp://192.168.1.33:554?timeout=0 failed: Network is unreachable
2026-10-02T04:14:55-10:00job:security_camera_frame_grab | [in#0 @ 0x5adf3bd90c40] Error opening input: Netw
2026-10-02T04:14:55-10:00job:security_camera_frame_grab | a-eyes: ch4 grab failed
2026-10-02T04:14:55-10:00job:sys_stats_cycle RUN  bash "/home/rootrecord/RootRecord-Ecosystem/1 - Servers/1 - RootRecord-Pacific-Solar-Server/System/scripts/sys-sample.sh"
2026-10-02T04:14:57-10:00job:sys_stats_cycle | SYSTEM  cpu=0%  load=1.01  mem=21%  src=sqlite
2026-10-02T04:14:57-10:00job:sys_stats_cycle | OK wrote /home/rootrecord/RootRecord-Ecosystem/2 - RootRecord-Database/System/samples/sys-20261002-041456.json
2026-10-02T04:14:57-10:00job:github_sync_all SKIP — offline (will retry when internet is up)
2026-10-02T04:14:57-10:00job:security_camera_frame_grab RUN  bash "/home/rootrecord/RootRecord-Ecosystem/1 - Servers/1 - RootRecord-Pacific-Solar-Server/Security/Cameras/grab_all.sh"
2026-10-02T04:14:57-10:00job:security_camera_frame_grab | 04:14:57  ✗  a-eyes  ch1 FAILED: [tcp @ 0x5a481026d940] Connection to tcp://192.168.1.33:554?timeout=0 failed: Network is unreachable
2026-10-02T04:14:57-10:00job:security_camera_frame_grab | [in#0 @ 0x5a481026ac40] Error opening input: Netw
2026-10-02T04:14:57-10:00job:security_camera_frame_grab | a-eyes: ch1 grab failed
2026-10-02T04:14:57-10:00job:security_camera_frame_grab | 04:14:57  ✗  a-eyes  ch2 FAILED: [tcp @ 0x64b931ee4940] Connection to tcp://192.168.1.33:554?timeout=0 failed: Network is unreachable
2026-10-02T04:14:57-10:00job:security_camera_frame_grab | [in#0 @ 0x64b931ee1c40] Error opening input: Netw
2026-10-02T04:14:57-10:00job:security_camera_frame_grab | a-eyes: ch2 grab failed
2026-10-02T04:14:57-10:00job:security_camera_frame_grab | 04:14:57  ✗  a-eyes  ch3 FAILED: [tcp @ 0x598b25ff0940] Connection to tcp://192.168.1.33:554?timeout=0 failed: Network is unreachable
2026-10-02T04:14:57-10:00job:security_camera_frame_grab | [in#0 @ 0x598b25fedc40] Error opening input: Netw
2026-10-02T04:14:57-10:00job:security_camera_frame_grab | a-eyes: ch3 grab failed
2026-10-02T04:14:57-10:00job:security_camera_frame_grab | 04:14:57  ✗  a-eyes  ch4 FAILED: [tcp @ 0x61b60aeaa940] Connection to tcp://192.168.1.33:554?timeout=0 failed: Network is unreachable
2026-10-02T04:14:57-10:00job:security_camera_frame_grab | [in#0 @ 0x61b60aea7c40] Error opening input: Netw
2026-10-02T04:14:57-10:00job:security_camera_frame_grab | a-eyes: ch4 grab failed
2026-10-02T04:14:58-10:00job:security_camera_frame_grab RUN  bash "/home/rootrecord/RootRecord-Ecosystem/1 - Servers/1 - RootRecord-Pacific-Solar-Server/Security/Cameras/grab_all.sh"
2026-10-02T04:14:58-10:00job:security_camera_frame_grab | 04:14:58  ✗  a-eyes  ch1 FAILED: [tcp @ 0x64bffe54c940] Connection to tcp://192.168.1.33:554?timeout=0 failed: Network is unreachable
2026-10-02T04:14:58-10:00job:security_camera_frame_grab | [in#0 @ 0x64bffe549c40] Error opening input: Netw
2026-10-02T04:14:58-10:00job:security_camera_frame_grab | a-eyes: ch1 grab failed
2026-10-02T04:14:58-10:00job:security_camera_frame_grab | 04:14:58  ✗  a-eyes  ch2 FAILED: [tcp @ 0x64741846d940] Connection to tcp://192.168.1.33:554?timeout=0 failed: Network is unreachable
2026-10-02T04:14:58-10:00job:security_camera_frame_grab | [in#0 @ 0x64741846ac40] Error opening input: Netw
2026-10-02T04:14:58-10:00job:security_camera_frame_grab | a-eyes: ch2 grab failed
2026-10-02T04:14:58-10:00job:security_camera_frame_grab | 04:14:58  ✗  a-eyes  ch3 FAILED: [tcp @ 0x59e81fe33940] Connection to tcp://192.168.1.33:554?timeout=0 failed: Network is unreachable
2026-10-02T04:14:58-10:00job:security_camera_frame_grab | [in#0 @ 0x59e81fe30c40] Error opening input: Netw
2026-10-02T04:14:58-10:00job:security_camera_frame_grab | a-eyes: ch3 grab failed
2026-10-02T04:14:58-10:00job:security_camera_frame_grab | 04:14:58  ✗  a-eyes  ch4 FAILED: [tcp @ 0x560ace8af940] Connection to tcp://192.168.1.33:554?timeout=0 failed: Network is unreachable
2026-10-02T04:14:58-10:00job:security_camera_frame_grab | [in#0 @ 0x560ace8acc40] Error opening input: Netw
2026-10-02T04:14:58-10:00job:security_camera_frame_grab | a-eyes: ch4 grab failed
2026-10-02T04:14:59-10:00job:security_camera_frame_grab RUN  bash "/home/rootrecord/RootRecord-Ecosystem/1 - Servers/1 - RootRecord-Pacific-Solar-Server/Security/Cameras/grab_all.sh"
2026-10-02T04:15:00-10:00job:security_camera_frame_grab | 04:14:59  ✗  a-eyes  ch1 FAILED: [tcp @ 0x5cb0c9c72940] Connection to tcp://192.168.1.33:554?timeout=0 failed: Network is unreachable
2026-10-02T04:15:00-10:00job:security_camera_frame_grab | [in#0 @ 0x5cb0c9c6fc40] Error opening input: Netw
2026-10-02T04:15:00-10:00job:security_camera_frame_grab | a-eyes: ch1 grab failed
2026-10-02T04:15:00-10:00job:security_camera_frame_grab | 04:14:59  ✗  a-eyes  ch2 FAILED: [tcp @ 0x56f39a3b0940] Connection to tcp://192.168.1.33:554?timeout=0 failed: Network is unreachable
2026-10-02T04:15:00-10:00job:security_camera_frame_grab | [in#0 @ 0x56f39a3adc40] Error opening input: Netw
2026-10-02T04:15:00-10:00job:security_camera_frame_grab | a-eyes: ch2 grab failed
2026-10-02T04:15:00-10:00job:security_camera_frame_grab | 04:15:00  ✗  a-eyes  ch3 FAILED: [tcp @ 0x5dc767085940] Connection to tcp://192.168.1.33:554?timeout=0 failed: Network is unreachable
2026-10-02T04:15:00-10:00job:security_camera_frame_grab | [in#0 @ 0x5dc767082c40] Error opening input: Netw
2026-10-02T04:15:00-10:00job:security_camera_frame_grab | a-eyes: ch3 grab failed
2026-10-02T04:15:00-10:00job:security_camera_frame_grab | 04:15:00  ✗  a-eyes  ch4 FAILED: [tcp @ 0x63a27efbe940] Connection to tcp://192.168.1.33:554?timeout=0 failed: Network is unreachable
2026-10-02T04:15:00-10:00job:security_camera_frame_grab | [in#0 @ 0x63a27efbbc40] Error opening input: Netw
2026-10-02T04:15:00-10:00job:security_camera_frame_grab | a-eyes: ch4 grab failed
2026-10-02T04:15:00-10:00cloudflared ERR: 2026-10-02T14:15:00Z ERR Failed to dial a quic connection error="failed to dial to edge with quic: write udp [::]:54419-
2026-10-02T04:15:01-10:00job:security_camera_frame_grab RUN  bash "/home/rootrecord/RootRecord-Ecosystem/1 - Servers/1 - RootRecord-Pacific-Solar-Server/Security/Cameras/grab_all.sh"
2026-10-02T04:15:01-10:00job:security_camera_frame_grab | 04:15:01  ✗  a-eyes  ch1 FAILED: [tcp @ 0x5bb66ddc8940] Connection to tcp://192.168.1.33:554?timeout=0 failed: Network is unreachable
2026-10-02T04:15:01-10:00job:security_camera_frame_grab | [in#0 @ 0x5bb66ddc5c40] Error opening input: Netw
2026-10-02T04:15:01-10:00job:security_camera_frame_grab | a-eyes: ch1 grab failed
2026-10-02T04:15:01-10:00job:security_camera_frame_grab | 04:15:01  ✗  a-eyes  ch2 FAILED: [tcp @ 0x5f4a5115e940] Connection to tcp://192.168.1.33:554?timeout=0 failed: Network is unreachable
2026-10-02T04:15:01-10:00job:security_camera_frame_grab | [in#0 @ 0x5f4a5115bc40] Error opening input: Netw
2026-10-02T04:15:01-10:00job:security_camera_frame_grab | a-eyes: ch2 grab failed
2026-10-02T04:15:01-10:00job:security_camera_frame_grab | 04:15:01  ✗  a-eyes  ch3 FAILED: [tcp @ 0x5f321d003940] Connection to tcp://192.168.1.33:554?timeout=0 failed: Network is unreachable
2026-10-02T04:15:01-10:00job:security_camera_frame_grab | [in#0 @ 0x5f321d000c40] Error opening input: Netw
2026-10-02T04:15:01-10:00job:security_camera_frame_grab | a-eyes: ch3 grab failed
2026-10-02T04:15:01-10:00job:security_camera_frame_grab | 04:15:01  ✗  a-eyes  ch4 FAILED: [tcp @ 0x62a464bc7940] Connection to tcp://192.168.1.33:554?timeout=0 failed: Network is unreachable
2026-10-02T04:15:01-10:00job:security_camera_frame_grab | [in#0 @ 0x62a464bc4c40] Error opening input: Netw
2026-10-02T04:15:01-10:00job:security_camera_frame_grab | a-eyes: ch4 grab failed
2026-10-02T04:15:02-10:00job:sys_stats_cycle RUN  bash "/home/rootrecord/RootRecord-Ecosystem/1 - Servers/1 - RootRecord-Pacific-Solar-Server/System/scripts/sys-sample.sh"
2026-10-02T04:15:03-10:00job:sys_stats_cycle | SYSTEM  cpu=1%  load=0.85  mem=21%  src=sqlite
2026-10-02T04:15:03-10:00job:sys_stats_cycle | OK wrote /home/rootrecord/RootRecord-Ecosystem/2 - RootRecord-Database/System/samples/sys-20261002-041502.json
2026-10-02T04:15:03-10:00job:github_sync_all SKIP — offline (will retry when internet is up)
2026-10-02T04:15:03-10:00job:security_camera_frame_grab RUN  bash "/home/rootrecord/RootRecord-Ecosystem/1 - Servers/1 - RootRecord-Pacific-Solar-Server/Security/Cameras/grab_all.sh"
2026-10-02T04:15:04-10:00job:security_camera_frame_grab | 04:15:03  ✗  a-eyes  ch1 FAILED: [tcp @ 0x6413d037e940] Connection to tcp://192.168.1.33:554?timeout=0 failed: Network is unreachable
2026-10-02T04:15:04-10:00job:security_camera_frame_grab | [in#0 @ 0x6413d037bc40] Error opening input: Netw
2026-10-02T04:15:04-10:00job:security_camera_frame_grab | a-eyes: ch1 grab failed
2026-10-02T04:15:04-10:00job:security_camera_frame_grab | 04:15:03  ✗  a-eyes  ch2 FAILED: [tcp @ 0x5929a3489940] Connection to tcp://192.168.1.33:554?timeout=0 failed: Network is unreachable
2026-10-02T04:15:04-10:00job:security_camera_frame_grab | [in#0 @ 0x5929a3486c40] Error opening input: Netw
2026-10-02T04:15:04-10:00job:security_camera_frame_grab | a-eyes: ch2 grab failed
2026-10-02T04:15:04-10:00job:security_camera_frame_grab | 04:15:03  ✗  a-eyes  ch3 FAILED: [tcp @ 0x604f3579a940] Connection to tcp://192.168.1.33:554?timeout=0 failed: Network is unreachable
2026-10-02T04:15:04-10:00job:security_camera_frame_grab | [in#0 @ 0x604f35797c40] Error opening input: Netw
2026-10-02T04:15:04-10:00job:security_camera_frame_grab | a-eyes: ch3 grab failed
2026-10-02T04:15:04-10:00job:security_camera_frame_grab | 04:15:04  ✗  a-eyes  ch4 FAILED: [tcp @ 0x63829ca51940] Connection to tcp://192.168.1.33:554?timeout=0 failed: Network is unreachable
2026-10-02T04:15:04-10:00job:security_camera_frame_grab | [in#0 @ 0x63829ca4ec40] Error opening input: Netw
2026-10-02T04:15:04-10:00job:security_camera_frame_grab | a-eyes: ch4 grab failed
2026-10-02T04:15:05-10:00job:security_camera_frame_grab RUN  bash "/home/rootrecord/RootRecord-Ecosystem/1 - Servers/1 - RootRecord-Pacific-Solar-Server/Security/Cameras/grab_all.sh"
2026-10-02T04:15:05-10:00job:security_camera_frame_grab | 04:15:05  ✗  a-eyes  ch1 FAILED: [tcp @ 0x6406cda74940] Connection to tcp://192.168.1.33:554?timeout=0 failed: Network is unreachable
2026-10-02T04:15:05-10:00job:security_camera_frame_grab | [in#0 @ 0x6406cda71c40] Error opening input: Netw
2026-10-02T04:15:05-10:00job:security_camera_frame_grab | a-eyes: ch1 grab failed
2026-10-02T04:15:05-10:00job:security_camera_frame_grab | 04:15:05  ✗  a-eyes  ch2 FAILED: [tcp @ 0x5e9fad6fa940] Connection to tcp://192.168.1.33:554?timeout=0 failed: Network is unreachable
2026-10-02T04:15:05-10:00job:security_camera_frame_grab | [in#0 @ 0x5e9fad6f7c40] Error opening input: Netw
2026-10-02T04:15:05-10:00job:security_camera_frame_grab | a-eyes: ch2 grab failed
2026-10-02T04:15:05-10:00job:security_camera_frame_grab | 04:15:05  ✗  a-eyes  ch3 FAILED: [tcp @ 0x5e61ced6f940] Connection to tcp://192.168.1.33:554?timeout=0 failed: Network is unreachable
2026-10-02T04:15:05-10:00job:security_camera_frame_grab | [in#0 @ 0x5e61ced6cc40] Error opening input: Netw
2026-10-02T04:15:05-10:00job:security_camera_frame_grab | a-eyes: ch3 grab failed
2026-10-02T04:15:05-10:00job:security_camera_frame_grab | 04:15:05  ✗  a-eyes  ch4 FAILED: [tcp @ 0x5e4dddcdb940] Connection to tcp://192.168.1.33:554?timeout=0 failed: Network is unreachable
2026-10-02T04:15:05-10:00job:security_camera_frame_grab | [in#0 @ 0x5e4dddcd8c40] Error opening input: Netw
2026-10-02T04:15:05-10:00job:security_camera_frame_grab | a-eyes: ch4 grab failed
2026-10-02T04:15:06-10:00job:security_camera_frame_grab RUN  bash "/home/rootrecord/RootRecord-Ecosystem/1 - Servers/1 - RootRecord-Pacific-Solar-Server/Security/Cameras/grab_all.sh"
2026-10-02T04:15:06-10:00job:security_camera_frame_grab | 04:15:06  ✗  a-eyes  ch1 FAILED: [tcp @ 0x5edb81d6a940] Connection to tcp://192.168.1.33:554?timeout=0 failed: Network is unreachable
2026-10-02T04:15:06-10:00job:security_camera_frame_grab | [in#0 @ 0x5edb81d67c40] Error opening input: Netw
2026-10-02T04:15:06-10:00job:security_camera_frame_grab | a-eyes: ch1 grab failed
2026-10-02T04:15:06-10:00job:security_camera_frame_grab | 04:15:06  ✗  a-eyes  ch2 FAILED: [tcp @ 0x5aec9b77c940] Connection to tcp://192.168.1.33:554?timeout=0 failed: Network is unreachable
2026-10-02T04:15:06-10:00job:security_camera_frame_grab | [in#0 @ 0x5aec9b779c40] Error opening input: Netw
2026-10-02T04:15:06-10:00job:security_camera_frame_grab | a-eyes: ch2 grab failed
2026-10-02T04:15:06-10:00job:security_camera_frame_grab | 04:15:06  ✗  a-eyes  ch3 FAILED: [tcp @ 0x5d2e7274c940] Connection to tcp://192.168.1.33:554?timeout=0 failed: Network is unreachable
2026-10-02T04:15:06-10:00job:security_camera_frame_grab | [in#0 @ 0x5d2e72749c40] Error opening input: Netw
2026-10-02T04:15:06-10:00job:security_camera_frame_grab | a-eyes: ch3 grab failed
2026-10-02T04:15:06-10:00job:security_camera_frame_grab | 04:15:06  ✗  a-eyes  ch4 FAILED: [tcp @ 0x5584e0cda940] Connection to tcp://192.168.1.33:554?timeout=0 failed: Network is unreachable
2026-10-02T04:15:06-10:00job:security_camera_frame_grab | [in#0 @ 0x5584e0cd7c40] Error opening input: Netw
2026-10-02T04:15:06-10:00job:security_camera_frame_grab | a-eyes: ch4 grab failed
2026-10-02T04:15:06-10:00cloudflared ERR: 2026-10-02T14:15:06Z ERR Failed to dial a quic connection error="failed to dial to edge with quic: write udp [::]:54419-
2026-10-02T04:15:07-10:00job:security_camera_frame_grab RUN  bash "/home/rootrecord/RootRecord-Ecosystem/1 - Servers/1 - RootRecord-Pacific-Solar-Server/Security/Cameras/grab_all.sh"
2026-10-02T04:15:07-10:00job:security_camera_frame_grab | 04:15:07  ✗  a-eyes  ch1 FAILED: [tcp @ 0x58f5de13e940] Connection to tcp://192.168.1.33:554?timeout=0 failed: Network is unreachable
2026-10-02T04:15:07-10:00job:security_camera_frame_grab | [in#0 @ 0x58f5de13bc40] Error opening input: Netw
2026-10-02T04:15:07-10:00job:security_camera_frame_grab | a-eyes: ch1 grab failed
2026-10-02T04:15:07-10:00job:security_camera_frame_grab | 04:15:07  ✗  a-eyes  ch2 FAILED: [tcp @ 0x55c90fefd940] Connection to tcp://192.168.1.33:554?timeout=0 failed: Network is unreachable
2026-10-02T04:15:07-10:00job:security_camera_frame_grab | [in#0 @ 0x55c90fefac40] Error opening input: Netw
2026-10-02T04:15:07-10:00job:security_camera_frame_grab | a-eyes: ch2 grab failed
2026-10-02T04:15:07-10:00job:security_camera_frame_grab | 04:15:07  ✗  a-eyes  ch3 FAILED: [tcp @ 0x575946bdc940] Connection to tcp://192.168.1.33:554?timeout=0 failed: Network is unreachable
2026-10-02T04:15:07-10:00job:security_camera_frame_grab | [in#0 @ 0x575946bd9c40] Error opening input: Netw
2026-10-02T04:15:07-10:00job:security_camera_frame_grab | a-eyes: ch3 grab failed
2026-10-02T04:15:07-10:00job:security_camera_frame_grab | 04:15:07  ✗  a-eyes  ch4 FAILED: [tcp @ 0x62c709cb0940] Connection to tcp://192.168.1.33:554?timeout=0 failed: Network is unreachable
2026-10-02T04:15:07-10:00job:security_camera_frame_grab | [in#0 @ 0x62c709cadc40] Error opening input: Netw
2026-10-02T04:15:07-10:00job:security_camera_frame_grab | a-eyes: ch4 grab failed
2026-10-02T04:15:08-10:00job:security_camera_frame_grab RUN  bash "/home/rootrecord/RootRecord-Ecosystem/1 - Servers/1 - RootRecord-Pacific-Solar-Server/Security/Cameras/grab_all.sh"
2026-10-02T04:15:08-10:00job:security_camera_frame_grab | 04:15:08  ✗  a-eyes  ch1 FAILED: [tcp @ 0x562c7a369940] Connection to tcp://192.168.1.33:554?timeout=0 failed: Network is unreachable
2026-10-02T04:15:08-10:00job:security_camera_frame_grab | [in#0 @ 0x562c7a366c40] Error opening input: Netw
2026-10-02T04:15:08-10:00job:security_camera_frame_grab | a-eyes: ch1 grab failed
2026-10-02T04:15:08-10:00job:security_camera_frame_grab | 04:15:08  ✗  a-eyes  ch2 FAILED: [tcp @ 0x61c8216ae940] Connection to tcp://192.168.1.33:554?timeout=0 failed: Network is unreachable
2026-10-02T04:15:08-10:00job:security_camera_frame_grab | [in#0 @ 0x61c8216abc40] Error opening input: Netw
2026-10-02T04:15:08-10:00job:security_camera_frame_grab | a-eyes: ch2 grab failed
2026-10-02T04:15:08-10:00job:security_camera_frame_grab | 04:15:08  ✗  a-eyes  ch3 FAILED: [tcp @ 0x5be43e816940] Connection to tcp://192.168.1.33:554?timeout=0 failed: Network is unreachable
2026-10-02T04:15:08-10:00job:security_camera_frame_grab | [in#0 @ 0x5be43e813c40] Error opening input: Netw
2026-10-02T04:15:08-10:00job:security_camera_frame_grab | a-eyes: ch3 grab failed
2026-10-02T04:15:08-10:00job:security_camera_frame_grab | 04:15:08  ✗  a-eyes  ch4 FAILED: [tcp @ 0x5717257b6940] Connection to tcp://192.168.1.33:554?timeout=0 failed: Network is unreachable
2026-10-02T04:15:08-10:00job:security_camera_frame_grab | [in#0 @ 0x5717257b3c40] Error opening input: Netw
2026-10-02T04:15:08-10:00job:security_camera_frame_grab | a-eyes: ch4 grab failed
2026-10-02T04:15:09-10:00job:sys_stats_cycle RUN  bash "/home/rootrecord/RootRecord-Ecosystem/1 - Servers/1 - RootRecord-Pacific-Solar-Server/System/scripts/sys-sample.sh"
2026-10-02T04:15:10-10:00job:sys_stats_cycle | SYSTEM  cpu=5%  load=0.78  mem=21%  src=sqlite
2026-10-02T04:15:10-10:00job:sys_stats_cycle | OK wrote /home/rootrecord/RootRecord-Ecosystem/2 - RootRecord-Database/System/samples/sys-20261002-041509.json
2026-10-02T04:15:10-10:00job:github_sync_all SKIP — offline (will retry when internet is up)
2026-10-02T04:15:10-10:00job:security_camera_frame_grab RUN  bash "/home/rootrecord/RootRecord-Ecosystem/1 - Servers/1 - RootRecord-Pacific-Solar-Server/Security/Cameras/grab_all.sh"
2026-10-02T04:15:11-10:00job:security_camera_frame_grab | 04:15:11  ✗  a-eyes  ch1 FAILED: [tcp @ 0x55a588bb1940] Connection to tcp://192.168.1.33:554?timeout=0 failed: Network is unreachable
2026-10-02T04:15:11-10:00job:security_camera_frame_grab | [in#0 @ 0x55a588baec40] Error opening input: Netw
2026-10-02T04:15:11-10:00job:security_camera_frame_grab | a-eyes: ch1 grab failed
2026-10-02T04:15:11-10:00job:security_camera_frame_grab | 04:15:11  ✗  a-eyes  ch2 FAILED: [tcp @ 0x600a61218940] Connection to tcp://192.168.1.33:554?timeout=0 failed: Network is unreachable
2026-10-02T04:15:11-10:00job:security_camera_frame_grab | [in#0 @ 0x600a61215c40] Error opening input: Netw
2026-10-02T04:15:11-10:00job:security_camera_frame_grab | a-eyes: ch2 grab failed
2026-10-02T04:15:11-10:00job:security_camera_frame_grab | 04:15:11  ✗  a-eyes  ch3 FAILED: [tcp @ 0x5e45e3692940] Connection to tcp://192.168.1.33:554?timeout=0 failed: Network is unreachable
2026-10-02T04:15:11-10:00job:security_camera_frame_grab | [in#0 @ 0x5e45e368fc40] Error opening input: Netw
2026-10-02T04:15:11-10:00job:security_camera_frame_grab | a-eyes: ch3 grab failed
2026-10-02T04:15:11-10:00job:security_camera_frame_grab | 04:15:11  ✗  a-eyes  ch4 FAILED: [tcp @ 0x635d3b816940] Connection to tcp://192.168.1.33:554?timeout=0 failed: Network is unreachable
2026-10-02T04:15:11-10:00job:security_camera_frame_grab | [in#0 @ 0x635d3b813c40] Error opening input: Netw
2026-10-02T04:15:11-10:00job:security_camera_frame_grab | a-eyes: ch4 grab failed
2026-10-02T04:15:12-10:00job:security_camera_frame_grab RUN  bash "/home/rootrecord/RootRecord-Ecosystem/1 - Servers/1 - RootRecord-Pacific-Solar-Server/Security/Cameras/grab_all.sh"
2026-10-02T04:15:12-10:00job:security_camera_frame_grab | 04:15:12  ✗  a-eyes  ch1 FAILED: [tcp @ 0x6129acf4a940] Connection to tcp://192.168.1.33:554?timeout=0 failed: Network is unreachable
2026-10-02T04:15:12-10:00job:security_camera_frame_grab | [in#0 @ 0x6129acf47c40] Error opening input: Netw
2026-10-02T04:15:12-10:00job:security_camera_frame_grab | a-eyes: ch1 grab failed
2026-10-02T04:15:12-10:00job:security_camera_frame_grab | 04:15:12  ✗  a-eyes  ch2 FAILED: [tcp @ 0x5f2f62cf0940] Connection to tcp://192.168.1.33:554?timeout=0 failed: Network is unreachable
2026-10-02T04:15:12-10:00job:security_camera_frame_grab | [in#0 @ 0x5f2f62cedc40] Error opening input: Netw
2026-10-02T04:15:12-10:00job:security_camera_frame_grab | a-eyes: ch2 grab failed
2026-10-02T04:15:12-10:00job:security_camera_frame_grab | 04:15:12  ✗  a-eyes  ch3 FAILED: [tcp @ 0x5d3a45e0f940] Connection to tcp://192.168.1.33:554?timeout=0 failed: Network is unreachable
2026-10-02T04:15:12-10:00job:security_camera_frame_grab | [in#0 @ 0x5d3a45e0cc40] Error opening input: Netw
2026-10-02T04:15:12-10:00job:security_camera_frame_grab | a-eyes: ch3 grab failed
2026-10-02T04:15:12-10:00job:security_camera_frame_grab | 04:15:12  ✗  a-eyes  ch4 FAILED: [tcp @ 0x59c78cbf2940] Connection to tcp://192.168.1.33:554?timeout=0 failed: Network is unreachable
2026-10-02T04:15:12-10:00job:security_camera_frame_grab | [in#0 @ 0x59c78cbefc40] Error opening input: Netw
2026-10-02T04:15:12-10:00job:security_camera_frame_grab | a-eyes: ch4 grab failed
2026-10-02T04:15:13-10:00job:security_camera_frame_grab RUN  bash "/home/rootrecord/RootRecord-Ecosystem/1 - Servers/1 - RootRecord-Pacific-Solar-Server/Security/Cameras/grab_all.sh"
2026-10-02T04:15:13-10:00job:security_camera_frame_grab | 04:15:13  ✗  a-eyes  ch1 FAILED: [tcp @ 0x5e864e87a940] Connection to tcp://192.168.1.33:554?timeout=0 failed: Network is unreachable
2026-10-02T04:15:13-10:00job:security_camera_frame_grab | [in#0 @ 0x5e864e877c40] Error opening input: Netw
2026-10-02T04:15:13-10:00job:security_camera_frame_grab | a-eyes: ch1 grab failed
2026-10-02T04:15:13-10:00job:security_camera_frame_grab | 04:15:13  ✗  a-eyes  ch2 FAILED: [tcp @ 0x55ae0cc56940] Connection to tcp://192.168.1.33:554?timeout=0 failed: Network is unreachable
2026-10-02T04:15:13-10:00job:security_camera_frame_grab | [in#0 @ 0x55ae0cc53c40] Error opening input: Netw
2026-10-02T04:15:13-10:00job:security_camera_frame_grab | a-eyes: ch2 grab failed
2026-10-02T04:15:13-10:00job:security_camera_frame_grab | 04:15:13  ✗  a-eyes  ch3 FAILED: [tcp @ 0x5a4ad9a29940] Connection to tcp://192.168.1.33:554?timeout=0 failed: Network is unreachable
2026-10-02T04:15:13-10:00job:security_camera_frame_grab | [in#0 @ 0x5a4ad9a26c40] Error opening input: Netw
2026-10-02T04:15:13-10:00job:security_camera_frame_grab | a-eyes: ch3 grab failed
2026-10-02T04:15:13-10:00job:security_camera_frame_grab | 04:15:13  ✗  a-eyes  ch4 FAILED: [tcp @ 0x63b49f82e940] Connection to tcp://192.168.1.33:554?timeout=0 failed: Network is unreachable
2026-10-02T04:15:13-10:00job:security_camera_frame_grab | [in#0 @ 0x63b49f82bc40] Error opening input: Netw
2026-10-02T04:15:13-10:00job:security_camera_frame_grab | a-eyes: ch4 grab failed
2026-10-02T04:15:14-10:00job:security_camera_frame_grab RUN  bash "/home/rootrecord/RootRecord-Ecosystem/1 - Servers/1 - RootRecord-Pacific-Solar-Server/Security/Cameras/grab_all.sh"
2026-10-02T04:15:14-10:00job:security_camera_frame_grab | 04:15:14  ✗  a-eyes  ch1 FAILED: [tcp @ 0x5e7b998ef940] Connection to tcp://192.168.1.33:554?timeout=0 failed: Network is unreachable
2026-10-02T04:15:14-10:00job:security_camera_frame_grab | [in#0 @ 0x5e7b998ecc40] Error opening input: Netw
2026-10-02T04:15:14-10:00job:security_camera_frame_grab | a-eyes: ch1 grab failed
2026-10-02T04:15:14-10:00job:security_camera_frame_grab | 04:15:14  ✗  a-eyes  ch2 FAILED: [tcp @ 0x5c860d5df940] Connection to tcp://192.168.1.33:554?timeout=0 failed: Network is unreachable
2026-10-02T04:15:14-10:00job:security_camera_frame_grab | [in#0 @ 0x5c860d5dcc40] Error opening input: Netw
2026-10-02T04:15:14-10:00job:security_camera_frame_grab | a-eyes: ch2 grab failed
2026-10-02T04:15:14-10:00job:security_camera_frame_grab | 04:15:14  ✗  a-eyes  ch3 FAILED: [tcp @ 0x5ce12052c940] Connection to tcp://192.168.1.33:554?timeout=0 failed: Network is unreachable
2026-10-02T04:15:14-10:00job:security_camera_frame_grab | [in#0 @ 0x5ce120529c40] Error opening input: Netw
2026-10-02T04:15:14-10:00job:security_camera_frame_grab | a-eyes: ch3 grab failed
2026-10-02T04:15:14-10:00job:security_camera_frame_grab | 04:15:14  ✗  a-eyes  ch4 FAILED: [tcp @ 0x598265f16940] Connection to tcp://192.168.1.33:554?timeout=0 failed: Network is unreachable
2026-10-02T04:15:14-10:00job:security_camera_frame_grab | [in#0 @ 0x598265f13c40] Error opening input: Netw
2026-10-02T04:15:14-10:00job:security_camera_frame_grab | a-eyes: ch4 grab failed
2026-10-02T04:15:15-10:00job:sys_stats_cycle RUN  bash "/home/rootrecord/RootRecord-Ecosystem/1 - Servers/1 - RootRecord-Pacific-Solar-Server/System/scripts/sys-sample.sh"
2026-10-02T04:15:17-10:00job:sys_stats_cycle | SYSTEM  cpu=2%  load=0.72  mem=21%  src=sqlite
2026-10-02T04:15:17-10:00job:sys_stats_cycle | OK wrote /home/rootrecord/RootRecord-Ecosystem/2 - RootRecord-Database/System/samples/sys-20261002-041516.json
2026-10-02T04:15:17-10:00job:github_sync_all SKIP — offline (will retry when internet is up)
2026-10-02T04:15:17-10:00job:security_camera_frame_grab RUN  bash "/home/rootrecord/RootRecord-Ecosystem/1 - Servers/1 - RootRecord-Pacific-Solar-Server/Security/Cameras/grab_all.sh"
2026-10-02T04:15:17-10:00job:security_camera_frame_grab | 04:15:17  ✗  a-eyes  ch1 FAILED: [tcp @ 0x5990352e4940] Connection to tcp://192.168.1.33:554?timeout=0 failed: Network is unreachable
2026-10-02T04:15:17-10:00job:security_camera_frame_grab | [in#0 @ 0x5990352e1c40] Error opening input: Netw
2026-10-02T04:15:17-10:00job:security_camera_frame_grab | a-eyes: ch1 grab failed
2026-10-02T04:15:17-10:00job:security_camera_frame_grab | 04:15:17  ✗  a-eyes  ch2 FAILED: [tcp @ 0x5ef61c9f8940] Connection to tcp://192.168.1.33:554?timeout=0 failed: Network is unreachable
2026-10-02T04:15:17-10:00job:security_camera_frame_grab | [in#0 @ 0x5ef61c9f5c40] Error opening input: Netw
2026-10-02T04:15:17-10:00job:security_camera_frame_grab | a-eyes: ch2 grab failed
2026-10-02T04:15:17-10:00job:security_camera_frame_grab | 04:15:17  ✗  a-eyes  ch3 FAILED: [tcp @ 0x55f79374f940] Connection to tcp://192.168.1.33:554?timeout=0 failed: Network is unreachable
2026-10-02T04:15:17-10:00job:security_camera_frame_grab | [in#0 @ 0x55f79374cc40] Error opening input: Netw
2026-10-02T04:15:17-10:00job:security_camera_frame_grab | a-eyes: ch3 grab failed
2026-10-02T04:15:17-10:00job:security_camera_frame_grab | 04:15:17  ✗  a-eyes  ch4 FAILED: [tcp @ 0x625eca542940] Connection to tcp://192.168.1.33:554?timeout=0 failed: Network is unreachable
2026-10-02T04:15:17-10:00job:security_camera_frame_grab | [in#0 @ 0x625eca53fc40] Error opening input: Netw
2026-10-02T04:15:17-10:00job:security_camera_frame_grab | a-eyes: ch4 grab failed
2026-10-02T04:15:18-10:00job:security_camera_frame_grab RUN  bash "/home/rootrecord/RootRecord-Ecosystem/1 - Servers/1 - RootRecord-Pacific-Solar-Server/Security/Cameras/grab_all.sh"
2026-10-02T04:15:18-10:00job:security_camera_frame_grab | 04:15:18  ✗  a-eyes  ch1 FAILED: [tcp @ 0x5e051da67940] Connection to tcp://192.168.1.33:554?timeout=0 failed: Network is unreachable
2026-10-02T04:15:18-10:00job:security_camera_frame_grab | [in#0 @ 0x5e051da64c40] Error opening input: Netw
2026-10-02T04:15:18-10:00job:security_camera_frame_grab | a-eyes: ch1 grab failed
2026-10-02T04:15:18-10:00job:security_camera_frame_grab | 04:15:18  ✗  a-eyes  ch2 FAILED: [tcp @ 0x5efce825d940] Connection to tcp://192.168.1.33:554?timeout=0 failed: Network is unreachable
2026-10-02T04:15:18-10:00job:security_camera_frame_grab | [in#0 @ 0x5efce825ac40] Error opening input: Netw
2026-10-02T04:15:18-10:00job:security_camera_frame_grab | a-eyes: ch2 grab failed
2026-10-02T04:15:18-10:00job:security_camera_frame_grab | 04:15:18  ✗  a-eyes  ch3 FAILED: [tcp @ 0x5f9b96acc940] Connection to tcp://192.168.1.33:554?timeout=0 failed: Network is unreachable
2026-10-02T04:15:18-10:00job:security_camera_frame_grab | [in#0 @ 0x5f9b96ac9c40] Error opening input: Netw
2026-10-02T04:15:18-10:00job:security_camera_frame_grab | a-eyes: ch3 grab failed
2026-10-02T04:15:18-10:00job:security_camera_frame_grab | 04:15:18  ✗  a-eyes  ch4 FAILED: [tcp @ 0x64b9ae636940] Connection to tcp://192.168.1.33:554?timeout=0 failed: Network is unreachable
2026-10-02T04:15:18-10:00job:security_camera_frame_grab | [in#0 @ 0x64b9ae633c40] Error opening input: Netw
2026-10-02T04:15:18-10:00job:security_camera_frame_grab | a-eyes: ch4 grab failed
2026-10-02T04:15:19-10:00job:security_camera_frame_grab RUN  bash "/home/rootrecord/RootRecord-Ecosystem/1 - Servers/1 - RootRecord-Pacific-Solar-Server/Security/Cameras/grab_all.sh"
2026-10-02T04:15:19-10:00job:security_camera_frame_grab | 04:15:19  ✗  a-eyes  ch1 FAILED: [tcp @ 0x56a982a43940] Connection to tcp://192.168.1.33:554?timeout=0 failed: Network is unreachable
2026-10-02T04:15:19-10:00job:security_camera_frame_grab | [in#0 @ 0x56a982a40c40] Error opening input: Netw
2026-10-02T04:15:19-10:00job:security_camera_frame_grab | a-eyes: ch1 grab failed
2026-10-02T04:15:19-10:00job:security_camera_frame_grab | 04:15:19  ✗  a-eyes  ch2 FAILED: [tcp @ 0x5e33c9163940] Connection to tcp://192.168.1.33:554?timeout=0 failed: Network is unreachable
2026-10-02T04:15:19-10:00job:security_camera_frame_grab | [in#0 @ 0x5e33c9160c40] Error opening input: Netw
2026-10-02T04:15:19-10:00job:security_camera_frame_grab | a-eyes: ch2 grab failed
2026-10-02T04:15:19-10:00job:security_camera_frame_grab | 04:15:19  ✗  a-eyes  ch3 FAILED: [tcp @ 0x5bcb5458b940] Connection to tcp://192.168.1.33:554?timeout=0 failed: Network is unreachable
2026-10-02T04:15:19-10:00job:security_camera_frame_grab | [in#0 @ 0x5bcb54588c40] Error opening input: Netw
2026-10-02T04:15:19-10:00job:security_camera_frame_grab | a-eyes: ch3 grab failed
2026-10-02T04:15:19-10:00job:security_camera_frame_grab | 04:15:19  ✗  a-eyes  ch4 FAILED: [tcp @ 0x592cc6794940] Connection to tcp://192.168.1.33:554?timeout=0 failed: Network is unreachable
2026-10-02T04:15:19-10:00job:security_camera_frame_grab | [in#0 @ 0x592cc6791c40] Error opening input: Netw
2026-10-02T04:15:19-10:00job:security_camera_frame_grab | a-eyes: ch4 grab failed
2026-10-02T04:15:20-10:00job:security_camera_frame_grab RUN  bash "/home/rootrecord/RootRecord-Ecosystem/1 - Servers/1 - RootRecord-Pacific-Solar-Server/Security/Cameras/grab_all.sh"
2026-10-02T04:15:21-10:00job:security_camera_frame_grab | 04:15:21  ✗  a-eyes  ch1 FAILED: [tcp @ 0x5abd06658940] Connection to tcp://192.168.1.33:554?timeout=0 failed: Network is unreachable
2026-10-02T04:15:21-10:00job:security_camera_frame_grab | [in#0 @ 0x5abd06655c40] Error opening input: Netw
2026-10-02T04:15:21-10:00job:security_camera_frame_grab | a-eyes: ch1 grab failed
2026-10-02T04:15:21-10:00job:security_camera_frame_grab | 04:15:21  ✗  a-eyes  ch2 FAILED: [tcp @ 0x644396f8b940] Connection to tcp://192.168.1.33:554?timeout=0 failed: Network is unreachable
2026-10-02T04:15:21-10:00job:security_camera_frame_grab | [in#0 @ 0x644396f88c40] Error opening input: Netw
2026-10-02T04:15:21-10:00job:security_camera_frame_grab | a-eyes: ch2 grab failed
2026-10-02T04:15:21-10:00job:security_camera_frame_grab | 04:15:21  ✗  a-eyes  ch3 FAILED: [tcp @ 0x6282bc0d2940] Connection to tcp://192.168.1.33:554?timeout=0 failed: Network is unreachable
2026-10-02T04:15:21-10:00job:security_camera_frame_grab | [in#0 @ 0x6282bc0cfc40] Error opening input: Netw
2026-10-02T04:15:21-10:00job:security_camera_frame_grab | a-eyes: ch3 grab failed
2026-10-02T04:15:21-10:00job:security_camera_frame_grab | 04:15:21  ✗  a-eyes  ch4 FAILED: [tcp @ 0x611412350940] Connection to tcp://192.168.1.33:554?timeout=0 failed: Network is unreachable
2026-10-02T04:15:21-10:00job:security_camera_frame_grab | [in#0 @ 0x61141234dc40] Error opening input: Netw
2026-10-02T04:15:21-10:00job:security_camera_frame_grab | a-eyes: ch4 grab failed
2026-10-02T04:15:22-10:00job:security_camera_frame_grab RUN  bash "/home/rootrecord/RootRecord-Ecosystem/1 - Servers/1 - RootRecord-Pacific-Solar-Server/Security/Cameras/grab_all.sh"
2026-10-02T04:15:22-10:00job:security_camera_frame_grab | 04:15:22  ✗  a-eyes  ch1 FAILED: [tcp @ 0x5812e11c1940] Connection to tcp://192.168.1.33:554?timeout=0 failed: Network is unreachable
2026-10-02T04:15:22-10:00job:security_camera_frame_grab | [in#0 @ 0x5812e11bec40] Error opening input: Netw
2026-10-02T04:15:22-10:00job:security_camera_frame_grab | a-eyes: ch1 grab failed
2026-10-02T04:15:22-10:00job:security_camera_frame_grab | 04:15:22  ✗  a-eyes  ch2 FAILED: [tcp @ 0x6082f868d940] Connection to tcp://192.168.1.33:554?timeout=0 failed: Network is unreachable
2026-10-02T04:15:22-10:00job:security_camera_frame_grab | [in#0 @ 0x6082f868ac40] Error opening input: Netw
2026-10-02T04:15:22-10:00job:security_camera_frame_grab | a-eyes: ch2 grab failed
2026-10-02T04:15:22-10:00job:security_camera_frame_grab | 04:15:22  ✗  a-eyes  ch3 FAILED: [tcp @ 0x623fe0fb5940] Connection to tcp://192.168.1.33:554?timeout=0 failed: Network is unreachable
2026-10-02T04:15:22-10:00job:security_camera_frame_grab | [in#0 @ 0x623fe0fb2c40] Error opening input: Netw
2026-10-02T04:15:22-10:00job:security_camera_frame_grab | a-eyes: ch3 grab failed
2026-10-02T04:15:22-10:00job:security_camera_frame_grab | 04:15:22  ✗  a-eyes  ch4 FAILED: [tcp @ 0x63b99c402940] Connection to tcp://192.168.1.33:554?timeout=0 failed: Network is unreachable
2026-10-02T04:15:22-10:00job:security_camera_frame_grab | [in#0 @ 0x63b99c3ffc40] Error opening input: Netw
2026-10-02T04:15:22-10:00job:security_camera_frame_grab | a-eyes: ch4 grab failed
2026-10-02T04:15:22-10:00job:sys_stats_cycle RUN  bash "/home/rootrecord/RootRecord-Ecosystem/1 - Servers/1 - RootRecord-Pacific-Solar-Server/System/scripts/sys-sample.sh"
2026-10-02T04:15:24-10:00job:sys_stats_cycle | SYSTEM  cpu=2%  load=0.61  mem=21%  src=sqlite
2026-10-02T04:15:24-10:00job:sys_stats_cycle | OK wrote /home/rootrecord/RootRecord-Ecosystem/2 - RootRecord-Database/System/samples/sys-20261002-041523.json
2026-10-02T04:15:24-10:00job:github_sync_all SKIP — offline (will retry when internet is up)
2026-10-02T04:15:24-10:00job:security_camera_frame_grab RUN  bash "/home/rootrecord/RootRecord-Ecosystem/1 - Servers/1 - RootRecord-Pacific-Solar-Server/Security/Cameras/grab_all.sh"
2026-10-02T04:15:24-10:00job:security_camera_frame_grab | 04:15:24  ✗  a-eyes  ch1 FAILED: [tcp @ 0x5ab9d2f49940] Connection to tcp://192.168.1.33:554?timeout=0 failed: Network is unreachable
2026-10-02T04:15:24-10:00job:security_camera_frame_grab | [in#0 @ 0x5ab9d2f46c40] Error opening input: Netw
2026-10-02T04:15:24-10:00job:security_camera_frame_grab | a-eyes: ch1 grab failed
2026-10-02T04:15:24-10:00job:security_camera_frame_grab | 04:15:24  ✗  a-eyes  ch2 FAILED: [tcp @ 0x5917e96bc940] Connection to tcp://192.168.1.33:554?timeout=0 failed: Network is unreachable
2026-10-02T04:15:24-10:00job:security_camera_frame_grab | [in#0 @ 0x5917e96b9c40] Error opening input: Netw
2026-10-02T04:15:24-10:00job:security_camera_frame_grab | a-eyes: ch2 grab failed
2026-10-02T04:15:24-10:00job:security_camera_frame_grab | 04:15:24  ✗  a-eyes  ch3 FAILED: [tcp @ 0x5af46a99e940] Connection to tcp://192.168.1.33:554?timeout=0 failed: Network is unreachable
2026-10-02T04:15:24-10:00job:security_camera_frame_grab | [in#0 @ 0x5af46a99bc40] Error opening input: Netw
2026-10-02T04:15:24-10:00job:security_camera_frame_grab | a-eyes: ch3 grab failed
2026-10-02T04:15:24-10:00job:security_camera_frame_grab | 04:15:24  ✗  a-eyes  ch4 FAILED: [tcp @ 0x598e73a7b940] Connection to tcp://192.168.1.33:554?timeout=0 failed: Network is unreachable
2026-10-02T04:15:24-10:00job:security_camera_frame_grab | [in#0 @ 0x598e73a78c40] Error opening input: Netw
2026-10-02T04:15:24-10:00job:security_camera_frame_grab | a-eyes: ch4 grab failed
2026-10-02T04:15:25-10:00job:security_camera_frame_grab RUN  bash "/home/rootrecord/RootRecord-Ecosystem/1 - Servers/1 - RootRecord-Pacific-Solar-Server/Security/Cameras/grab_all.sh"
2026-10-02T04:15:25-10:00job:security_camera_frame_grab | 04:15:25  ✗  a-eyes  ch1 FAILED: [tcp @ 0x5a6327911940] Connection to tcp://192.168.1.33:554?timeout=0 failed: Network is unreachable
2026-10-02T04:15:25-10:00job:security_camera_frame_grab | [in#0 @ 0x5a632790ec40] Error opening input: Netw
2026-10-02T04:15:25-10:00job:security_camera_frame_grab | a-eyes: ch1 grab failed
2026-10-02T04:15:25-10:00job:security_camera_frame_grab | 04:15:25  ✗  a-eyes  ch2 FAILED: [tcp @ 0x638c95a0e940] Connection to tcp://192.168.1.33:554?timeout=0 failed: Network is unreachable
2026-10-02T04:15:25-10:00job:security_camera_frame_grab | [in#0 @ 0x638c95a0bc40] Error opening input: Netw
2026-10-02T04:15:25-10:00job:security_camera_frame_grab | a-eyes: ch2 grab failed
2026-10-02T04:15:25-10:00job:security_camera_frame_grab | 04:15:25  ✗  a-eyes  ch3 FAILED: [tcp @ 0x632454cc5940] Connection to tcp://192.168.1.33:554?timeout=0 failed: Network is unreachable
2026-10-02T04:15:25-10:00job:security_camera_frame_grab | [in#0 @ 0x632454cc2c40] Error opening input: Netw
2026-10-02T04:15:25-10:00job:security_camera_frame_grab | a-eyes: ch3 grab failed
2026-10-02T04:15:25-10:00job:security_camera_frame_grab | 04:15:25  ✗  a-eyes  ch4 FAILED: [tcp @ 0x57b4ac08d940] Connection to tcp://192.168.1.33:554?timeout=0 failed: Network is unreachable
2026-10-02T04:15:25-10:00job:security_camera_frame_grab | [in#0 @ 0x57b4ac08ac40] Error opening input: Netw
2026-10-02T04:15:25-10:00job:security_camera_frame_grab | a-eyes: ch4 grab failed
2026-10-02T04:15:26-10:00cloudflared ERR: 2026-10-02T14:15:26Z ERR Failed to dial a quic connection error="failed to dial to edge with quic: write udp [::]:54419-
2026-10-02T04:15:26-10:00job:security_camera_frame_grab RUN  bash "/home/rootrecord/RootRecord-Ecosystem/1 - Servers/1 - RootRecord-Pacific-Solar-Server/Security/Cameras/grab_all.sh"
2026-10-02T04:15:27-10:00job:security_camera_frame_grab | 04:15:26  ✗  a-eyes  ch1 FAILED: [tcp @ 0x61cda4f00940] Connection to tcp://192.168.1.33:554?timeout=0 failed: Network is unreachable
2026-10-02T04:15:27-10:00job:security_camera_frame_grab | [in#0 @ 0x61cda4efdc40] Error opening input: Netw
2026-10-02T04:15:27-10:00job:security_camera_frame_grab | a-eyes: ch1 grab failed
2026-10-02T04:15:27-10:00job:security_camera_frame_grab | 04:15:26  ✗  a-eyes  ch2 FAILED: [tcp @ 0x5ddfb6ab1940] Connection to tcp://192.168.1.33:554?timeout=0 failed: Network is unreachable
2026-10-02T04:15:27-10:00job:security_camera_frame_grab | [in#0 @ 0x5ddfb6aaec40] Error opening input: Netw
2026-10-02T04:15:27-10:00job:security_camera_frame_grab | a-eyes: ch2 grab failed
2026-10-02T04:15:27-10:00job:security_camera_frame_grab | 04:15:26  ✗  a-eyes  ch3 FAILED: [tcp @ 0x5cbf2b44d940] Connection to tcp://192.168.1.33:554?timeout=0 failed: Network is unreachable
2026-10-02T04:15:27-10:00job:security_camera_frame_grab | [in#0 @ 0x5cbf2b44ac40] Error opening input: Netw
2026-10-02T04:15:27-10:00job:security_camera_frame_grab | a-eyes: ch3 grab failed
2026-10-02T04:15:27-10:00job:security_camera_frame_grab | 04:15:27  ✗  a-eyes  ch4 FAILED: [tcp @ 0x570d0310a940] Connection to tcp://192.168.1.33:554?timeout=0 failed: Network is unreachable
2026-10-02T04:15:27-10:00job:security_camera_frame_grab | [in#0 @ 0x570d03107c40] Error opening input: Netw
2026-10-02T04:15:27-10:00job:security_camera_frame_grab | a-eyes: ch4 grab failed
2026-10-02T04:15:28-10:00job:security_camera_frame_grab RUN  bash "/home/rootrecord/RootRecord-Ecosystem/1 - Servers/1 - RootRecord-Pacific-Solar-Server/Security/Cameras/grab_all.sh"
2026-10-02T04:15:28-10:00job:security_camera_frame_grab | 04:15:28  ✗  a-eyes  ch1 FAILED: [tcp @ 0x607c613b6940] Connection to tcp://192.168.1.33:554?timeout=0 failed: Network is unreachable
2026-10-02T04:15:28-10:00job:security_camera_frame_grab | [in#0 @ 0x607c613b3c40] Error opening input: Netw
2026-10-02T04:15:28-10:00job:security_camera_frame_grab | a-eyes: ch1 grab failed
2026-10-02T04:15:28-10:00job:security_camera_frame_grab | 04:15:28  ✗  a-eyes  ch2 FAILED: [tcp @ 0x5e21309f0940] Connection to tcp://192.168.1.33:554?timeout=0 failed: Network is unreachable
2026-10-02T04:15:28-10:00job:security_camera_frame_grab | [in#0 @ 0x5e21309edc40] Error opening input: Netw
2026-10-02T04:15:28-10:00job:security_camera_frame_grab | a-eyes: ch2 grab failed
2026-10-02T04:15:28-10:00job:security_camera_frame_grab | 04:15:28  ✗  a-eyes  ch3 FAILED: [tcp @ 0x5dfd372fc940] Connection to tcp://192.168.1.33:554?timeout=0 failed: Network is unreachable
2026-10-02T04:15:28-10:00job:security_camera_frame_grab | [in#0 @ 0x5dfd372f9c40] Error opening input: Netw
2026-10-02T04:15:28-10:00job:security_camera_frame_grab | a-eyes: ch3 grab failed
2026-10-02T04:15:28-10:00job:security_camera_frame_grab | 04:15:28  ✗  a-eyes  ch4 FAILED: [tcp @ 0x5d0db0efa940] Connection to tcp://192.168.1.33:554?timeout=0 failed: Network is unreachable
2026-10-02T04:15:28-10:00job:security_camera_frame_grab | [in#0 @ 0x5d0db0ef7c40] Error opening input: Netw
2026-10-02T04:15:28-10:00job:security_camera_frame_grab | a-eyes: ch4 grab failed
2026-10-02T04:15:28-10:00job:system_uptime_log RUN  python3 "/home/rootrecord/RootRecord-Ecosystem/1 - Servers/1 - RootRecord-Pacific-Solar-Server/System/scripts/uptime_log.py" tick
2026-10-02T04:15:28-10:00job:system_uptime_log | {"ok": true, "facts": {"process_uptime_s": null, "boot_uptime_s": 2347, "desk_uptime_s": 226161, "origin_started_at": "2026-09-29T23:26:06.758795+00:00", "last_return_at": "2026-10-02T14:14:27.880831+00:00", "last_return_kind": "desk_up"}}
2026-10-02T04:15:28-10:00job:status_snapshot RUN  nice -n 10 python3 "/home/rootrecord/RootRecord-Ecosystem/1 - Servers/1 - RootRecord-Pacific-Solar-Server/Website/scripts/live_data_pages.py"
2026-10-02T04:15:28-10:00job:status_snapshot | live-data 6 pages
2026-10-02T04:15:28-10:00ENERGY  status=live  B2=2.7%  B1=17.6%  solar=0 W  ac=0 W  usbc=0 W  src=/home/rootrecord/RootRecord-Ecosystem/2 - RootRecord-Database/Energy  LAP=100%/Full/AC
2026-10-02T04:15:29-10:00job:sys_stats_cycle RUN  bash "/home/rootrecord/RootRecord-Ecosystem/1 - Servers/1 - RootRecord-Pacific-Solar-Server/System/scripts/sys-sample.sh"
2026-10-02T04:15:30-10:00job:sys_stats_cycle | SYSTEM  cpu=12%  load=0.56  mem=21%  src=sqlite
2026-10-02T04:15:30-10:00job:sys_stats_cycle | OK wrote /home/rootrecord/RootRecord-Ecosystem/2 - RootRecord-Database/System/samples/sys-20261002-041529.json
2026-10-02T04:15:30-10:00job:github_sync_all SKIP — offline (will retry when internet is up)
2026-10-02T04:15:30-10:00job:security_camera_frame_grab RUN  bash "/home/rootrecord/RootRecord-Ecosystem/1 - Servers/1 - RootRecord-Pacific-Solar-Server/Security/Cameras/grab_all.sh"
2026-10-02T04:15:31-10:00job:security_camera_frame_grab | 04:15:30  ✗  a-eyes  ch1 FAILED: [tcp @ 0x649851db1940] Connection to tcp://192.168.1.33:554?timeout=0 failed: Network is unreachable
2026-10-02T04:15:31-10:00job:security_camera_frame_grab | [in#0 @ 0x649851daec40] Error opening input: Netw
2026-10-02T04:15:31-10:00job:security_camera_frame_grab | a-eyes: ch1 grab failed
2026-10-02T04:15:31-10:00job:security_camera_frame_grab | 04:15:31  ✗  a-eyes  ch2 FAILED: [tcp @ 0x582ba8640940] Connection to tcp://192.168.1.33:554?timeout=0 failed: Network is unreachable
2026-10-02T04:15:31-10:00job:security_camera_frame_grab | [in#0 @ 0x582ba863dc40] Error opening input: Netw
2026-10-02T04:15:31-10:00job:security_camera_frame_grab | a-eyes: ch2 grab failed
2026-10-02T04:15:31-10:00job:security_camera_frame_grab | 04:15:31  ✗  a-eyes  ch3 FAILED: [tcp @ 0x591b1a365940] Connection to tcp://192.168.1.33:554?timeout=0 failed: Network is unreachable
2026-10-02T04:15:31-10:00job:security_camera_frame_grab | [in#0 @ 0x591b1a362c40] Error opening input: Netw
2026-10-02T04:15:31-10:00job:security_camera_frame_grab | a-eyes: ch3 grab failed
2026-10-02T04:15:31-10:00job:security_camera_frame_grab | 04:15:31  ✗  a-eyes  ch4 FAILED: [tcp @ 0x5bbf3dd5c940] Connection to tcp://192.168.1.33:554?timeout=0 failed: Network is unreachable
2026-10-02T04:15:31-10:00job:security_camera_frame_grab | [in#0 @ 0x5bbf3dd59c40] Error opening input: Netw
2026-10-02T04:15:31-10:00job:security_camera_frame_grab | a-eyes: ch4 grab failed
2026-10-02T04:15:32-10:00job:security_camera_frame_grab RUN  bash "/home/rootrecord/RootRecord-Ecosystem/1 - Servers/1 - RootRecord-Pacific-Solar-Server/Security/Cameras/grab_all.sh"
2026-10-02T04:15:32-10:00job:security_camera_frame_grab | 04:15:32  ✗  a-eyes  ch1 FAILED: [tcp @ 0x63d2ff284940] Connection to tcp://192.168.1.33:554?timeout=0 failed: Network is unreachable
2026-10-02T04:15:32-10:00job:security_camera_frame_grab | [in#0 @ 0x63d2ff281c40] Error opening input: Netw
2026-10-02T04:15:32-10:00job:security_camera_frame_grab | a-eyes: ch1 grab failed
2026-10-02T04:15:32-10:00job:security_camera_frame_grab | 04:15:32  ✗  a-eyes  ch2 FAILED: [tcp @ 0x590577f12940] Connection to tcp://192.168.1.33:554?timeout=0 failed: Network is unreachable
2026-10-02T04:15:32-10:00job:security_camera_frame_grab | [in#0 @ 0x590577f0fc40] Error opening input: Netw
2026-10-02T04:15:32-10:00job:security_camera_frame_grab | a-eyes: ch2 grab failed
2026-10-02T04:15:32-10:00job:security_camera_frame_grab | 04:15:32  ✗  a-eyes  ch3 FAILED: [tcp @ 0x5f3f99500940] Connection to tcp://192.168.1.33:554?timeout=0 failed: Network is unreachable
2026-10-02T04:15:32-10:00job:security_camera_frame_grab | [in#0 @ 0x5f3f994fdc40] Error opening input: Netw
2026-10-02T04:15:32-10:00job:security_camera_frame_grab | a-eyes: ch3 grab failed
2026-10-02T04:15:32-10:00job:security_camera_frame_grab | 04:15:32  ✗  a-eyes  ch4 FAILED: [tcp @ 0x63b548c97940] Connection to tcp://192.168.1.33:554?timeout=0 failed: Network is unreachable
2026-10-02T04:15:32-10:00job:security_camera_frame_grab | [in#0 @ 0x63b548c94c40] Error opening input: Netw
2026-10-02T04:15:32-10:00job:security_camera_frame_grab | a-eyes: ch4 grab failed
2026-10-02T04:15:33-10:00job:security_camera_frame_grab RUN  bash "/home/rootrecord/RootRecord-Ecosystem/1 - Servers/1 - RootRecord-Pacific-Solar-Server/Security/Cameras/grab_all.sh"
2026-10-02T04:15:33-10:00job:security_camera_frame_grab | 04:15:33  ✗  a-eyes  ch1 FAILED: [tcp @ 0x5802e556b940] Connection to tcp://192.168.1.33:554?timeout=0 failed: Network is unreachable
2026-10-02T04:15:33-10:00job:security_camera_frame_grab | [in#0 @ 0x5802e5568c40] Error opening input: Netw
2026-10-02T04:15:33-10:00job:security_camera_frame_grab | a-eyes: ch1 grab failed
2026-10-02T04:15:33-10:00job:security_camera_frame_grab | 04:15:33  ✗  a-eyes  ch2 FAILED: [tcp @ 0x55a5ddd48940] Connection to tcp://192.168.1.33:554?timeout=0 failed: Network is unreachable
2026-10-02T04:15:33-10:00job:security_camera_frame_grab | [in#0 @ 0x55a5ddd45c40] Error opening input: Netw
2026-10-02T04:15:33-10:00job:security_camera_frame_grab | a-eyes: ch2 grab failed
2026-10-02T04:15:33-10:00job:security_camera_frame_grab | 04:15:33  ✗  a-eyes  ch3 FAILED: [tcp @ 0x617d75a08940] Connection to tcp://192.168.1.33:554?timeout=0 failed: Network is unreachable
2026-10-02T04:15:33-10:00job:security_camera_frame_grab | [in#0 @ 0x617d75a05c40] Error opening input: Netw
2026-10-02T04:15:33-10:00job:security_camera_frame_grab | a-eyes: ch3 grab failed
2026-10-02T04:15:33-10:00job:security_camera_frame_grab | 04:15:33  ✗  a-eyes  ch4 FAILED: [tcp @ 0x604510315940] Connection to tcp://192.168.1.33:554?timeout=0 failed: Network is unreachable
2026-10-02T04:15:33-10:00job:security_camera_frame_grab | [in#0 @ 0x604510312c40] Error opening input: Netw
2026-10-02T04:15:33-10:00job:security_camera_frame_grab | a-eyes: ch4 grab failed
2026-10-02T04:15:34-10:00job:security_camera_frame_grab RUN  bash "/home/rootrecord/RootRecord-Ecosystem/1 - Servers/1 - RootRecord-Pacific-Solar-Server/Security/Cameras/grab_all.sh"
2026-10-02T04:15:34-10:00job:security_camera_frame_grab | 04:15:34  ✗  a-eyes  ch1 FAILED: [tcp @ 0x5dbb9a0dc940] Connection to tcp://192.168.1.33:554?timeout=0 failed: Network is unreachable
2026-10-02T04:15:34-10:00job:security_camera_frame_grab | [in#0 @ 0x5dbb9a0d9c40] Error opening input: Netw
2026-10-02T04:15:34-10:00job:security_camera_frame_grab | a-eyes: ch1 grab failed
2026-10-02T04:15:34-10:00job:security_camera_frame_grab | 04:15:34  ✗  a-eyes  ch2 FAILED: [tcp @ 0x5f295ce6a940] Connection to tcp://192.168.1.33:554?timeout=0 failed: Network is unreachable
2026-10-02T04:15:34-10:00job:security_camera_frame_grab | [in#0 @ 0x5f295ce67c40] Error opening input: Netw
2026-10-02T04:15:34-10:00job:security_camera_frame_grab | a-eyes: ch2 grab failed
2026-10-02T04:15:34-10:00job:security_camera_frame_grab | 04:15:34  ✗  a-eyes  ch3 FAILED: [tcp @ 0x582b449a2940] Connection to tcp://192.168.1.33:554?timeout=0 failed: Network is unreachable
2026-10-02T04:15:34-10:00job:security_camera_frame_grab | [in#0 @ 0x582b4499fc40] Error opening input: Netw
2026-10-02T04:15:34-10:00job:security_camera_frame_grab | a-eyes: ch3 grab failed
2026-10-02T04:15:34-10:00job:security_camera_frame_grab | 04:15:34  ✗  a-eyes  ch4 FAILED: [tcp @ 0x5a74d09aa940] Connection to tcp://192.168.1.33:554?timeout=0 failed: Network is unreachable
2026-10-02T04:15:34-10:00job:security_camera_frame_grab | [in#0 @ 0x5a74d09a7c40] Error opening input: Netw
2026-10-02T04:15:34-10:00job:security_camera_frame_grab | a-eyes: ch4 grab failed
2026-10-02T04:15:35-10:00job:sys_stats_cycle RUN  bash "/home/rootrecord/RootRecord-Ecosystem/1 - Servers/1 - RootRecord-Pacific-Solar-Server/System/scripts/sys-sample.sh"
2026-10-02T04:15:37-10:00job:sys_stats_cycle | SYSTEM  cpu=10%  load=0.68  mem=20%  src=sqlite
2026-10-02T04:15:37-10:00job:sys_stats_cycle | OK wrote /home/rootrecord/RootRecord-Ecosystem/2 - RootRecord-Database/System/samples/sys-20261002-041536.json
2026-10-02T04:15:37-10:00job:github_sync_all SKIP — offline (will retry when internet is up)
2026-10-02T04:15:37-10:00job:security_camera_frame_grab RUN  bash "/home/rootrecord/RootRecord-Ecosystem/1 - Servers/1 - RootRecord-Pacific-Solar-Server/Security/Cameras/grab_all.sh"
2026-10-02T04:15:37-10:00job:security_camera_frame_grab | 04:15:37  ✗  a-eyes  ch1 FAILED: [tcp @ 0x5876e7a3e940] Connection to tcp://192.168.1.33:554?timeout=0 failed: Network is unreachable
2026-10-02T04:15:37-10:00job:security_camera_frame_grab | [in#0 @ 0x5876e7a3bc40] Error opening input: Netw
2026-10-02T04:15:37-10:00job:security_camera_frame_grab | a-eyes: ch1 grab failed
2026-10-02T04:15:37-10:00job:security_camera_frame_grab | 04:15:37  ✗  a-eyes  ch2 FAILED: [tcp @ 0x5ad4bd09d940] Connection to tcp://192.168.1.33:554?timeout=0 failed: Network is unreachable
2026-10-02T04:15:37-10:00job:security_camera_frame_grab | [in#0 @ 0x5ad4bd09ac40] Error opening input: Netw
2026-10-02T04:15:37-10:00job:security_camera_frame_grab | a-eyes: ch2 grab failed
2026-10-02T04:15:37-10:00job:security_camera_frame_grab | 04:15:37  ✗  a-eyes  ch3 FAILED: [tcp @ 0x5ca659666940] Connection to tcp://192.168.1.33:554?timeout=0 failed: Network is unreachable
2026-10-02T04:15:37-10:00job:security_camera_frame_grab | [in#0 @ 0x5ca659663c40] Error opening input: Netw
2026-10-02T04:15:37-10:00job:security_camera_frame_grab | a-eyes: ch3 grab failed
2026-10-02T04:15:37-10:00job:security_camera_frame_grab | 04:15:37  ✗  a-eyes  ch4 FAILED: [tcp @ 0x5a6a53e70940] Connection to tcp://192.168.1.33:554?timeout=0 failed: Network is unreachable
2026-10-02T04:15:37-10:00job:security_camera_frame_grab | [in#0 @ 0x5a6a53e6dc40] Error opening input: Netw
2026-10-02T04:15:37-10:00job:security_camera_frame_grab | a-eyes: ch4 grab failed
2026-10-02T04:15:38-10:00job:security_camera_frame_grab RUN  bash "/home/rootrecord/RootRecord-Ecosystem/1 - Servers/1 - RootRecord-Pacific-Solar-Server/Security/Cameras/grab_all.sh"
2026-10-02T04:15:38-10:00job:security_camera_frame_grab | 04:15:38  ✗  a-eyes  ch1 FAILED: [tcp @ 0x58a957bee940] Connection to tcp://192.168.1.33:554?timeout=0 failed: Network is unreachable
2026-10-02T04:15:38-10:00job:security_camera_frame_grab | [in#0 @ 0x58a957bebc40] Error opening input: Netw
2026-10-02T04:15:38-10:00job:security_camera_frame_grab | a-eyes: ch1 grab failed
2026-10-02T04:15:38-10:00job:security_camera_frame_grab | 04:15:38  ✗  a-eyes  ch2 FAILED: [tcp @ 0x5d1f187df940] Connection to tcp://192.168.1.33:554?timeout=0 failed: Network is unreachable
2026-10-02T04:15:38-10:00job:security_camera_frame_grab | [in#0 @ 0x5d1f187dcc40] Error opening input: Netw
2026-10-02T04:15:38-10:00job:security_camera_frame_grab | a-eyes: ch2 grab failed
2026-10-02T04:15:38-10:00job:security_camera_frame_grab | 04:15:38  ✗  a-eyes  ch3 FAILED: [tcp @ 0x635e0739c940] Connection to tcp://192.168.1.33:554?timeout=0 failed: Network is unreachable
2026-10-02T04:15:38-10:00job:security_camera_frame_grab | [in#0 @ 0x635e07399c40] Error opening input: Netw
2026-10-02T04:15:38-10:00job:security_camera_frame_grab | a-eyes: ch3 grab failed
2026-10-02T04:15:38-10:00job:security_camera_frame_grab | 04:15:38  ✗  a-eyes  ch4 FAILED: [tcp @ 0x57a2717ae940] Connection to tcp://192.168.1.33:554?timeout=0 failed: Network is unreachable
2026-10-02T04:15:38-10:00job:security_camera_frame_grab | [in#0 @ 0x57a2717abc40] Error opening input: Netw
2026-10-02T04:15:38-10:00job:security_camera_frame_grab | a-eyes: ch4 grab failed
2026-10-02T04:15:39-10:00job:security_camera_frame_grab RUN  bash "/home/rootrecord/RootRecord-Ecosystem/1 - Servers/1 - RootRecord-Pacific-Solar-Server/Security/Cameras/grab_all.sh"
2026-10-02T04:15:40-10:00job:security_camera_frame_grab | 04:15:39  ✗  a-eyes  ch1 FAILED: [tcp @ 0x55805df67940] Connection to tcp://192.168.1.33:554?timeout=0 failed: Network is unreachable
2026-10-02T04:15:40-10:00job:security_camera_frame_grab | [in#0 @ 0x55805df64c40] Error opening input: Netw
2026-10-02T04:15:40-10:00job:security_camera_frame_grab | a-eyes: ch1 grab failed
2026-10-02T04:15:40-10:00job:security_camera_frame_grab | 04:15:39  ✗  a-eyes  ch2 FAILED: [tcp @ 0x61ba48e52940] Connection to tcp://192.168.1.33:554?timeout=0 failed: Network is unreachable
2026-10-02T04:15:40-10:00job:security_camera_frame_grab | [in#0 @ 0x61ba48e4fc40] Error opening input: Netw
2026-10-02T04:15:40-10:00job:security_camera_frame_grab | a-eyes: ch2 grab failed
2026-10-02T04:15:40-10:00job:security_camera_frame_grab | 04:15:39  ✗  a-eyes  ch3 FAILED: [tcp @ 0x62bb58296940] Connection to tcp://192.168.1.33:554?timeout=0 failed: Network is unreachable
2026-10-02T04:15:40-10:00job:security_camera_frame_grab | [in#0 @ 0x62bb58293c40] Error opening input: Netw
2026-10-02T04:15:40-10:00job:security_camera_frame_grab | a-eyes: ch3 grab failed
2026-10-02T04:15:40-10:00job:security_camera_frame_grab | 04:15:39  ✗  a-eyes  ch4 FAILED: [tcp @ 0x62e7b147f940] Connection to tcp://192.168.1.33:554?timeout=0 failed: Network is unreachable
2026-10-02T04:15:40-10:00job:security_camera_frame_grab | [in#0 @ 0x62e7b147cc40] Error opening input: Netw
2026-10-02T04:15:40-10:00job:security_camera_frame_grab | a-eyes: ch4 grab failed
2026-10-02T04:15:41-10:00job:security_camera_frame_grab RUN  bash "/home/rootrecord/RootRecord-Ecosystem/1 - Servers/1 - RootRecord-Pacific-Solar-Server/Security/Cameras/grab_all.sh"
2026-10-02T04:15:41-10:00job:security_camera_frame_grab | 04:15:41  ✗  a-eyes  ch1 FAILED: [tcp @ 0x5ffec7062940] Connection to tcp://192.168.1.33:554?timeout=0 failed: Network is unreachable
2026-10-02T04:15:41-10:00job:security_camera_frame_grab | [in#0 @ 0x5ffec705fc40] Error opening input: Netw
2026-10-02T04:15:41-10:00job:security_camera_frame_grab | a-eyes: ch1 grab failed
2026-10-02T04:15:41-10:00job:security_camera_frame_grab | 04:15:41  ✗  a-eyes  ch2 FAILED: [tcp @ 0x59509c787940] Connection to tcp://192.168.1.33:554?timeout=0 failed: Network is unreachable
2026-10-02T04:15:41-10:00job:security_camera_frame_grab | [in#0 @ 0x59509c784c40] Error opening input: Netw
2026-10-02T04:15:41-10:00job:security_camera_frame_grab | a-eyes: ch2 grab failed
2026-10-02T04:15:41-10:00job:security_camera_frame_grab | 04:15:41  ✗  a-eyes  ch3 FAILED: [tcp @ 0x5af0a86e4940] Connection to tcp://192.168.1.33:554?timeout=0 failed: Network is unreachable
2026-10-02T04:15:41-10:00job:security_camera_frame_grab | [in#0 @ 0x5af0a86e1c40] Error opening input: Netw
2026-10-02T04:15:41-10:00job:security_camera_frame_grab | a-eyes: ch3 grab failed
2026-10-02T04:15:41-10:00job:security_camera_frame_grab | 04:15:41  ✗  a-eyes  ch4 FAILED: [tcp @ 0x5c0c14484940] Connection to tcp://192.168.1.33:554?timeout=0 failed: Network is unreachable
2026-10-02T04:15:41-10:00job:security_camera_frame_grab | [in#0 @ 0x5c0c14481c40] Error opening input: Netw
2026-10-02T04:15:41-10:00job:security_camera_frame_grab | a-eyes: ch4 grab failed
2026-10-02T04:15:41-10:00cloudflared ERR: 2026-10-02T14:15:41Z ERR Failed to dial a quic connection error="failed to dial to edge with quic: write udp [::]:37723-
2026-10-02T04:15:41-10:00cloudflared ERR: 2026-10-02T14:15:41Z ERR Failed to dial a quic connection error="failed to dial to edge with quic: write udp [::]:47083-
2026-10-02T04:15:41-10:00cloudflared ERR: 2026-10-02T14:15:41Z ERR Failed to dial a quic connection error="failed to dial to edge with quic: write udp [::]:47727-
2026-10-02T04:15:42-10:00job:security_camera_frame_grab RUN  bash "/home/rootrecord/RootRecord-Ecosystem/1 - Servers/1 - RootRecord-Pacific-Solar-Server/Security/Cameras/grab_all.sh"
2026-10-02T04:15:42-10:00job:security_camera_frame_grab | 04:15:42  ✗  a-eyes  ch1 FAILED: [tcp @ 0x5daf96dba940] Connection to tcp://192.168.1.33:554?timeout=0 failed: Network is unreachable
2026-10-02T04:15:42-10:00job:security_camera_frame_grab | [in#0 @ 0x5daf96db7c40] Error opening input: Netw
2026-10-02T04:15:42-10:00job:security_camera_frame_grab | a-eyes: ch1 grab failed
2026-10-02T04:15:42-10:00job:security_camera_frame_grab | 04:15:42  ✗  a-eyes  ch2 FAILED: [tcp @ 0x5ab048007940] Connection to tcp://192.168.1.33:554?timeout=0 failed: Network is unreachable
2026-10-02T04:15:42-10:00job:security_camera_frame_grab | [in#0 @ 0x5ab048004c40] Error opening input: Netw
2026-10-02T04:15:42-10:00job:security_camera_frame_grab | a-eyes: ch2 grab failed
2026-10-02T04:15:42-10:00job:security_camera_frame_grab | 04:15:42  ✗  a-eyes  ch3 FAILED: [tcp @ 0x57e9f0988940] Connection to tcp://192.168.1.33:554?timeout=0 failed: Network is unreachable
2026-10-02T04:15:42-10:00job:security_camera_frame_grab | [in#0 @ 0x57e9f0985c40] Error opening input: Netw
2026-10-02T04:15:42-10:00job:security_camera_frame_grab | a-eyes: ch3 grab failed
2026-10-02T04:15:42-10:00job:security_camera_frame_grab | 04:15:42  ✗  a-eyes  ch4 FAILED: [tcp @ 0x58ecaa19d940] Connection to tcp://192.168.1.33:554?timeout=0 failed: Network is unreachable
2026-10-02T04:15:42-10:00job:security_camera_frame_grab | [in#0 @ 0x58ecaa19ac40] Error opening input: Netw
2026-10-02T04:15:42-10:00job:security_camera_frame_grab | a-eyes: ch4 grab failed
2026-10-02T04:15:42-10:00tunnel connection terminated
2026-10-02T04:15:42-10:00job:sys_stats_cycle RUN  bash "/home/rootrecord/RootRecord-Ecosystem/1 - Servers/1 - RootRecord-Pacific-Solar-Server/System/scripts/sys-sample.sh"
2026-10-02T04:15:44-10:00job:sys_stats_cycle | SYSTEM  cpu=0%  load=0.57  mem=21%  src=sqlite
2026-10-02T04:15:44-10:00job:sys_stats_cycle | OK wrote /home/rootrecord/RootRecord-Ecosystem/2 - RootRecord-Database/System/samples/sys-20261002-041543.json
2026-10-02T04:15:44-10:00job:github_sync_all SKIP — offline (will retry when internet is up)
2026-10-02T04:15:44-10:00job:security_camera_frame_grab RUN  bash "/home/rootrecord/RootRecord-Ecosystem/1 - Servers/1 - RootRecord-Pacific-Solar-Server/Security/Cameras/grab_all.sh"
2026-10-02T04:15:44-10:00job:security_camera_frame_grab | 04:15:44  ✗  a-eyes  ch1 FAILED: [tcp @ 0x632a2037f940] Connection to tcp://192.168.1.33:554?timeout=0 failed: Network is unreachable
2026-10-02T04:15:44-10:00job:security_camera_frame_grab | [in#0 @ 0x632a2037cc40] Error opening input: Netw
2026-10-02T04:15:44-10:00job:security_camera_frame_grab | a-eyes: ch1 grab failed
2026-10-02T04:15:44-10:00job:security_camera_frame_grab | 04:15:44  ✗  a-eyes  ch2 FAILED: [tcp @ 0x5b9155da0940] Connection to tcp://192.168.1.33:554?timeout=0 failed: Network is unreachable
2026-10-02T04:15:44-10:00job:security_camera_frame_grab | [in#0 @ 0x5b9155d9dc40] Error opening input: Netw
2026-10-02T04:15:44-10:00job:security_camera_frame_grab | a-eyes: ch2 grab failed
2026-10-02T04:15:44-10:00job:security_camera_frame_grab | 04:15:44  ✗  a-eyes  ch3 FAILED: [tcp @ 0x5e8b6f512940] Connection to tcp://192.168.1.33:554?timeout=0 failed: Network is unreachable
2026-10-02T04:15:44-10:00job:security_camera_frame_grab | [in#0 @ 0x5e8b6f50fc40] Error opening input: Netw
2026-10-02T04:15:44-10:00job:security_camera_frame_grab | a-eyes: ch3 grab failed
2026-10-02T04:15:44-10:00job:security_camera_frame_grab | 04:15:44  ✗  a-eyes  ch4 FAILED: [tcp @ 0x6329df256940] Connection to tcp://192.168.1.33:554?timeout=0 failed: Network is unreachable
2026-10-02T04:15:44-10:00job:security_camera_frame_grab | [in#0 @ 0x6329df253c40] Error opening input: Netw
2026-10-02T04:15:44-10:00job:security_camera_frame_grab | a-eyes: ch4 grab failed
2026-10-02T04:15:44-10:00tunnel connection terminated
2026-10-02T04:15:44-10:00tunnel connection terminated
2026-10-02T04:15:45-10:00job:security_camera_frame_grab RUN  bash "/home/rootrecord/RootRecord-Ecosystem/1 - Servers/1 - RootRecord-Pacific-Solar-Server/Security/Cameras/grab_all.sh"
2026-10-02T04:15:45-10:00job:security_camera_frame_grab | 04:15:45  ✗  a-eyes  ch1 FAILED: [tcp @ 0x630471eef940] Connection to tcp://192.168.1.33:554?timeout=0 failed: Network is unreachable
2026-10-02T04:15:45-10:00job:security_camera_frame_grab | [in#0 @ 0x630471eecc40] Error opening input: Netw
2026-10-02T04:15:45-10:00job:security_camera_frame_grab | a-eyes: ch1 grab failed
2026-10-02T04:15:45-10:00job:security_camera_frame_grab | 04:15:45  ✗  a-eyes  ch2 FAILED: [tcp @ 0x58fcd472b940] Connection to tcp://192.168.1.33:554?timeout=0 failed: Network is unreachable
2026-10-02T04:15:45-10:00job:security_camera_frame_grab | [in#0 @ 0x58fcd4728c40] Error opening input: Netw
2026-10-02T04:15:45-10:00job:security_camera_frame_grab | a-eyes: ch2 grab failed
2026-10-02T04:15:45-10:00job:security_camera_frame_grab | 04:15:45  ✗  a-eyes  ch3 FAILED: [tcp @ 0x563b82fb3940] Connection to tcp://192.168.1.33:554?timeout=0 failed: Network is unreachable
2026-10-02T04:15:45-10:00job:security_camera_frame_grab | [in#0 @ 0x563b82fb0c40] Error opening input: Netw
2026-10-02T04:15:45-10:00job:security_camera_frame_grab | a-eyes: ch3 grab failed
2026-10-02T04:15:45-10:00job:security_camera_frame_grab | 04:15:45  ✗  a-eyes  ch4 FAILED: [tcp @ 0x5f98bafca940] Connection to tcp://192.168.1.33:554?timeout=0 failed: Network is unreachable
2026-10-02T04:15:45-10:00job:security_camera_frame_grab | [in#0 @ 0x5f98bafc7c40] Error opening input: Netw
2026-10-02T04:15:45-10:00job:security_camera_frame_grab | a-eyes: ch4 grab failed
2026-10-02T04:15:46-10:00job:security_camera_frame_grab RUN  bash "/home/rootrecord/RootRecord-Ecosystem/1 - Servers/1 - RootRecord-Pacific-Solar-Server/Security/Cameras/grab_all.sh"
2026-10-02T04:15:47-10:00job:security_camera_frame_grab | 04:15:46  ✗  a-eyes  ch1 FAILED: [tcp @ 0x5d0389327940] Connection to tcp://192.168.1.33:554?timeout=0 failed: Network is unreachable
2026-10-02T04:15:47-10:00job:security_camera_frame_grab | [in#0 @ 0x5d0389324c40] Error opening input: Netw
2026-10-02T04:15:47-10:00job:security_camera_frame_grab | a-eyes: ch1 grab failed
2026-10-02T04:15:47-10:00job:security_camera_frame_grab | 04:15:47  ✗  a-eyes  ch2 FAILED: [tcp @ 0x5f89e3cb3940] Connection to tcp://192.168.1.33:554?timeout=0 failed: Network is unreachable
2026-10-02T04:15:47-10:00job:security_camera_frame_grab | [in#0 @ 0x5f89e3cb0c40] Error opening input: Netw
2026-10-02T04:15:47-10:00job:security_camera_frame_grab | a-eyes: ch2 grab failed
2026-10-02T04:15:47-10:00job:security_camera_frame_grab | 04:15:47  ✗  a-eyes  ch3 FAILED: [tcp @ 0x5dccc4a50940] Connection to tcp://192.168.1.33:554?timeout=0 failed: Network is unreachable
2026-10-02T04:15:47-10:00job:security_camera_frame_grab | [in#0 @ 0x5dccc4a4dc40] Error opening input: Netw
2026-10-02T04:15:47-10:00job:security_camera_frame_grab | a-eyes: ch3 grab failed
2026-10-02T04:15:47-10:00job:security_camera_frame_grab | 04:15:47  ✗  a-eyes  ch4 FAILED: [tcp @ 0x64a527f17940] Connection to tcp://192.168.1.33:554?timeout=0 failed: Network is unreachable
2026-10-02T04:15:47-10:00job:security_camera_frame_grab | [in#0 @ 0x64a527f14c40] Error opening input: Netw
2026-10-02T04:15:47-10:00job:security_camera_frame_grab | a-eyes: ch4 grab failed
2026-10-02T04:15:48-10:00job:security_camera_frame_grab RUN  bash "/home/rootrecord/RootRecord-Ecosystem/1 - Servers/1 - RootRecord-Pacific-Solar-Server/Security/Cameras/grab_all.sh"
2026-10-02T04:15:48-10:00job:security_camera_frame_grab | 04:15:48  ✗  a-eyes  ch1 FAILED: [tcp @ 0x588e6565a940] Connection to tcp://192.168.1.33:554?timeout=0 failed: Network is unreachable
2026-10-02T04:15:48-10:00job:security_camera_frame_grab | [in#0 @ 0x588e65657c40] Error opening input: Netw
2026-10-02T04:15:48-10:00job:security_camera_frame_grab | a-eyes: ch1 grab failed
2026-10-02T04:15:48-10:00job:security_camera_frame_grab | 04:15:48  ✗  a-eyes  ch2 FAILED: [tcp @ 0x58931c66d940] Connection to tcp://192.168.1.33:554?timeout=0 failed: Network is unreachable
2026-10-02T04:15:48-10:00job:security_camera_frame_grab | [in#0 @ 0x58931c66ac40] Error opening input: Netw
2026-10-02T04:15:48-10:00job:security_camera_frame_grab | a-eyes: ch2 grab failed
2026-10-02T04:15:48-10:00job:security_camera_frame_grab | 04:15:48  ✗  a-eyes  ch3 FAILED: [tcp @ 0x64b7b102d940] Connection to tcp://192.168.1.33:554?timeout=0 failed: Network is unreachable
2026-10-02T04:15:48-10:00job:security_camera_frame_grab | [in#0 @ 0x64b7b102ac40] Error opening input: Netw
2026-10-02T04:15:48-10:00job:security_camera_frame_grab | a-eyes: ch3 grab failed
2026-10-02T04:15:48-10:00job:security_camera_frame_grab | 04:15:48  ✗  a-eyes  ch4 FAILED: [tcp @ 0x62eeb4b9f940] Connection to tcp://192.168.1.33:554?timeout=0 failed: Network is unreachable
2026-10-02T04:15:48-10:00job:security_camera_frame_grab | [in#0 @ 0x62eeb4b9cc40] Error opening input: Netw
2026-10-02T04:15:48-10:00job:security_camera_frame_grab | a-eyes: ch4 grab failed
2026-10-02T04:15:49-10:00job:sys_stats_cycle RUN  bash "/home/rootrecord/RootRecord-Ecosystem/1 - Servers/1 - RootRecord-Pacific-Solar-Server/System/scripts/sys-sample.sh"
2026-10-02T04:15:50-10:00job:sys_stats_cycle | SYSTEM  cpu=13%  load=0.53  mem=21%  src=sqlite
2026-10-02T04:15:50-10:00job:sys_stats_cycle | OK wrote /home/rootrecord/RootRecord-Ecosystem/2 - RootRecord-Database/System/samples/sys-20261002-041549.json
2026-10-02T04:15:50-10:00job:github_sync_all SKIP — offline (will retry when internet is up)
2026-10-02T04:15:50-10:00job:security_camera_frame_grab RUN  bash "/home/rootrecord/RootRecord-Ecosystem/1 - Servers/1 - RootRecord-Pacific-Solar-Server/Security/Cameras/grab_all.sh"
2026-10-02T04:15:51-10:00job:security_camera_frame_grab | 04:15:51  ✗  a-eyes  ch1 FAILED: [tcp @ 0x60d91c292940] Connection to tcp://192.168.1.33:554?timeout=0 failed: Network is unreachable
2026-10-02T04:15:51-10:00job:security_camera_frame_grab | [in#0 @ 0x60d91c28fc40] Error opening input: Netw
2026-10-02T04:15:51-10:00job:security_camera_frame_grab | a-eyes: ch1 grab failed
2026-10-02T04:15:51-10:00job:security_camera_frame_grab | 04:15:51  ✗  a-eyes  ch2 FAILED: [tcp @ 0x594602bf3940] Connection to tcp://192.168.1.33:554?timeout=0 failed: Network is unreachable
2026-10-02T04:15:51-10:00job:security_camera_frame_grab | [in#0 @ 0x594602bf0c40] Error opening input: Netw
2026-10-02T04:15:51-10:00job:security_camera_frame_grab | a-eyes: ch2 grab failed
2026-10-02T04:15:51-10:00job:security_camera_frame_grab | 04:15:51  ✗  a-eyes  ch3 FAILED: [tcp @ 0x64a578a6e940] Connection to tcp://192.168.1.33:554?timeout=0 failed: Network is unreachable
2026-10-02T04:15:51-10:00job:security_camera_frame_grab | [in#0 @ 0x64a578a6bc40] Error opening input: Netw
2026-10-02T04:15:51-10:00job:security_camera_frame_grab | a-eyes: ch3 grab failed
2026-10-02T04:15:51-10:00job:security_camera_frame_grab | 04:15:51  ✗  a-eyes  ch4 FAILED: [tcp @ 0x64d53b4f6940] Connection to tcp://192.168.1.33:554?timeout=0 failed: Network is unreachable
2026-10-02T04:15:51-10:00job:security_camera_frame_grab | [in#0 @ 0x64d53b4f3c40] Error opening input: Netw
2026-10-02T04:15:51-10:00job:security_camera_frame_grab | a-eyes: ch4 grab failed
2026-10-02T04:15:52-10:00job:security_camera_frame_grab RUN  bash "/home/rootrecord/RootRecord-Ecosystem/1 - Servers/1 - RootRecord-Pacific-Solar-Server/Security/Cameras/grab_all.sh"
2026-10-02T04:15:52-10:00job:security_camera_frame_grab | 04:15:52  ✗  a-eyes  ch1 FAILED: [tcp @ 0x5ae9b0cc5940] Connection to tcp://192.168.1.33:554?timeout=0 failed: Network is unreachable
2026-10-02T04:15:52-10:00job:security_camera_frame_grab | [in#0 @ 0x5ae9b0cc2c40] Error opening input: Netw
2026-10-02T04:15:52-10:00job:security_camera_frame_grab | a-eyes: ch1 grab failed
2026-10-02T04:15:52-10:00job:security_camera_frame_grab | 04:15:52  ✗  a-eyes  ch2 FAILED: [tcp @ 0x5e47b622a940] Connection to tcp://192.168.1.33:554?timeout=0 failed: Network is unreachable
2026-10-02T04:15:52-10:00job:security_camera_frame_grab | [in#0 @ 0x5e47b6227c40] Error opening input: Netw
2026-10-02T04:15:52-10:00job:security_camera_frame_grab | a-eyes: ch2 grab failed
2026-10-02T04:15:52-10:00job:security_camera_frame_grab | 04:15:52  ✗  a-eyes  ch3 FAILED: [tcp @ 0x609c99126940] Connection to tcp://192.168.1.33:554?timeout=0 failed: Network is unreachable
2026-10-02T04:15:52-10:00job:security_camera_frame_grab | [in#0 @ 0x609c99123c40] Error opening input: Netw
2026-10-02T04:15:52-10:00job:security_camera_frame_grab | a-eyes: ch3 grab failed
2026-10-02T04:15:52-10:00job:security_camera_frame_grab | 04:15:52  ✗  a-eyes  ch4 FAILED: [tcp @ 0x558f6dfef940] Connection to tcp://192.168.1.33:554?timeout=0 failed: Network is unreachable
2026-10-02T04:15:52-10:00job:security_camera_frame_grab | [in#0 @ 0x558f6dfecc40] Error opening input: Netw
2026-10-02T04:15:52-10:00job:security_camera_frame_grab | a-eyes: ch4 grab failed
2026-10-02T04:15:53-10:00job:security_camera_frame_grab RUN  bash "/home/rootrecord/RootRecord-Ecosystem/1 - Servers/1 - RootRecord-Pacific-Solar-Server/Security/Cameras/grab_all.sh"
2026-10-02T04:15:53-10:00job:security_camera_frame_grab | 04:15:53  ✗  a-eyes  ch1 FAILED: [tcp @ 0x62516ba24940] Connection to tcp://192.168.1.33:554?timeout=0 failed: Network is unreachable
2026-10-02T04:15:53-10:00job:security_camera_frame_grab | [in#0 @ 0x62516ba21c40] Error opening input: Netw
2026-10-02T04:15:53-10:00job:security_camera_frame_grab | a-eyes: ch1 grab failed
2026-10-02T04:15:53-10:00job:security_camera_frame_grab | 04:15:53  ✗  a-eyes  ch2 FAILED: [tcp @ 0x62de46428940] Connection to tcp://192.168.1.33:554?timeout=0 failed: Network is unreachable
2026-10-02T04:15:53-10:00job:security_camera_frame_grab | [in#0 @ 0x62de46425c40] Error opening input: Netw
2026-10-02T04:15:53-10:00job:security_camera_frame_grab | a-eyes: ch2 grab failed
2026-10-02T04:15:53-10:00job:security_camera_frame_grab | 04:15:53  ✗  a-eyes  ch3 FAILED: [tcp @ 0x5c64433bd940] Connection to tcp://192.168.1.33:554?timeout=0 failed: Network is unreachable
2026-10-02T04:15:53-10:00job:security_camera_frame_grab | [in#0 @ 0x5c64433bac40] Error opening input: Netw
2026-10-02T04:15:53-10:00job:security_camera_frame_grab | a-eyes: ch3 grab failed
2026-10-02T04:15:53-10:00job:security_camera_frame_grab | 04:15:53  ✗  a-eyes  ch4 FAILED: [tcp @ 0x5907d101b940] Connection to tcp://192.168.1.33:554?timeout=0 failed: Network is unreachable
2026-10-02T04:15:53-10:00job:security_camera_frame_grab | [in#0 @ 0x5907d1018c40] Error opening input: Netw
2026-10-02T04:15:53-10:00job:security_camera_frame_grab | a-eyes: ch4 grab failed
2026-10-02T04:15:54-10:00cloudflared ERR: 2026-10-02T14:15:54Z ERR Failed to dial a quic connection error="failed to dial to edge with quic: write udp [::]:54419-
2026-10-02T04:15:54-10:00job:security_camera_frame_grab RUN  bash "/home/rootrecord/RootRecord-Ecosystem/1 - Servers/1 - RootRecord-Pacific-Solar-Server/Security/Cameras/grab_all.sh"
2026-10-02T04:15:54-10:00job:security_camera_frame_grab | 04:15:54  ✗  a-eyes  ch1 FAILED: [tcp @ 0x582535f87940] Connection to tcp://192.168.1.33:554?timeout=0 failed: Network is unreachable
2026-10-02T04:15:54-10:00job:security_camera_frame_grab | [in#0 @ 0x582535f84c40] Error opening input: Netw
2026-10-02T04:15:54-10:00job:security_camera_frame_grab | a-eyes: ch1 grab failed
2026-10-02T04:15:54-10:00job:security_camera_frame_grab | 04:15:54  ✗  a-eyes  ch2 FAILED: [tcp @ 0x61c653142940] Connection to tcp://192.168.1.33:554?timeout=0 failed: Network is unreachable
2026-10-02T04:15:54-10:00job:security_camera_frame_grab | [in#0 @ 0x61c65313fc40] Error opening input: Netw
2026-10-02T04:15:54-10:00job:security_camera_frame_grab | a-eyes: ch2 grab failed
2026-10-02T04:15:54-10:00job:security_camera_frame_grab | 04:15:54  ✗  a-eyes  ch3 FAILED: [tcp @ 0x612fcac9b940] Connection to tcp://192.168.1.33:554?timeout=0 failed: Network is unreachable
2026-10-02T04:15:54-10:00job:security_camera_frame_grab | [in#0 @ 0x612fcac98c40] Error opening input: Netw
2026-10-02T04:15:54-10:00job:security_camera_frame_grab | a-eyes: ch3 grab failed
2026-10-02T04:15:54-10:00job:security_camera_frame_grab | 04:15:54  ✗  a-eyes  ch4 FAILED: [tcp @ 0x5dff9abdb940] Connection to tcp://192.168.1.33:554?timeout=0 failed: Network is unreachable
2026-10-02T04:15:54-10:00job:security_camera_frame_grab | [in#0 @ 0x5dff9abd8c40] Error opening input: Netw
2026-10-02T04:15:54-10:00job:security_camera_frame_grab | a-eyes: ch4 grab failed
2026-10-02T04:15:55-10:00job:security_camera_frame_grab RUN  bash "/home/rootrecord/RootRecord-Ecosystem/1 - Servers/1 - RootRecord-Pacific-Solar-Server/Security/Cameras/grab_all.sh"
2026-10-02T04:15:56-10:00job:security_camera_frame_grab | 04:15:55  ✗  a-eyes  ch1 FAILED: [tcp @ 0x5bb5dca29940] Connection to tcp://192.168.1.33:554?timeout=0 failed: Network is unreachable
2026-10-02T04:15:56-10:00job:security_camera_frame_grab | [in#0 @ 0x5bb5dca26c40] Error opening input: Netw
2026-10-02T04:15:56-10:00job:security_camera_frame_grab | a-eyes: ch1 grab failed
2026-10-02T04:15:56-10:00job:security_camera_frame_grab | 04:15:55  ✗  a-eyes  ch2 FAILED: [tcp @ 0x5a535bd53940] Connection to tcp://192.168.1.33:554?timeout=0 failed: Network is unreachable
2026-10-02T04:15:56-10:00job:security_camera_frame_grab | [in#0 @ 0x5a535bd50c40] Error opening input: Netw
2026-10-02T04:15:56-10:00job:security_camera_frame_grab | a-eyes: ch2 grab failed
2026-10-02T04:15:56-10:00job:security_camera_frame_grab | 04:15:56  ✗  a-eyes  ch3 FAILED: [tcp @ 0x5996f544c940] Connection to tcp://192.168.1.33:554?timeout=0 failed: Network is unreachable
2026-10-02T04:15:56-10:00job:security_camera_frame_grab | [in#0 @ 0x5996f5449c40] Error opening input: Netw
2026-10-02T04:15:56-10:00job:security_camera_frame_grab | a-eyes: ch3 grab failed
2026-10-02T04:15:56-10:00job:security_camera_frame_grab | 04:15:56  ✗  a-eyes  ch4 FAILED: [tcp @ 0x5ed5cf37a940] Connection to tcp://192.168.1.33:554?timeout=0 failed: Network is unreachable
2026-10-02T04:15:56-10:00job:security_camera_frame_grab | [in#0 @ 0x5ed5cf377c40] Error opening input: Netw
2026-10-02T04:15:56-10:00job:security_camera_frame_grab | a-eyes: ch4 grab failed
2026-10-02T04:15:56-10:00job:sys_stats_cycle RUN  bash "/home/rootrecord/RootRecord-Ecosystem/1 - Servers/1 - RootRecord-Pacific-Solar-Server/System/scripts/sys-sample.sh"
2026-10-02T04:15:57-10:00job:sys_stats_cycle | SYSTEM  cpu=0%  load=0.60  mem=20%  src=sqlite
2026-10-02T04:15:57-10:00job:sys_stats_cycle | OK wrote /home/rootrecord/RootRecord-Ecosystem/2 - RootRecord-Database/System/samples/sys-20261002-041556.json
2026-10-02T04:15:57-10:00job:github_sync_all SKIP — offline (will retry when internet is up)
2026-10-02T04:15:58-10:00job:worklog_scan RUN  bash "/home/rootrecord/RootRecord-Ecosystem/1 - Servers/1 - RootRecord-Pacific-Solar-Server/Reports/scripts/worklog_once.sh"
2026-10-02T04:16:03-10:00tunnel DNS/edge discovery failed — check internet + resolver (try 1.1.1.1)
2026-10-02T04:16:12-10:00cloudflared ERR: 2026-10-02T14:16:12Z ERR Failed to dial a quic connection error="failed to dial to edge with quic: write udp [::]:54419-
2026-10-02T04:16:42-10:00cloudflared ERR: 2026-10-02T14:16:42Z ERR Failed to dial a quic connection error="failed to dial to edge with quic: write udp [::]:54419-
2026-10-02T04:16:51-10:00cloudflared ERR: 2026-10-02T14:16:51Z ERR Failed to dial a quic connection error="failed to dial to edge with quic: write udp [::]:47727-
2026-10-02T04:16:51-10:00cloudflared ERR: 2026-10-02T14:16:51Z ERR Failed to dial a quic connection error="failed to dial to edge with quic: write udp [::]:47083-
2026-10-02T04:16:51-10:00cloudflared ERR: 2026-10-02T14:16:51Z ERR Failed to dial a quic connection error="failed to dial to edge with quic: write udp [::]:37723-
2026-10-02T04:16:56-10:00tunnel connection terminated
2026-10-02T04:16:56-10:00tunnel connection terminated
2026-10-02T04:17:05-10:00tunnel connection terminated
2026-10-02T04:17:17-10:00tunnel timeout — reconnecting
2026-10-02T04:17:40-10:00cloudflared ERR: 2026-10-02T14:17:40Z ERR Failed to dial a quic connection error="failed to dial to edge with quic: write udp [::]:54419-
2026-10-02T04:17:55-10:00tunnel connected  conn=0  edge=lax01
2026-10-02T04:18:39-10:00tunnel connected  conn=3  edge=lax13
2026-10-02T04:18:39-10:00tunnel connected  conn=1  edge=lax09
2026-10-02T04:18:39-10:00tunnel connected  conn=2  edge=lax07
2026-10-02T04:18:58-10:00job:worklog_scan TIMEOUT after 180s
2026-10-02T04:18:58-10:00job:security_camera_frame_grab RUN  bash "/home/rootrecord/RootRecord-Ecosystem/1 - Servers/1 - RootRecord-Pacific-Solar-Server/Security/Cameras/grab_all.sh"
2026-10-02T04:19:16-10:00job:security_camera_frame_grab | 04:18:58  📷  a-eyes  ch1 → ch1-20261002T141858Z.jpg  (293.7 KB, 4.46s)
2026-10-02T04:19:16-10:00job:security_camera_frame_grab | 04:19:02  📷  a-eyes  ch2 → ch2-20261002T141902Z.jpg  (317.7 KB, 4.37s)
2026-10-02T04:19:16-10:00job:security_camera_frame_grab | 04:19:07  📷  a-eyes  ch3 → ch3-20261002T141907Z.jpg  (348.1 KB, 4.48s)
2026-10-02T04:19:16-10:00job:security_camera_frame_grab | 04:19:11  📷  a-eyes  ch4 → ch4-20261002T141911Z.jpg  (266.1 KB, 4.48s)
2026-10-02T04:19:16-10:00ENERGY  status=live  B2=2.7%  B1=16.9%  solar=0 W  ac=0 W  usbc=0 W  src=/home/rootrecord/RootRecord-Ecosystem/2 - RootRecord-Database/Energy  LAP=100%/Full/AC
2026-10-02T04:19:16-10:00job:sys_stats_cycle RUN  bash "/home/rootrecord/RootRecord-Ecosystem/1 - Servers/1 - RootRecord-Pacific-Solar-Server/System/scripts/sys-sample.sh"
2026-10-02T04:19:18-10:00job:sys_stats_cycle | SYSTEM  cpu=4%  load=0.92  mem=21%  src=sqlite
2026-10-02T04:19:18-10:00job:sys_stats_cycle | OK wrote /home/rootrecord/RootRecord-Ecosystem/2 - RootRecord-Database/System/samples/sys-20261002-041917.json
2026-10-02T04:20:31-10:00job:github_sync_all | ↑ [ecosystem] committed 15 local file(s)
2026-10-02T04:20:31-10:00job:github_sync_all | ↓ [ecosystem] fetching origin/main
2026-10-02T04:20:31-10:00job:github_sync_all | From github.com:RootRecord-Software-Solutions/RootRecord-Ecosystem
2026-10-02T04:20:31-10:00job:github_sync_all | * branch              main       -> FETCH_HEAD
2026-10-02T04:20:31-10:00job:github_sync_all | ↑ [ecosystem] local is ahead of GitHub
2026-10-02T04:20:31-10:00job:github_sync_all | To github.com:RootRecord-Software-Solutions/RootRecord-Ecosystem.git
2026-10-02T04:20:31-10:00job:github_sync_all | 0bffea89..40d39e3b  HEAD -> main
2026-10-02T04:20:31-10:00job:github_sync_all | branch 'main' set up to track 'origin/main'.
2026-10-02T04:20:31-10:00job:github_sync_all | ↑ [ecosystem] 15 files → RootRecord-Software-Solutions/RootRecord-Ecosystem (main)
2026-10-02T04:20:31-10:00job:github_sync_all | ↑ [pacific] committed 1 local file(s)
2026-10-02T04:20:31-10:00job:github_sync_all | ↓ [pacific] fetching origin/main
2026-10-02T04:20:31-10:00job:github_sync_all | From github.com:RootRecord-Software-Solutions/RootRecord-Pacific-Solar-Server
2026-10-02T04:20:31-10:00job:github_sync_all | * branch            main       -> FETCH_HEAD
2026-10-02T04:20:31-10:00job:github_sync_all | ↑ [pacific] local is ahead of GitHub
2026-10-02T04:20:31-10:00job:github_sync_all | To github.com:RootRecord-Software-Solutions/RootRecord-Pacific-Solar-Server.git
2026-10-02T04:20:31-10:00job:github_sync_all | 7dbc090..73f79cd  HEAD -> main
2026-10-02T04:20:31-10:00job:github_sync_all | branch 'main' set up to track 'origin/main'.
2026-10-02T04:20:31-10:00job:github_sync_all | ↑ [pacific] 1 files → RootRecord-Software-Solutions/RootRecord-Pacific-Solar-Server (main)
2026-10-02T04:20:31-10:00job:github_sync_all | ↑ [database] committed 72 local file(s)
2026-10-02T04:20:31-10:00job:github_sync_all | ↓ [database] fetching origin/main
2026-10-02T04:20:31-10:00job:github_sync_all | From github.com:RootRecord-Software-Solutions/RootRecord-Database
2026-10-02T04:20:31-10:00job:github_sync_all | * branch              main       -> FETCH_HEAD
2026-10-02T04:20:31-10:00job:github_sync_all | ↑ [database] local is ahead of GitHub
2026-10-02T04:20:31-10:00job:github_sync_all | To github.com:RootRecord-Software-Solutions/RootRecord-Database.git
2026-10-02T04:20:31-10:00job:github_sync_all | 19fe2ebb..d030b52b  HEAD -> main
2026-10-02T04:20:31-10:00job:github_sync_all | branch 'main' set up to track 'origin/main'.
2026-10-02T04:20:31-10:00job:github_sync_all | ↑ [database] 72 files → RootRecord-Software-Solutions/RootRecord-Database (main)
2026-10-02T04:20:31-10:00job:github_sync_all | — [library] no local changes
2026-10-02T04:20:31-10:00job:github_sync_all | ↓ [library] fetching origin/main
2026-10-02T04:20:31-10:00job:github_sync_all | From github.com:RootRecord-Software-Solutions/RootRecord-Library
2026-10-02T04:20:31-10:00job:github_sync_all | * branch            main       -> FETCH_HEAD
2026-10-02T04:20:31-10:00job:github_sync_all | — [library] local and GitHub already match
2026-10-02T04:20:31-10:00job:github_sync_all | — [library] nothing to push
2026-10-02T04:20:31-10:00job:github_sync_all | — [website] no local changes
2026-10-02T04:20:31-10:00job:github_sync_all | ↓ [website] fetching origin/main
2026-10-02T04:20:31-10:00job:github_sync_all | From github.com:RootRecord-Software-Solutions/RootRecord-Website
2026-10-02T04:20:31-10:00job:github_sync_all | * branch            main       -> FETCH_HEAD
2026-10-02T04:20:31-10:00job:github_sync_all | — [website] local and GitHub already match
2026-10-02T04:20:31-10:00job:github_sync_all | — [website] nothing to push
2026-10-02T04:20:31-10:00job:github_sync_all | — [website-personal] no local changes
2026-10-02T04:20:31-10:00job:system_uptime_log RUN  python3 "/home/rootrecord/RootRecord-Ecosystem/1 - Servers/1 - RootRecord-Pacific-Solar-Server/System/scripts/uptime_log.py" tick
2026-10-02T04:20:31-10:00job:system_uptime_log | {"ok": true, "facts": {"process_uptime_s": null, "boot_uptime_s": 2650, "desk_uptime_s": 226464, "origin_started_at": "2026-09-29T23:26:06.758795+00:00", "last_return_at": "2026-10-02T14:20:31.191745+00:00", "last_return_kind": "desk_up"}}
2026-10-02T04:20:31-10:00job:status_snapshot RUN  nice -n 10 python3 "/home/rootrecord/RootRecord-Ecosystem/1 - Servers/1 - RootRecord-Pacific-Solar-Server/Website/scripts/live_data_pages.py"
2026-10-02T04:20:31-10:00job:status_snapshot | live-data 6 pages
2026-10-02T04:20:31-10:00ENERGY  status=live  B2=2.7%  B1=16.6%  solar=0 W  ac=0 W  usbc=0 W  src=/home/rootrecord/RootRecord-Ecosystem/2 - RootRecord-Database/Energy  LAP=100%/Full/AC
2026-10-02T04:20:31-10:00job:sys_stats_cycle RUN  bash "/home/rootrecord/RootRecord-Ecosystem/1 - Servers/1 - RootRecord-Pacific-Solar-Server/System/scripts/sys-sample.sh"
2026-10-02T04:20:33-10:00job:sys_stats_cycle | SYSTEM  cpu=7%  load=0.76  mem=21%  src=sqlite
2026-10-02T04:20:33-10:00job:sys_stats_cycle | OK wrote /home/rootrecord/RootRecord-Ecosystem/2 - RootRecord-Database/System/samples/sys-20261002-042032.json
2026-10-02T04:20:33-10:00job:worklog_scan RUN  bash "/home/rootrecord/RootRecord-Ecosystem/1 - Servers/1 - RootRecord-Pacific-Solar-Server/Reports/scripts/worklog_once.sh"
2026-10-02T04:21:06-10:00tunnel timeout — reconnecting
2026-10-02T04:21:06-10:00tunnel timeout — reconnecting
2026-10-02T04:21:06-10:00tunnel timeout — reconnecting
2026-10-02T04:21:06-10:00tunnel timeout — reconnecting
2026-10-02T04:21:06-10:00tunnel DNS/edge discovery failed — check internet + resolver (try 1.1.1.1)
2026-10-02T04:21:07-10:00tunnel timeout — reconnecting
2026-10-02T04:21:07-10:00tunnel timeout — reconnecting
2026-10-02T04:21:07-10:00tunnel timeout — reconnecting
2026-10-02T04:21:11-10:00tunnel timeout — reconnecting
2026-10-02T04:21:14-10:00tunnel timeout — reconnecting
2026-10-02T04:21:14-10:00tunnel timeout — reconnecting
2026-10-02T04:21:14-10:00tunnel timeout — reconnecting
2026-10-02T04:21:16-10:00tunnel timeout — reconnecting
2026-10-02T04:21:17-10:00tunnel timeout — reconnecting
2026-10-02T04:21:17-10:00tunnel timeout — reconnecting
2026-10-02T04:21:18-10:00tunnel timeout — reconnecting
2026-10-02T04:21:23-10:00tunnel timeout — reconnecting
2026-10-02T04:21:28-10:00cloudflared ERR: 2026-10-02T14:21:28Z ERR Failed to dial a quic connection error="failed to dial to edge with quic: write udp [::]:54419-
2026-10-02T04:21:51-10:00cloudflared ERR: 2026-10-02T14:21:51Z ERR Failed to dial a quic connection error="failed to dial to edge with quic: write udp [::]:54419-
2026-10-02T04:22:20-10:00cloudflared ERR: 2026-10-02T14:22:20Z ERR Failed to dial a quic connection error="failed to dial to edge with quic: write udp [::]:54419-
2026-10-02T04:22:47-10:00cloudflared ERR: 2026-10-02T14:22:47Z ERR Failed to dial a quic connection error="failed to dial to edge with quic: write udp [::]:54419-
2026-10-02T04:23:14-10:00cloudflared ERR: 2026-10-02T14:23:14Z ERR Failed to dial a quic connection error="failed to dial to edge with quic: write udp [::]:47727-
2026-10-02T04:23:14-10:00cloudflared ERR: 2026-10-02T14:23:14Z ERR Failed to dial a quic connection error="failed to dial to edge with quic: write udp [::]:37723-
2026-10-02T04:23:14-10:00cloudflared ERR: 2026-10-02T14:23:14Z ERR Failed to dial a quic connection error="failed to dial to edge with quic: write udp [::]:47083-
2026-10-02T04:23:18-10:00cloudflared ERR: 2026-10-02T14:23:18Z ERR Failed to dial a quic connection error="failed to dial to edge with quic: write udp [::]:54419-
2026-10-02T04:23:19-10:00tunnel connection terminated
2026-10-02T04:23:20-10:00tunnel connection terminated
2026-10-02T04:23:21-10:00tunnel connection terminated
2026-10-02T04:23:33-10:00job:worklog_scan TIMEOUT after 180s
2026-10-02T04:23:33-10:00job:security_camera_frame_grab RUN  bash "/home/rootrecord/RootRecord-Ecosystem/1 - Servers/1 - RootRecord-Pacific-Solar-Server/Security/Cameras/grab_all.sh"
2026-10-02T04:23:33-10:00job:security_camera_frame_grab | 04:23:33  ✗  a-eyes  ch1 FAILED: [tcp @ 0x60b18f4de940] Connection to tcp://192.168.1.33:554?timeout=0 failed: Network is unreachable
2026-10-02T04:23:33-10:00job:security_camera_frame_grab | [in#0 @ 0x60b18f4dbc40] Error opening input: Netw
2026-10-02T04:23:33-10:00job:security_camera_frame_grab | a-eyes: ch1 grab failed
2026-10-02T04:23:33-10:00job:security_camera_frame_grab | 04:23:33  ✗  a-eyes  ch2 FAILED: [tcp @ 0x5ffcd0602940] Connection to tcp://192.168.1.33:554?timeout=0 failed: Network is unreachable
2026-10-02T04:23:33-10:00job:security_camera_frame_grab | [in#0 @ 0x5ffcd05ffc40] Error opening input: Netw
2026-10-02T04:23:33-10:00job:security_camera_frame_grab | a-eyes: ch2 grab failed
2026-10-02T04:23:33-10:00job:security_camera_frame_grab | 04:23:33  ✗  a-eyes  ch3 FAILED: [tcp @ 0x58f54b505940] Connection to tcp://192.168.1.33:554?timeout=0 failed: Network is unreachable
2026-10-02T04:23:33-10:00job:security_camera_frame_grab | [in#0 @ 0x58f54b502c40] Error opening input: Netw
2026-10-02T04:23:33-10:00job:security_camera_frame_grab | a-eyes: ch3 grab failed
2026-10-02T04:23:33-10:00job:security_camera_frame_grab | 04:23:33  ✗  a-eyes  ch4 FAILED: [tcp @ 0x5d31641bf940] Connection to tcp://192.168.1.33:554?timeout=0 failed: Network is unreachable
2026-10-02T04:23:33-10:00job:security_camera_frame_grab | [in#0 @ 0x5d31641bcc40] Error opening input: Netw
2026-10-02T04:23:33-10:00job:security_camera_frame_grab | a-eyes: ch4 grab failed
2026-10-02T04:23:33-10:00job:service_supervisor RUN  bash "/home/rootrecord/RootRecord-Ecosystem/1 - Servers/1 - RootRecord-Pacific-Solar-Server/Automations/scripts/supervise-services.sh"
2026-10-02T04:23:33-10:00job:service_supervisor | [supervisor] weather alive pid=197847 (act)
2026-10-02T04:23:33-10:00job:service_supervisor | [supervisor] relay alive pid=5979 (act)
2026-10-02T04:23:33-10:00job:system_net_sample RUN  nice -n 10 python3 "/home/rootrecord/RootRecord-Ecosystem/1 - Servers/1 - RootRecord-Pacific-Solar-Server/System/scripts/host_desks.py" net-sample
2026-10-02T04:23:33-10:00job:system_net_sample | {"ok": true, "file": "/home/rootrecord/RootRecord-Ecosystem/2 - RootRecord-Database/System/network/Daily/net-20261002.jsonl", "iface": "wlo1", "hour": {"seconds": 3948, "rx": 76608554, "tx": 4069466, "total": 80678020, "iface": "wlo1", "link": "wireless"}, "day": {"seconds": 95627, "rx": 171563369, "tx": 25325375, "total": 196888744, "iface": "wlo1", "link": "wireless"}}
2026-10-02T04:23:33-10:00job:discord_report_relay SKIP — offline (will retry when internet is up)
2026-10-02T04:23:33-10:00internet DOWN — net services waiting (retry ~60s)
2026-10-02T04:23:33-10:00job:voice_system_perf RUN  nice -n 10 python3 "/home/rootrecord/RootRecord-Ecosystem/1 - Servers/1 - RootRecord-Pacific-Solar-Server/Media/Voice/scripts/system_perf.py"
2026-10-02T04:23:37-10:00cloudflared ERR: 2026-10-02T14:23:37Z ERR Failed to dial a quic connection error="failed to dial to edge with quic: write udp [::]:54419-
2026-10-02T04:23:37-10:00cloudflared ERR: 2026-10-02T14:23:37Z ERR Failed to dial a quic connection error="failed to dial to edge with quic: write udp [::]:47083-
2026-10-02T04:23:37-10:00cloudflared ERR: 2026-10-02T14:23:37Z ERR Failed to dial a quic connection error="failed to dial to edge with quic: write udp [::]:37723-
2026-10-02T04:23:37-10:00cloudflared ERR: 2026-10-02T14:23:37Z ERR Failed to dial a quic connection error="failed to dial to edge with quic: write udp [::]:47727-
2026-10-02T04:23:41-10:00tunnel connection terminated
2026-10-02T04:23:47-10:00tunnel connection terminated
2026-10-02T04:23:48-10:00tunnel connection terminated
2026-10-02T04:23:48-10:00cloudflared ERR: 2026-10-02T14:23:48Z ERR Failed to dial a quic connection error="failed to dial to edge with quic: write udp [::]:47727-
2026-10-02T04:23:48-10:00cloudflared ERR: 2026-10-02T14:23:48Z ERR Failed to dial a quic connection error="failed to dial to edge with quic: write udp [::]:47083-
2026-10-02T04:23:48-10:00cloudflared ERR: 2026-10-02T14:23:48Z ERR Failed to dial a quic connection error="failed to dial to edge with quic: write udp [::]:37723-
2026-10-02T04:23:54-10:00tunnel connection terminated
2026-10-02T04:23:55-10:00cloudflared ERR: 2026-10-02T14:23:55Z ERR Failed to dial a quic connection error="failed to dial to edge with quic: write udp [::]:54419-
2026-10-02T04:23:56-10:00cloudflared ERR: 2026-10-02T14:23:56Z ERR Failed to dial a quic connection error="failed to dial to edge with quic: write udp [::]:54419-
2026-10-02T04:24:00-10:00tunnel connection terminated
2026-10-02T04:24:01-10:00job:voice_system_perf | {"ok": true, "report": "system_perf", "md": "/home/rootrecord/RootRecord-Ecosystem/test-reports/Voice/system_perf_current.md", "cpu_pct": 1.8, "mem_pct": 21.6, "status_starting": {"ok": true, "played": true, "phase": "starting", "wav": "/home/rootrecord/RootRecord-Ecosystem/2 - RootRecord-Database/Media/Audio/Voice/Clips/Bruce/system_perf_starting.wav"}, "voice_rc": 0, "voice": {"ok": true, "mode": "stitch", "report": "system_perf", "agent": "bruce", "voice": "am_echo", "speed": 1.0, "wav": "/home/rootrecord/RootRecord-Ecosystem/2 - RootRecord-Database/Media/Audio/Voice/system_perf_current.wav", "clips_used": 0, "live_sentences": 15, "model_loaded": true, "render_s": 15.39, "sample_rate": 24000, "channels": 1, "subtype": "PCM_16", "duration_s": 40.057, "peak_dbfs": -1.5, "rms_dbfs": -20.26, "lead_silence_ms": 113, "qc": "PASS", "wall_s": 15.44, "peak_rss_mb": 1801}, "deliver": {"ok": false, "sent": false, "detail": "telegram unreachable (gaierror)", "persona": "bruce", "plan": {"voice": true, "transcript": false, "report": true}}, "status_transit": {"ok": true, "played": true, "phase": "transit", "wav": "/home/rootrecord/RootRecord-Ecosystem/2 - RootRecord-Database/Media/Audio/Voice/Clips/Bruce/system_perf_transit.wav"}, "radio": {"ok": false, "detail": "remote_dir", "report": "system_perf"}, "status_send": {"ok": true, "played": true, "phase": "failed", "wav": "/home/rootrecord/RootRecord-Ecosystem/2 - RootRecord-Database/Media/Audio/Voice/Clips/Bruce/system_perf_failed.wav"}}
2026-10-02T04:24:01-10:00job:voice_nws_weather RUN  nice -n 10 python3 "/home/rootrecord/RootRecord-Ecosystem/1 - Servers/1 - RootRecord-Pacific-Solar-Server/Media/Voice/scripts/voice_reports.py" nws_weather
2026-10-02T04:24:09-10:00cloudflared ERR: 2026-10-02T14:24:09Z ERR Failed to dial a quic connection error="failed to dial to edge with quic: write udp [::]:47727-
2026-10-02T04:24:09-10:00cloudflared ERR: 2026-10-02T14:24:09Z ERR Failed to dial a quic connection error="failed to dial to edge with quic: write udp [::]:47083-
2026-10-02T04:24:12-10:00tunnel connection terminated
2026-10-02T04:24:15-10:00cloudflared ERR: 2026-10-02T14:24:15Z ERR Failed to dial a quic connection error="failed to dial to edge with quic: write udp [::]:54419-
2026-10-02T04:24:36-10:00tunnel connection terminated
2026-10-02T04:24:39-10:00job:voice_nws_weather | {"ok": true, "report": "nws_weather", "md": "/home/rootrecord/RootRecord-Ecosystem/test-reports/Voice/nws_weather_current.md", "sentences": 7, "status_starting": {"ok": true, "played": true, "phase": "starting", "wav": "/home/rootrecord/RootRecord-Ecosystem/2 - RootRecord-Database/Media/Audio/Voice/Clips/Ava/nws_weather_starting.wav"}, "voice": {"ok": true, "mode": "stitch", "report": "nws_weather", "agent": "ava", "voice": "af_heart", "speed": 1.0, "wav": "/home/rootrecord/RootRecord-Ecosystem/2 - RootRecord-Database/Media/Audio/Voice/nws_weather_current.wav", "clips_used": 0, "live_sentences": 18, "model_loaded": true, "render_s": 24.25, "sample_rate": 24000, "channels": 1, "subtype": "PCM_16", "duration_s": 69.739, "peak_dbfs": -1.5, "rms_dbfs": -20.34, "lead_silence_ms": 113, "qc": "PASS", "wall_s": 24.29, "peak_rss_mb": 1965, "rc": 0}, "deliver": {"ok": false, "sent": false, "detail": "telegram unreachable (gaierror)", "persona": "ava", "plan": {"voice": true, "transcript": false, "report": true}}, "status_transit": {"ok": true, "played": true, "phase": "transit", "wav": "/home/rootrecord/RootRecord-Ecosystem/2 - RootRecord-Database/Media/Audio/Voice/Clips/Ava/nws_weather_transit.wav"}, "radio": {"ok": false, "detail": "remote_dir", "report": "nws_weather"}, "status_send": {"ok": true, "played": true, "phase": "failed", "wav": "/home/rootrecord/RootRecord-Ecosystem/2 - RootRecord-Database/Media/Audio/Voice/Clips/Ava/nws_weather_failed.wav"}}
2026-10-02T04:24:39-10:00job:voice_remaining_tasks RUN  nice -n 10 python3 "/home/rootrecord/RootRecord-Ecosystem/1 - Servers/1 - RootRecord-Pacific-Solar-Server/Media/Voice/scripts/voice_reports.py" remaining_tasks
2026-10-02T04:24:39-10:00cloudflared ERR: 2026-10-02T14:24:39Z ERR Failed to dial a quic connection error="failed to dial to edge with quic: write udp [::]:54419-
2026-10-02T04:24:40-10:00tunnel connection terminated
2026-10-02T04:24:43-10:00cloudflared ERR: 2026-10-02T14:24:43Z ERR Failed to dial a quic connection error="failed to dial to edge with quic: write udp [::]:54419-
2026-10-02T04:24:52-10:00cloudflared ERR: 2026-10-02T14:24:52Z ERR Failed to dial a quic connection error="failed to dial to edge with quic: write udp [::]:47727-
2026-10-02T04:24:57-10:00tunnel timeout — reconnecting
2026-10-02T04:24:57-10:00tunnel timeout — reconnecting
2026-10-02T04:24:59-10:00job:voice_remaining_tasks | {"ok": true, "report": "remaining_tasks", "md": "/home/rootrecord/RootRecord-Ecosystem/test-reports/Voice/remaining_tasks_current.md", "sentences": 5, "status_starting": {"ok": true, "played": true, "phase": "starting", "wav": "/home/rootrecord/RootRecord-Ecosystem/2 - RootRecord-Database/Media/Audio/Voice/Clips/Bruce/remaining_tasks_starting.wav"}, "voice": {"ok": true, "mode": "stitch", "report": "remaining_tasks", "agent": "bruce", "voice": "am_echo", "speed": 1.0, "wav": "/home/rootrecord/RootRecord-Ecosystem/2 - RootRecord-Database/Media/Audio/Voice/remaining_tasks_current.wav", "clips_used": 0, "live_sentences": 4, "model_loaded": true, "render_s": 7.67, "sample_rate": 24000, "channels": 1, "subtype": "PCM_16", "duration_s": 13.716, "peak_dbfs": -1.5, "rms_dbfs": -20.22, "lead_silence_ms": 115, "qc": "PASS", "wall_s": 7.71, "peak_rss_mb": 1351, "rc": 0}, "deliver": {"ok": false, "sent": false, "detail": "telegram unreachable (gaierror)", "persona": "bruce", "plan": {"voice": true, "transcript": false, "report": true}}, "status_transit": {"ok": true, "played": true, "phase": "transit", "wav": "/home/rootrecord/RootRecord-Ecosystem/2 - RootRecord-Database/Media/Audio/Voice/Clips/Bruce/remaining_tasks_transit.wav"}, "radio": {"ok": false, "detail": "remote_dir", "report": "remaining_tasks"}, "status_send": {"ok": true, "played": true, "phase": "failed", "wav": "/home/rootrecord/RootRecord-Ecosystem/2 - RootRecord-Database/Media/Audio/Voice/Clips/Bruce/remaining_tasks_failed.wav"}}
2026-10-02T04:24:59-10:00job:voice_earthquake_report RUN  nice -n 10 python3 "/home/rootrecord/RootRecord-Ecosystem/1 - Servers/1 - RootRecord-Pacific-Solar-Server/Media/Voice/scripts/voice_reports.py" earthquake_report
2026-10-02T04:25:07-10:00tunnel connection terminated
2026-10-02T04:25:12-10:00tunnel timeout — reconnecting
2026-10-02T04:25:21-10:00tunnel timeout — reconnecting
2026-10-02T04:25:24-10:00tunnel timeout — reconnecting
2026-10-02T04:25:41-10:00job:voice_earthquake_report | {"ok": true, "report": "earthquake_report", "md": "/home/rootrecord/RootRecord-Ecosystem/test-reports/Voice/earthquake_report_current.md", "sentences": 8, "status_starting": {"ok": true, "played": true, "phase": "starting", "wav": "/home/rootrecord/RootRecord-Ecosystem/2 - RootRecord-Database/Media/Audio/Voice/Clips/Carly/earthquake_report_starting.wav"}, "voice": {"ok": true, "mode": "stitch", "report": "earthquake_report", "agent": "carly", "voice": "af_nova", "speed": 1.0, "wav": "/home/rootrecord/RootRecord-Ecosystem/2 - RootRecord-Database/Media/Audio/Voice/earthquake_report_current.wav", "clips_used": 0, "live_sentences": 7, "model_loaded": true, "render_s": 11.96, "sample_rate": 24000, "channels": 1, "subtype": "PCM_16", "duration_s": 27.887, "peak_dbfs": -1.5, "rms_dbfs": -20.43, "lead_silence_ms": 115, "qc": "PASS", "wall_s": 12.01, "peak_rss_mb": 1508, "rc": 0}, "deliver": {"ok": true, "sent": true, "persona": "carly", "chat": "-1004367256267", "message_id": 2585, "transcript": false, "report": true, "photo": false, "plan": {"voice": true, "transcript": false, "report": true}}, "status_transit": {"ok": true, "played": true, "phase": "transit", "wav": "/home/rootrecord/RootRecord-Ecosystem/2 - RootRecord-Database/Media/Audio/Voice/Clips/Carly/earthquake_report_transit.wav"}, "radio": {"ok": true, "report": "earthquake_report", "file": "earthquake_report_current.opus", "bytes": 84296, "stage": {"ok": true, "report": "earthquake_report", "slot": "04:30", "file": "earthquake_report-half.opus"}}, "status_send": {"ok": true, "played": true, "phase": "sent", "wav": "/home/rootrecord/RootRecord-Ecosystem/2 - RootRecord-Database/Media/Audio/Voice/Clips/Carly/earthquake_report_sent.wav"}}
2026-10-02T04:25:41-10:00job:voice_kilauea_report RUN  nice -n 10 python3 "/home/rootrecord/RootRecord-Ecosystem/1 - Servers/1 - RootRecord-Pacific-Solar-Server/Media/Voice/scripts/voice_reports.py" kilauea_report
2026-10-02T04:25:44-10:00cloudflared ERR: 2026-10-02T14:25:44Z ERR Failed to dial a quic connection error="failed to dial to edge with quic: write udp [::]:54419-
2026-10-02T04:26:02-10:00tunnel connected  conn=0  edge=lax10
2026-10-02T04:26:31-10:00job:voice_kilauea_report | {"ok": true, "report": "kilauea_report", "md": "/home/rootrecord/RootRecord-Ecosystem/test-reports/Voice/kilauea_report_current.md", "sentences": 10, "status_starting": {"ok": true, "played": true, "phase": "starting", "wav": "/home/rootrecord/RootRecord-Ecosystem/2 - RootRecord-Database/Media/Audio/Voice/Clips/Carly/kilauea_report_starting.wav"}, "voice": {"ok": true, "mode": "stitch", "report": "kilauea_report", "agent": "carly", "voice": "af_nova", "speed": 1.0, "wav": "/home/rootrecord/RootRecord-Ecosystem/2 - RootRecord-Database/Media/Audio/Voice/kilauea_report_current.wav", "clips_used": 0, "live_sentences": 11, "model_loaded": true, "render_s": 17.52, "sample_rate": 24000, "channels": 1, "subtype": "PCM_16", "duration_s": 43.199, "peak_dbfs": -1.5, "rms_dbfs": -20.47, "lead_silence_ms": 101, "qc": "PASS", "wall_s": 17.56, "peak_rss_mb": 1704, "rc": 0}, "deliver": {"ok": true, "sent": true, "persona": "carly", "chat": "-1004367256267", "message_id": 2587, "transcript": false, "report": true, "photo": false, "plan": {"voice": true, "transcript": false, "report": true}}, "status_transit": {"ok": true, "played": true, "phase": "transit", "wav": "/home/rootrecord/RootRecord-Ecosystem/2 - RootRecord-Database/Media/Audio/Voice/Clips/Carly/kilauea_report_transit.wav"}, "radio": {"ok": true, "report": "kilauea_report", "file": "kilauea_report_current.opus", "bytes": 129924, "stage": {"ok": true, "report": "kilauea_report", "slot": "04:30", "file": "kilauea_report-half.opus"}}, "status_send": {"ok": true, "played": true, "phase": "sent", "wav": "/home/rootrecord/RootRecord-Ecosystem/2 - RootRecord-Database/Media/Audio/Voice/Clips/Carly/kilauea_report_sent.wav"}}
2026-10-02T04:26:31-10:00job:voice_solar_desk RUN  nice -n 10 python3 "/home/rootrecord/RootRecord-Ecosystem/1 - Servers/1 - RootRecord-Pacific-Solar-Server/Media/Voice/scripts/voice_reports.py" solar_desk
2026-10-02T04:27:19-10:00cloudflared ERR: 2026-10-02T14:27:19Z WRN Failed to dial a quic connection error="failed to dial to edge with quic: write udp [::]:37723-
2026-10-02T04:27:19-10:00cloudflared ERR: 2026-10-02T14:27:19Z WRN Failed to dial a quic connection error="failed to dial to edge with quic: write udp [::]:47083-
2026-10-02T04:27:20-10:00tunnel connection terminated
2026-10-02T04:27:20-10:00tunnel connected  conn=1  edge=lax10
2026-10-02T04:27:42-10:00tunnel connection terminated
2026-10-02T04:28:20-10:00job:voice_solar_desk | {"ok": true, "report": "solar_desk", "md": "/home/rootrecord/RootRecord-Ecosystem/test-reports/Voice/solar_desk_current.md", "sentences": 11, "status_starting": {"ok": true, "played": true, "phase": "starting", "wav": "/home/rootrecord/RootRecord-Ecosystem/2 - RootRecord-Database/Media/Audio/Voice/Clips/Bruce/solar_desk_starting.wav"}, "voice": {"ok": true, "mode": "stitch", "report": "solar_desk", "agent": "bruce", "voice": "am_echo", "speed": 1.0, "wav": "/home/rootrecord/RootRecord-Ecosystem/2 - RootRecord-Database/Media/Audio/Voice/solar_desk_current.wav", "clips_used": 0, "live_sentences": 9, "model_loaded": true, "render_s": 16.13, "sample_rate": 24000, "channels": 1, "subtype": "PCM_16", "duration_s": 41.581, "peak_dbfs": -1.5, "rms_dbfs": -20.26, "lead_silence_ms": 115, "qc": "PASS", "wall_s": 16.17, "peak_rss_mb": 1660, "rc": 0}, "deliver": {"ok": true, "sent": true, "persona": "bruce", "chat": "-1004367256267", "message_id": 2589, "transcript": false, "report": true, "photo": true, "plan": {"voice": true, "transcript": false, "report": true}}, "status_transit": {"ok": true, "played": true, "phase": "transit", "wav": "/home/rootrecord/RootRecord-Ecosystem/2 - RootRecord-Database/Media/Audio/Voice/Clips/Bruce/solar_desk_transit.wav"}, "radio": {"ok": true, "report": "solar_desk", "file": "solar_desk_current.opus", "bytes": 126069, "stage": {"ok": true, "report": "solar_desk", "slot": "04:30", "file": "solar_desk-half.opus"}}, "status_send": {"ok": true, "played": true, "phase": "sent", "wav": "/home/rootrecord/RootRecord-Ecosystem/2 - RootRecord-Database/Media/Audio/Voice/Clips/Bruce/solar_desk_sent.wav"}}
2026-10-02T04:28:20-10:00job:voice_security_desk RUN  nice -n 10 python3 "/home/rootrecord/RootRecord-Ecosystem/1 - Servers/1 - RootRecord-Pacific-Solar-Server/Media/Voice/scripts/voice_reports.py" security_desk
2026-10-02T04:28:59-10:00job:voice_security_desk | {"ok": true, "report": "security_desk", "md": "/home/rootrecord/RootRecord-Ecosystem/test-reports/Voice/security_desk_current.md", "sentences": 7, "status_starting": {"ok": true, "played": true, "phase": "starting", "wav": "/home/rootrecord/RootRecord-Ecosystem/2 - RootRecord-Database/Media/Audio/Voice/Clips/Carly/security_desk_starting.wav"}, "voice": {"ok": true, "mode": "stitch", "report": "security_desk", "agent": "carly", "voice": "af_nova", "speed": 1.0, "wav": "/home/rootrecord/RootRecord-Ecosystem/2 - RootRecord-Database/Media/Audio/Voice/security_desk_current.wav", "clips_used": 0, "live_sentences": 6, "model_loaded": true, "render_s": 8.81, "sample_rate": 24000, "channels": 1, "subtype": "PCM_16", "duration_s": 16.712, "peak_dbfs": -3.0, "rms_dbfs": -20.29, "lead_silence_ms": 110, "qc": "PASS", "wall_s": 8.85, "peak_rss_mb": 1393, "rc": 0}, "deliver": {"ok": true, "sent": true, "persona": "carly", "chat": "-1004367256267", "message_id": 2592, "transcript": false, "report": true, "photo": false, "plan": {"voice": true, "transcript": false, "report": true}}, "status_transit": {"ok": true, "played": true, "phase": "transit", "wav": "/home/rootrecord/RootRecord-Ecosystem/2 - RootRecord-Database/Media/Audio/Voice/Clips/Carly/security_desk_transit.wav"}, "radio": {"ok": true, "report": "security_desk", "file": "security_desk_current.opus", "bytes": 49780, "stage": {"ok": true, "report": "security_desk", "slot": "04:30", "file": "security_desk-half.opus"}}, "status_send": {"ok": true, "played": true, "phase": "sent", "wav": "/home/rootrecord/RootRecord-Ecosystem/2 - RootRecord-Database/Media/Audio/Voice/Clips/Carly/security_desk_sent.wav"}}
2026-10-02T04:28:59-10:00job:voice_bandwidth_desk RUN  nice -n 10 python3 "/home/rootrecord/RootRecord-Ecosystem/1 - Servers/1 - RootRecord-Pacific-Solar-Server/Media/Voice/scripts/voice_reports.py" bandwidth_desk
2026-10-02T04:29:02-10:00tunnel timeout — reconnecting
2026-10-02T04:29:03-10:00tunnel timeout — reconnecting
2026-10-02T04:29:58-10:00job:voice_bandwidth_desk | {"ok": true, "report": "bandwidth_desk", "md": "/home/rootrecord/RootRecord-Ecosystem/test-reports/Voice/bandwidth_desk_current.md", "sentences": 9, "status_starting": {"ok": true, "played": true, "phase": "starting", "wav": "/home/rootrecord/RootRecord-Ecosystem/2 - RootRecord-Database/Media/Audio/Voice/Clips/Carly/bandwidth_desk_starting.wav"}, "voice": {"ok": true, "mode": "stitch", "report": "bandwidth_desk", "agent": "carly", "voice": "af_nova", "speed": 1.0, "wav": "/home/rootrecord/RootRecord-Ecosystem/2 - RootRecord-Database/Media/Audio/Voice/bandwidth_desk_current.wav", "clips_used": 0, "live_sentences": 9, "model_loaded": true, "render_s": 16.64, "sample_rate": 24000, "channels": 1, "subtype": "PCM_16", "duration_s": 41.744, "peak_dbfs": -1.5, "rms_dbfs": -20.71, "lead_silence_ms": 115, "qc": "PASS", "wall_s": 16.68, "peak_rss_mb": 1637, "rc": 0}, "deliver": {"ok": true, "sent": true, "persona": "carly", "chat": "-1004367256267", "message_id": 2594, "transcript": false, "report": true, "photo": false, "plan": {"voice": true, "transcript": false, "report": true}}, "status_transit": {"ok": true, "played": true, "phase": "transit", "wav": "/home/rootrecord/RootRecord-Ecosystem/2 - RootRecord-Database/Media/Audio/Voice/Clips/Carly/bandwidth_desk_transit.wav"}, "radio": {"ok": true, "report": "bandwidth_desk", "file": "bandwidth_desk_current.opus", "bytes": 126207, "stage": {"ok": true, "report": "bandwidth_desk", "slot": "04:30", "file": "bandwidth_desk-half.opus"}}, "status_send": {"ok": true, "played": true, "phase": "sent", "wav": "/home/rootrecord/RootRecord-Ecosystem/2 - RootRecord-Database/Media/Audio/Voice/Clips/Carly/bandwidth_desk_sent.wav"}}
2026-10-02T04:29:58-10:00job:voice_current_report RUN  nice -n 10 python3 "/home/rootrecord/RootRecord-Ecosystem/1 - Servers/1 - RootRecord-Pacific-Solar-Server/Media/Voice/scripts/voice_reports.py" current_report
2026-10-02T04:31:24-10:00job:voice_current_report | {"ok": true, "report": "current_report", "md": "/home/rootrecord/RootRecord-Ecosystem/2 - RootRecord-Database/Reports/current_report_current.md", "sentences": 33, "status_starting": {"ok": true, "played": true, "phase": "starting", "wav": "/home/rootrecord/RootRecord-Ecosystem/2 - RootRecord-Database/Media/Audio/Voice/Clips/Ava/current_report_starting.wav"}, "voice": {"ok": true, "mode": "stitch", "report": "current_report", "agent": "ava", "voice": "af_heart", "speed": 1.0, "wav": "/home/rootrecord/RootRecord-Ecosystem/2 - RootRecord-Database/Media/Audio/Voice/current_report_current.wav", "clips_used": 0, "live_sentences": 42, "model_loaded": true, "render_s": 53.94, "sample_rate": 24000, "channels": 1, "subtype": "PCM_16", "duration_s": 164.712, "peak_dbfs": -1.5, "rms_dbfs": -20.39, "lead_silence_ms": 114, "qc": "PASS", "wall_s": 53.99, "peak_rss_mb": 2127, "rc": 0}, "deliver": {"ok": true, "sent": true, "persona": "ava", "chat": "-1004367256267", "message_id": 2596, "transcript": false, "report": true, "photo": false, "plan": {"voice": true, "transcript": false, "report": true}}, "status_transit": {"ok": true, "played": true, "phase": "transit", "wav": "/home/rootrecord/RootRecord-Ecosystem/2 - RootRecord-Database/Media/Audio/Voice/Clips/Ava/current_report_transit.wav"}, "radio": {"ok": true, "report": "current_report", "file": "current_report_current.opus", "bytes": 492133, "stage": {"ok": true, "report": "current_report", "slot": "05:00", "file": "current_report-hour.opus"}}, "status_send": {"ok": true, "played": true, "phase": "sent", "wav": "/home/rootrecord/RootRecord-Ecosystem/2 - RootRecord-Database/Media/Audio/Voice/Clips/Ava/current_report_sent.wav"}}
2026-10-02T04:31:24-10:00ENERGY  status=live  B2=2.7%  B1=14.9%  solar=0 W  ac=0 W  usbc=0 W  src=/home/rootrecord/RootRecord-Ecosystem/2 - RootRecord-Database/Energy  LAP=100%/Full/AC
2026-10-02T04:31:24-10:00job:sys_stats_cycle RUN  bash "/home/rootrecord/RootRecord-Ecosystem/1 - Servers/1 - RootRecord-Pacific-Solar-Server/System/scripts/sys-sample.sh"
2026-10-02T04:31:25-10:00tunnel connected  conn=3  edge=lax01
2026-10-02T04:31:25-10:00tunnel connected  conn=1  edge=lax10
2026-10-02T04:31:25-10:00tunnel connected  conn=2  edge=lax01
2026-10-02T04:31:27-10:00job:sys_stats_cycle | SYSTEM  cpu=1%  load=2.73  mem=22%  src=sqlite
2026-10-02T04:31:27-10:00job:sys_stats_cycle | OK wrote /home/rootrecord/RootRecord-Ecosystem/2 - RootRecord-Database/System/samples/sys-20261002-043125.json
2026-10-02T04:32:29-10:00job:github_sync_all | ↑ [ecosystem] committed 104 local file(s)
2026-10-02T04:32:29-10:00job:github_sync_all | ↓ [ecosystem] fetching origin/main
2026-10-02T04:32:29-10:00job:github_sync_all | From github.com:RootRecord-Software-Solutions/RootRecord-Ecosystem
2026-10-02T04:32:29-10:00job:github_sync_all | * branch              main       -> FETCH_HEAD
2026-10-02T04:32:29-10:00job:github_sync_all | ↑ [ecosystem] local is ahead of GitHub
2026-10-02T04:32:29-10:00job:github_sync_all | To github.com:RootRecord-Software-Solutions/RootRecord-Ecosystem.git
2026-10-02T04:32:29-10:00job:github_sync_all | 40d39e3b..928959b9  HEAD -> main
2026-10-02T04:32:29-10:00job:github_sync_all | branch 'main' set up to track 'origin/main'.
2026-10-02T04:32:29-10:00job:github_sync_all | ↑ [ecosystem] 104 files → RootRecord-Software-Solutions/RootRecord-Ecosystem (main)
2026-10-02T04:32:29-10:00job:github_sync_all | ↑ [pacific] committed 9 local file(s)
2026-10-02T04:32:29-10:00job:github_sync_all | ↓ [pacific] fetching origin/main
2026-10-02T04:32:29-10:00job:github_sync_all | From github.com:RootRecord-Software-Solutions/RootRecord-Pacific-Solar-Server
2026-10-02T04:32:29-10:00job:github_sync_all | * branch            main       -> FETCH_HEAD
2026-10-02T04:32:29-10:00job:github_sync_all | ↑ [pacific] local is ahead of GitHub
2026-10-02T04:32:29-10:00job:github_sync_all | To github.com:RootRecord-Software-Solutions/RootRecord-Pacific-Solar-Server.git
2026-10-02T04:32:29-10:00job:github_sync_all | 73f79cd..f7fa59e  HEAD -> main
2026-10-02T04:32:29-10:00job:github_sync_all | branch 'main' set up to track 'origin/main'.
2026-10-02T04:32:29-10:00job:github_sync_all | ↑ [pacific] 9 files → RootRecord-Software-Solutions/RootRecord-Pacific-Solar-Server (main)
2026-10-02T04:32:29-10:00job:github_sync_all | ↑ [database] committed 104 local file(s)
2026-10-02T04:32:29-10:00job:github_sync_all | ↓ [database] fetching origin/main
2026-10-02T04:32:29-10:00job:github_sync_all | From github.com:RootRecord-Software-Solutions/RootRecord-Database
2026-10-02T04:32:29-10:00job:github_sync_all | * branch              main       -> FETCH_HEAD
2026-10-02T04:32:29-10:00job:github_sync_all | ↑ [database] local is ahead of GitHub
2026-10-02T04:32:29-10:00job:github_sync_all | To github.com:RootRecord-Software-Solutions/RootRecord-Database.git
2026-10-02T04:32:29-10:00job:github_sync_all | d030b52b..67085ed8  HEAD -> main
2026-10-02T04:32:29-10:00job:github_sync_all | branch 'main' set up to track 'origin/main'.
2026-10-02T04:32:29-10:00job:github_sync_all | ↑ [database] 104 files → RootRecord-Software-Solutions/RootRecord-Database (main)
2026-10-02T04:32:29-10:00job:github_sync_all | — [library] no local changes
2026-10-02T04:32:29-10:00job:github_sync_all | ↓ [library] fetching origin/main
2026-10-02T04:32:29-10:00job:github_sync_all | From github.com:RootRecord-Software-Solutions/RootRecord-Library
2026-10-02T04:32:29-10:00job:github_sync_all | * branch            main       -> FETCH_HEAD
2026-10-02T04:32:29-10:00job:github_sync_all | — [library] local and GitHub already match
2026-10-02T04:32:29-10:00job:github_sync_all | — [library] nothing to push
2026-10-02T04:32:29-10:00job:github_sync_all | — [website] no local changes
2026-10-02T04:32:29-10:00job:github_sync_all | ↓ [website] fetching origin/main
2026-10-02T04:32:29-10:00job:github_sync_all | From github.com:RootRecord-Software-Solutions/RootRecord-Website
2026-10-02T04:32:29-10:00job:github_sync_all | * branch            main       -> FETCH_HEAD
2026-10-02T04:32:29-10:00job:github_sync_all | — [website] local and GitHub already match
2026-10-02T04:32:29-10:00job:github_sync_all | — [website] nothing to push
2026-10-02T04:32:29-10:00job:github_sync_all | — [website-personal] no local changes
2026-10-02T04:32:29-10:00job:worklog_scan RUN  bash "/home/rootrecord/RootRecord-Ecosystem/1 - Servers/1 - RootRecord-Pacific-Solar-Server/Reports/scripts/worklog_once.sh"
2026-10-02T04:35:29-10:00job:worklog_scan TIMEOUT after 180s
2026-10-02T04:35:29-10:00job:security_camera_frame_grab RUN  bash "/home/rootrecord/RootRecord-Ecosystem/1 - Servers/1 - RootRecord-Pacific-Solar-Server/Security/Cameras/grab_all.sh"
2026-10-02T04:35:30-10:00tunnel timeout — reconnecting
2026-10-02T04:35:31-10:00tunnel timeout — reconnecting
2026-10-02T04:35:39-10:00tunnel connected  conn=1  edge=lax10
2026-10-02T04:35:47-10:00job:security_camera_frame_grab | 04:35:29  📷  a-eyes  ch1 → ch1-20261002T143529Z.jpg  (291.6 KB, 4.28s)
2026-10-02T04:35:47-10:00job:security_camera_frame_grab | 04:35:33  📷  a-eyes  ch2 → ch2-20261002T143533Z.jpg  (285.0 KB, 4.35s)
2026-10-02T04:35:47-10:00job:security_camera_frame_grab | 04:35:38  📷  a-eyes  ch3 → ch3-20261002T143538Z.jpg  (321.5 KB, 4.66s)
2026-10-02T04:35:47-10:00job:security_camera_frame_grab | 04:35:42  📷  a-eyes  ch4 → ch4-20261002T143542Z.jpg  (296.7 KB, 4.58s)
2026-10-02T04:35:47-10:00job:service_supervisor RUN  bash "/home/rootrecord/RootRecord-Ecosystem/1 - Servers/1 - RootRecord-Pacific-Solar-Server/Automations/scripts/supervise-services.sh"
2026-10-02T04:35:47-10:00job:service_supervisor | [supervisor] weather alive pid=197847 (act)
2026-10-02T04:35:47-10:00job:service_supervisor | [supervisor] relay alive pid=5979 (act)
2026-10-02T04:35:47-10:00job:system_uptime_log RUN  python3 "/home/rootrecord/RootRecord-Ecosystem/1 - Servers/1 - RootRecord-Pacific-Solar-Server/System/scripts/uptime_log.py" tick
2026-10-02T04:35:47-10:00job:system_uptime_log | {"ok": true, "facts": {"process_uptime_s": null, "boot_uptime_s": 3567, "desk_uptime_s": 227380, "origin_started_at": "2026-09-29T23:26:06.758795+00:00", "last_return_at": "2026-10-02T14:35:47.529582+00:00", "last_return_kind": "desk_up"}}
2026-10-02T04:35:47-10:00job:status_snapshot RUN  nice -n 10 python3 "/home/rootrecord/RootRecord-Ecosystem/1 - Servers/1 - RootRecord-Pacific-Solar-Server/Website/scripts/live_data_pages.py"
2026-10-02T04:35:47-10:00job:status_snapshot | live-data 6 pages
2026-10-02T04:35:47-10:00job:system_net_sample RUN  nice -n 10 python3 "/home/rootrecord/RootRecord-Ecosystem/1 - Servers/1 - RootRecord-Pacific-Solar-Server/System/scripts/host_desks.py" net-sample
2026-10-02T04:35:47-10:00job:system_net_sample | {"ok": true, "file": "/home/rootrecord/RootRecord-Ecosystem/2 - RootRecord-Database/System/network/Daily/net-20261002.jsonl", "iface": "wlo1", "hour": {"seconds": 3941, "rx": 57672080, "tx": 592473, "total": 58264553, "iface": "wlo1", "link": "wireless"}, "day": {"seconds": 96361, "rx": 303159912, "tx": 35771887, "total": 338931799, "iface": "wlo1", "link": "wireless"}}
2026-10-02T04:35:47-10:00job:discord_report_relay RUN  nice -n 10 python3 "/home/rootrecord/RootRecord-Ecosystem/1 - Servers/1 - RootRecord-Pacific-Solar-Server/Communications/Discord/scripts/report_relay.py"
2026-10-02T04:35:57-10:00job:discord_report_relay | posted earthquake_report
2026-10-02T04:35:57-10:00job:discord_report_relay | posted kilauea_report
2026-10-02T04:35:57-10:00job:discord_report_relay | posted solar_desk
2026-10-02T04:35:57-10:00job:discord_report_relay | posted security_desk
2026-10-02T04:35:57-10:00job:discord_report_relay | posted bandwidth_desk
2026-10-02T04:35:57-10:00job:discord_report_relay | posted system_perf
2026-10-02T04:35:57-10:00job:voice_kilauea_image_check RUN  nice -n 10 python3 "/home/rootrecord/RootRecord-Ecosystem/1 - Servers/1 - RootRecord-Pacific-Solar-Server/Media/Voice/scripts/voice_reports.py" kilauea_image_check
2026-10-02T04:37:58-10:00job:voice_kilauea_image_check | {"ok": true, "report": "kilauea_image_check", "md": "/home/rootrecord/RootRecord-Ecosystem/test-reports/Voice/kilauea_image_check_current.md", "sentences": 2, "status_starting": {"ok": true, "skipped": true, "detail": "no_status_type", "phase": "starting"}, "voice": {"ok": true, "mode": "stitch", "report": "kilauea_image_check", "agent": "carly", "voice": "af_nova", "speed": 1.0, "wav": "/home/rootrecord/RootRecord-Ecosystem/2 - RootRecord-Database/Media/Audio/Voice/kilauea_image_check_current.wav", "clips_used": 0, "live_sentences": 4, "model_loaded": true, "render_s": 7.19, "sample_rate": 24000, "channels": 1, "subtype": "PCM_16", "duration_s": 11.368, "peak_dbfs": -2.41, "rms_dbfs": -20.25, "lead_silence_ms": 113, "qc": "PASS", "wall_s": 7.34, "peak_rss_mb": 1361, "rc": 0}, "deliver": {"ok": true, "sent": true, "persona": "carly", "chat": "-1004367256267", "message_id": 2598, "transcript": false, "report": true, "photo": false, "plan": {"voice": true, "transcript": false, "report": true}}, "status_transit": {"ok": true, "skipped": true, "detail": "no_status_type", "phase": "transit"}, "radio": {"ok": true, "report": "kilauea_image_check", "file": "kilauea_image_check_current.opus", "bytes": 33998, "stage": {"ok": true, "skipped": true, "detail": "no_stage_type", "report": "kilauea_image_check"}}, "status_send": {"ok": true, "skipped": true, "detail": "no_status_type", "phase": "sent"}}
2026-10-02T04:38:00-10:00job:radio_news_update RUN  nice -n 10 python3 "/home/rootrecord/RootRecord-Ecosystem/1 - Servers/1 - RootRecord-Pacific-Solar-Server/Media/RadioRss/scripts/rss_radio.py" news-hour --speak
2026-10-02T04:49:45-10:00job:radio_news_update | {"ok": true, "report": "news_update", "words": 3556, "hour": 4, "voices": ["ava", "bruce", "bruce", "ava", "bruce", "ava", "ava", "carly", "bruce", "carly", "carly"], "script": "/home/rootrecord/RootRecord-Ecosystem/2 - RootRecord-Database/Media/RadioRss/processed/scripts/news_update/news_update.speak.txt", "polled": 90, "stories": 768, "speak": {"ok": true, "report": "news_update", "file": "news_update_current.opus", "bytes": 4701116, "stage": {"ok": true, "report": "news_update", "slot": "05:00", "file": "news_update-hour.opus"}, "status_send": {"ok": true, "played": true, "phase": "sent", "wav": "/home/rootrecord/RootRecord-Ecosystem/2 - RootRecord-Database/Media/Audio/Voice/Clips/Ava/news_update_sent.wav"}, "voices": ["ava", "bruce", "bruce", "ava", "bruce", "ava", "ava", "carly", "bruce", "carly", "carly"], "wav": "/home/rootrecord/RootRecord-Ecosystem/2 - RootRecord-Database/Media/Audio/Voice/news_update_current.wav"}, "detail": "broadcast"}
2026-10-02T04:49:47-10:00ENERGY  status=live  B2=2.7%  B1=9.4%  solar=0 W  ac=0 W  usbc=0 W  src=/home/rootrecord/RootRecord-Ecosystem/2 - RootRecord-Database/Energy  LAP=100%/Full/AC
2026-10-02T04:49:47-10:00job:sys_stats_cycle RUN  bash "/home/rootrecord/RootRecord-Ecosystem/1 - Servers/1 - RootRecord-Pacific-Solar-Server/System/scripts/sys-sample.sh"
2026-10-02T04:49:49-10:00job:sys_stats_cycle | SYSTEM  cpu=6%  load=3.14  mem=24%  src=sqlite
2026-10-02T04:49:49-10:00job:sys_stats_cycle | OK wrote /home/rootrecord/RootRecord-Ecosystem/2 - RootRecord-Database/System/samples/sys-20261002-044947.json
2026-10-02T04:51:13-10:00job:github_sync_all | ↑ [ecosystem] committed 270 local file(s)
2026-10-02T04:51:13-10:00job:github_sync_all | ↓ [ecosystem] fetching origin/main
2026-10-02T04:51:13-10:00job:github_sync_all | From github.com:RootRecord-Software-Solutions/RootRecord-Ecosystem
2026-10-02T04:51:13-10:00job:github_sync_all | * branch              main       -> FETCH_HEAD
2026-10-02T04:51:13-10:00job:github_sync_all | ↑ [ecosystem] local is ahead of GitHub
2026-10-02T04:51:13-10:00job:github_sync_all | To github.com:RootRecord-Software-Solutions/RootRecord-Ecosystem.git
2026-10-02T04:51:13-10:00job:github_sync_all | 928959b9..e18986be  HEAD -> main
2026-10-02T04:51:13-10:00job:github_sync_all | branch 'main' set up to track 'origin/main'.
2026-10-02T04:51:13-10:00job:github_sync_all | ↑ [ecosystem] 270 files → RootRecord-Software-Solutions/RootRecord-Ecosystem (main)
2026-10-02T04:51:13-10:00job:github_sync_all | ↑ [pacific] committed 13 local file(s)
2026-10-02T04:51:13-10:00job:github_sync_all | ↓ [pacific] fetching origin/main
2026-10-02T04:51:13-10:00job:github_sync_all | From github.com:RootRecord-Software-Solutions/RootRecord-Pacific-Solar-Server
2026-10-02T04:51:13-10:00job:github_sync_all | * branch            main       -> FETCH_HEAD
2026-10-02T04:51:13-10:00job:github_sync_all | ↑ [pacific] local is ahead of GitHub
2026-10-02T04:51:13-10:00job:github_sync_all | To github.com:RootRecord-Software-Solutions/RootRecord-Pacific-Solar-Server.git
2026-10-02T04:51:13-10:00job:github_sync_all | f7fa59e..7a798ef  HEAD -> main
2026-10-02T04:51:13-10:00job:github_sync_all | branch 'main' set up to track 'origin/main'.
2026-10-02T04:51:13-10:00job:github_sync_all | ↑ [pacific] 13 files → RootRecord-Software-Solutions/RootRecord-Pacific-Solar-Server (main)
2026-10-02T04:51:13-10:00job:github_sync_all | ↑ [database] committed 290 local file(s)
2026-10-02T04:51:13-10:00job:github_sync_all | ↓ [database] fetching origin/main
2026-10-02T04:51:13-10:00job:github_sync_all | From github.com:RootRecord-Software-Solutions/RootRecord-Database
2026-10-02T04:51:13-10:00job:github_sync_all | * branch              main       -> FETCH_HEAD
2026-10-02T04:51:13-10:00job:github_sync_all | ↑ [database] local is ahead of GitHub
2026-10-02T04:51:13-10:00job:github_sync_all | To github.com:RootRecord-Software-Solutions/RootRecord-Database.git
2026-10-02T04:51:13-10:00job:github_sync_all | 67085ed8..0596c93a  HEAD -> main
2026-10-02T04:51:13-10:00job:github_sync_all | branch 'main' set up to track 'origin/main'.
2026-10-02T04:51:13-10:00job:github_sync_all | ↑ [database] 290 files → RootRecord-Software-Solutions/RootRecord-Database (main)
2026-10-02T04:51:13-10:00job:github_sync_all | ↑ [library] committed 6 local file(s)
2026-10-02T04:51:13-10:00job:github_sync_all | ↓ [library] fetching origin/main
2026-10-02T04:51:13-10:00job:github_sync_all | From github.com:RootRecord-Software-Solutions/RootRecord-Library
2026-10-02T04:51:13-10:00job:github_sync_all | * branch            main       -> FETCH_HEAD
2026-10-02T04:51:13-10:00job:github_sync_all | ↑ [library] local is ahead of GitHub
2026-10-02T04:51:13-10:00job:github_sync_all | To github.com:RootRecord-Software-Solutions/RootRecord-Library.git
2026-10-02T04:51:13-10:00job:github_sync_all | 4ade341..76da5c7  HEAD -> main
2026-10-02T04:51:13-10:00job:github_sync_all | branch 'main' set up to track 'origin/main'.
2026-10-02T04:51:13-10:00job:github_sync_all | ↑ [library] 6 files → RootRecord-Software-Solutions/RootRecord-Library (main)
2026-10-02T04:51:13-10:00job:github_sync_all | ↑ [website] committed 10 local file(s)
2026-10-02T04:51:13-10:00job:github_sync_all | ↓ [website] fetching origin/main
2026-10-02T04:51:13-10:00job:github_sync_all | From github.com:RootRecord-Software-Solutions/RootRecord-Website
2026-10-02T04:51:13-10:00job:github_sync_all | * branch            main       -> FETCH_HEAD
2026-10-02T04:51:13-10:00job:worklog_scan RUN  bash "/home/rootrecord/RootRecord-Ecosystem/1 - Servers/1 - RootRecord-Pacific-Solar-Server/Reports/scripts/worklog_once.sh"
2026-10-02T04:54:13-10:00job:worklog_scan TIMEOUT after 180s
2026-10-02T04:54:13-10:00job:security_camera_frame_grab RUN  bash "/home/rootrecord/RootRecord-Ecosystem/1 - Servers/1 - RootRecord-Pacific-Solar-Server/Security/Cameras/grab_all.sh"
2026-10-02T04:54:30-10:00job:security_camera_frame_grab | 04:54:13  📷  a-eyes  ch1 → ch1-20261002T145413Z.jpg  (299.6 KB, 4.28s)
2026-10-02T04:54:30-10:00job:security_camera_frame_grab | 04:54:17  📷  a-eyes  ch2 → ch2-20261002T145417Z.jpg  (289.4 KB, 4.38s)
2026-10-02T04:54:30-10:00job:security_camera_frame_grab | 04:54:22  📷  a-eyes  ch3 → ch3-20261002T145422Z.jpg  (334.1 KB, 4.29s)
2026-10-02T04:54:30-10:00job:security_camera_frame_grab | 04:54:26  📷  a-eyes  ch4 → ch4-20261002T145426Z.jpg  (268.9 KB, 4.31s)
2026-10-02T04:54:30-10:00job:service_supervisor RUN  bash "/home/rootrecord/RootRecord-Ecosystem/1 - Servers/1 - RootRecord-Pacific-Solar-Server/Automations/scripts/supervise-services.sh"
2026-10-02T04:54:31-10:00job:service_supervisor | [supervisor] weather alive pid=197847 (act)
2026-10-02T04:54:31-10:00job:service_supervisor | [supervisor] relay alive pid=5979 (act)
2026-10-02T04:54:31-10:00job:system_uptime_log RUN  python3 "/home/rootrecord/RootRecord-Ecosystem/1 - Servers/1 - RootRecord-Pacific-Solar-Server/System/scripts/uptime_log.py" tick
2026-10-02T04:54:31-10:00job:system_uptime_log | {"ok": true, "facts": {"process_uptime_s": null, "boot_uptime_s": 4690, "desk_uptime_s": 228504, "origin_started_at": "2026-09-29T23:26:06.758795+00:00", "last_return_at": "2026-10-02T14:54:31.112492+00:00", "last_return_kind": "desk_up"}}
2026-10-02T04:54:31-10:00job:status_snapshot RUN  nice -n 10 python3 "/home/rootrecord/RootRecord-Ecosystem/1 - Servers/1 - RootRecord-Pacific-Solar-Server/Website/scripts/live_data_pages.py"
2026-10-02T04:54:31-10:00job:status_snapshot | live-data 6 pages
2026-10-02T04:54:31-10:00job:system_net_sample RUN  nice -n 10 python3 "/home/rootrecord/RootRecord-Ecosystem/1 - Servers/1 - RootRecord-Pacific-Solar-Server/System/scripts/host_desks.py" net-sample
2026-10-02T04:54:31-10:00job:system_net_sample | {"ok": true, "file": "/home/rootrecord/RootRecord-Ecosystem/2 - RootRecord-Database/System/network/Daily/net-20261002.jsonl", "iface": "wlo1", "hour": {"seconds": 3712, "rx": 292872419, "tx": 42492945, "total": 335365364, "iface": "wlo1", "link": "wireless"}, "day": {"seconds": 97485, "rx": 380420845, "tx": 53336002, "total": 433756847, "iface": "wlo1", "link": "wireless"}}
2026-10-02T04:54:31-10:00job:discord_report_relay RUN  nice -n 10 python3 "/home/rootrecord/RootRecord-Ecosystem/1 - Servers/1 - RootRecord-Pacific-Solar-Server/Communications/Discord/scripts/report_relay.py"
2026-10-02T04:54:31-10:00job:discord_report_relay | same
2026-10-02T04:54:32-10:00job:voice_system_perf RUN  nice -n 10 python3 "/home/rootrecord/RootRecord-Ecosystem/1 - Servers/1 - RootRecord-Pacific-Solar-Server/Media/Voice/scripts/system_perf.py"
2026-10-02T04:55:23-10:00job:voice_system_perf | {"ok": true, "report": "system_perf", "md": "/home/rootrecord/RootRecord-Ecosystem/test-reports/Voice/system_perf_current.md", "cpu_pct": 6.8, "mem_pct": 25.2, "status_starting": {"ok": true, "played": true, "phase": "starting", "wav": "/home/rootrecord/RootRecord-Ecosystem/2 - RootRecord-Database/Media/Audio/Voice/Clips/Bruce/system_perf_starting.wav"}, "voice_rc": 0, "voice": {"ok": true, "mode": "stitch", "report": "system_perf", "agent": "bruce", "voice": "am_echo", "speed": 1.0, "wav": "/home/rootrecord/RootRecord-Ecosystem/2 - RootRecord-Database/Media/Audio/Voice/system_perf_current.wav", "clips_used": 0, "live_sentences": 15, "model_loaded": true, "render_s": 17.15, "sample_rate": 24000, "channels": 1, "subtype": "PCM_16", "duration_s": 40.151, "peak_dbfs": -1.54, "rms_dbfs": -20.17, "lead_silence_ms": 113, "qc": "PASS", "wall_s": 17.23, "peak_rss_mb": 1498}, "deliver": {"ok": true, "sent": true, "persona": "bruce", "chat": "-1004367256267", "message_id": 2600, "transcript": false, "report": true, "photo": false, "plan": {"voice": true, "transcript": false, "report": true}}, "status_transit": {"ok": true, "played": true, "phase": "transit", "wav": "/home/rootrecord/RootRecord-Ecosystem/2 - RootRecord-Database/Media/Audio/Voice/Clips/Bruce/system_perf_transit.wav"}, "radio": {"ok": true, "report": "system_perf", "file": "system_perf_current.opus", "bytes": 120306, "stage": {"ok": true, "report": "system_perf", "slot": "05:00", "file": "system_perf-hour.opus"}}, "status_send": {"ok": true, "played": true, "phase": "sent", "wav": "/home/rootrecord/RootRecord-Ecosystem/2 - RootRecord-Database/Media/Audio/Voice/Clips/Bruce/system_perf_sent.wav"}}
2026-10-02T04:55:23-10:00job:voice_nws_weather RUN  nice -n 10 python3 "/home/rootrecord/RootRecord-Ecosystem/1 - Servers/1 - RootRecord-Pacific-Solar-Server/Media/Voice/scripts/voice_reports.py" nws_weather
2026-10-02T04:56:23-10:00job:voice_nws_weather | {"ok": true, "report": "nws_weather", "md": "/home/rootrecord/RootRecord-Ecosystem/test-reports/Voice/nws_weather_current.md", "sentences": 7, "status_starting": {"ok": true, "played": true, "phase": "starting", "wav": "/home/rootrecord/RootRecord-Ecosystem/2 - RootRecord-Database/Media/Audio/Voice/Clips/Ava/nws_weather_starting.wav"}, "voice": {"ok": true, "mode": "stitch", "report": "nws_weather", "agent": "ava", "voice": "af_heart", "speed": 1.0, "wav": "/home/rootrecord/RootRecord-Ecosystem/2 - RootRecord-Database/Media/Audio/Voice/nws_weather_current.wav", "clips_used": 0, "live_sentences": 18, "model_loaded": true, "render_s": 25.83, "sample_rate": 24000, "channels": 1, "subtype": "PCM_16", "duration_s": 69.553, "peak_dbfs": -1.5, "rms_dbfs": -20.33, "lead_silence_ms": 113, "qc": "PASS", "wall_s": 25.87, "peak_rss_mb": 1996, "rc": 0}, "deliver": {"ok": true, "sent": true, "persona": "ava", "chat": "-1004367256267", "message_id": 2602, "transcript": false, "report": true, "photo": false, "plan": {"voice": true, "transcript": false, "report": true}}, "status_transit": {"ok": true, "played": true, "phase": "transit", "wav": "/home/rootrecord/RootRecord-Ecosystem/2 - RootRecord-Database/Media/Audio/Voice/Clips/Ava/nws_weather_transit.wav"}, "radio": {"ok": true, "report": "nws_weather", "file": "nws_weather_current.opus", "bytes": 207856, "stage": {"ok": true, "report": "nws_weather", "slot": "05:00", "file": "nws_weather-hour.opus"}}, "status_send": {"ok": true, "played": true, "phase": "sent", "wav": "/home/rootrecord/RootRecord-Ecosystem/2 - RootRecord-Database/Media/Audio/Voice/Clips/Ava/nws_weather_sent.wav"}}
2026-10-02T04:56:23-10:00job:voice_remaining_tasks RUN  nice -n 10 python3 "/home/rootrecord/RootRecord-Ecosystem/1 - Servers/1 - RootRecord-Pacific-Solar-Server/Media/Voice/scripts/voice_reports.py" remaining_tasks
2026-10-02T04:57:08-10:00job:voice_remaining_tasks | {"ok": true, "report": "remaining_tasks", "md": "/home/rootrecord/RootRecord-Ecosystem/test-reports/Voice/remaining_tasks_current.md", "sentences": 5, "status_starting": {"ok": true, "played": true, "phase": "starting", "wav": "/home/rootrecord/RootRecord-Ecosystem/2 - RootRecord-Database/Media/Audio/Voice/Clips/Bruce/remaining_tasks_starting.wav"}, "voice": {"ok": true, "mode": "stitch", "report": "remaining_tasks", "agent": "bruce", "voice": "am_echo", "speed": 1.0, "wav": "/home/rootrecord/RootRecord-Ecosystem/2 - RootRecord-Database/Media/Audio/Voice/remaining_tasks_current.wav", "clips_used": 0, "live_sentences": 4, "model_loaded": true, "render_s": 8.38, "sample_rate": 24000, "channels": 1, "subtype": "PCM_16", "duration_s": 13.784, "peak_dbfs": -1.5, "rms_dbfs": -20.33, "lead_silence_ms": 115, "qc": "PASS", "wall_s": 8.42, "peak_rss_mb": 1380, "rc": 0}, "deliver": {"ok": true, "sent": true, "persona": "bruce", "chat": "-1004367256267", "message_id": 2604, "transcript": false, "report": true, "photo": false, "plan": {"voice": true, "transcript": false, "report": true}}, "status_transit": {"ok": true, "played": true, "phase": "transit", "wav": "/home/rootrecord/RootRecord-Ecosystem/2 - RootRecord-Database/Media/Audio/Voice/Clips/Bruce/remaining_tasks_transit.wav"}, "radio": {"ok": true, "report": "remaining_tasks", "file": "remaining_tasks_current.opus", "bytes": 41525, "stage": {"ok": true, "report": "remaining_tasks", "slot": "05:00", "file": "remaining_tasks-hour.opus"}}, "status_send": {"ok": true, "played": true, "phase": "sent", "wav": "/home/rootrecord/RootRecord-Ecosystem/2 - RootRecord-Database/Media/Audio/Voice/Clips/Bruce/remaining_tasks_sent.wav"}}
2026-10-02T04:57:08-10:00job:voice_earthquake_report RUN  nice -n 10 python3 "/home/rootrecord/RootRecord-Ecosystem/1 - Servers/1 - RootRecord-Pacific-Solar-Server/Media/Voice/scripts/voice_reports.py" earthquake_report
2026-10-02T04:57:55-10:00job:voice_earthquake_report | {"ok": true, "report": "earthquake_report", "md": "/home/rootrecord/RootRecord-Ecosystem/test-reports/Voice/earthquake_report_current.md", "sentences": 9, "status_starting": {"ok": true, "played": true, "phase": "starting", "wav": "/home/rootrecord/RootRecord-Ecosystem/2 - RootRecord-Database/Media/Audio/Voice/Clips/Carly/earthquake_report_starting.wav"}, "voice": {"ok": true, "mode": "stitch", "report": "earthquake_report", "agent": "carly", "voice": "af_nova", "speed": 1.0, "wav": "/home/rootrecord/RootRecord-Ecosystem/2 - RootRecord-Database/Media/Audio/Voice/earthquake_report_current.wav", "clips_used": 0, "live_sentences": 8, "model_loaded": true, "render_s": 15.14, "sample_rate": 24000, "channels": 1, "subtype": "PCM_16", "duration_s": 34.599, "peak_dbfs": -1.5, "rms_dbfs": -20.66, "lead_silence_ms": 115, "qc": "PASS", "wall_s": 15.19, "peak_rss_mb": 1619, "rc": 0}, "deliver": {"ok": true, "sent": true, "persona": "carly", "chat": "-1004367256267", "message_id": 2606, "transcript": false, "report": true, "photo": false, "plan": {"voice": true, "transcript": false, "report": true}}, "status_transit": {"ok": true, "played": true, "phase": "transit", "wav": "/home/rootrecord/RootRecord-Ecosystem/2 - RootRecord-Database/Media/Audio/Voice/Clips/Carly/earthquake_report_transit.wav"}, "radio": {"ok": true, "report": "earthquake_report", "file": "earthquake_report_current.opus", "bytes": 104414, "stage": {"ok": true, "report": "earthquake_report", "slot": "05:00", "file": "earthquake_report-hour.opus"}}, "status_send": {"ok": true, "played": true, "phase": "sent", "wav": "/home/rootrecord/RootRecord-Ecosystem/2 - RootRecord-Database/Media/Audio/Voice/Clips/Carly/earthquake_report_sent.wav"}}
2026-10-02T04:57:55-10:00job:voice_kilauea_report RUN  nice -n 10 python3 "/home/rootrecord/RootRecord-Ecosystem/1 - Servers/1 - RootRecord-Pacific-Solar-Server/Media/Voice/scripts/voice_reports.py" kilauea_report
2026-10-02T04:58:44-10:00job:voice_kilauea_report | {"ok": true, "report": "kilauea_report", "md": "/home/rootrecord/RootRecord-Ecosystem/test-reports/Voice/kilauea_report_current.md", "sentences": 9, "status_starting": {"ok": true, "played": true, "phase": "starting", "wav": "/home/rootrecord/RootRecord-Ecosystem/2 - RootRecord-Database/Media/Audio/Voice/Clips/Carly/kilauea_report_starting.wav"}, "voice": {"ok": true, "mode": "stitch", "report": "kilauea_report", "agent": "carly", "voice": "af_nova", "speed": 1.0, "wav": "/home/rootrecord/RootRecord-Ecosystem/2 - RootRecord-Database/Media/Audio/Voice/kilauea_report_current.wav", "clips_used": 0, "live_sentences": 10, "model_loaded": true, "render_s": 16.9, "sample_rate": 24000, "channels": 1, "subtype": "PCM_16", "duration_s": 40.414, "peak_dbfs": -1.5, "rms_dbfs": -20.57, "lead_silence_ms": 101, "qc": "PASS", "wall_s": 16.94, "peak_rss_mb": 1752, "rc": 0}, "deliver": {"ok": true, "sent": true, "persona": "carly", "chat": "-1004367256267", "message_id": 2608, "transcript": false, "report": true, "photo": false, "plan": {"voice": true, "transcript": false, "report": true}}, "status_transit": {"ok": true, "played": true, "phase": "transit", "wav": "/home/rootrecord/RootRecord-Ecosystem/2 - RootRecord-Database/Media/Audio/Voice/Clips/Carly/kilauea_report_transit.wav"}, "radio": {"ok": true, "report": "kilauea_report", "file": "kilauea_report_current.opus", "bytes": 121573, "stage": {"ok": true, "report": "kilauea_report", "slot": "05:00", "file": "kilauea_report-hour.opus"}}, "status_send": {"ok": true, "played": true, "phase": "sent", "wav": "/home/rootrecord/RootRecord-Ecosystem/2 - RootRecord-Database/Media/Audio/Voice/Clips/Carly/kilauea_report_sent.wav"}}
2026-10-02T04:58:44-10:00job:voice_solar_desk RUN  nice -n 10 python3 "/home/rootrecord/RootRecord-Ecosystem/1 - Servers/1 - RootRecord-Pacific-Solar-Server/Media/Voice/scripts/voice_reports.py" solar_desk
2026-10-02T05:00:39-10:00job:voice_solar_desk | {"ok": true, "report": "solar_desk", "md": "/home/rootrecord/RootRecord-Ecosystem/test-reports/Voice/solar_desk_current.md", "sentences": 11, "status_starting": {"ok": true, "played": true, "phase": "starting", "wav": "/home/rootrecord/RootRecord-Ecosystem/2 - RootRecord-Database/Media/Audio/Voice/Clips/Bruce/solar_desk_starting.wav"}, "voice": {"ok": true, "mode": "stitch", "report": "solar_desk", "agent": "bruce", "voice": "am_echo", "speed": 1.0, "wav": "/home/rootrecord/RootRecord-Ecosystem/2 - RootRecord-Database/Media/Audio/Voice/solar_desk_current.wav", "clips_used": 0, "live_sentences": 9, "model_loaded": true, "render_s": 16.89, "sample_rate": 24000, "channels": 1, "subtype": "PCM_16", "duration_s": 41.94, "peak_dbfs": -1.5, "rms_dbfs": -20.22, "lead_silence_ms": 115, "qc": "PASS", "wall_s": 16.94, "peak_rss_mb": 1645, "rc": 0}, "deliver": {"ok": true, "sent": true, "persona": "bruce", "chat": "-1004367256267", "message_id": 2610, "transcript": false, "report": true, "photo": true, "plan": {"voice": true, "transcript": false, "report": true}}, "status_transit": {"ok": true, "played": true, "phase": "transit", "wav": "/home/rootrecord/RootRecord-Ecosystem/2 - RootRecord-Database/Media/Audio/Voice/Clips/Bruce/solar_desk_transit.wav"}, "radio": {"ok": true, "report": "solar_desk", "file": "solar_desk_current.opus", "bytes": 127271, "stage": {"ok": true, "report": "solar_desk", "slot": "05:30", "file": "solar_desk-half.opus"}}, "status_send": {"ok": true, "played": true, "phase": "sent", "wav": "/home/rootrecord/RootRecord-Ecosystem/2 - RootRecord-Database/Media/Audio/Voice/Clips/Bruce/solar_desk_sent.wav"}}
2026-10-02T05:00:39-10:00job:voice_security_desk RUN  nice -n 10 python3 "/home/rootrecord/RootRecord-Ecosystem/1 - Servers/1 - RootRecord-Pacific-Solar-Server/Media/Voice/scripts/voice_reports.py" security_desk
2026-10-02T05:01:19-10:00job:voice_security_desk | {"ok": true, "report": "security_desk", "md": "/home/rootrecord/RootRecord-Ecosystem/test-reports/Voice/security_desk_current.md", "sentences": 7, "status_starting": {"ok": true, "played": true, "phase": "starting", "wav": "/home/rootrecord/RootRecord-Ecosystem/2 - RootRecord-Database/Media/Audio/Voice/Clips/Carly/security_desk_starting.wav"}, "voice": {"ok": true, "mode": "stitch", "report": "security_desk", "agent": "carly", "voice": "af_nova", "speed": 1.0, "wav": "/home/rootrecord/RootRecord-Ecosystem/2 - RootRecord-Database/Media/Audio/Voice/security_desk_current.wav", "clips_used": 0, "live_sentences": 6, "model_loaded": true, "render_s": 8.97, "sample_rate": 24000, "channels": 1, "subtype": "PCM_16", "duration_s": 16.456, "peak_dbfs": -2.87, "rms_dbfs": -20.31, "lead_silence_ms": 110, "qc": "PASS", "wall_s": 9.01, "peak_rss_mb": 1413, "rc": 0}, "deliver": {"ok": true, "sent": true, "persona": "carly", "chat": "-1004367256267", "message_id": 2613, "transcript": false, "report": true, "photo": false, "plan": {"voice": true, "transcript": false, "report": true}}, "status_transit": {"ok": true, "played": true, "phase": "transit", "wav": "/home/rootrecord/RootRecord-Ecosystem/2 - RootRecord-Database/Media/Audio/Voice/Clips/Carly/security_desk_transit.wav"}, "radio": {"ok": true, "report": "security_desk", "file": "security_desk_current.opus", "bytes": 49121, "stage": {"ok": true, "report": "security_desk", "slot": "05:30", "file": "security_desk-half.opus"}}, "status_send": {"ok": true, "played": true, "phase": "sent", "wav": "/home/rootrecord/RootRecord-Ecosystem/2 - RootRecord-Database/Media/Audio/Voice/Clips/Carly/security_desk_sent.wav"}}
2026-10-02T05:01:19-10:00job:voice_bandwidth_desk RUN  nice -n 10 python3 "/home/rootrecord/RootRecord-Ecosystem/1 - Servers/1 - RootRecord-Pacific-Solar-Server/Media/Voice/scripts/voice_reports.py" bandwidth_desk
2026-10-02T05:02:10-10:00job:voice_bandwidth_desk | {"ok": true, "report": "bandwidth_desk", "md": "/home/rootrecord/RootRecord-Ecosystem/test-reports/Voice/bandwidth_desk_current.md", "sentences": 9, "status_starting": {"ok": true, "played": true, "phase": "starting", "wav": "/home/rootrecord/RootRecord-Ecosystem/2 - RootRecord-Database/Media/Audio/Voice/Clips/Carly/bandwidth_desk_starting.wav"}, "voice": {"ok": true, "mode": "stitch", "report": "bandwidth_desk", "agent": "carly", "voice": "af_nova", "speed": 1.0, "wav": "/home/rootrecord/RootRecord-Ecosystem/2 - RootRecord-Database/Media/Audio/Voice/bandwidth_desk_current.wav", "clips_used": 0, "live_sentences": 9, "model_loaded": true, "render_s": 16.6, "sample_rate": 24000, "channels": 1, "subtype": "PCM_16", "duration_s": 43.085, "peak_dbfs": -1.5, "rms_dbfs": -20.97, "lead_silence_ms": 113, "qc": "PASS", "wall_s": 16.64, "peak_rss_mb": 1630, "rc": 0}, "deliver": {"ok": true, "sent": true, "persona": "carly", "chat": "-1004367256267", "message_id": 2615, "transcript": false, "report": true, "photo": false, "plan": {"voice": true, "transcript": false, "report": true}}, "status_transit": {"ok": true, "played": true, "phase": "transit", "wav": "/home/rootrecord/RootRecord-Ecosystem/2 - RootRecord-Database/Media/Audio/Voice/Clips/Carly/bandwidth_desk_transit.wav"}, "radio": {"ok": true, "report": "bandwidth_desk", "file": "bandwidth_desk_current.opus", "bytes": 130046, "stage": {"ok": true, "report": "bandwidth_desk", "slot": "05:30", "file": "bandwidth_desk-half.opus"}}, "status_send": {"ok": true, "played": true, "phase": "sent", "wav": "/home/rootrecord/RootRecord-Ecosystem/2 - RootRecord-Database/Media/Audio/Voice/Clips/Carly/bandwidth_desk_sent.wav"}}
2026-10-02T05:02:10-10:00job:voice_current_report RUN  nice -n 10 python3 "/home/rootrecord/RootRecord-Ecosystem/1 - Servers/1 - RootRecord-Pacific-Solar-Server/Media/Voice/scripts/voice_reports.py" current_report
2026-10-02T05:03:42-10:00job:voice_current_report | {"ok": true, "report": "current_report", "md": "/home/rootrecord/RootRecord-Ecosystem/2 - RootRecord-Database/Reports/current_report_current.md", "sentences": 33, "status_starting": {"ok": true, "played": true, "phase": "starting", "wav": "/home/rootrecord/RootRecord-Ecosystem/2 - RootRecord-Database/Media/Audio/Voice/Clips/Ava/current_report_starting.wav"}, "voice": {"ok": true, "mode": "stitch", "report": "current_report", "agent": "ava", "voice": "af_heart", "speed": 1.0, "wav": "/home/rootrecord/RootRecord-Ecosystem/2 - RootRecord-Database/Media/Audio/Voice/current_report_current.wav", "clips_used": 0, "live_sentences": 42, "model_loaded": true, "render_s": 51.51, "sample_rate": 24000, "channels": 1, "subtype": "PCM_16", "duration_s": 163.999, "peak_dbfs": -1.5, "rms_dbfs": -20.31, "lead_silence_ms": 114, "qc": "PASS", "wall_s": 51.62, "peak_rss_mb": 2054, "rc": 0}, "deliver": {"ok": true, "sent": true, "persona": "ava", "chat": "-1004367256267", "message_id": 2617, "transcript": false, "report": true, "photo": false, "plan": {"voice": true, "transcript": false, "report": true}}, "status_transit": {"ok": true, "played": true, "phase": "transit", "wav": "/home/rootrecord/RootRecord-Ecosystem/2 - RootRecord-Database/Media/Audio/Voice/Clips/Ava/current_report_transit.wav"}, "radio": {"ok": true, "report": "current_report", "file": "current_report_current.opus", "bytes": 490065, "stage": {"ok": true, "report": "current_report", "slot": "05:30", "file": "current_report-half.opus"}}, "status_send": {"ok": true, "played": true, "phase": "sent", "wav": "/home/rootrecord/RootRecord-Ecosystem/2 - RootRecord-Database/Media/Audio/Voice/Clips/Ava/current_report_sent.wav", "stack": {"ok": true, "played": true, "phase": "stack_all_sent", "wav": "/home/rootrecord/RootRecord-Ecosystem/2 - RootRecord-Database/Media/Audio/Voice/Clips/Ava/stack_all_sent.wav"}}}
2026-10-02T05:03:43-10:00ENERGY  status=live  B2=2.7%  B1=6.8%  solar=0 W  ac=0 W  usbc=0 W  src=/home/rootrecord/RootRecord-Ecosystem/2 - RootRecord-Database/Energy  LAP=100%/Full/AC
2026-10-02T05:03:43-10:00job:sys_stats_cycle RUN  bash "/home/rootrecord/RootRecord-Ecosystem/1 - Servers/1 - RootRecord-Pacific-Solar-Server/System/scripts/sys-sample.sh"
2026-10-02T05:03:45-10:00job:sys_stats_cycle | SYSTEM  cpu=3%  load=1.40  mem=21%  src=sqlite
2026-10-02T05:03:45-10:00job:sys_stats_cycle | OK wrote /home/rootrecord/RootRecord-Ecosystem/2 - RootRecord-Database/System/samples/sys-20261002-050343.json
2026-10-02T05:04:56-10:00job:github_sync_all | ↑ [ecosystem] committed 110 local file(s)
2026-10-02T05:04:56-10:00job:github_sync_all | ↓ [ecosystem] fetching origin/main
2026-10-02T05:04:56-10:00job:github_sync_all | From github.com:RootRecord-Software-Solutions/RootRecord-Ecosystem
2026-10-02T05:04:56-10:00job:github_sync_all | * branch              main       -> FETCH_HEAD
2026-10-02T05:04:56-10:00job:github_sync_all | ↑ [ecosystem] local is ahead of GitHub
2026-10-02T05:04:56-10:00job:github_sync_all | To github.com:RootRecord-Software-Solutions/RootRecord-Ecosystem.git
2026-10-02T05:04:56-10:00job:github_sync_all | e18986be..e73719b6  HEAD -> main
2026-10-02T05:04:56-10:00job:github_sync_all | branch 'main' set up to track 'origin/main'.
2026-10-02T05:04:56-10:00job:github_sync_all | ↑ [ecosystem] 110 files → RootRecord-Software-Solutions/RootRecord-Ecosystem (main)
2026-10-02T05:04:56-10:00job:github_sync_all | ↑ [pacific] committed 6 local file(s)
2026-10-02T05:04:56-10:00job:github_sync_all | ↓ [pacific] fetching origin/main
2026-10-02T05:04:56-10:00job:github_sync_all | From github.com:RootRecord-Software-Solutions/RootRecord-Pacific-Solar-Server
2026-10-02T05:04:56-10:00job:github_sync_all | * branch            main       -> FETCH_HEAD
2026-10-02T05:04:56-10:00job:github_sync_all | ↑ [pacific] local is ahead of GitHub
2026-10-02T05:04:56-10:00job:github_sync_all | To github.com:RootRecord-Software-Solutions/RootRecord-Pacific-Solar-Server.git
2026-10-02T05:04:56-10:00job:github_sync_all | 7a798ef..28b7a4e  HEAD -> main
2026-10-02T05:04:56-10:00job:github_sync_all | branch 'main' set up to track 'origin/main'.
2026-10-02T05:04:56-10:00job:github_sync_all | ↑ [pacific] 6 files → RootRecord-Software-Solutions/RootRecord-Pacific-Solar-Server (main)
2026-10-02T05:04:56-10:00job:github_sync_all | ↑ [database] committed 104 local file(s)
2026-10-02T05:04:56-10:00job:github_sync_all | ↓ [database] fetching origin/main
2026-10-02T05:04:56-10:00job:github_sync_all | From github.com:RootRecord-Software-Solutions/RootRecord-Database
2026-10-02T05:04:56-10:00job:github_sync_all | * branch              main       -> FETCH_HEAD
2026-10-02T05:04:56-10:00job:github_sync_all | ↑ [database] local is ahead of GitHub
2026-10-02T05:04:56-10:00job:github_sync_all | To github.com:RootRecord-Software-Solutions/RootRecord-Database.git
2026-10-02T05:04:56-10:00job:github_sync_all | 0596c93a..806c39c4  HEAD -> main
2026-10-02T05:04:56-10:00job:github_sync_all | branch 'main' set up to track 'origin/main'.
2026-10-02T05:04:56-10:00job:github_sync_all | ↑ [database] 104 files → RootRecord-Software-Solutions/RootRecord-Database (main)
2026-10-02T05:04:56-10:00job:github_sync_all | ↑ [library] committed 2 local file(s)
2026-10-02T05:04:56-10:00job:github_sync_all | ↓ [library] fetching origin/main
2026-10-02T05:04:56-10:00job:github_sync_all | From github.com:RootRecord-Software-Solutions/RootRecord-Library
2026-10-02T05:04:56-10:00job:github_sync_all | * branch            main       -> FETCH_HEAD
2026-10-02T05:04:56-10:00job:github_sync_all | ↑ [library] local is ahead of GitHub
2026-10-02T05:04:56-10:00job:github_sync_all | To github.com:RootRecord-Software-Solutions/RootRecord-Library.git
2026-10-02T05:04:56-10:00job:github_sync_all | 76da5c7..1f51ce5  HEAD -> main
2026-10-02T05:04:56-10:00job:github_sync_all | branch 'main' set up to track 'origin/main'.
2026-10-02T05:04:56-10:00job:github_sync_all | ↑ [library] 2 files → RootRecord-Software-Solutions/RootRecord-Library (main)
2026-10-02T05:04:56-10:00job:github_sync_all | — [website] no local changes
2026-10-02T05:04:56-10:00job:github_sync_all | ↓ [website] fetching origin/main
2026-10-02T05:04:56-10:00job:github_sync_all | From github.com:RootRecord-Software-Solutions/RootRecord-Website
2026-10-02T05:04:56-10:00job:github_sync_all | * branch            main       -> FETCH_HEAD
2026-10-02T05:04:56-10:00job:worklog_scan RUN  bash "/home/rootrecord/RootRecord-Ecosystem/1 - Servers/1 - RootRecord-Pacific-Solar-Server/Reports/scripts/worklog_once.sh"
2026-10-02T05:07:57-10:00job:worklog_scan TIMEOUT after 180s
2026-10-02T05:07:57-10:00job:security_camera_frame_grab RUN  bash "/home/rootrecord/RootRecord-Ecosystem/1 - Servers/1 - RootRecord-Pacific-Solar-Server/Security/Cameras/grab_all.sh"
2026-10-02T05:08:14-10:00job:security_camera_frame_grab | 05:07:57  📷  a-eyes  ch1 → ch1-20261002T150757Z.jpg  (297.5 KB, 4.37s)
2026-10-02T05:08:14-10:00job:security_camera_frame_grab | 05:08:01  📷  a-eyes  ch2 → ch2-20261002T150801Z.jpg  (285.4 KB, 4.38s)
2026-10-02T05:08:14-10:00job:security_camera_frame_grab | 05:08:05  📷  a-eyes  ch3 → ch3-20261002T150805Z.jpg  (227.2 KB, 4.51s)
2026-10-02T05:08:14-10:00job:security_camera_frame_grab | 05:08:10  📷  a-eyes  ch4 → ch4-20261002T150810Z.jpg  (294.8 KB, 4.43s)
2026-10-02T05:08:14-10:00job:service_supervisor RUN  bash "/home/rootrecord/RootRecord-Ecosystem/1 - Servers/1 - RootRecord-Pacific-Solar-Server/Automations/scripts/supervise-services.sh"
2026-10-02T05:08:14-10:00job:service_supervisor | [supervisor] weather DEAD — gated-off (RR_LOCAL_DATA_POLL soft-off; not respawning)
2026-10-02T05:08:14-10:00job:service_supervisor | [supervisor] relay alive pid=5979 (act)
2026-10-02T05:08:14-10:00job:system_uptime_log RUN  python3 "/home/rootrecord/RootRecord-Ecosystem/1 - Servers/1 - RootRecord-Pacific-Solar-Server/System/scripts/uptime_log.py" tick
2026-10-02T05:08:15-10:00job:system_uptime_log | {"ok": true, "facts": {"process_uptime_s": null, "boot_uptime_s": 5514, "desk_uptime_s": 229328, "origin_started_at": "2026-09-29T23:26:06.758795+00:00", "last_return_at": "2026-10-02T15:08:15.038678+00:00", "last_return_kind": "desk_up"}}
2026-10-02T05:08:15-10:00job:status_snapshot RUN  nice -n 10 python3 "/home/rootrecord/RootRecord-Ecosystem/1 - Servers/1 - RootRecord-Pacific-Solar-Server/Website/scripts/live_data_pages.py"
2026-10-02T05:08:15-10:00job:status_snapshot | live-data 6 pages
2026-10-02T05:08:15-10:00job:system_net_sample RUN  nice -n 10 python3 "/home/rootrecord/RootRecord-Ecosystem/1 - Servers/1 - RootRecord-Pacific-Solar-Server/System/scripts/host_desks.py" net-sample
2026-10-02T05:08:15-10:00job:system_net_sample | {"ok": true, "file": "/home/rootrecord/RootRecord-Ecosystem/2 - RootRecord-Database/System/network/Daily/net-20261002.jsonl", "iface": "wlo1", "hour": {"seconds": 3801, "rx": 324930212, "tx": 43649068, "total": 368579280, "iface": "wlo1", "link": "wireless"}, "day": {"seconds": 98309, "rx": 438359524, "tx": 63365942, "total": 501725466, "iface": "wlo1", "link": "wireless"}}
2026-10-02T05:08:15-10:00job:discord_report_relay RUN  nice -n 10 python3 "/home/rootrecord/RootRecord-Ecosystem/1 - Servers/1 - RootRecord-Pacific-Solar-Server/Communications/Discord/scripts/report_relay.py"
2026-10-02T05:08:21-10:00job:discord_report_relay | posted earthquake_report
2026-10-02T05:08:21-10:00job:discord_report_relay | posted kilauea_report
2026-10-02T05:08:21-10:00job:discord_report_relay | posted solar_desk
2026-10-02T05:08:21-10:00job:discord_report_relay | posted security_desk
2026-10-02T05:08:21-10:00job:discord_report_relay | posted bandwidth_desk
2026-10-02T05:08:21-10:00job:discord_report_relay | posted system_perf
2026-10-02T05:08:21-10:00job:voice_kilauea_image_check RUN  nice -n 10 python3 "/home/rootrecord/RootRecord-Ecosystem/1 - Servers/1 - RootRecord-Pacific-Solar-Server/Media/Voice/scripts/voice_reports.py" kilauea_image_check
2026-10-02T05:11:23-10:00job:voice_kilauea_image_check | {"ok": true, "report": "kilauea_image_check", "md": "/home/rootrecord/RootRecord-Ecosystem/test-reports/Voice/kilauea_image_check_current.md", "sentences": 2, "status_starting": {"ok": true, "skipped": true, "detail": "no_status_type", "phase": "starting"}, "voice": {"ok": true, "mode": "stitch", "report": "kilauea_image_check", "agent": "carly", "voice": "af_nova", "speed": 1.0, "wav": "/home/rootrecord/RootRecord-Ecosystem/2 - RootRecord-Database/Media/Audio/Voice/kilauea_image_check_current.wav", "clips_used": 0, "live_sentences": 4, "model_loaded": true, "render_s": 7.48, "sample_rate": 24000, "channels": 1, "subtype": "PCM_16", "duration_s": 11.617, "peak_dbfs": -2.22, "rms_dbfs": -20.26, "lead_silence_ms": 115, "qc": "PASS", "wall_s": 7.6, "peak_rss_mb": 1355, "rc": 0}, "deliver": {"ok": true, "sent": true, "persona": "carly", "chat": "-1004367256267", "message_id": 2619, "transcript": false, "report": true, "photo": false, "plan": {"voice": true, "transcript": false, "report": true}}, "status_transit": {"ok": true, "skipped": true, "detail": "no_status_type", "phase": "transit"}, "radio": {"ok": true, "report": "kilauea_image_check", "file": "kilauea_image_check_current.opus", "bytes": 34819, "stage": {"ok": true, "skipped": true, "detail": "no_stage_type", "report": "kilauea_image_check"}}, "status_send": {"ok": true, "skipped": true, "detail": "no_status_type", "phase": "sent"}}
2026-10-02T05:11:23-10:00job:energy_sun_times RUN  python3 "/home/rootrecord/RootRecord-Ecosystem/1 - Servers/1 - RootRecord-Pacific-Solar-Server/Energy/scripts/sun_times.py"
2026-10-02T05:11:23-10:00job:energy_sun_times | {"ok": true, "date": "2026-10-02", "sunrise": "06:12", "sunset": "18:08", "sunrise_iso": "2026-10-02T06:12", "sunset_iso": "2026-10-02T18:08", "after_sunset": false, "before_sunrise": true, "source": "open-meteo", "now_hst": "05:11", "refreshed": false, "error": null}
2026-10-02T05:11:24-10:00job:energy_moon_phase RUN  python3 "/home/rootrecord/RootRecord-Ecosystem/1 - Servers/1 - RootRecord-Pacific-Solar-Server/Energy/scripts/moon_phase.py"
2026-10-02T05:11:25-10:00job:energy_moon_phase | {"ok": true, "date": "2026-10-02", "phase": 0.7138, "phase_name": "Waning Gibbous", "illumination": 61, "next_phase": "Last Quarter", "next_phase_date": "2026-10-03", "refreshed": true, "error": null}
2026-10-02T05:11:25-10:00job:automations_log_hourly_archive RUN  bash "/home/rootrecord/RootRecord-Ecosystem/1 - Servers/1 - RootRecord-Pacific-Solar-Server/Automations/scripts/archive_automations_log_hourly.sh"
