2026-10-02T15:02:10-10:00job:automations_log_hourly_archive OK
2026-10-02T15:02:10-10:00job:security_timelapse_hourly_compile RUN  bash "/home/rootrecord/RootRecord-Ecosystem/1 - Servers/1 - RootRecord-Pacific-Solar-Server/Security/Cameras/timelapse_hourly.sh"
2026-10-02T15:02:10-10:00job:security_timelapse_hourly_compile | 15:02:10  🎬  a-eyes-timelapse  hour 14 frames archived → /home/rootrecord/RootRecord-Ecosystem/2 - RootRecord-Database/Media/Timelapses/_archive/20261002/hour_14
2026-10-02T15:02:10-10:00job:security_timelapse_hourly_compile | 15:02:10  🎬  a-eyes-timelapse  hour 14 already compiled, skipping
2026-10-02T15:02:10-10:00ENERGY  status=live  B2=21.1%  B1=59%  solar=154 W  ac=0 W  usbc=55 W  src=/home/rootrecord/RootRecord-Ecosystem/2 - RootRecord-Database/Energy  LAP=27%/Charging/AC
2026-10-02T15:02:10-10:00job:sys_stats_cycle RUN  bash "/home/rootrecord/RootRecord-Ecosystem/1 - Servers/1 - RootRecord-Pacific-Solar-Server/System/scripts/sys-sample.sh"
2026-10-02T15:02:13-10:00job:sys_stats_cycle | SYSTEM  cpu=8%  load=6.18  mem=41%  src=sqlite
2026-10-02T15:02:13-10:00job:sys_stats_cycle | OK wrote /home/rootrecord/RootRecord-Ecosystem/2 - RootRecord-Database/System/samples/sys-20261002-150211.json
2026-10-02T15:03:54-10:00job:github_sync_all | ↑ [ecosystem] committed 675 local file(s)
2026-10-02T15:03:54-10:00job:github_sync_all | ↓ [ecosystem] fetching origin/main
2026-10-02T15:03:54-10:00job:github_sync_all | From github.com:RootRecord-Software-Solutions/RootRecord-Ecosystem
2026-10-02T15:03:54-10:00job:github_sync_all | * branch              main       -> FETCH_HEAD
2026-10-02T15:03:54-10:00job:github_sync_all | ↑ [ecosystem] local is ahead of GitHub
2026-10-02T15:03:54-10:00job:github_sync_all | To github.com:RootRecord-Software-Solutions/RootRecord-Ecosystem.git
2026-10-02T15:03:54-10:00job:github_sync_all | 81a42ab2..b81baa7c  HEAD -> main
2026-10-02T15:03:54-10:00job:github_sync_all | branch 'main' set up to track 'origin/main'.
2026-10-02T15:03:54-10:00job:github_sync_all | ↑ [ecosystem] 675 files → RootRecord-Software-Solutions/RootRecord-Ecosystem (main)
2026-10-02T15:03:54-10:00job:github_sync_all | ↑ [pacific] committed 13 local file(s)
2026-10-02T15:03:54-10:00job:github_sync_all | ↓ [pacific] fetching origin/main
2026-10-02T15:03:54-10:00job:github_sync_all | From github.com:RootRecord-Software-Solutions/RootRecord-Pacific-Solar-Server
2026-10-02T15:03:54-10:00job:github_sync_all | * branch            main       -> FETCH_HEAD
2026-10-02T15:03:54-10:00job:github_sync_all | ↑ [pacific] local is ahead of GitHub
2026-10-02T15:03:54-10:00job:github_sync_all | To github.com:RootRecord-Software-Solutions/RootRecord-Pacific-Solar-Server.git
2026-10-02T15:03:54-10:00job:github_sync_all | b56a583..43b54ac  HEAD -> main
2026-10-02T15:03:54-10:00job:github_sync_all | branch 'main' set up to track 'origin/main'.
2026-10-02T15:03:54-10:00job:github_sync_all | ↑ [pacific] 13 files → RootRecord-Software-Solutions/RootRecord-Pacific-Solar-Server (main)
2026-10-02T15:03:54-10:00job:github_sync_all | ↑ [database] committed 692 local file(s)
2026-10-02T15:03:54-10:00job:github_sync_all | ↓ [database] fetching origin/main
2026-10-02T15:03:54-10:00job:github_sync_all | From github.com:RootRecord-Software-Solutions/RootRecord-Database
2026-10-02T15:03:54-10:00job:github_sync_all | * branch              main       -> FETCH_HEAD
2026-10-02T15:03:54-10:00job:github_sync_all | ↑ [database] local is ahead of GitHub
2026-10-02T15:03:54-10:00job:github_sync_all | To github.com:RootRecord-Software-Solutions/RootRecord-Database.git
2026-10-02T15:03:54-10:00job:github_sync_all | cb98f601..bb082c45  HEAD -> main
2026-10-02T15:03:54-10:00job:github_sync_all | branch 'main' set up to track 'origin/main'.
2026-10-02T15:03:54-10:00job:github_sync_all | ↑ [database] 692 files → RootRecord-Software-Solutions/RootRecord-Database (main)
2026-10-02T15:03:54-10:00job:github_sync_all | — [library] no local changes
2026-10-02T15:03:54-10:00job:github_sync_all | ↓ [library] fetching origin/main
2026-10-02T15:03:54-10:00job:github_sync_all | From github.com:RootRecord-Software-Solutions/RootRecord-Library
2026-10-02T15:03:54-10:00job:github_sync_all | * branch            main       -> FETCH_HEAD
2026-10-02T15:03:54-10:00job:github_sync_all | — [library] local and GitHub already match
2026-10-02T15:03:54-10:00job:github_sync_all | — [library] nothing to push
2026-10-02T15:03:54-10:00job:github_sync_all | ↑ [website] committed 9 local file(s)
2026-10-02T15:03:54-10:00job:github_sync_all | ↓ [website] fetching origin/main
2026-10-02T15:03:54-10:00job:github_sync_all | From github.com:RootRecord-Software-Solutions/RootRecord-Website
2026-10-02T15:03:54-10:00job:github_sync_all | * branch            main       -> FETCH_HEAD
2026-10-02T15:03:54-10:00job:github_sync_all | ↑ [website] local is ahead of GitHub
2026-10-02T15:03:54-10:00job:github_sync_all | To github.com:RootRecord-Software-Solutions/RootRecord-Website.git
2026-10-02T15:03:54-10:00job:github_sync_all | 3a263cb..d881707  HEAD -> main
2026-10-02T15:03:54-10:00job:worklog_scan RUN  bash "/home/rootrecord/RootRecord-Ecosystem/1 - Servers/1 - RootRecord-Pacific-Solar-Server/Reports/scripts/worklog_once.sh"
2026-10-02T15:06:54-10:00job:worklog_scan TIMEOUT after 180s
2026-10-02T15:06:54-10:00job:security_camera_frame_grab RUN  bash "/home/rootrecord/RootRecord-Ecosystem/1 - Servers/1 - RootRecord-Pacific-Solar-Server/Security/Cameras/grab_all.sh"
2026-10-02T15:07:12-10:00job:security_camera_frame_grab | 15:06:54  📷  a-eyes  ch1 → ch1-20261003T010654Z.jpg  (473.7 KB, 4.27s)
2026-10-02T15:07:12-10:00job:security_camera_frame_grab | 15:06:58  📷  a-eyes  ch2 → ch2-20261003T010658Z.jpg  (338.0 KB, 4.54s)
2026-10-02T15:07:12-10:00job:security_camera_frame_grab | 15:07:03  📷  a-eyes  ch3 → ch3-20261003T010703Z.jpg  (425.0 KB, 4.48s)
2026-10-02T15:07:12-10:00job:security_camera_frame_grab | 15:07:07  📷  a-eyes  ch4 → ch4-20261003T010707Z.jpg  (274.4 KB, 4.40s)
2026-10-02T15:07:12-10:00job:system_uptime_log RUN  python3 "/home/rootrecord/RootRecord-Ecosystem/1 - Servers/1 - RootRecord-Pacific-Solar-Server/System/scripts/uptime_log.py" tick
2026-10-02T15:07:12-10:00job:system_uptime_log | {"ok": true, "facts": {"process_uptime_s": null, "boot_uptime_s": 41451, "desk_uptime_s": 265265, "origin_started_at": "2026-09-29T23:26:06.758795+00:00", "last_return_at": "2026-10-03T01:07:12.194103+00:00", "last_return_kind": "desk_up"}}
2026-10-02T15:07:12-10:00job:status_snapshot RUN  nice -n 10 python3 "/home/rootrecord/RootRecord-Ecosystem/1 - Servers/1 - RootRecord-Pacific-Solar-Server/Website/scripts/live_data_pages.py"
2026-10-02T15:07:12-10:00job:status_snapshot | live-data 6 pages
2026-10-02T15:07:12-10:00job:ml2_datapack_pickup RUN  nice -n 10 bash "/home/rootrecord/RootRecord-Ecosystem/1 - Servers/1 - RootRecord-Pacific-Solar-Server/Communications/telegram/scripts/run-datapack-pickup.sh"
2026-10-02T15:07:12-10:00job:ml2_datapack_pickup OK
2026-10-02T15:07:12-10:00job:voice_timing_report RUN  nice -n 10 python3 "/home/rootrecord/RootRecord-Ecosystem/1 - Servers/1 - RootRecord-Pacific-Solar-Server/Reports/Voice-Timing/scripts/voice_timing_report.py"
2026-10-02T15:07:13-10:00job:voice_timing_report | [ok] voice-timing written (499 runs): /home/rootrecord/RootRecord-Ecosystem/5 - RootRecord-Library/Documentation/01-Operations/voice-timing.md
2026-10-02T15:07:13-10:00ENERGY  status=live  B2=20.6%  B1=59%  solar=157 W  ac=0 W  usbc=55 W  src=/home/rootrecord/RootRecord-Ecosystem/2 - RootRecord-Database/Energy  LAP=30%/Charging/AC
2026-10-02T15:07:13-10:00job:sys_stats_cycle RUN  bash "/home/rootrecord/RootRecord-Ecosystem/1 - Servers/1 - RootRecord-Pacific-Solar-Server/System/scripts/sys-sample.sh"
2026-10-02T15:07:15-10:00job:sys_stats_cycle | SYSTEM  cpu=6%  load=2.61  mem=45%  src=sqlite
2026-10-02T15:07:15-10:00job:sys_stats_cycle | OK wrote /home/rootrecord/RootRecord-Ecosystem/2 - RootRecord-Database/System/samples/sys-20261002-150713.json
2026-10-02T15:08:26-10:00job:github_sync_all | ↑ [ecosystem] committed 15 local file(s)
2026-10-02T15:08:26-10:00job:github_sync_all | ↓ [ecosystem] fetching origin/main
2026-10-02T15:08:26-10:00job:github_sync_all | From github.com:RootRecord-Software-Solutions/RootRecord-Ecosystem
2026-10-02T15:08:26-10:00job:github_sync_all | * branch              main       -> FETCH_HEAD
2026-10-02T15:08:26-10:00job:github_sync_all | ↑ [ecosystem] local is ahead of GitHub
2026-10-02T15:08:26-10:00job:github_sync_all | To github.com:RootRecord-Software-Solutions/RootRecord-Ecosystem.git
2026-10-02T15:08:26-10:00job:github_sync_all | b81baa7c..60db45b7  HEAD -> main
2026-10-02T15:08:26-10:00job:github_sync_all | branch 'main' set up to track 'origin/main'.
2026-10-02T15:08:26-10:00job:github_sync_all | ↑ [ecosystem] 15 files → RootRecord-Software-Solutions/RootRecord-Ecosystem (main)
2026-10-02T15:08:26-10:00job:github_sync_all | ↑ [pacific] committed 1 local file(s)
2026-10-02T15:08:26-10:00job:github_sync_all | ↓ [pacific] fetching origin/main
2026-10-02T15:08:26-10:00job:github_sync_all | From github.com:RootRecord-Software-Solutions/RootRecord-Pacific-Solar-Server
2026-10-02T15:08:26-10:00job:github_sync_all | * branch            main       -> FETCH_HEAD
2026-10-02T15:08:26-10:00job:github_sync_all | ↑ [pacific] local is ahead of GitHub
2026-10-02T15:08:26-10:00job:github_sync_all | To github.com:RootRecord-Software-Solutions/RootRecord-Pacific-Solar-Server.git
2026-10-02T15:08:26-10:00job:github_sync_all | 43b54ac..3061f19  HEAD -> main
2026-10-02T15:08:26-10:00job:github_sync_all | branch 'main' set up to track 'origin/main'.
2026-10-02T15:08:26-10:00job:github_sync_all | ↑ [pacific] 1 files → RootRecord-Software-Solutions/RootRecord-Pacific-Solar-Server (main)
2026-10-02T15:08:26-10:00job:github_sync_all | ↑ [database] committed 54 local file(s)
2026-10-02T15:08:26-10:00job:github_sync_all | ↓ [database] fetching origin/main
2026-10-02T15:08:26-10:00job:github_sync_all | From github.com:RootRecord-Software-Solutions/RootRecord-Database
2026-10-02T15:08:26-10:00job:github_sync_all | * branch              main       -> FETCH_HEAD
2026-10-02T15:08:26-10:00job:github_sync_all | ↑ [database] local is ahead of GitHub
2026-10-02T15:08:26-10:00job:github_sync_all | To github.com:RootRecord-Software-Solutions/RootRecord-Database.git
2026-10-02T15:08:26-10:00job:github_sync_all | bb082c45..7f99d14c  HEAD -> main
2026-10-02T15:08:26-10:00job:github_sync_all | branch 'main' set up to track 'origin/main'.
2026-10-02T15:08:26-10:00job:github_sync_all | ↑ [database] 54 files → RootRecord-Software-Solutions/RootRecord-Database (main)
2026-10-02T15:08:26-10:00job:github_sync_all | ↑ [library] committed 1 local file(s)
2026-10-02T15:08:26-10:00job:github_sync_all | ↓ [library] fetching origin/main
2026-10-02T15:08:26-10:00job:github_sync_all | From github.com:RootRecord-Software-Solutions/RootRecord-Library
2026-10-02T15:08:26-10:00job:github_sync_all | * branch            main       -> FETCH_HEAD
2026-10-02T15:08:26-10:00job:github_sync_all | ↑ [library] local is ahead of GitHub
2026-10-02T15:08:26-10:00job:github_sync_all | To github.com:RootRecord-Software-Solutions/RootRecord-Library.git
2026-10-02T15:08:26-10:00job:github_sync_all | 3710b54..28b2019  HEAD -> main
2026-10-02T15:08:26-10:00job:github_sync_all | branch 'main' set up to track 'origin/main'.
2026-10-02T15:08:26-10:00job:github_sync_all | ↑ [library] 1 files → RootRecord-Software-Solutions/RootRecord-Library (main)
2026-10-02T15:08:26-10:00job:github_sync_all | — [website] no local changes
2026-10-02T15:08:26-10:00job:github_sync_all | ↓ [website] fetching origin/main
2026-10-02T15:08:26-10:00job:github_sync_all | From github.com:RootRecord-Software-Solutions/RootRecord-Website
2026-10-02T15:08:26-10:00job:github_sync_all | * branch            main       -> FETCH_HEAD
2026-10-02T15:08:26-10:00job:security_camera_frame_grab RUN  bash "/home/rootrecord/RootRecord-Ecosystem/1 - Servers/1 - RootRecord-Pacific-Solar-Server/Security/Cameras/grab_all.sh"
2026-10-02T15:08:43-10:00job:security_camera_frame_grab | 15:08:26  📷  a-eyes  ch1 → ch1-20261003T010826Z.jpg  (454.0 KB, 4.50s)
2026-10-02T15:08:43-10:00job:security_camera_frame_grab | 15:08:31  📷  a-eyes  ch2 → ch2-20261003T010831Z.jpg  (333.6 KB, 4.29s)
2026-10-02T15:08:43-10:00job:security_camera_frame_grab | 15:08:35  📷  a-eyes  ch3 → ch3-20261003T010835Z.jpg  (426.3 KB, 4.17s)
2026-10-02T15:08:43-10:00job:security_camera_frame_grab | 15:08:39  📷  a-eyes  ch4 → ch4-20261003T010839Z.jpg  (270.3 KB, 4.30s)
2026-10-02T15:08:43-10:00job:service_supervisor RUN  bash "/home/rootrecord/RootRecord-Ecosystem/1 - Servers/1 - RootRecord-Pacific-Solar-Server/Automations/scripts/supervise-services.sh"
2026-10-02T15:08:44-10:00job:service_supervisor | [supervisor] weather DEAD — gated-off (RR_LOCAL_DATA_POLL soft-off; not respawning)
2026-10-02T15:08:44-10:00job:service_supervisor | [supervisor] relay alive pid=120649 (act)
2026-10-02T15:08:44-10:00job:system_net_sample RUN  nice -n 10 python3 "/home/rootrecord/RootRecord-Ecosystem/1 - Servers/1 - RootRecord-Pacific-Solar-Server/System/scripts/host_desks.py" net-sample
2026-10-02T15:08:44-10:00job:system_net_sample | {"ok": true, "file": "/home/rootrecord/RootRecord-Ecosystem/2 - RootRecord-Database/System/network/Daily/net-20261002.jsonl", "iface": "wlo1", "hour": {"seconds": 3761, "rx": 301565089, "tx": 67020073, "total": 368585162, "iface": "wlo1", "link": "wireless"}, "day": null}
2026-10-02T15:08:44-10:00job:discord_report_relay RUN  nice -n 10 python3 "/home/rootrecord/RootRecord-Ecosystem/1 - Servers/1 - RootRecord-Pacific-Solar-Server/Communications/Discord/scripts/report_relay.py"
2026-10-02T15:08:44-10:00job:discord_report_relay | same
2026-10-02T15:08:44-10:00job:radio_news_update RUN  nice -n 10 python3 "/home/rootrecord/RootRecord-Ecosystem/1 - Servers/1 - RootRecord-Pacific-Solar-Server/Media/RadioRss/scripts/rss_radio.py" news-hour --speak
2026-10-02T15:09:57-10:00tunnel timeout — reconnecting
2026-10-02T15:09:57-10:00tunnel timeout — reconnecting
2026-10-02T15:09:58-10:00tunnel timeout — reconnecting
2026-10-02T15:09:58-10:00tunnel timeout — reconnecting
2026-10-02T15:09:58-10:00tunnel timeout — reconnecting
2026-10-02T15:09:58-10:00tunnel timeout — reconnecting
2026-10-02T15:09:59-10:00tunnel timeout — reconnecting
2026-10-02T15:10:00-10:00tunnel connected  conn=3  edge=lax13
2026-10-02T15:10:00-10:00tunnel connected  conn=0  edge=lax08
2026-10-02T15:10:00-10:00tunnel connected  conn=1  edge=lax13
2026-10-02T15:10:08-10:00tunnel connected  conn=2  edge=lax10
2026-10-02T15:11:52-10:00tunnel timeout — reconnecting
2026-10-02T15:11:52-10:00tunnel timeout — reconnecting
2026-10-02T15:11:52-10:00tunnel timeout — reconnecting
2026-10-02T15:11:53-10:00tunnel timeout — reconnecting
2026-10-02T15:11:53-10:00tunnel timeout — reconnecting
2026-10-02T15:11:54-10:00tunnel timeout — reconnecting
2026-10-02T15:11:54-10:00tunnel timeout — reconnecting
2026-10-02T15:11:54-10:00tunnel connected  conn=0  edge=lax13
2026-10-02T15:12:09-10:00tunnel connected  conn=1  edge=lax05
2026-10-02T15:12:09-10:00tunnel connected  conn=3  edge=lax01
2026-10-02T15:12:09-10:00tunnel connected  conn=2  edge=lax09
2026-10-02T15:15:02-10:00tunnel timeout — reconnecting
2026-10-02T15:15:03-10:00tunnel timeout — reconnecting
2026-10-02T15:15:08-10:00tunnel connected  conn=1  edge=lax08
2026-10-02T15:19:48-10:00job:radio_news_update FAIL code=-15
2026-10-02T15:19:48-10:00HTTP listening on http://127.0.0.1:8799 (open access on bind)
2026-10-02T15:19:48-10:00boot:start  jobs=9
2026-10-02T15:19:48-10:00boot:run  priority=0  id=self_terminal
2026-10-02T15:19:48-10:00boot:p0 self_process pid=1040849
2026-10-02T15:19:48-10:00boot:run  priority=1  id=cloudflare_tunnel
2026-10-02T15:19:48-10:00boot:p1 cloudflare_tunnel host=rootserver.rootrecord.cloud
2026-10-02T15:19:48-10:00internet OK at boot — starting tunnel
2026-10-02T15:19:48-10:00Starting cloudflared mode=token public_host=rootserver.rootrecord.cloud
2026-10-02T15:19:48-10:00Waiting for tunnel register (timeout=45s)…
2026-10-02T15:19:48-10:00tunnel starting
2026-10-02T15:19:49-10:00tunnel connected  conn=0  edge=lax05
2026-10-02T15:19:49-10:00Tunnel READY — first connection registered.
2026-10-02T15:19:49-10:00boot:run  priority=2  id=github_setup_remotes
2026-10-02T15:19:49-10:00tunnel ingress  rootserver.rootrecord.cloud → 127.0.0.1:8799
2026-10-02T15:19:49-10:00boot:run  priority=3  id=ollama_warmup
2026-10-02T15:19:49-10:00job:ollama_warmup RUN  bash '/home/rootrecord/RootRecord-Ecosystem/1 - Servers/1 - RootRecord-Pacific-Solar-Server/System/scripts/plumbing/ollama-warmup.sh'
2026-10-02T15:19:49-10:00job:ollama_warmup | [ok] ollama up
2026-10-02T15:19:49-10:00boot:run  priority=4  id=flm_npu_warmup
2026-10-02T15:19:49-10:00job:flm_npu_warmup RUN  bash '/home/rootrecord/RootRecord-Ecosystem/1 - Servers/1 - RootRecord-Pacific-Solar-Server/System/scripts/plumbing/flm-warmup.sh'
2026-10-02T15:19:49-10:00tunnel connected  conn=1  edge=lax13
2026-10-02T15:19:49-10:00job:flm_npu_warmup | [skip] FLM warmup disabled (no resident model; set FLM_WARMUP_RESIDENT=1 to opt in)
2026-10-02T15:19:49-10:00boot:run  priority=5  id=council_relay
2026-10-02T15:19:49-10:00job:council_relay RUN  bash "/home/rootrecord/RootRecord-Ecosystem/1 - Servers/1 - RootRecord-Pacific-Solar-Server/Communications/telegram/scripts/ensure-relay.sh"
2026-10-02T15:19:50-10:00tunnel connected  conn=2  edge=lax13
2026-10-02T15:19:51-10:00tunnel connected  conn=3  edge=lax11
2026-10-02T15:19:52-10:00job:council_relay | [ok] council-relay started pid=1041188 → /home/rootrecord/RootRecord-Ecosystem/2 - RootRecord-Database/Logs/Communications/council-relay.log
2026-10-02T15:19:52-10:00boot:run  priority=6  id=security_camera_server
2026-10-02T15:19:52-10:00job:security_camera_server RUN  bash "/home/rootrecord/RootRecord-Ecosystem/1 - Servers/1 - RootRecord-Pacific-Solar-Server/Security/Cameras/ensure_cam_server.sh"
2026-10-02T15:19:52-10:00job:security_camera_server | security cam server started
2026-10-02T15:19:52-10:00boot:run  priority=7  id=security_timelapse_catchup
2026-10-02T15:19:52-10:00job:security_timelapse_catchup RUN  bash "/home/rootrecord/RootRecord-Ecosystem/1 - Servers/1 - RootRecord-Pacific-Solar-Server/Security/Cameras/timelapse_catchup.sh"
2026-10-02T15:19:53-10:00job:security_timelapse_catchup | 15:19:52  🎬  a-eyes-timelapse  catchup: checking 20261002, now=15:19 HST
2026-10-02T15:19:53-10:00job:security_timelapse_catchup | 15:19:52  🎬  a-eyes-timelapse  hour 05 already compiled, skipping
2026-10-02T15:19:53-10:00job:security_timelapse_catchup | 15:19:52  🎬  a-eyes-timelapse  hour 06 has no frames yet, skipping
2026-10-02T15:19:53-10:00job:security_timelapse_catchup | 15:19:52  🎬  a-eyes-timelapse  hour 07 has no frames yet, skipping
2026-10-02T15:19:53-10:00job:security_timelapse_catchup | 15:19:53  🎬  a-eyes-timelapse  hour 08 already compiled, skipping
2026-10-02T15:19:53-10:00job:security_timelapse_catchup | 15:19:53  🎬  a-eyes-timelapse  hour 09 already compiled, skipping
2026-10-02T15:19:53-10:00job:security_timelapse_catchup | 15:19:53  🎬  a-eyes-timelapse  hour 10 already compiled, skipping
2026-10-02T15:19:53-10:00job:security_timelapse_catchup | 15:19:53  🎬  a-eyes-timelapse  hour 11 already compiled, skipping
2026-10-02T15:19:53-10:00job:security_timelapse_catchup | 15:19:53  🎬  a-eyes-timelapse  hour 12 already compiled, skipping
2026-10-02T15:19:53-10:00job:security_timelapse_catchup | 15:19:53  🎬  a-eyes-timelapse  hour 13 already compiled, skipping
2026-10-02T15:19:53-10:00job:security_timelapse_catchup | 15:19:53  🎬  a-eyes-timelapse  hour 14 already compiled, skipping
2026-10-02T15:19:53-10:00job:security_timelapse_catchup | 15:19:53  🎬  a-eyes-timelapse  catchup: window still open today, skipping daily render
2026-10-02T15:19:53-10:00boot:run  priority=9  id=network_globe_hawaii
2026-10-02T15:19:53-10:00job:network_globe_hawaii RUN  bash "/home/rootrecord/RootRecord-Ecosystem/1 - Servers/1 - RootRecord-Pacific-Solar-Server/Communications/network/scripts/ensure-network-globe-hawaii.sh"
2026-10-02T15:19:53-10:00job:network_globe_hawaii | [ensure-network-globe-hawaii] already running -- nothing to do
2026-10-02T15:19:53-10:00boot:done
2026-10-02T15:20:50-10:00  ▸  SUMMARY=delta2 soc=19.64% solar=0W ac_out=0W usbc=53W src=ble db=ok
2026-10-02T15:20:50-10:00scheduler  every_seconds=12  every_minute=12  every_hour=4  on_at=4
2026-10-02T15:20:50-10:00ENERGY  status=live  B2=19.6%  B1=59%  solar=139 W  ac=0 W  usbc=53 W  src=/home/rootrecord/RootRecord-Ecosystem/2 - RootRecord-Database/Energy  LAP=36%/Charging/AC
2026-10-02T15:20:50-10:00job:sys_stats_cycle RUN  bash "/home/rootrecord/RootRecord-Ecosystem/1 - Servers/1 - RootRecord-Pacific-Solar-Server/System/scripts/sys-sample.sh"
2026-10-02T15:20:52-10:00job:sys_stats_cycle | SYSTEM  cpu=4%  load=2.18  mem=50%  src=sqlite
2026-10-02T15:20:52-10:00job:sys_stats_cycle | OK wrote /home/rootrecord/RootRecord-Ecosystem/2 - RootRecord-Database/System/samples/sys-20261002-152050.json
2026-10-02T15:21:53-10:00tunnel timeout — reconnecting
2026-10-02T15:21:54-10:00tunnel timeout — reconnecting
2026-10-02T15:21:54-10:00tunnel timeout — reconnecting
2026-10-02T15:21:54-10:00tunnel timeout — reconnecting
2026-10-02T15:21:54-10:00tunnel timeout — reconnecting
2026-10-02T15:21:55-10:00tunnel timeout — reconnecting
2026-10-02T15:21:56-10:00tunnel timeout — reconnecting
2026-10-02T15:21:56-10:00tunnel connected  conn=0  edge=lax11
2026-10-02T15:22:02-10:00job:github_sync_all FAIL code=-15
2026-10-02T15:22:02-10:00job:github_sync_all ! ↑ [ecosystem] committed 185 local file(s)
2026-10-02T15:22:02-10:00job:github_sync_all ! ↓ [ecosystem] fetching origin/main
2026-10-02T15:22:02-10:00job:github_sync_all ! From github.com:RootRecord-Software-Solutions/RootRecord-Ecosystem
2026-10-02T15:22:02-10:00job:github_sync_all !  * branch              main       -> FETCH_HEAD
2026-10-02T15:22:02-10:00job:github_sync_all !  * [new branch]        main       -> origin/main
2026-10-02T15:22:02-10:00job:github_sync_all ! ↑ [ecosystem] local is ahead of GitHub
2026-10-02T15:22:02-10:00job:github_sync_all ! To github.com:RootRecord-Software-Solutions/RootRecord-Ecosystem.git
2026-10-02T15:22:02-10:00job:github_sync_all !    60db45b7..cac9ef6e  HEAD -> main
2026-10-02T15:22:02-10:00job:github_sync_all ! branch 'main' set up to track 'origin/main'.
2026-10-02T15:22:02-10:00job:github_sync_all ! ↑ [ecosystem] 185 files → RootRecord-Software-Solutions/RootRecord-Ecosystem (main)
2026-10-02T15:22:02-10:00job:github_sync_all ! ↑ [pacific] committed 11 local file(s)
2026-10-02T15:22:02-10:00job:github_sync_all ! ↓ [pacific] fetching origin/main
2026-10-02T15:22:02-10:00job:github_sync_all ! From github.com:RootRecord-Software-Solutions/RootRecord-Pacific-Solar-Server
2026-10-02T15:22:02-10:00job:github_sync_all !  * branch            main       -> FETCH_HEAD
2026-10-02T15:22:02-10:00job:github_sync_all ! ↑ [pacific] local is ahead of GitHub
2026-10-02T15:22:02-10:00job:github_sync_all ! To github.com:RootRecord-Software-Solutions/RootRecord-Pacific-Solar-Server.git
2026-10-02T15:22:02-10:00job:github_sync_all !    3061f19..742ca1d  HEAD -> main
2026-10-02T15:22:02-10:00job:github_sync_all ! branch 'main' set up to track 'origin/main'.
2026-10-02T15:22:02-10:00job:github_sync_all ! ↑ [pacific] 11 files → RootRecord-Software-Solutions/RootRecord-Pacific-Solar-Server (main)
2026-10-02T15:22:02-10:00job:github_sync_all ! ↑ [database] committed 144 local file(s)
2026-10-02T15:22:02-10:00HTTP listening on http://127.0.0.1:8799 (open access on bind)
2026-10-02T15:22:02-10:00boot:start  jobs=9
2026-10-02T15:22:02-10:00boot:run  priority=0  id=self_terminal
2026-10-02T15:22:02-10:00boot:p0 self_process pid=1053183
2026-10-02T15:22:02-10:00boot:run  priority=1  id=cloudflare_tunnel
2026-10-02T15:22:03-10:00boot:p1 cloudflare_tunnel host=rootserver.rootrecord.cloud
2026-10-02T15:22:03-10:00internet OK at boot — starting tunnel
2026-10-02T15:22:03-10:00Starting cloudflared mode=token public_host=rootserver.rootrecord.cloud
2026-10-02T15:22:03-10:00Waiting for tunnel register (timeout=45s)…
2026-10-02T15:22:03-10:00tunnel starting
2026-10-02T15:22:03-10:00tunnel connected  conn=0  edge=lax10
2026-10-02T15:22:03-10:00Tunnel READY — first connection registered.
2026-10-02T15:22:03-10:00boot:run  priority=2  id=github_setup_remotes
2026-10-02T15:22:03-10:00tunnel ingress  rootserver.rootrecord.cloud → 127.0.0.1:8799
2026-10-02T15:22:03-10:00boot:run  priority=3  id=ollama_warmup
2026-10-02T15:22:03-10:00job:ollama_warmup RUN  bash '/home/rootrecord/RootRecord-Ecosystem/1 - Servers/1 - RootRecord-Pacific-Solar-Server/System/scripts/plumbing/ollama-warmup.sh'
2026-10-02T15:22:03-10:00job:ollama_warmup | [ok] ollama up
2026-10-02T15:22:03-10:00boot:run  priority=4  id=flm_npu_warmup
2026-10-02T15:22:03-10:00job:flm_npu_warmup RUN  bash '/home/rootrecord/RootRecord-Ecosystem/1 - Servers/1 - RootRecord-Pacific-Solar-Server/System/scripts/plumbing/flm-warmup.sh'
2026-10-02T15:22:03-10:00tunnel connected  conn=1  edge=lax13
2026-10-02T15:22:03-10:00job:flm_npu_warmup | [skip] FLM warmup disabled (no resident model; set FLM_WARMUP_RESIDENT=1 to opt in)
2026-10-02T15:22:03-10:00boot:run  priority=5  id=council_relay
2026-10-02T15:22:03-10:00job:council_relay RUN  bash "/home/rootrecord/RootRecord-Ecosystem/1 - Servers/1 - RootRecord-Pacific-Solar-Server/Communications/telegram/scripts/ensure-relay.sh"
2026-10-02T15:22:04-10:00tunnel connected  conn=2  edge=lax08
2026-10-02T15:22:05-10:00tunnel connected  conn=3  edge=lax13
2026-10-02T15:22:07-10:00job:council_relay | [ok] council-relay started pid=1053536 → /home/rootrecord/RootRecord-Ecosystem/2 - RootRecord-Database/Logs/Communications/council-relay.log
2026-10-02T15:22:07-10:00boot:run  priority=6  id=security_camera_server
2026-10-02T15:22:07-10:00job:security_camera_server RUN  bash "/home/rootrecord/RootRecord-Ecosystem/1 - Servers/1 - RootRecord-Pacific-Solar-Server/Security/Cameras/ensure_cam_server.sh"
2026-10-02T15:22:07-10:00job:security_camera_server | security cam server started
2026-10-02T15:22:07-10:00boot:run  priority=7  id=security_timelapse_catchup
2026-10-02T15:22:07-10:00job:security_timelapse_catchup RUN  bash "/home/rootrecord/RootRecord-Ecosystem/1 - Servers/1 - RootRecord-Pacific-Solar-Server/Security/Cameras/timelapse_catchup.sh"
2026-10-02T15:22:07-10:00job:security_timelapse_catchup | 15:22:07  🎬  a-eyes-timelapse  catchup: checking 20261002, now=15:22 HST
2026-10-02T15:22:07-10:00job:security_timelapse_catchup | 15:22:07  🎬  a-eyes-timelapse  hour 05 already compiled, skipping
2026-10-02T15:22:07-10:00job:security_timelapse_catchup | 15:22:07  🎬  a-eyes-timelapse  hour 06 has no frames yet, skipping
2026-10-02T15:22:07-10:00job:security_timelapse_catchup | 15:22:07  🎬  a-eyes-timelapse  hour 07 has no frames yet, skipping
2026-10-02T15:22:07-10:00job:security_timelapse_catchup | 15:22:07  🎬  a-eyes-timelapse  hour 08 already compiled, skipping
2026-10-02T15:22:07-10:00job:security_timelapse_catchup | 15:22:07  🎬  a-eyes-timelapse  hour 09 already compiled, skipping
2026-10-02T15:22:07-10:00job:security_timelapse_catchup | 15:22:07  🎬  a-eyes-timelapse  hour 10 already compiled, skipping
2026-10-02T15:22:07-10:00job:security_timelapse_catchup | 15:22:07  🎬  a-eyes-timelapse  hour 11 already compiled, skipping
2026-10-02T15:22:07-10:00job:security_timelapse_catchup | 15:22:07  🎬  a-eyes-timelapse  hour 12 already compiled, skipping
2026-10-02T15:22:07-10:00job:security_timelapse_catchup | 15:22:07  🎬  a-eyes-timelapse  hour 13 already compiled, skipping
2026-10-02T15:22:07-10:00job:security_timelapse_catchup | 15:22:07  🎬  a-eyes-timelapse  hour 14 already compiled, skipping
2026-10-02T15:22:07-10:00job:security_timelapse_catchup | 15:22:07  🎬  a-eyes-timelapse  catchup: window still open today, skipping daily render
2026-10-02T15:22:07-10:00boot:run  priority=9  id=network_globe_hawaii
2026-10-02T15:22:07-10:00job:network_globe_hawaii RUN  bash "/home/rootrecord/RootRecord-Ecosystem/1 - Servers/1 - RootRecord-Pacific-Solar-Server/Communications/network/scripts/ensure-network-globe-hawaii.sh"
2026-10-02T15:22:07-10:00job:network_globe_hawaii | [ensure-network-globe-hawaii] already running -- nothing to do
2026-10-02T15:22:07-10:00boot:done
2026-10-02T15:22:49-10:00  ▸  SUMMARY=delta2 soc=19.44% solar=0W ac_out=0W usbc=53W src=ble db=ok
2026-10-02T15:22:49-10:00scheduler  every_seconds=12  every_minute=12  every_hour=4  on_at=4
2026-10-02T15:22:49-10:00ENERGY  status=live  B2=19.4%  B1=59%  solar=139 W  ac=0 W  usbc=53 W  src=/home/rootrecord/RootRecord-Ecosystem/2 - RootRecord-Database/Energy  LAP=37%/Charging/AC
2026-10-02T15:22:49-10:00job:sys_stats_cycle RUN  bash "/home/rootrecord/RootRecord-Ecosystem/1 - Servers/1 - RootRecord-Pacific-Solar-Server/System/scripts/sys-sample.sh"
2026-10-02T15:22:52-10:00job:sys_stats_cycle | SYSTEM  cpu=40%  load=1.29  mem=51%  src=sqlite
2026-10-02T15:22:52-10:00job:sys_stats_cycle | OK wrote /home/rootrecord/RootRecord-Ecosystem/2 - RootRecord-Database/System/samples/sys-20261002-152250.json
2026-10-02T15:24:03-10:00job:github_sync_all | ↑ [ecosystem] committed 8 local file(s)
2026-10-02T15:24:03-10:00job:github_sync_all | ↓ [ecosystem] fetching origin/main
2026-10-02T15:24:03-10:00job:github_sync_all | From github.com:RootRecord-Software-Solutions/RootRecord-Ecosystem
2026-10-02T15:24:03-10:00job:github_sync_all | * branch              main       -> FETCH_HEAD
2026-10-02T15:24:03-10:00job:github_sync_all | * [new branch]        main       -> origin/main
2026-10-02T15:24:03-10:00job:github_sync_all | ↑ [ecosystem] local is ahead of GitHub
2026-10-02T15:24:03-10:00job:github_sync_all | To github.com:RootRecord-Software-Solutions/RootRecord-Ecosystem.git
2026-10-02T15:24:03-10:00job:github_sync_all | cac9ef6e..415321b1  HEAD -> main
2026-10-02T15:24:03-10:00job:github_sync_all | branch 'main' set up to track 'origin/main'.
2026-10-02T15:24:03-10:00job:github_sync_all | ↑ [ecosystem] 8 files → RootRecord-Software-Solutions/RootRecord-Ecosystem (main)
2026-10-02T15:24:03-10:00job:github_sync_all | ↑ [pacific] committed 2 local file(s)
2026-10-02T15:24:03-10:00job:github_sync_all | ↓ [pacific] fetching origin/main
2026-10-02T15:24:03-10:00job:github_sync_all | From github.com:RootRecord-Software-Solutions/RootRecord-Pacific-Solar-Server
2026-10-02T15:24:03-10:00job:github_sync_all | * branch            main       -> FETCH_HEAD
2026-10-02T15:24:03-10:00job:github_sync_all | ↑ [pacific] local is ahead of GitHub
2026-10-02T15:24:03-10:00job:github_sync_all | To github.com:RootRecord-Software-Solutions/RootRecord-Pacific-Solar-Server.git
2026-10-02T15:24:03-10:00job:github_sync_all | 742ca1d..3d2f9ff  HEAD -> main
2026-10-02T15:24:03-10:00job:github_sync_all | branch 'main' set up to track 'origin/main'.
2026-10-02T15:24:03-10:00job:github_sync_all | ↑ [pacific] 2 files → RootRecord-Software-Solutions/RootRecord-Pacific-Solar-Server (main)
2026-10-02T15:24:03-10:00job:github_sync_all | ↑ [database] committed 24 local file(s)
2026-10-02T15:24:03-10:00job:github_sync_all | ↓ [database] fetching origin/main
2026-10-02T15:24:03-10:00job:github_sync_all | From github.com:RootRecord-Software-Solutions/RootRecord-Database
2026-10-02T15:24:03-10:00job:github_sync_all | * branch              main       -> FETCH_HEAD
2026-10-02T15:24:03-10:00job:github_sync_all | ↑ [database] local is ahead of GitHub
2026-10-02T15:24:03-10:00job:github_sync_all | To github.com:RootRecord-Software-Solutions/RootRecord-Database.git
2026-10-02T15:24:03-10:00job:github_sync_all | 1a8776ac..67556f07  HEAD -> main
2026-10-02T15:24:03-10:00job:github_sync_all | branch 'main' set up to track 'origin/main'.
2026-10-02T15:24:03-10:00job:github_sync_all | ↑ [database] 24 files → RootRecord-Software-Solutions/RootRecord-Database (main)
2026-10-02T15:24:03-10:00job:github_sync_all | — [library] no local changes
2026-10-02T15:24:03-10:00job:github_sync_all | ↓ [library] fetching origin/main
2026-10-02T15:24:03-10:00job:github_sync_all | From github.com:RootRecord-Software-Solutions/RootRecord-Library
2026-10-02T15:24:03-10:00job:github_sync_all | * branch            main       -> FETCH_HEAD
2026-10-02T15:24:03-10:00job:github_sync_all | — [library] local and GitHub already match
2026-10-02T15:24:03-10:00job:github_sync_all | — [library] nothing to push
2026-10-02T15:24:03-10:00job:github_sync_all | — [website] no local changes
2026-10-02T15:24:03-10:00job:github_sync_all | ↓ [website] fetching origin/main
2026-10-02T15:24:03-10:00job:github_sync_all | From github.com:RootRecord-Software-Solutions/RootRecord-Website
2026-10-02T15:24:03-10:00job:github_sync_all | * branch            main       -> FETCH_HEAD
2026-10-02T15:24:03-10:00job:github_sync_all | — [website] local and GitHub already match
2026-10-02T15:24:03-10:00job:github_sync_all | — [website] nothing to push
2026-10-02T15:24:03-10:00job:worklog_scan RUN  bash "/home/rootrecord/RootRecord-Ecosystem/1 - Servers/1 - RootRecord-Pacific-Solar-Server/Reports/scripts/worklog_once.sh"
2026-10-02T15:25:39-10:00tunnel timeout — reconnecting
2026-10-02T15:25:39-10:00tunnel timeout — reconnecting
2026-10-02T15:25:40-10:00tunnel timeout — reconnecting
2026-10-02T15:25:40-10:00tunnel timeout — reconnecting
2026-10-02T15:25:40-10:00tunnel timeout — reconnecting
2026-10-02T15:25:41-10:00tunnel timeout — reconnecting
2026-10-02T15:25:41-10:00tunnel timeout — reconnecting
2026-10-02T15:25:42-10:00tunnel connected  conn=0  edge=lax11
2026-10-02T15:25:45-10:00tunnel connected  conn=1  edge=lax13
2026-10-02T15:25:45-10:00tunnel connected  conn=2  edge=lax07
2026-10-02T15:25:45-10:00tunnel connected  conn=3  edge=lax13
2026-10-02T15:27:03-10:00job:worklog_scan TIMEOUT after 180s
2026-10-02T15:27:03-10:00job:security_camera_frame_grab RUN  bash "/home/rootrecord/RootRecord-Ecosystem/1 - Servers/1 - RootRecord-Pacific-Solar-Server/Security/Cameras/grab_all.sh"
2026-10-02T15:27:21-10:00job:security_camera_frame_grab | 15:27:03  📷  a-eyes  ch1 → ch1-20261003T012703Z.jpg  (501.4 KB, 4.34s)
2026-10-02T15:27:21-10:00job:security_camera_frame_grab | 15:27:07  📷  a-eyes  ch2 → ch2-20261003T012707Z.jpg  (197.1 KB, 4.48s)
2026-10-02T15:27:21-10:00job:security_camera_frame_grab | 15:27:12  📷  a-eyes  ch3 → ch3-20261003T012712Z.jpg  (404.1 KB, 4.48s)
2026-10-02T15:27:21-10:00job:security_camera_frame_grab | 15:27:16  📷  a-eyes  ch4 → ch4-20261003T012716Z.jpg  (148.3 KB, 4.41s)
2026-10-02T15:27:21-10:00job:service_supervisor RUN  bash "/home/rootrecord/RootRecord-Ecosystem/1 - Servers/1 - RootRecord-Pacific-Solar-Server/Automations/scripts/supervise-services.sh"
2026-10-02T15:27:21-10:00job:service_supervisor | [supervisor] weather DEAD — gated-off (RR_LOCAL_DATA_POLL soft-off; not respawning)
2026-10-02T15:27:21-10:00job:service_supervisor | [supervisor] relay alive pid=1053536 (act)
2026-10-02T15:27:21-10:00job:system_uptime_log RUN  python3 "/home/rootrecord/RootRecord-Ecosystem/1 - Servers/1 - RootRecord-Pacific-Solar-Server/System/scripts/uptime_log.py" tick
2026-10-02T15:27:21-10:00job:system_uptime_log | {"ok": true, "facts": {"process_uptime_s": null, "boot_uptime_s": 42661, "desk_uptime_s": 266474, "origin_started_at": "2026-09-29T23:26:06.758795+00:00", "last_return_at": "2026-10-03T01:27:21.458015+00:00", "last_return_kind": "desk_up"}}
2026-10-02T15:27:21-10:00job:status_snapshot RUN  nice -n 10 python3 "/home/rootrecord/RootRecord-Ecosystem/1 - Servers/1 - RootRecord-Pacific-Solar-Server/Website/scripts/live_data_pages.py"
2026-10-02T15:27:21-10:00job:status_snapshot | live-data 6 pages
2026-10-02T15:27:21-10:00job:system_net_sample RUN  nice -n 10 python3 "/home/rootrecord/RootRecord-Ecosystem/1 - Servers/1 - RootRecord-Pacific-Solar-Server/System/scripts/host_desks.py" net-sample
2026-10-02T15:27:21-10:00job:system_net_sample | {"ok": true, "file": "/home/rootrecord/RootRecord-Ecosystem/2 - RootRecord-Database/System/network/Daily/net-20261002.jsonl", "iface": "wlo1", "hour": {"seconds": 4879, "rx": 366786784, "tx": 83703887, "total": 450490671, "iface": "wlo1", "link": "wireless"}, "day": null}
2026-10-02T15:27:21-10:00job:ml2_datapack_pickup RUN  nice -n 10 bash "/home/rootrecord/RootRecord-Ecosystem/1 - Servers/1 - RootRecord-Pacific-Solar-Server/Communications/telegram/scripts/run-datapack-pickup.sh"
2026-10-02T15:27:21-10:00job:ml2_datapack_pickup OK
2026-10-02T15:27:22-10:00job:discord_report_relay RUN  nice -n 10 python3 "/home/rootrecord/RootRecord-Ecosystem/1 - Servers/1 - RootRecord-Pacific-Solar-Server/Communications/Discord/scripts/report_relay.py"
2026-10-02T15:27:22-10:00job:discord_report_relay | same
2026-10-02T15:27:22-10:00job:voice_kilauea_image_check RUN  nice -n 10 python3 "/home/rootrecord/RootRecord-Ecosystem/1 - Servers/1 - RootRecord-Pacific-Solar-Server/Media/Voice/scripts/voice_reports.py" kilauea_image_check
2026-10-02T15:29:40-10:00job:voice_kilauea_image_check | {"ok": true, "report": "kilauea_image_check", "md": "/home/rootrecord/RootRecord-Ecosystem/test-reports/Voice/kilauea_image_check_current.md", "sentences": 2, "status_starting": {"ok": true, "skipped": true, "detail": "status_off", "phase": "starting"}, "voice": {"ok": true, "mode": "stitch", "report": "kilauea_image_check", "agent": "carly", "voice": "af_nova", "speed": 1.0, "wav": "/home/rootrecord/RootRecord-Ecosystem/2 - RootRecord-Database/Media/Audio/Voice/kilauea_image_check_current.wav", "clips_used": 0, "live_sentences": 4, "model_loaded": true, "render_s": 10.9, "sample_rate": 24000, "channels": 1, "subtype": "PCM_16", "duration_s": 12.699, "peak_dbfs": -2.03, "rms_dbfs": -20.35, "lead_silence_ms": 115, "qc": "PASS", "wall_s": 11.07, "peak_rss_mb": 1360, "rc": 0}, "deliver": {"ok": true, "sent": false, "detail": "unchanged"}, "status_transit": {"ok": true, "skipped": true, "detail": "status_off", "phase": "transit"}, "radio": {"ok": true, "report": "kilauea_image_check", "file": "kilauea_image_check_current.opus", "bytes": 38293, "stage": {"ok": true, "skipped": true, "detail": "no_stage_type", "report": "kilauea_image_check"}}, "status_send": {"ok": true, "skipped": true, "detail": "status_off", "phase": "sent"}, "canonical": {"ok": true, "report_id": "rpt_c7c9efb5e9bf6e2a4f23", "status": "assets_ready"}}
2026-10-02T15:29:40-10:00ENERGY  status=live  B2=18.9%  B1=59%  solar=165 W  ac=0 W  usbc=55 W  src=/home/rootrecord/RootRecord-Ecosystem/2 - RootRecord-Database/Energy  LAP=41%/Charging/AC
2026-10-02T15:29:40-10:00job:sys_stats_cycle RUN  bash "/home/rootrecord/RootRecord-Ecosystem/1 - Servers/1 - RootRecord-Pacific-Solar-Server/System/scripts/sys-sample.sh"
2026-10-02T15:29:42-10:00job:sys_stats_cycle | SYSTEM  cpu=19%  load=4.57  mem=51%  src=sqlite
2026-10-02T15:29:42-10:00job:sys_stats_cycle | OK wrote /home/rootrecord/RootRecord-Ecosystem/2 - RootRecord-Database/System/samples/sys-20261002-152940.json
2026-10-02T15:30:58-10:00job:github_sync_all | ↑ [ecosystem] committed 50 local file(s)
2026-10-02T15:30:58-10:00job:github_sync_all | ↓ [ecosystem] fetching origin/main
2026-10-02T15:30:58-10:00job:github_sync_all | From github.com:RootRecord-Software-Solutions/RootRecord-Ecosystem
2026-10-02T15:30:58-10:00job:github_sync_all | * branch              main       -> FETCH_HEAD
2026-10-02T15:30:58-10:00job:github_sync_all | ↑ [ecosystem] local is ahead of GitHub
2026-10-02T15:30:58-10:00job:github_sync_all | To github.com:RootRecord-Software-Solutions/RootRecord-Ecosystem.git
2026-10-02T15:30:58-10:00job:github_sync_all | 415321b1..c1f0eaed  HEAD -> main
2026-10-02T15:30:58-10:00job:github_sync_all | branch 'main' set up to track 'origin/main'.
2026-10-02T15:30:58-10:00job:github_sync_all | ↑ [ecosystem] 50 files → RootRecord-Software-Solutions/RootRecord-Ecosystem (main)
2026-10-02T15:30:58-10:00job:github_sync_all | ↑ [pacific] committed 17 local file(s)
2026-10-02T15:30:58-10:00job:github_sync_all | ↓ [pacific] fetching origin/main
2026-10-02T15:30:58-10:00job:github_sync_all | From github.com:RootRecord-Software-Solutions/RootRecord-Pacific-Solar-Server
2026-10-02T15:30:58-10:00job:github_sync_all | * branch            main       -> FETCH_HEAD
2026-10-02T15:30:58-10:00job:github_sync_all | ↑ [pacific] local is ahead of GitHub
2026-10-02T15:30:58-10:00job:github_sync_all | To github.com:RootRecord-Software-Solutions/RootRecord-Pacific-Solar-Server.git
2026-10-02T15:30:58-10:00job:github_sync_all | 3d2f9ff..6862452  HEAD -> main
2026-10-02T15:30:58-10:00job:github_sync_all | branch 'main' set up to track 'origin/main'.
2026-10-02T15:30:58-10:00job:github_sync_all | ↑ [pacific] 17 files → RootRecord-Software-Solutions/RootRecord-Pacific-Solar-Server (main)
2026-10-02T15:30:58-10:00job:github_sync_all | ↑ [database] committed 58 local file(s)
2026-10-02T15:30:58-10:00job:github_sync_all | ↓ [database] fetching origin/main
2026-10-02T15:30:58-10:00job:github_sync_all | From github.com:RootRecord-Software-Solutions/RootRecord-Database
2026-10-02T15:30:58-10:00job:github_sync_all | * branch              main       -> FETCH_HEAD
2026-10-02T15:30:58-10:00job:github_sync_all | ↑ [database] local is ahead of GitHub
2026-10-02T15:30:58-10:00job:github_sync_all | To github.com:RootRecord-Software-Solutions/RootRecord-Database.git
2026-10-02T15:30:58-10:00job:github_sync_all | 67556f07..da1919cf  HEAD -> main
2026-10-02T15:30:58-10:00job:github_sync_all | branch 'main' set up to track 'origin/main'.
2026-10-02T15:30:58-10:00job:github_sync_all | ↑ [database] 58 files → RootRecord-Software-Solutions/RootRecord-Database (main)
2026-10-02T15:30:58-10:00job:github_sync_all | — [library] no local changes
2026-10-02T15:30:58-10:00job:github_sync_all | ↓ [library] fetching origin/main
2026-10-02T15:30:58-10:00job:github_sync_all | From github.com:RootRecord-Software-Solutions/RootRecord-Library
2026-10-02T15:30:58-10:00job:github_sync_all | * branch            main       -> FETCH_HEAD
2026-10-02T15:30:58-10:00job:github_sync_all | — [library] local and GitHub already match
2026-10-02T15:30:58-10:00job:github_sync_all | — [library] nothing to push
2026-10-02T15:30:58-10:00job:github_sync_all | ↑ [website] committed 16 local file(s)
2026-10-02T15:30:58-10:00job:github_sync_all | ↓ [website] fetching origin/main
2026-10-02T15:30:58-10:00job:github_sync_all | From github.com:RootRecord-Software-Solutions/RootRecord-Website
2026-10-02T15:30:58-10:00job:github_sync_all | * branch            main       -> FETCH_HEAD
2026-10-02T15:30:58-10:00job:github_sync_all | ↑ [website] local is ahead of GitHub
2026-10-02T15:30:58-10:00job:github_sync_all | To github.com:RootRecord-Software-Solutions/RootRecord-Website.git
2026-10-02T15:30:58-10:00job:github_sync_all | c71b5a2..573ea05  HEAD -> main
2026-10-02T15:30:58-10:00job:worklog_scan RUN  bash "/home/rootrecord/RootRecord-Ecosystem/1 - Servers/1 - RootRecord-Pacific-Solar-Server/Reports/scripts/worklog_once.sh"
2026-10-02T15:33:58-10:00job:worklog_scan TIMEOUT after 180s
2026-10-02T15:33:58-10:00job:security_camera_frame_grab RUN  bash "/home/rootrecord/RootRecord-Ecosystem/1 - Servers/1 - RootRecord-Pacific-Solar-Server/Security/Cameras/grab_all.sh"
2026-10-02T15:34:16-10:00job:security_camera_frame_grab | 15:33:58  📷  a-eyes  ch1 → ch1-20261003T013358Z.jpg  (519.9 KB, 4.43s)
2026-10-02T15:34:16-10:00job:security_camera_frame_grab | 15:34:03  📷  a-eyes  ch2 → ch2-20261003T013403Z.jpg  (186.9 KB, 4.28s)
2026-10-02T15:34:16-10:00job:security_camera_frame_grab | 15:34:07  📷  a-eyes  ch3 → ch3-20261003T013407Z.jpg  (334.0 KB, 4.47s)
2026-10-02T15:34:16-10:00job:security_camera_frame_grab | 15:34:12  📷  a-eyes  ch4 → ch4-20261003T013412Z.jpg  (181.4 KB, 4.58s)
2026-10-02T15:34:16-10:00job:system_uptime_log RUN  python3 "/home/rootrecord/RootRecord-Ecosystem/1 - Servers/1 - RootRecord-Pacific-Solar-Server/System/scripts/uptime_log.py" tick
2026-10-02T15:34:16-10:00job:system_uptime_log | {"ok": true, "facts": {"process_uptime_s": null, "boot_uptime_s": 43076, "desk_uptime_s": 266890, "origin_started_at": "2026-09-29T23:26:06.758795+00:00", "last_return_at": "2026-10-03T01:34:16.676205+00:00", "last_return_kind": "desk_up"}}
2026-10-02T15:34:16-10:00job:status_snapshot RUN  nice -n 10 python3 "/home/rootrecord/RootRecord-Ecosystem/1 - Servers/1 - RootRecord-Pacific-Solar-Server/Website/scripts/live_data_pages.py"
2026-10-02T15:34:16-10:00job:status_snapshot | live-data 6 pages
2026-10-02T15:34:16-10:00job:ml2_datapack_pickup RUN  nice -n 10 bash "/home/rootrecord/RootRecord-Ecosystem/1 - Servers/1 - RootRecord-Pacific-Solar-Server/Communications/telegram/scripts/run-datapack-pickup.sh"
2026-10-02T15:34:17-10:00job:ml2_datapack_pickup OK
2026-10-02T15:34:17-10:00job:live_picture RUN  nice -n 10 python3 "/home/rootrecord/RootRecord-Ecosystem/1 - Servers/1 - RootRecord-Pacific-Solar-Server/Media/Video/scripts/live_picture.py"
2026-10-02T15:34:25-10:00job:live_picture | {"ok": true, "detail": "published", "path": "/home/rootrecord/RootRecord-Ecosystem/1 - Servers/1 - RootRecord-Pacific-Solar-Server/Media/Video/live-frame.png", "size": [1920, 1080]}
2026-10-02T15:34:25-10:00ENERGY  status=live  B2=18.5%  B1=59%  solar=139 W  ac=0 W  usbc=55 W  src=/home/rootrecord/RootRecord-Ecosystem/2 - RootRecord-Database/Energy  LAP=44%/Charging/AC
2026-10-02T15:34:25-10:00job:sys_stats_cycle RUN  bash "/home/rootrecord/RootRecord-Ecosystem/1 - Servers/1 - RootRecord-Pacific-Solar-Server/System/scripts/sys-sample.sh"
2026-10-02T15:34:27-10:00job:sys_stats_cycle | SYSTEM  cpu=3%  load=1.17  mem=52%  src=sqlite
2026-10-02T15:34:27-10:00job:sys_stats_cycle | OK wrote /home/rootrecord/RootRecord-Ecosystem/2 - RootRecord-Database/System/samples/sys-20261002-153426.json
2026-10-02T15:35:35-10:00job:github_sync_all | ↑ [ecosystem] committed 15 local file(s)
2026-10-02T15:35:35-10:00job:github_sync_all | ↓ [ecosystem] fetching origin/main
2026-10-02T15:35:35-10:00job:github_sync_all | From github.com:RootRecord-Software-Solutions/RootRecord-Ecosystem
2026-10-02T15:35:35-10:00job:github_sync_all | * branch              main       -> FETCH_HEAD
2026-10-02T15:35:35-10:00job:github_sync_all | ↑ [ecosystem] local is ahead of GitHub
2026-10-02T15:35:35-10:00job:github_sync_all | To github.com:RootRecord-Software-Solutions/RootRecord-Ecosystem.git
2026-10-02T15:35:35-10:00job:github_sync_all | c1f0eaed..ff13ee4f  HEAD -> main
2026-10-02T15:35:35-10:00job:github_sync_all | branch 'main' set up to track 'origin/main'.
2026-10-02T15:35:35-10:00job:github_sync_all | ↑ [ecosystem] 15 files → RootRecord-Software-Solutions/RootRecord-Ecosystem (main)
2026-10-02T15:35:35-10:00job:github_sync_all | ↑ [pacific] committed 2 local file(s)
2026-10-02T15:35:35-10:00job:github_sync_all | ↓ [pacific] fetching origin/main
2026-10-02T15:35:35-10:00job:github_sync_all | From github.com:RootRecord-Software-Solutions/RootRecord-Pacific-Solar-Server
2026-10-02T15:35:35-10:00job:github_sync_all | * branch            main       -> FETCH_HEAD
2026-10-02T15:35:35-10:00job:github_sync_all | ↑ [pacific] local is ahead of GitHub
2026-10-02T15:35:35-10:00job:github_sync_all | To github.com:RootRecord-Software-Solutions/RootRecord-Pacific-Solar-Server.git
2026-10-02T15:35:35-10:00job:github_sync_all | 6862452..151f230  HEAD -> main
2026-10-02T15:35:35-10:00job:github_sync_all | branch 'main' set up to track 'origin/main'.
2026-10-02T15:35:35-10:00job:github_sync_all | ↑ [pacific] 2 files → RootRecord-Software-Solutions/RootRecord-Pacific-Solar-Server (main)
2026-10-02T15:35:35-10:00job:github_sync_all | ↑ [database] committed 39 local file(s)
2026-10-02T15:35:35-10:00job:github_sync_all | ↓ [database] fetching origin/main
2026-10-02T15:35:35-10:00job:github_sync_all | From github.com:RootRecord-Software-Solutions/RootRecord-Database
2026-10-02T15:35:35-10:00job:github_sync_all | * branch              main       -> FETCH_HEAD
2026-10-02T15:35:35-10:00job:github_sync_all | ↑ [database] local is ahead of GitHub
2026-10-02T15:35:35-10:00job:github_sync_all | To github.com:RootRecord-Software-Solutions/RootRecord-Database.git
2026-10-02T15:35:35-10:00job:github_sync_all | da1919cf..56deef73  HEAD -> main
2026-10-02T15:35:35-10:00job:github_sync_all | branch 'main' set up to track 'origin/main'.
2026-10-02T15:35:35-10:00job:github_sync_all | ↑ [database] 39 files → RootRecord-Software-Solutions/RootRecord-Database (main)
2026-10-02T15:35:35-10:00job:github_sync_all | — [library] no local changes
2026-10-02T15:35:35-10:00job:github_sync_all | ↓ [library] fetching origin/main
2026-10-02T15:35:35-10:00job:github_sync_all | From github.com:RootRecord-Software-Solutions/RootRecord-Library
2026-10-02T15:35:35-10:00job:github_sync_all | * branch            main       -> FETCH_HEAD
2026-10-02T15:35:35-10:00job:github_sync_all | — [library] local and GitHub already match
2026-10-02T15:35:35-10:00job:github_sync_all | — [library] nothing to push
2026-10-02T15:35:35-10:00job:github_sync_all | — [website] no local changes
2026-10-02T15:35:35-10:00job:github_sync_all | ↓ [website] fetching origin/main
2026-10-02T15:35:35-10:00job:github_sync_all | From github.com:RootRecord-Software-Solutions/RootRecord-Website
2026-10-02T15:35:35-10:00job:github_sync_all | * branch            main       -> FETCH_HEAD
2026-10-02T15:35:35-10:00job:github_sync_all | — [website] local and GitHub already match
2026-10-02T15:35:35-10:00job:github_sync_all | — [website] nothing to push
2026-10-02T15:35:35-10:00job:github_sync_all | — [website-personal] no local changes
2026-10-02T15:35:35-10:00job:security_camera_frame_grab RUN  bash "/home/rootrecord/RootRecord-Ecosystem/1 - Servers/1 - RootRecord-Pacific-Solar-Server/Security/Cameras/grab_all.sh"
2026-10-02T15:35:53-10:00job:security_camera_frame_grab | 15:35:35  📷  a-eyes  ch1 → ch1-20261003T013535Z.jpg  (524.7 KB, 4.56s)
2026-10-02T15:35:53-10:00job:security_camera_frame_grab | 15:35:40  📷  a-eyes  ch2 → ch2-20261003T013540Z.jpg  (188.0 KB, 4.42s)
2026-10-02T15:35:53-10:00job:security_camera_frame_grab | 15:35:44  📷  a-eyes  ch3 → ch3-20261003T013544Z.jpg  (397.7 KB, 4.68s)
2026-10-02T15:35:53-10:00job:security_camera_frame_grab | 15:35:49  📷  a-eyes  ch4 → ch4-20261003T013549Z.jpg  (182.3 KB, 4.56s)
2026-10-02T15:35:53-10:00job:service_supervisor RUN  bash "/home/rootrecord/RootRecord-Ecosystem/1 - Servers/1 - RootRecord-Pacific-Solar-Server/Automations/scripts/supervise-services.sh"
2026-10-02T15:35:53-10:00job:service_supervisor | [supervisor] weather DEAD — gated-off (RR_LOCAL_DATA_POLL soft-off; not respawning)
2026-10-02T15:35:53-10:00job:service_supervisor | [supervisor] relay alive pid=1053536 (act)
2026-10-02T15:35:53-10:00job:system_net_sample RUN  nice -n 10 python3 "/home/rootrecord/RootRecord-Ecosystem/1 - Servers/1 - RootRecord-Pacific-Solar-Server/System/scripts/host_desks.py" net-sample
2026-10-02T15:35:53-10:00job:system_net_sample | {"ok": true, "file": "/home/rootrecord/RootRecord-Ecosystem/2 - RootRecord-Database/System/network/Daily/net-20261002.jsonl", "iface": "wlo1", "hour": {"seconds": 4104, "rx": 284573282, "tx": 67253205, "total": 351826487, "iface": "wlo1", "link": "wireless"}, "day": null}
2026-10-02T15:35:53-10:00job:discord_report_relay RUN  nice -n 10 python3 "/home/rootrecord/RootRecord-Ecosystem/1 - Servers/1 - RootRecord-Pacific-Solar-Server/Communications/Discord/scripts/report_relay.py"
2026-10-02T15:35:54-10:00job:discord_report_relay | same
2026-10-02T15:35:54-10:00job:live_picture RUN  nice -n 10 python3 "/home/rootrecord/RootRecord-Ecosystem/1 - Servers/1 - RootRecord-Pacific-Solar-Server/Media/Video/scripts/live_picture.py"
2026-10-02T15:36:00-10:00job:live_picture | {"ok": true, "detail": "published", "path": "/home/rootrecord/RootRecord-Ecosystem/1 - Servers/1 - RootRecord-Pacific-Solar-Server/Media/Video/live-frame.png", "size": [1920, 1080]}
2026-10-02T15:36:01-10:00ENERGY  status=live  B2=18.4%  B1=59%  solar=165 W  ac=0 W  usbc=55 W  src=/home/rootrecord/RootRecord-Ecosystem/2 - RootRecord-Database/Energy  LAP=45%/Charging/AC
2026-10-02T15:36:01-10:00job:sys_stats_cycle RUN  bash "/home/rootrecord/RootRecord-Ecosystem/1 - Servers/1 - RootRecord-Pacific-Solar-Server/System/scripts/sys-sample.sh"
2026-10-02T15:36:03-10:00job:sys_stats_cycle | SYSTEM  cpu=9%  load=0.90  mem=51%  src=sqlite
2026-10-02T15:36:03-10:00job:sys_stats_cycle | OK wrote /home/rootrecord/RootRecord-Ecosystem/2 - RootRecord-Database/System/samples/sys-20261002-153601.json
2026-10-02T15:37:09-10:00job:github_sync_all | ↑ [ecosystem] committed 8 local file(s)
2026-10-02T15:37:09-10:00job:github_sync_all | ↓ [ecosystem] fetching origin/main
2026-10-02T15:37:09-10:00job:github_sync_all | From github.com:RootRecord-Software-Solutions/RootRecord-Ecosystem
2026-10-02T15:37:09-10:00job:github_sync_all | * branch              main       -> FETCH_HEAD
2026-10-02T15:37:09-10:00job:github_sync_all | ↑ [ecosystem] local is ahead of GitHub
2026-10-02T15:37:09-10:00job:github_sync_all | To github.com:RootRecord-Software-Solutions/RootRecord-Ecosystem.git
2026-10-02T15:37:09-10:00job:github_sync_all | ff13ee4f..65b74bbb  HEAD -> main
2026-10-02T15:37:09-10:00job:github_sync_all | branch 'main' set up to track 'origin/main'.
2026-10-02T15:37:09-10:00job:github_sync_all | ↑ [ecosystem] 8 files → RootRecord-Software-Solutions/RootRecord-Ecosystem (main)
2026-10-02T15:37:09-10:00job:github_sync_all | ↑ [pacific] committed 1 local file(s)
2026-10-02T15:37:09-10:00job:github_sync_all | ↓ [pacific] fetching origin/main
2026-10-02T15:37:09-10:00job:github_sync_all | From github.com:RootRecord-Software-Solutions/RootRecord-Pacific-Solar-Server
2026-10-02T15:37:09-10:00job:github_sync_all | * branch            main       -> FETCH_HEAD
2026-10-02T15:37:09-10:00job:github_sync_all | ↑ [pacific] local is ahead of GitHub
2026-10-02T15:37:09-10:00job:github_sync_all | To github.com:RootRecord-Software-Solutions/RootRecord-Pacific-Solar-Server.git
2026-10-02T15:37:09-10:00job:github_sync_all | 151f230..c635b23  HEAD -> main
2026-10-02T15:37:09-10:00job:github_sync_all | branch 'main' set up to track 'origin/main'.
2026-10-02T15:37:09-10:00job:github_sync_all | ↑ [pacific] 1 files → RootRecord-Software-Solutions/RootRecord-Pacific-Solar-Server (main)
2026-10-02T15:37:09-10:00job:github_sync_all | ↑ [database] committed 26 local file(s)
2026-10-02T15:37:09-10:00job:github_sync_all | ↓ [database] fetching origin/main
2026-10-02T15:37:09-10:00job:github_sync_all | From github.com:RootRecord-Software-Solutions/RootRecord-Database
2026-10-02T15:37:09-10:00job:github_sync_all | * branch              main       -> FETCH_HEAD
2026-10-02T15:37:09-10:00job:github_sync_all | ↑ [database] local is ahead of GitHub
2026-10-02T15:37:09-10:00job:github_sync_all | To github.com:RootRecord-Software-Solutions/RootRecord-Database.git
2026-10-02T15:37:09-10:00job:github_sync_all | 56deef73..dd292522  HEAD -> main
2026-10-02T15:37:09-10:00job:github_sync_all | branch 'main' set up to track 'origin/main'.
2026-10-02T15:37:09-10:00job:github_sync_all | ↑ [database] 26 files → RootRecord-Software-Solutions/RootRecord-Database (main)
2026-10-02T15:37:09-10:00job:github_sync_all | — [library] no local changes
2026-10-02T15:37:09-10:00job:github_sync_all | ↓ [library] fetching origin/main
2026-10-02T15:37:09-10:00job:github_sync_all | From github.com:RootRecord-Software-Solutions/RootRecord-Library
2026-10-02T15:37:09-10:00job:github_sync_all | * branch            main       -> FETCH_HEAD
2026-10-02T15:37:09-10:00job:github_sync_all | — [library] local and GitHub already match
2026-10-02T15:37:09-10:00job:github_sync_all | — [library] nothing to push
2026-10-02T15:37:09-10:00job:github_sync_all | — [website] no local changes
2026-10-02T15:37:09-10:00job:github_sync_all | ↓ [website] fetching origin/main
2026-10-02T15:37:09-10:00job:github_sync_all | From github.com:RootRecord-Software-Solutions/RootRecord-Website
2026-10-02T15:37:09-10:00job:github_sync_all | * branch            main       -> FETCH_HEAD
2026-10-02T15:37:09-10:00job:github_sync_all | — [website] local and GitHub already match
2026-10-02T15:37:09-10:00job:github_sync_all | — [website] nothing to push
2026-10-02T15:37:09-10:00job:github_sync_all | — [website-personal] no local changes
2026-10-02T15:37:09-10:00job:worklog_scan RUN  bash "/home/rootrecord/RootRecord-Ecosystem/1 - Servers/1 - RootRecord-Pacific-Solar-Server/Reports/scripts/worklog_once.sh"
2026-10-02T15:40:09-10:00job:worklog_scan TIMEOUT after 180s
2026-10-02T15:40:09-10:00job:security_camera_frame_grab RUN  bash "/home/rootrecord/RootRecord-Ecosystem/1 - Servers/1 - RootRecord-Pacific-Solar-Server/Security/Cameras/grab_all.sh"
2026-10-02T15:40:27-10:00job:security_camera_frame_grab | 15:40:09  📷  a-eyes  ch1 → ch1-20261003T014009Z.jpg  (512.6 KB, 4.57s)
2026-10-02T15:40:27-10:00job:security_camera_frame_grab | 15:40:14  📷  a-eyes  ch2 → ch2-20261003T014014Z.jpg  (183.4 KB, 4.59s)
2026-10-02T15:40:27-10:00job:security_camera_frame_grab | 15:40:18  📷  a-eyes  ch3 → ch3-20261003T014018Z.jpg  (401.5 KB, 4.69s)
2026-10-02T15:40:27-10:00job:security_camera_frame_grab | 15:40:23  📷  a-eyes  ch4 → ch4-20261003T014023Z.jpg  (182.4 KB, 4.27s)
2026-10-02T15:40:27-10:00job:system_uptime_log RUN  python3 "/home/rootrecord/RootRecord-Ecosystem/1 - Servers/1 - RootRecord-Pacific-Solar-Server/System/scripts/uptime_log.py" tick
2026-10-02T15:40:27-10:00job:system_uptime_log | {"ok": true, "facts": {"process_uptime_s": null, "boot_uptime_s": 43447, "desk_uptime_s": 267261, "origin_started_at": "2026-09-29T23:26:06.758795+00:00", "last_return_at": "2026-10-03T01:40:27.797243+00:00", "last_return_kind": "desk_up"}}
2026-10-02T15:40:27-10:00job:status_snapshot RUN  nice -n 10 python3 "/home/rootrecord/RootRecord-Ecosystem/1 - Servers/1 - RootRecord-Pacific-Solar-Server/Website/scripts/live_data_pages.py"
2026-10-02T15:40:28-10:00job:status_snapshot | live-data 6 pages
2026-10-02T15:40:28-10:00job:live_picture RUN  nice -n 10 python3 "/home/rootrecord/RootRecord-Ecosystem/1 - Servers/1 - RootRecord-Pacific-Solar-Server/Media/Video/scripts/live_picture.py"
2026-10-02T15:40:35-10:00job:live_picture | {"ok": true, "detail": "published", "path": "/home/rootrecord/RootRecord-Ecosystem/1 - Servers/1 - RootRecord-Pacific-Solar-Server/Media/Video/live-frame.png", "size": [1920, 1080]}
2026-10-02T15:40:35-10:00ENERGY  status=live  B2=18.1%  B1=59%  solar=165 W  ac=0 W  usbc=55 W  src=/home/rootrecord/RootRecord-Ecosystem/2 - RootRecord-Database/Energy  LAP=47%/Charging/AC
2026-10-02T15:40:35-10:00job:sys_stats_cycle RUN  bash "/home/rootrecord/RootRecord-Ecosystem/1 - Servers/1 - RootRecord-Pacific-Solar-Server/System/scripts/sys-sample.sh"
2026-10-02T15:40:38-10:00job:sys_stats_cycle | SYSTEM  cpu=30%  load=1.29  mem=55%  src=sqlite
2026-10-02T15:40:38-10:00job:sys_stats_cycle | OK wrote /home/rootrecord/RootRecord-Ecosystem/2 - RootRecord-Database/System/samples/sys-20261002-154036.json
2026-10-02T15:41:49-10:00job:github_sync_all | ↑ [ecosystem] committed 24 local file(s)
2026-10-02T15:41:49-10:00job:github_sync_all | ↓ [ecosystem] fetching origin/main
2026-10-02T15:41:49-10:00job:github_sync_all | From github.com:RootRecord-Software-Solutions/RootRecord-Ecosystem
2026-10-02T15:41:49-10:00job:github_sync_all | * branch              main       -> FETCH_HEAD
2026-10-02T15:41:49-10:00job:github_sync_all | ↑ [ecosystem] local is ahead of GitHub
2026-10-02T15:41:49-10:00job:github_sync_all | To github.com:RootRecord-Software-Solutions/RootRecord-Ecosystem.git
2026-10-02T15:41:49-10:00job:github_sync_all | 65b74bbb..630aeec2  HEAD -> main
2026-10-02T15:41:49-10:00job:github_sync_all | branch 'main' set up to track 'origin/main'.
2026-10-02T15:41:49-10:00job:github_sync_all | ↑ [ecosystem] 24 files → RootRecord-Software-Solutions/RootRecord-Ecosystem (main)
2026-10-02T15:41:49-10:00job:github_sync_all | ↑ [pacific] committed 1 local file(s)
2026-10-02T15:41:49-10:00job:github_sync_all | ↓ [pacific] fetching origin/main
2026-10-02T15:41:49-10:00job:github_sync_all | From github.com:RootRecord-Software-Solutions/RootRecord-Pacific-Solar-Server
2026-10-02T15:41:49-10:00job:github_sync_all | * branch            main       -> FETCH_HEAD
2026-10-02T15:41:49-10:00job:github_sync_all | ↑ [pacific] local is ahead of GitHub
2026-10-02T15:41:49-10:00job:github_sync_all | To github.com:RootRecord-Software-Solutions/RootRecord-Pacific-Solar-Server.git
2026-10-02T15:41:49-10:00job:github_sync_all | c635b23..5a0641d  HEAD -> main
2026-10-02T15:41:49-10:00job:github_sync_all | branch 'main' set up to track 'origin/main'.
2026-10-02T15:41:49-10:00job:github_sync_all | ↑ [pacific] 1 files → RootRecord-Software-Solutions/RootRecord-Pacific-Solar-Server (main)
2026-10-02T15:41:49-10:00job:github_sync_all | ↑ [database] committed 47 local file(s)
2026-10-02T15:41:49-10:00job:github_sync_all | ↓ [database] fetching origin/main
2026-10-02T15:41:49-10:00job:github_sync_all | From github.com:RootRecord-Software-Solutions/RootRecord-Database
2026-10-02T15:41:49-10:00job:github_sync_all | * branch              main       -> FETCH_HEAD
2026-10-02T15:41:49-10:00job:github_sync_all | ↑ [database] local is ahead of GitHub
2026-10-02T15:41:49-10:00job:github_sync_all | To github.com:RootRecord-Software-Solutions/RootRecord-Database.git
2026-10-02T15:41:49-10:00job:github_sync_all | dd292522..0188d1c6  HEAD -> main
2026-10-02T15:41:49-10:00job:github_sync_all | branch 'main' set up to track 'origin/main'.
2026-10-02T15:41:49-10:00job:github_sync_all | ↑ [database] 47 files → RootRecord-Software-Solutions/RootRecord-Database (main)
2026-10-02T15:41:49-10:00job:github_sync_all | — [library] no local changes
2026-10-02T15:41:49-10:00job:github_sync_all | ↓ [library] fetching origin/main
2026-10-02T15:41:49-10:00job:github_sync_all | From github.com:RootRecord-Software-Solutions/RootRecord-Library
2026-10-02T15:41:49-10:00job:github_sync_all | * branch            main       -> FETCH_HEAD
2026-10-02T15:41:49-10:00job:github_sync_all | — [library] local and GitHub already match
2026-10-02T15:41:49-10:00job:github_sync_all | — [library] nothing to push
2026-10-02T15:41:49-10:00job:github_sync_all | — [website] no local changes
2026-10-02T15:41:49-10:00job:github_sync_all | ↓ [website] fetching origin/main
2026-10-02T15:41:49-10:00job:github_sync_all | From github.com:RootRecord-Software-Solutions/RootRecord-Website
2026-10-02T15:41:49-10:00job:github_sync_all | * branch            main       -> FETCH_HEAD
2026-10-02T15:41:49-10:00job:github_sync_all | — [website] local and GitHub already match
2026-10-02T15:41:49-10:00job:github_sync_all | — [website] nothing to push
2026-10-02T15:41:49-10:00job:github_sync_all | — [website-personal] no local changes
2026-10-02T15:41:49-10:00job:security_camera_frame_grab RUN  bash "/home/rootrecord/RootRecord-Ecosystem/1 - Servers/1 - RootRecord-Pacific-Solar-Server/Security/Cameras/grab_all.sh"
2026-10-02T15:42:07-10:00job:security_camera_frame_grab | 15:41:49  📷  a-eyes  ch1 → ch1-20261003T014149Z.jpg  (512.7 KB, 4.43s)
2026-10-02T15:42:07-10:00job:security_camera_frame_grab | 15:41:53  📷  a-eyes  ch2 → ch2-20261003T014153Z.jpg  (183.2 KB, 4.33s)
2026-10-02T15:42:07-10:00job:security_camera_frame_grab | 15:41:58  📷  a-eyes  ch3 → ch3-20261003T014158Z.jpg  (406.3 KB, 4.44s)
2026-10-02T15:42:07-10:00job:security_camera_frame_grab | 15:42:02  📷  a-eyes  ch4 → ch4-20261003T014202Z.jpg  (181.2 KB, 4.63s)
2026-10-02T15:42:07-10:00job:ml2_datapack_pickup RUN  nice -n 10 bash "/home/rootrecord/RootRecord-Ecosystem/1 - Servers/1 - RootRecord-Pacific-Solar-Server/Communications/telegram/scripts/run-datapack-pickup.sh"
2026-10-02T15:42:07-10:00job:ml2_datapack_pickup OK
2026-10-02T15:42:07-10:00ENERGY  status=live  B2=18.0%  B1=59%  solar=167 W  ac=0 W  usbc=55 W  src=/home/rootrecord/RootRecord-Ecosystem/2 - RootRecord-Database/Energy  LAP=48%/Charging/AC
2026-10-02T15:42:07-10:00job:sys_stats_cycle RUN  bash "/home/rootrecord/RootRecord-Ecosystem/1 - Servers/1 - RootRecord-Pacific-Solar-Server/System/scripts/sys-sample.sh"
2026-10-02T15:42:09-10:00job:sys_stats_cycle | SYSTEM  cpu=11%  load=2.26  mem=54%  src=sqlite
2026-10-02T15:42:09-10:00job:sys_stats_cycle | OK wrote /home/rootrecord/RootRecord-Ecosystem/2 - RootRecord-Database/System/samples/sys-20261002-154208.json
2026-10-02T15:43:14-10:00job:github_sync_all FAIL code=-15
2026-10-02T15:43:14-10:00job:github_sync_all ! ↑ [ecosystem] committed 9 local file(s)
2026-10-02T15:43:14-10:00job:github_sync_all ! ↓ [ecosystem] fetching origin/main
2026-10-02T15:43:14-10:00job:github_sync_all ! From github.com:RootRecord-Software-Solutions/RootRecord-Ecosystem
2026-10-02T15:43:14-10:00job:github_sync_all !  * branch              main       -> FETCH_HEAD
2026-10-02T15:43:14-10:00job:github_sync_all ! ↑ [ecosystem] local is ahead of GitHub
2026-10-02T15:43:14-10:00job:github_sync_all ! To github.com:RootRecord-Software-Solutions/RootRecord-Ecosystem.git
2026-10-02T15:43:14-10:00job:github_sync_all !    630aeec2..6c432cd6  HEAD -> main
2026-10-02T15:43:14-10:00job:github_sync_all ! branch 'main' set up to track 'origin/main'.
2026-10-02T15:43:14-10:00job:github_sync_all ! ↑ [ecosystem] 9 files → RootRecord-Software-Solutions/RootRecord-Ecosystem (main)
2026-10-02T15:43:14-10:00job:github_sync_all ! ↑ [pacific] committed 3 local file(s)
2026-10-02T15:43:14-10:00job:github_sync_all ! ↓ [pacific] fetching origin/main
2026-10-02T15:43:14-10:00job:github_sync_all ! From github.com:RootRecord-Software-Solutions/RootRecord-Pacific-Solar-Server
2026-10-02T15:43:14-10:00job:github_sync_all !  * branch            main       -> FETCH_HEAD
2026-10-02T15:43:14-10:00job:github_sync_all ! ↑ [pacific] local is ahead of GitHub
2026-10-02T15:43:14-10:00job:github_sync_all ! To github.com:RootRecord-Software-Solutions/RootRecord-Pacific-Solar-Server.git
2026-10-02T15:43:14-10:00job:github_sync_all !    5a0641d..a21ce3f  HEAD -> main
2026-10-02T15:43:14-10:00job:github_sync_all ! branch 'main' set up to track 'origin/main'.
2026-10-02T15:43:14-10:00job:github_sync_all ! ↑ [pacific] 3 files → RootRecord-Software-Solutions/RootRecord-Pacific-Solar-Server (main)
2026-10-02T15:43:14-10:00job:github_sync_all ! ↑ [database] committed 23 local file(s)
2026-10-02T15:43:14-10:00job:github_sync_all ! ↓ [database] fetching origin/main
2026-10-02T15:43:15-10:00HTTP listening on http://127.0.0.1:8799 (open access on bind)
2026-10-02T15:43:15-10:00boot:start  jobs=9
2026-10-02T15:43:15-10:00boot:run  priority=0  id=self_terminal
2026-10-02T15:43:15-10:00boot:p0 self_process pid=1634752
2026-10-02T15:43:15-10:00boot:run  priority=1  id=cloudflare_tunnel
2026-10-02T15:43:15-10:00boot:p1 cloudflare_tunnel host=rootserver.rootrecord.cloud
2026-10-02T15:43:15-10:00internet OK at boot — starting tunnel
2026-10-02T15:43:15-10:00Starting cloudflared mode=token public_host=rootserver.rootrecord.cloud
2026-10-02T15:43:15-10:00Waiting for tunnel register (timeout=45s)…
2026-10-02T15:43:15-10:00tunnel starting
2026-10-02T15:43:16-10:00tunnel connected  conn=0  edge=lax13
2026-10-02T15:43:16-10:00Tunnel READY — first connection registered.
2026-10-02T15:43:16-10:00boot:run  priority=2  id=github_setup_remotes
2026-10-02T15:43:16-10:00tunnel ingress  rootserver.rootrecord.cloud → 127.0.0.1:8799
2026-10-02T15:43:16-10:00boot:run  priority=3  id=ollama_warmup
2026-10-02T15:43:16-10:00job:ollama_warmup RUN  bash '/home/rootrecord/RootRecord-Ecosystem/1 - Servers/1 - RootRecord-Pacific-Solar-Server/System/scripts/plumbing/ollama-warmup.sh'
2026-10-02T15:43:16-10:00job:ollama_warmup | [ok] ollama up
2026-10-02T15:43:16-10:00boot:run  priority=4  id=flm_npu_warmup
2026-10-02T15:43:16-10:00job:flm_npu_warmup RUN  bash '/home/rootrecord/RootRecord-Ecosystem/1 - Servers/1 - RootRecord-Pacific-Solar-Server/System/scripts/plumbing/flm-warmup.sh'
2026-10-02T15:43:16-10:00tunnel connected  conn=1  edge=lax09
2026-10-02T15:43:16-10:00job:flm_npu_warmup | [skip] FLM warmup disabled (no resident model; set FLM_WARMUP_RESIDENT=1 to opt in)
2026-10-02T15:43:16-10:00boot:run  priority=5  id=council_relay
2026-10-02T15:43:16-10:00job:council_relay RUN  bash "/home/rootrecord/RootRecord-Ecosystem/1 - Servers/1 - RootRecord-Pacific-Solar-Server/Communications/telegram/scripts/ensure-relay.sh"
2026-10-02T15:43:17-10:00tunnel connected  conn=2  edge=lax13
2026-10-02T15:43:18-10:00tunnel connected  conn=3  edge=lax11
2026-10-02T15:43:19-10:00job:council_relay | [ok] council-relay started pid=1635136 → /home/rootrecord/RootRecord-Ecosystem/2 - RootRecord-Database/Logs/Communications/council-relay.log
2026-10-02T15:43:19-10:00boot:run  priority=6  id=security_camera_server
2026-10-02T15:43:19-10:00job:security_camera_server RUN  bash "/home/rootrecord/RootRecord-Ecosystem/1 - Servers/1 - RootRecord-Pacific-Solar-Server/Security/Cameras/ensure_cam_server.sh"
2026-10-02T15:43:19-10:00job:security_camera_server | security cam server started
2026-10-02T15:43:19-10:00boot:run  priority=7  id=security_timelapse_catchup
2026-10-02T15:43:19-10:00job:security_timelapse_catchup RUN  bash "/home/rootrecord/RootRecord-Ecosystem/1 - Servers/1 - RootRecord-Pacific-Solar-Server/Security/Cameras/timelapse_catchup.sh"
2026-10-02T15:43:20-10:00job:security_timelapse_catchup | 15:43:19  🎬  a-eyes-timelapse  catchup: checking 20261002, now=15:43 HST
2026-10-02T15:43:20-10:00job:security_timelapse_catchup | 15:43:19  🎬  a-eyes-timelapse  hour 05 already compiled, skipping
2026-10-02T15:43:20-10:00job:security_timelapse_catchup | 15:43:19  🎬  a-eyes-timelapse  hour 06 has no frames yet, skipping
2026-10-02T15:43:20-10:00job:security_timelapse_catchup | 15:43:19  🎬  a-eyes-timelapse  hour 07 has no frames yet, skipping
2026-10-02T15:43:20-10:00job:security_timelapse_catchup | 15:43:20  🎬  a-eyes-timelapse  hour 08 already compiled, skipping
2026-10-02T15:43:20-10:00job:security_timelapse_catchup | 15:43:20  🎬  a-eyes-timelapse  hour 09 already compiled, skipping
2026-10-02T15:43:20-10:00job:security_timelapse_catchup | 15:43:20  🎬  a-eyes-timelapse  hour 10 already compiled, skipping
2026-10-02T15:43:20-10:00job:security_timelapse_catchup | 15:43:20  🎬  a-eyes-timelapse  hour 11 already compiled, skipping
2026-10-02T15:43:20-10:00job:security_timelapse_catchup | 15:43:20  🎬  a-eyes-timelapse  hour 12 already compiled, skipping
2026-10-02T15:43:20-10:00job:security_timelapse_catchup | 15:43:20  🎬  a-eyes-timelapse  hour 13 already compiled, skipping
2026-10-02T15:43:20-10:00job:security_timelapse_catchup | 15:43:20  🎬  a-eyes-timelapse  hour 14 already compiled, skipping
2026-10-02T15:43:20-10:00job:security_timelapse_catchup | 15:43:20  🎬  a-eyes-timelapse  catchup: window still open today, skipping daily render
2026-10-02T15:43:20-10:00boot:run  priority=9  id=network_globe_hawaii
2026-10-02T15:43:20-10:00job:network_globe_hawaii RUN  bash "/home/rootrecord/RootRecord-Ecosystem/1 - Servers/1 - RootRecord-Pacific-Solar-Server/Communications/network/scripts/ensure-network-globe-hawaii.sh"
2026-10-02T15:43:20-10:00job:network_globe_hawaii | [ensure-network-globe-hawaii] already running -- nothing to do
2026-10-02T15:43:20-10:00boot:done
2026-10-02T15:44:09-10:00  ▸  SUMMARY=delta2 soc=17.93% solar=21W ac_out=0W usbc=55W src=ble db=ok
2026-10-02T15:44:09-10:00scheduler  every_seconds=12  every_minute=12  every_hour=4  on_at=4
2026-10-02T15:44:09-10:00ENERGY  status=live  B2=17.9%  B1=59%  solar=160 W  ac=0 W  usbc=55 W  src=/home/rootrecord/RootRecord-Ecosystem/2 - RootRecord-Database/Energy  LAP=50%/Charging/AC
2026-10-02T15:44:09-10:00job:sys_stats_cycle RUN  bash "/home/rootrecord/RootRecord-Ecosystem/1 - Servers/1 - RootRecord-Pacific-Solar-Server/System/scripts/sys-sample.sh"
2026-10-02T15:44:11-10:00job:sys_stats_cycle | SYSTEM  cpu=24%  load=1.21  mem=52%  src=sqlite
2026-10-02T15:44:11-10:00job:sys_stats_cycle | OK wrote /home/rootrecord/RootRecord-Ecosystem/2 - RootRecord-Database/System/samples/sys-20261002-154409.json
2026-10-02T15:45:14-10:00job:github_sync_all | ↑ [ecosystem] committed 9 local file(s)
2026-10-02T15:45:14-10:00job:github_sync_all | ↓ [ecosystem] fetching origin/main
2026-10-02T15:45:14-10:00job:github_sync_all | From github.com:RootRecord-Software-Solutions/RootRecord-Ecosystem
2026-10-02T15:45:14-10:00job:github_sync_all | * branch              main       -> FETCH_HEAD
2026-10-02T15:45:14-10:00job:github_sync_all | * [new branch]        main       -> origin/main
2026-10-02T15:45:14-10:00job:github_sync_all | ↑ [ecosystem] local is ahead of GitHub
2026-10-02T15:45:14-10:00job:github_sync_all | To github.com:RootRecord-Software-Solutions/RootRecord-Ecosystem.git
2026-10-02T15:45:14-10:00job:github_sync_all | 6c432cd6..d135da0e  HEAD -> main
2026-10-02T15:45:14-10:00job:github_sync_all | branch 'main' set up to track 'origin/main'.
2026-10-02T15:45:14-10:00job:github_sync_all | ↑ [ecosystem] 9 files → RootRecord-Software-Solutions/RootRecord-Ecosystem (main)
2026-10-02T15:45:14-10:00job:github_sync_all | ↑ [pacific] committed 3 local file(s)
2026-10-02T15:45:14-10:00job:github_sync_all | ↓ [pacific] fetching origin/main
2026-10-02T15:45:14-10:00job:github_sync_all | From github.com:RootRecord-Software-Solutions/RootRecord-Pacific-Solar-Server
2026-10-02T15:45:14-10:00job:github_sync_all | * branch            main       -> FETCH_HEAD
2026-10-02T15:45:14-10:00job:github_sync_all | ↑ [pacific] local is ahead of GitHub
2026-10-02T15:45:14-10:00job:github_sync_all | To github.com:RootRecord-Software-Solutions/RootRecord-Pacific-Solar-Server.git
2026-10-02T15:45:14-10:00job:github_sync_all | a21ce3f..5ffc370  HEAD -> main
2026-10-02T15:45:14-10:00job:github_sync_all | branch 'main' set up to track 'origin/main'.
2026-10-02T15:45:14-10:00job:github_sync_all | ↑ [pacific] 3 files → RootRecord-Software-Solutions/RootRecord-Pacific-Solar-Server (main)
2026-10-02T15:45:14-10:00job:github_sync_all | ↑ [database] committed 24 local file(s)
2026-10-02T15:45:14-10:00job:github_sync_all | ↓ [database] fetching origin/main
2026-10-02T15:45:14-10:00job:github_sync_all | From github.com:RootRecord-Software-Solutions/RootRecord-Database
2026-10-02T15:45:14-10:00job:github_sync_all | * branch              main       -> FETCH_HEAD
2026-10-02T15:45:14-10:00job:github_sync_all | ↑ [database] local is ahead of GitHub
2026-10-02T15:45:14-10:00job:github_sync_all | To github.com:RootRecord-Software-Solutions/RootRecord-Database.git
2026-10-02T15:45:14-10:00job:github_sync_all | 7713d678..a7f99784  HEAD -> main
2026-10-02T15:45:14-10:00job:github_sync_all | branch 'main' set up to track 'origin/main'.
2026-10-02T15:45:14-10:00job:github_sync_all | ↑ [database] 24 files → RootRecord-Software-Solutions/RootRecord-Database (main)
2026-10-02T15:45:14-10:00job:github_sync_all | — [library] no local changes
2026-10-02T15:45:14-10:00job:github_sync_all | ↓ [library] fetching origin/main
2026-10-02T15:45:14-10:00job:github_sync_all | From github.com:RootRecord-Software-Solutions/RootRecord-Library
2026-10-02T15:45:14-10:00job:github_sync_all | * branch            main       -> FETCH_HEAD
2026-10-02T15:45:14-10:00job:github_sync_all | — [library] local and GitHub already match
2026-10-02T15:45:14-10:00job:github_sync_all | — [library] nothing to push
2026-10-02T15:45:14-10:00job:github_sync_all | — [website] no local changes
2026-10-02T15:45:14-10:00job:github_sync_all | ↓ [website] fetching origin/main
2026-10-02T15:45:14-10:00job:github_sync_all | From github.com:RootRecord-Software-Solutions/RootRecord-Website
2026-10-02T15:45:14-10:00job:github_sync_all | * branch            main       -> FETCH_HEAD
2026-10-02T15:45:14-10:00job:github_sync_all | — [website] local and GitHub already match
2026-10-02T15:45:14-10:00job:github_sync_all | — [website] nothing to push
2026-10-02T15:45:14-10:00job:worklog_scan RUN  bash "/home/rootrecord/RootRecord-Ecosystem/1 - Servers/1 - RootRecord-Pacific-Solar-Server/Reports/scripts/worklog_once.sh"
2026-10-02T15:45:48-10:00tunnel timeout — reconnecting
2026-10-02T15:45:48-10:00tunnel timeout — reconnecting
2026-10-02T15:45:48-10:00tunnel timeout — reconnecting
2026-10-02T15:45:48-10:00tunnel timeout — reconnecting
2026-10-02T15:45:48-10:00tunnel timeout — reconnecting
2026-10-02T15:45:49-10:00tunnel connected  conn=0  edge=lax13
2026-10-02T15:45:49-10:00tunnel timeout — reconnecting
2026-10-02T15:45:50-10:00tunnel timeout — reconnecting
2026-10-02T15:46:03-10:00tunnel connected  conn=1  edge=lax05
2026-10-02T15:46:03-10:00tunnel connected  conn=2  edge=lax13
2026-10-02T15:46:04-10:00tunnel connected  conn=3  edge=lax07
2026-10-02T15:48:14-10:00job:worklog_scan TIMEOUT after 180s
2026-10-02T15:48:14-10:00job:security_camera_frame_grab RUN  bash "/home/rootrecord/RootRecord-Ecosystem/1 - Servers/1 - RootRecord-Pacific-Solar-Server/Security/Cameras/grab_all.sh"
2026-10-02T15:48:32-10:00job:security_camera_frame_grab | 15:48:14  📷  a-eyes  ch1 → ch1-20261003T014814Z.jpg  (524.4 KB, 4.52s)
2026-10-02T15:48:32-10:00job:security_camera_frame_grab | 15:48:19  📷  a-eyes  ch2 → ch2-20261003T014819Z.jpg  (193.8 KB, 4.39s)
2026-10-02T15:48:32-10:00job:security_camera_frame_grab | 15:48:23  📷  a-eyes  ch3 → ch3-20261003T014823Z.jpg  (404.9 KB, 4.35s)
2026-10-02T15:48:32-10:00job:security_camera_frame_grab | 15:48:27  📷  a-eyes  ch4 → ch4-20261003T014827Z.jpg  (189.6 KB, 4.38s)
2026-10-02T15:48:32-10:00job:service_supervisor RUN  bash "/home/rootrecord/RootRecord-Ecosystem/1 - Servers/1 - RootRecord-Pacific-Solar-Server/Automations/scripts/supervise-services.sh"
2026-10-02T15:48:32-10:00job:service_supervisor | [supervisor] weather DEAD — gated-off (RR_LOCAL_DATA_POLL soft-off; not respawning)
2026-10-02T15:48:32-10:00job:service_supervisor | [supervisor] relay alive pid=1635136 (act)
2026-10-02T15:48:32-10:00job:system_uptime_log RUN  python3 "/home/rootrecord/RootRecord-Ecosystem/1 - Servers/1 - RootRecord-Pacific-Solar-Server/System/scripts/uptime_log.py" tick
2026-10-02T15:48:32-10:00job:system_uptime_log | {"ok": true, "facts": {"process_uptime_s": null, "boot_uptime_s": 43932, "desk_uptime_s": 267745, "origin_started_at": "2026-09-29T23:26:06.758795+00:00", "last_return_at": "2026-10-03T01:48:32.518997+00:00", "last_return_kind": "desk_up"}}
2026-10-02T15:48:32-10:00job:status_snapshot RUN  nice -n 10 python3 "/home/rootrecord/RootRecord-Ecosystem/1 - Servers/1 - RootRecord-Pacific-Solar-Server/Website/scripts/live_data_pages.py"
2026-10-02T15:48:32-10:00job:status_snapshot | live-data 6 pages
2026-10-02T15:48:32-10:00job:system_net_sample RUN  nice -n 10 python3 "/home/rootrecord/RootRecord-Ecosystem/1 - Servers/1 - RootRecord-Pacific-Solar-Server/System/scripts/host_desks.py" net-sample
2026-10-02T15:48:32-10:00job:system_net_sample | {"ok": true, "file": "/home/rootrecord/RootRecord-Ecosystem/2 - RootRecord-Database/System/network/Daily/net-20261002.jsonl", "iface": "wlo1", "hour": {"seconds": 3732, "rx": 355548683, "tx": 67482405, "total": 423031088, "iface": "wlo1", "link": "wireless"}, "day": null}
2026-10-02T15:48:32-10:00job:ml2_datapack_pickup RUN  nice -n 10 bash "/home/rootrecord/RootRecord-Ecosystem/1 - Servers/1 - RootRecord-Pacific-Solar-Server/Communications/telegram/scripts/run-datapack-pickup.sh"
2026-10-02T15:48:32-10:00job:ml2_datapack_pickup OK
2026-10-02T15:48:33-10:00job:discord_report_relay RUN  nice -n 10 python3 "/home/rootrecord/RootRecord-Ecosystem/1 - Servers/1 - RootRecord-Pacific-Solar-Server/Communications/Discord/scripts/report_relay.py"
2026-10-02T15:48:33-10:00job:discord_report_relay | same
2026-10-02T15:48:33-10:00job:voice_kilauea_image_check RUN  nice -n 10 python3 "/home/rootrecord/RootRecord-Ecosystem/1 - Servers/1 - RootRecord-Pacific-Solar-Server/Media/Voice/scripts/voice_reports.py" kilauea_image_check
2026-10-02T15:50:27-10:00job:voice_kilauea_image_check FAIL code=-15
2026-10-02T15:50:27-10:00HTTP listening on http://127.0.0.1:8799 (open access on bind)
2026-10-02T15:50:27-10:00boot:start  jobs=9
2026-10-02T15:50:27-10:00boot:run  priority=0  id=self_terminal
2026-10-02T15:50:27-10:00boot:p0 self_process pid=1804036
2026-10-02T15:50:27-10:00boot:run  priority=1  id=cloudflare_tunnel
2026-10-02T15:50:27-10:00boot:p1 cloudflare_tunnel host=rootserver.rootrecord.cloud
2026-10-02T15:50:27-10:00internet OK at boot — starting tunnel
2026-10-02T15:50:27-10:00Starting cloudflared mode=token public_host=rootserver.rootrecord.cloud
2026-10-02T15:50:27-10:00Waiting for tunnel register (timeout=45s)…
2026-10-02T15:50:27-10:00tunnel starting
2026-10-02T15:50:28-10:00tunnel connected  conn=0  edge=lax05
2026-10-02T15:50:28-10:00Tunnel READY — first connection registered.
2026-10-02T15:50:28-10:00boot:run  priority=2  id=github_setup_remotes
2026-10-02T15:50:28-10:00tunnel ingress  rootserver.rootrecord.cloud → 127.0.0.1:8799
2026-10-02T15:50:28-10:00boot:run  priority=3  id=ollama_warmup
2026-10-02T15:50:28-10:00job:ollama_warmup RUN  bash '/home/rootrecord/RootRecord-Ecosystem/1 - Servers/1 - RootRecord-Pacific-Solar-Server/System/scripts/plumbing/ollama-warmup.sh'
2026-10-02T15:50:28-10:00tunnel connected  conn=1  edge=lax13
2026-10-02T15:50:28-10:00job:ollama_warmup | [ok] ollama up
2026-10-02T15:50:28-10:00boot:run  priority=4  id=flm_npu_warmup
2026-10-02T15:50:28-10:00job:flm_npu_warmup RUN  bash '/home/rootrecord/RootRecord-Ecosystem/1 - Servers/1 - RootRecord-Pacific-Solar-Server/System/scripts/plumbing/flm-warmup.sh'
2026-10-02T15:50:28-10:00job:flm_npu_warmup | [skip] FLM warmup disabled (no resident model; set FLM_WARMUP_RESIDENT=1 to opt in)
2026-10-02T15:50:28-10:00boot:run  priority=5  id=council_relay
2026-10-02T15:50:28-10:00job:council_relay RUN  bash "/home/rootrecord/RootRecord-Ecosystem/1 - Servers/1 - RootRecord-Pacific-Solar-Server/Communications/telegram/scripts/ensure-relay.sh"
2026-10-02T15:50:29-10:00tunnel connected  conn=2  edge=lax13
2026-10-02T15:50:30-10:00tunnel connected  conn=3  edge=lax11
2026-10-02T15:50:31-10:00job:council_relay | [ok] council-relay started pid=1804417 → /home/rootrecord/RootRecord-Ecosystem/2 - RootRecord-Database/Logs/Communications/council-relay.log
2026-10-02T15:50:31-10:00boot:run  priority=6  id=security_camera_server
2026-10-02T15:50:31-10:00job:security_camera_server RUN  bash "/home/rootrecord/RootRecord-Ecosystem/1 - Servers/1 - RootRecord-Pacific-Solar-Server/Security/Cameras/ensure_cam_server.sh"
2026-10-02T15:50:31-10:00job:security_camera_server | security cam server started
2026-10-02T15:50:31-10:00boot:run  priority=7  id=security_timelapse_catchup
2026-10-02T15:50:31-10:00job:security_timelapse_catchup RUN  bash "/home/rootrecord/RootRecord-Ecosystem/1 - Servers/1 - RootRecord-Pacific-Solar-Server/Security/Cameras/timelapse_catchup.sh"
2026-10-02T15:50:31-10:00job:security_timelapse_catchup | 15:50:31  🎬  a-eyes-timelapse  catchup: checking 20261002, now=15:50 HST
2026-10-02T15:50:31-10:00job:security_timelapse_catchup | 15:50:31  🎬  a-eyes-timelapse  hour 05 already compiled, skipping
2026-10-02T15:50:31-10:00job:security_timelapse_catchup | 15:50:31  🎬  a-eyes-timelapse  hour 06 has no frames yet, skipping
2026-10-02T15:50:31-10:00job:security_timelapse_catchup | 15:50:31  🎬  a-eyes-timelapse  hour 07 has no frames yet, skipping
2026-10-02T15:50:31-10:00job:security_timelapse_catchup | 15:50:31  🎬  a-eyes-timelapse  hour 08 already compiled, skipping
2026-10-02T15:50:31-10:00job:security_timelapse_catchup | 15:50:31  🎬  a-eyes-timelapse  hour 09 already compiled, skipping
2026-10-02T15:50:31-10:00job:security_timelapse_catchup | 15:50:31  🎬  a-eyes-timelapse  hour 10 already compiled, skipping
2026-10-02T15:50:31-10:00job:security_timelapse_catchup | 15:50:31  🎬  a-eyes-timelapse  hour 11 already compiled, skipping
2026-10-02T15:50:31-10:00job:security_timelapse_catchup | 15:50:31  🎬  a-eyes-timelapse  hour 12 already compiled, skipping
2026-10-02T15:50:31-10:00job:security_timelapse_catchup | 15:50:31  🎬  a-eyes-timelapse  hour 13 already compiled, skipping
2026-10-02T15:50:31-10:00job:security_timelapse_catchup | 15:50:31  🎬  a-eyes-timelapse  hour 14 already compiled, skipping
2026-10-02T15:50:31-10:00job:security_timelapse_catchup | 15:50:31  🎬  a-eyes-timelapse  catchup: window still open today, skipping daily render
2026-10-02T15:50:31-10:00boot:run  priority=9  id=network_globe_hawaii
2026-10-02T15:50:31-10:00job:network_globe_hawaii RUN  bash "/home/rootrecord/RootRecord-Ecosystem/1 - Servers/1 - RootRecord-Pacific-Solar-Server/Communications/network/scripts/ensure-network-globe-hawaii.sh"
2026-10-02T15:50:32-10:00job:network_globe_hawaii | [ensure-network-globe-hawaii] already running -- nothing to do
2026-10-02T15:50:32-10:00boot:done
2026-10-02T15:50:46-10:00tunnel timeout — reconnecting
2026-10-02T15:50:46-10:00tunnel timeout — reconnecting
2026-10-02T15:50:46-10:00tunnel timeout — reconnecting
2026-10-02T15:50:46-10:00tunnel timeout — reconnecting
2026-10-02T15:50:47-10:00tunnel timeout — reconnecting
2026-10-02T15:50:48-10:00tunnel timeout — reconnecting
2026-10-02T15:50:48-10:00tunnel connected  conn=0  edge=lax10
2026-10-02T15:50:48-10:00tunnel timeout — reconnecting
2026-10-02T15:51:03-10:00tunnel connected  conn=2  edge=lax01
2026-10-02T15:51:03-10:00tunnel connected  conn=1  edge=lax09
2026-10-02T15:51:03-10:00tunnel connected  conn=3  edge=lax01
2026-10-02T15:51:10-10:00  ▸  SUMMARY=delta2 soc=17.43% solar=0W ac_out=0W usbc=51W src=ble db=ok
2026-10-02T15:51:10-10:00scheduler  every_seconds=12  every_minute=12  every_hour=4  on_at=4
2026-10-02T15:51:10-10:00ENERGY  status=live  B2=17.4%  B1=59%  solar=139 W  ac=0 W  usbc=51 W  src=/home/rootrecord/RootRecord-Ecosystem/2 - RootRecord-Database/Energy  LAP=53%/Charging/AC
2026-10-02T15:51:10-10:00job:sys_stats_cycle RUN  bash "/home/rootrecord/RootRecord-Ecosystem/1 - Servers/1 - RootRecord-Pacific-Solar-Server/System/scripts/sys-sample.sh"
2026-10-02T15:51:13-10:00job:sys_stats_cycle | SYSTEM  cpu=33%  load=4.55  mem=68%  src=sqlite
2026-10-02T15:51:13-10:00job:sys_stats_cycle | OK wrote /home/rootrecord/RootRecord-Ecosystem/2 - RootRecord-Database/System/samples/sys-20261002-155110.json
2026-10-02T15:52:39-10:00job:github_sync_all | ↑ [ecosystem] committed 45 local file(s)
2026-10-02T15:52:39-10:00job:github_sync_all | ↓ [ecosystem] fetching origin/main
2026-10-02T15:52:39-10:00job:github_sync_all | From github.com:RootRecord-Software-Solutions/RootRecord-Ecosystem
2026-10-02T15:52:39-10:00job:github_sync_all | * branch              main       -> FETCH_HEAD
2026-10-02T15:52:39-10:00job:github_sync_all | * [new branch]        main       -> origin/main
2026-10-02T15:52:39-10:00job:github_sync_all | ↑ [ecosystem] local is ahead of GitHub
2026-10-02T15:52:39-10:00job:github_sync_all | To github.com:RootRecord-Software-Solutions/RootRecord-Ecosystem.git
2026-10-02T15:52:39-10:00job:github_sync_all | d135da0e..2655248e  HEAD -> main
2026-10-02T15:52:39-10:00job:github_sync_all | branch 'main' set up to track 'origin/main'.
2026-10-02T15:52:39-10:00job:github_sync_all | ↑ [ecosystem] 45 files → RootRecord-Software-Solutions/RootRecord-Ecosystem (main)
2026-10-02T15:52:39-10:00job:github_sync_all | ↑ [pacific] committed 5 local file(s)
2026-10-02T15:52:39-10:00job:github_sync_all | ↓ [pacific] fetching origin/main
2026-10-02T15:52:39-10:00job:github_sync_all | From github.com:RootRecord-Software-Solutions/RootRecord-Pacific-Solar-Server
2026-10-02T15:52:39-10:00job:github_sync_all | * branch            main       -> FETCH_HEAD
2026-10-02T15:52:39-10:00job:github_sync_all | ↑ [pacific] local is ahead of GitHub
2026-10-02T15:52:39-10:00job:github_sync_all | To github.com:RootRecord-Software-Solutions/RootRecord-Pacific-Solar-Server.git
2026-10-02T15:52:39-10:00job:github_sync_all | 5ffc370..1bfd932  HEAD -> main
2026-10-02T15:52:39-10:00job:github_sync_all | branch 'main' set up to track 'origin/main'.
2026-10-02T15:52:39-10:00job:github_sync_all | ↑ [pacific] 5 files → RootRecord-Software-Solutions/RootRecord-Pacific-Solar-Server (main)
2026-10-02T15:52:39-10:00job:github_sync_all | ↑ [database] committed 63 local file(s)
2026-10-02T15:52:39-10:00job:github_sync_all | ↓ [database] fetching origin/main
2026-10-02T15:52:39-10:00job:github_sync_all | From github.com:RootRecord-Software-Solutions/RootRecord-Database
2026-10-02T15:52:39-10:00job:github_sync_all | * branch              main       -> FETCH_HEAD
2026-10-02T15:52:39-10:00job:github_sync_all | ↑ [database] local is ahead of GitHub
2026-10-02T15:52:39-10:00job:github_sync_all | To github.com:RootRecord-Software-Solutions/RootRecord-Database.git
2026-10-02T15:52:39-10:00job:github_sync_all | a7f99784..57885b8d  HEAD -> main
2026-10-02T15:52:39-10:00job:github_sync_all | branch 'main' set up to track 'origin/main'.
2026-10-02T15:52:39-10:00job:github_sync_all | ↑ [database] 63 files → RootRecord-Software-Solutions/RootRecord-Database (main)
2026-10-02T15:52:39-10:00job:github_sync_all | ↑ [library] committed 6 local file(s)
2026-10-02T15:52:39-10:00job:github_sync_all | ↓ [library] fetching origin/main
2026-10-02T15:52:39-10:00job:github_sync_all | From github.com:RootRecord-Software-Solutions/RootRecord-Library
2026-10-02T15:52:39-10:00job:github_sync_all | * branch            main       -> FETCH_HEAD
2026-10-02T15:52:39-10:00job:github_sync_all | ↑ [library] local is ahead of GitHub
2026-10-02T15:52:39-10:00job:github_sync_all | To github.com:RootRecord-Software-Solutions/RootRecord-Library.git
2026-10-02T15:52:39-10:00job:github_sync_all | 016c3b1..18cbc7b  HEAD -> main
2026-10-02T15:52:39-10:00job:github_sync_all | branch 'main' set up to track 'origin/main'.
2026-10-02T15:52:39-10:00job:github_sync_all | ↑ [library] 6 files → RootRecord-Software-Solutions/RootRecord-Library (main)
2026-10-02T15:52:39-10:00job:github_sync_all | ↑ [website] committed 1 local file(s)
2026-10-02T15:52:39-10:00job:github_sync_all | ↓ [website] fetching origin/main
2026-10-02T15:52:39-10:00job:github_sync_all | From github.com:RootRecord-Software-Solutions/RootRecord-Website
2026-10-02T15:52:39-10:00job:worklog_scan RUN  bash "/home/rootrecord/RootRecord-Ecosystem/1 - Servers/1 - RootRecord-Pacific-Solar-Server/Reports/scripts/worklog_once.sh"
2026-10-02T15:55:39-10:00job:worklog_scan TIMEOUT after 180s
2026-10-02T15:55:39-10:00job:security_camera_frame_grab RUN  bash "/home/rootrecord/RootRecord-Ecosystem/1 - Servers/1 - RootRecord-Pacific-Solar-Server/Security/Cameras/grab_all.sh"
2026-10-02T15:55:57-10:00job:security_camera_frame_grab | 15:55:39  📷  a-eyes  ch1 → ch1-20261003T015539Z.jpg  (508.8 KB, 4.24s)
2026-10-02T15:55:57-10:00job:security_camera_frame_grab | 15:55:43  📷  a-eyes  ch2 → ch2-20261003T015543Z.jpg  (188.6 KB, 4.35s)
2026-10-02T15:55:57-10:00job:security_camera_frame_grab | 15:55:48  📷  a-eyes  ch3 → ch3-20261003T015548Z.jpg  (398.7 KB, 4.46s)
2026-10-02T15:55:57-10:00job:security_camera_frame_grab | 15:55:52  📷  a-eyes  ch4 → ch4-20261003T015552Z.jpg  (196.4 KB, 4.38s)
2026-10-02T15:55:57-10:00job:service_supervisor RUN  bash "/home/rootrecord/RootRecord-Ecosystem/1 - Servers/1 - RootRecord-Pacific-Solar-Server/Automations/scripts/supervise-services.sh"
2026-10-02T15:55:57-10:00job:service_supervisor | [supervisor] weather DEAD — gated-off (RR_LOCAL_DATA_POLL soft-off; not respawning)
2026-10-02T15:55:57-10:00job:service_supervisor | [supervisor] relay alive pid=1804417 (act)
2026-10-02T15:55:57-10:00job:system_uptime_log RUN  python3 "/home/rootrecord/RootRecord-Ecosystem/1 - Servers/1 - RootRecord-Pacific-Solar-Server/System/scripts/uptime_log.py" tick
2026-10-02T15:55:57-10:00job:system_uptime_log | {"ok": true, "facts": {"process_uptime_s": null, "boot_uptime_s": 44377, "desk_uptime_s": 268190, "origin_started_at": "2026-09-29T23:26:06.758795+00:00", "last_return_at": "2026-10-03T01:55:57.334809+00:00", "last_return_kind": "desk_up"}}
2026-10-02T15:55:57-10:00job:status_snapshot RUN  nice -n 10 python3 "/home/rootrecord/RootRecord-Ecosystem/1 - Servers/1 - RootRecord-Pacific-Solar-Server/Website/scripts/live_data_pages.py"
2026-10-02T15:55:57-10:00job:status_snapshot | live-data 6 pages
2026-10-02T15:55:57-10:00job:system_net_sample RUN  nice -n 10 python3 "/home/rootrecord/RootRecord-Ecosystem/1 - Servers/1 - RootRecord-Pacific-Solar-Server/System/scripts/host_desks.py" net-sample
2026-10-02T15:55:57-10:00job:system_net_sample | {"ok": true, "file": "/home/rootrecord/RootRecord-Ecosystem/2 - RootRecord-Database/System/network/Daily/net-20261002.jsonl", "iface": "wlo1", "hour": {"seconds": 3695, "rx": 348384751, "tx": 69352919, "total": 417737670, "iface": "wlo1", "link": "wireless"}, "day": null}
2026-10-02T15:55:57-10:00job:ml2_datapack_pickup RUN  nice -n 10 bash "/home/rootrecord/RootRecord-Ecosystem/1 - Servers/1 - RootRecord-Pacific-Solar-Server/Communications/telegram/scripts/run-datapack-pickup.sh"
2026-10-02T15:55:57-10:00job:ml2_datapack_pickup OK
2026-10-02T15:55:57-10:00job:discord_report_relay RUN  nice -n 10 python3 "/home/rootrecord/RootRecord-Ecosystem/1 - Servers/1 - RootRecord-Pacific-Solar-Server/Communications/Discord/scripts/report_relay.py"
2026-10-02T15:56:05-10:00job:discord_report_relay | posted remaining_tasks
2026-10-02T15:56:05-10:00job:discord_report_relay | posted earthquake_report
2026-10-02T15:56:05-10:00job:discord_report_relay | posted kilauea_report
2026-10-02T15:56:05-10:00job:discord_report_relay | posted solar_desk
2026-10-02T15:56:05-10:00job:discord_report_relay | posted security_desk
2026-10-02T15:56:05-10:00job:discord_report_relay | posted bandwidth_desk
2026-10-02T15:56:05-10:00job:discord_report_relay | posted system_perf
2026-10-02T15:56:05-10:00job:voice_kilauea_image_check RUN  nice -n 10 python3 "/home/rootrecord/RootRecord-Ecosystem/1 - Servers/1 - RootRecord-Pacific-Solar-Server/Media/Voice/scripts/voice_reports.py" kilauea_image_check
2026-10-02T15:58:15-10:00job:voice_kilauea_image_check | {"ok": true, "report": "kilauea_image_check", "md": "/home/rootrecord/RootRecord-Ecosystem/test-reports/Voice/kilauea_image_check_current.md", "sentences": 2, "status_starting": {"ok": true, "skipped": true, "detail": "status_off", "phase": "starting"}, "voice": {"ok": true, "mode": "stitch", "report": "kilauea_image_check", "agent": "carly", "voice": "af_nova", "speed": 1.0, "wav": "/home/rootrecord/RootRecord-Ecosystem/2 - RootRecord-Database/Media/Audio/Voice/kilauea_image_check_current.wav", "clips_used": 0, "live_sentences": 4, "model_loaded": true, "render_s": 10.33, "sample_rate": 24000, "channels": 1, "subtype": "PCM_16", "duration_s": 12.703, "peak_dbfs": -2.18, "rms_dbfs": -20.35, "lead_silence_ms": 113, "qc": "PASS", "wall_s": 10.5, "peak_rss_mb": 1385, "rc": 0}, "deliver": {"ok": true, "sent": false, "detail": "unchanged"}, "status_transit": {"ok": true, "skipped": true, "detail": "status_off", "phase": "transit"}, "radio": {"ok": true, "report": "kilauea_image_check", "file": "kilauea_image_check_current.opus", "bytes": 38176, "stage": {"ok": true, "skipped": true, "detail": "no_stage_type", "report": "kilauea_image_check"}}, "status_send": {"ok": true, "skipped": true, "detail": "status_off", "phase": "sent"}, "canonical": {"ok": true, "report_id": "rpt_ad00c37ad20321295df7", "status": "assets_ready"}}
2026-10-02T15:58:15-10:00ENERGY  status=live  B2=17.1%  B1=59%  solar=139 W  ac=0 W  usbc=0 W  src=/home/rootrecord/RootRecord-Ecosystem/2 - RootRecord-Database/Energy  LAP=55%/Charging/AC
2026-10-02T15:58:15-10:00job:sys_stats_cycle RUN  bash "/home/rootrecord/RootRecord-Ecosystem/1 - Servers/1 - RootRecord-Pacific-Solar-Server/System/scripts/sys-sample.sh"
2026-10-02T15:58:18-10:00job:sys_stats_cycle | SYSTEM  cpu=4%  load=3.65  mem=58%  src=sqlite
2026-10-02T15:58:18-10:00job:sys_stats_cycle | OK wrote /home/rootrecord/RootRecord-Ecosystem/2 - RootRecord-Database/System/samples/sys-20261002-155816.json
2026-10-02T15:59:30-10:00job:github_sync_all | ↑ [ecosystem] committed 81 local file(s)
2026-10-02T15:59:30-10:00job:github_sync_all | ↓ [ecosystem] fetching origin/main
2026-10-02T15:59:30-10:00job:github_sync_all | From github.com:RootRecord-Software-Solutions/RootRecord-Ecosystem
2026-10-02T15:59:30-10:00job:github_sync_all | * branch              main       -> FETCH_HEAD
2026-10-02T15:59:30-10:00job:github_sync_all | ↑ [ecosystem] local is ahead of GitHub
2026-10-02T15:59:30-10:00job:github_sync_all | To github.com:RootRecord-Software-Solutions/RootRecord-Ecosystem.git
2026-10-02T15:59:30-10:00job:github_sync_all | 2655248e..b92a2309  HEAD -> main
2026-10-02T15:59:30-10:00job:github_sync_all | branch 'main' set up to track 'origin/main'.
2026-10-02T15:59:30-10:00job:github_sync_all | ↑ [ecosystem] 81 files → RootRecord-Software-Solutions/RootRecord-Ecosystem (main)
2026-10-02T15:59:30-10:00job:github_sync_all | ↑ [pacific] committed 10 local file(s)
2026-10-02T15:59:30-10:00job:github_sync_all | ↓ [pacific] fetching origin/main
2026-10-02T15:59:30-10:00job:github_sync_all | From github.com:RootRecord-Software-Solutions/RootRecord-Pacific-Solar-Server
2026-10-02T15:59:30-10:00job:github_sync_all | * branch            main       -> FETCH_HEAD
2026-10-02T15:59:30-10:00job:github_sync_all | ↑ [pacific] local is ahead of GitHub
2026-10-02T15:59:30-10:00job:github_sync_all | To github.com:RootRecord-Software-Solutions/RootRecord-Pacific-Solar-Server.git
2026-10-02T15:59:30-10:00job:github_sync_all | 1bfd932..45d6eac  HEAD -> main
2026-10-02T15:59:30-10:00job:github_sync_all | branch 'main' set up to track 'origin/main'.
2026-10-02T15:59:30-10:00job:github_sync_all | ↑ [pacific] 10 files → RootRecord-Software-Solutions/RootRecord-Pacific-Solar-Server (main)
2026-10-02T15:59:30-10:00job:github_sync_all | ↑ [database] committed 58 local file(s)
2026-10-02T15:59:30-10:00job:github_sync_all | ↓ [database] fetching origin/main
2026-10-02T15:59:30-10:00job:github_sync_all | From github.com:RootRecord-Software-Solutions/RootRecord-Database
2026-10-02T15:59:30-10:00job:github_sync_all | * branch              main       -> FETCH_HEAD
2026-10-02T15:59:30-10:00job:github_sync_all | ↑ [database] local is ahead of GitHub
2026-10-02T15:59:30-10:00job:github_sync_all | To github.com:RootRecord-Software-Solutions/RootRecord-Database.git
2026-10-02T15:59:30-10:00job:github_sync_all | 57885b8d..a1316a96  HEAD -> main
2026-10-02T15:59:30-10:00job:github_sync_all | branch 'main' set up to track 'origin/main'.
2026-10-02T15:59:30-10:00job:github_sync_all | ↑ [database] 58 files → RootRecord-Software-Solutions/RootRecord-Database (main)
2026-10-02T15:59:30-10:00job:github_sync_all | — [library] no local changes
2026-10-02T15:59:30-10:00job:github_sync_all | ↓ [library] fetching origin/main
2026-10-02T15:59:30-10:00job:github_sync_all | From github.com:RootRecord-Software-Solutions/RootRecord-Library
2026-10-02T15:59:30-10:00job:github_sync_all | * branch            main       -> FETCH_HEAD
2026-10-02T15:59:30-10:00job:github_sync_all | — [library] local and GitHub already match
2026-10-02T15:59:30-10:00job:github_sync_all | — [library] nothing to push
2026-10-02T15:59:30-10:00job:github_sync_all | ↑ [website] committed 9 local file(s)
2026-10-02T15:59:30-10:00job:github_sync_all | ↓ [website] fetching origin/main
2026-10-02T15:59:30-10:00job:github_sync_all | From github.com:RootRecord-Software-Solutions/RootRecord-Website
2026-10-02T15:59:30-10:00job:github_sync_all | * branch            main       -> FETCH_HEAD
2026-10-02T15:59:30-10:00job:github_sync_all | ↑ [website] local is ahead of GitHub
2026-10-02T15:59:30-10:00job:github_sync_all | To github.com:RootRecord-Software-Solutions/RootRecord-Website.git
2026-10-02T15:59:30-10:00job:github_sync_all | 71802aa..800d9c0  HEAD -> main
2026-10-02T15:59:30-10:00job:worklog_scan RUN  bash "/home/rootrecord/RootRecord-Ecosystem/1 - Servers/1 - RootRecord-Pacific-Solar-Server/Reports/scripts/worklog_once.sh"
2026-10-02T16:02:30-10:00job:worklog_scan TIMEOUT after 180s
2026-10-02T16:02:30-10:00job:security_camera_frame_grab RUN  bash "/home/rootrecord/RootRecord-Ecosystem/1 - Servers/1 - RootRecord-Pacific-Solar-Server/Security/Cameras/grab_all.sh"
2026-10-02T16:02:48-10:00job:security_camera_frame_grab | 16:02:30  📷  a-eyes  ch1 → ch1-20261003T020230Z.jpg  (521.3 KB, 4.35s)
2026-10-02T16:02:48-10:00job:security_camera_frame_grab | 16:02:34  📷  a-eyes  ch2 → ch2-20261003T020234Z.jpg  (171.6 KB, 4.39s)
2026-10-02T16:02:48-10:00job:security_camera_frame_grab | 16:02:39  📷  a-eyes  ch3 → ch3-20261003T020239Z.jpg  (400.1 KB, 4.29s)
2026-10-02T16:02:48-10:00job:security_camera_frame_grab | 16:02:43  📷  a-eyes  ch4 → ch4-20261003T020243Z.jpg  (187.5 KB, 4.36s)
2026-10-02T16:02:48-10:00job:system_uptime_log RUN  python3 "/home/rootrecord/RootRecord-Ecosystem/1 - Servers/1 - RootRecord-Pacific-Solar-Server/System/scripts/uptime_log.py" tick
2026-10-02T16:02:48-10:00job:system_uptime_log | {"ok": true, "facts": {"process_uptime_s": null, "boot_uptime_s": 44787, "desk_uptime_s": 268601, "origin_started_at": "2026-09-29T23:26:06.758795+00:00", "last_return_at": "2026-10-03T02:02:48.098180+00:00", "last_return_kind": "desk_up"}}
2026-10-02T16:02:48-10:00job:status_snapshot RUN  nice -n 10 python3 "/home/rootrecord/RootRecord-Ecosystem/1 - Servers/1 - RootRecord-Pacific-Solar-Server/Website/scripts/live_data_pages.py"
2026-10-02T16:02:48-10:00job:status_snapshot | live-data 6 pages
2026-10-02T16:02:48-10:00job:ml2_datapack_pickup RUN  nice -n 10 bash "/home/rootrecord/RootRecord-Ecosystem/1 - Servers/1 - RootRecord-Pacific-Solar-Server/Communications/telegram/scripts/run-datapack-pickup.sh"
2026-10-02T16:02:48-10:00job:ml2_datapack_pickup OK
2026-10-02T16:02:48-10:00job:live_picture RUN  nice -n 10 python3 "/home/rootrecord/RootRecord-Ecosystem/1 - Servers/1 - RootRecord-Pacific-Solar-Server/Media/Video/scripts/live_picture.py"
2026-10-02T16:02:57-10:00job:live_picture | {"ok": true, "detail": "published", "path": "/home/rootrecord/RootRecord-Ecosystem/1 - Servers/1 - RootRecord-Pacific-Solar-Server/Media/Video/live-frame.png", "size": [1920, 1080]}
2026-10-02T16:02:57-10:00job:live_picture RUN  nice -n 10 python3 "/home/rootrecord/RootRecord-Ecosystem/1 - Servers/1 - RootRecord-Pacific-Solar-Server/Media/Video/scripts/live_picture.py"
2026-10-02T16:03:07-10:00job:live_picture | {"ok": true, "detail": "published", "path": "/home/rootrecord/RootRecord-Ecosystem/1 - Servers/1 - RootRecord-Pacific-Solar-Server/Media/Video/live-frame.png", "size": [1920, 1080]}
2026-10-02T16:03:07-10:00job:energy_sun_times RUN  python3 "/home/rootrecord/RootRecord-Ecosystem/1 - Servers/1 - RootRecord-Pacific-Solar-Server/Energy/scripts/sun_times.py"
2026-10-02T16:03:07-10:00job:energy_sun_times | {"ok": true, "date": "2026-10-02", "sunrise": "06:12", "sunset": "18:08", "sunrise_iso": "2026-10-02T06:12", "sunset_iso": "2026-10-02T18:08", "after_sunset": false, "before_sunrise": false, "source": "open-meteo", "now_hst": "16:03", "refreshed": false, "error": null}
2026-10-02T16:03:07-10:00job:energy_moon_phase RUN  python3 "/home/rootrecord/RootRecord-Ecosystem/1 - Servers/1 - RootRecord-Pacific-Solar-Server/Energy/scripts/moon_phase.py"
2026-10-02T16:03:07-10:00job:energy_moon_phase | {"ok": true, "date": "2026-10-02", "phase": 0.7305, "phase_name": "Waning Gibbous", "illumination": 56, "next_phase": "Last Quarter", "next_phase_date": "2026-10-03", "refreshed": false, "error": null}
2026-10-02T16:03:07-10:00job:automations_log_hourly_archive RUN  bash "/home/rootrecord/RootRecord-Ecosystem/1 - Servers/1 - RootRecord-Pacific-Solar-Server/Automations/scripts/archive_automations_log_hourly.sh"
