2026-10-01T20:06:43-10:00job:automations_log_hourly_archive OK
2026-10-01T20:06:43-10:00job:security_timelapse_hourly_compile RUN  bash "/home/rootrecord/RootRecord-Ecosystem/1 - Servers/1 - RootRecord-Pacific-Solar-Server/Security/Cameras/timelapse_hourly.sh"
2026-10-01T20:06:43-10:00job:security_timelapse_hourly_compile | 20:06:43  🎬  a-eyes-timelapse  hour 19 is outside the 05:00-19:00 window, skipping
2026-10-01T20:06:43-10:00ENERGY  status=live  B2=88.7%  B1=100.0%  solar=0 W  ac=61 W  usbc=0 W  src=/home/rootrecord/RootRecord-Ecosystem/2 - RootRecord-Database/Energy  LAP=95%/Charging/AC
2026-10-01T20:06:54-10:00  ✗  ecoflow_read_cycle  WAITING
2026-10-01T20:06:54-10:00job:sys_stats_cycle RUN  bash "/home/rootrecord/RootRecord-Ecosystem/1 - Servers/1 - RootRecord-Pacific-Solar-Server/System/scripts/sys-sample.sh"
2026-10-01T20:06:56-10:00job:sys_stats_cycle | SYSTEM  cpu=29%  load=3.52  mem=70%  src=sqlite
2026-10-01T20:06:56-10:00job:sys_stats_cycle | OK wrote /home/rootrecord/RootRecord-Ecosystem/2 - RootRecord-Database/System/samples/sys-20261001-200654.json
2026-10-01T20:08:09-10:00job:github_sync_all | ↑ [ecosystem] committed 66 local file(s)
2026-10-01T20:08:09-10:00job:github_sync_all | ↓ [ecosystem] fetching origin/main
2026-10-01T20:08:09-10:00job:github_sync_all | From github.com:RootRecord-Software-Solutions/RootRecord-Ecosystem
2026-10-01T20:08:09-10:00job:github_sync_all | * branch              main       -> FETCH_HEAD
2026-10-01T20:08:09-10:00job:github_sync_all | ↑ [ecosystem] local is ahead of GitHub
2026-10-01T20:08:09-10:00job:github_sync_all | To github.com:RootRecord-Software-Solutions/RootRecord-Ecosystem.git
2026-10-01T20:08:09-10:00job:github_sync_all | 23bb877b..236d7e20  HEAD -> main
2026-10-01T20:08:09-10:00job:github_sync_all | branch 'main' set up to track 'origin/main'.
2026-10-01T20:08:09-10:00job:github_sync_all | ↑ [ecosystem] 66 files → RootRecord-Software-Solutions/RootRecord-Ecosystem (main)
2026-10-01T20:08:09-10:00job:github_sync_all | ↑ [pacific] committed 1 local file(s)
2026-10-01T20:08:09-10:00job:github_sync_all | ↓ [pacific] fetching origin/main
2026-10-01T20:08:09-10:00job:github_sync_all | From github.com:RootRecord-Software-Solutions/RootRecord-Pacific-Solar-Server
2026-10-01T20:08:09-10:00job:github_sync_all | * branch            main       -> FETCH_HEAD
2026-10-01T20:08:09-10:00job:github_sync_all | ↑ [pacific] local is ahead of GitHub
2026-10-01T20:08:09-10:00job:github_sync_all | To github.com:RootRecord-Software-Solutions/RootRecord-Pacific-Solar-Server.git
2026-10-01T20:08:09-10:00job:github_sync_all | 50fe02d..23df1c8  HEAD -> main
2026-10-01T20:08:09-10:00job:github_sync_all | branch 'main' set up to track 'origin/main'.
2026-10-01T20:08:09-10:00job:github_sync_all | ↑ [pacific] 1 files → RootRecord-Software-Solutions/RootRecord-Pacific-Solar-Server (main)
2026-10-01T20:08:09-10:00job:github_sync_all | ↑ [database] committed 26 local file(s)
2026-10-01T20:08:09-10:00job:github_sync_all | ↓ [database] fetching origin/main
2026-10-01T20:08:09-10:00job:github_sync_all | From github.com:RootRecord-Software-Solutions/RootRecord-Database
2026-10-01T20:08:09-10:00job:github_sync_all | * branch              main       -> FETCH_HEAD
2026-10-01T20:08:09-10:00job:github_sync_all | ↑ [database] local is ahead of GitHub
2026-10-01T20:08:09-10:00job:github_sync_all | To github.com:RootRecord-Software-Solutions/RootRecord-Database.git
2026-10-01T20:08:09-10:00job:github_sync_all | 3c25404b..1e7b6319  HEAD -> main
2026-10-01T20:08:09-10:00job:github_sync_all | branch 'main' set up to track 'origin/main'.
2026-10-01T20:08:09-10:00job:github_sync_all | ↑ [database] 26 files → RootRecord-Software-Solutions/RootRecord-Database (main)
2026-10-01T20:08:09-10:00job:github_sync_all | ↑ [library] committed 1 local file(s)
2026-10-01T20:08:09-10:00job:github_sync_all | ↓ [library] fetching origin/main
2026-10-01T20:08:09-10:00job:github_sync_all | From github.com:RootRecord-Software-Solutions/RootRecord-Library
2026-10-01T20:08:09-10:00job:github_sync_all | * branch            main       -> FETCH_HEAD
2026-10-01T20:08:09-10:00job:github_sync_all | ↑ [library] local is ahead of GitHub
2026-10-01T20:08:09-10:00job:github_sync_all | To github.com:RootRecord-Software-Solutions/RootRecord-Library.git
2026-10-01T20:08:09-10:00job:github_sync_all | 896b9ac..dafbc71  HEAD -> main
2026-10-01T20:08:09-10:00job:github_sync_all | branch 'main' set up to track 'origin/main'.
2026-10-01T20:08:09-10:00job:github_sync_all | ↑ [library] 1 files → RootRecord-Software-Solutions/RootRecord-Library (main)
2026-10-01T20:08:09-10:00job:github_sync_all | — [website] no local changes
2026-10-01T20:08:09-10:00job:github_sync_all | ↓ [website] fetching origin/main
2026-10-01T20:08:09-10:00job:github_sync_all | From github.com:RootRecord-Software-Solutions/RootRecord-Website
2026-10-01T20:08:09-10:00job:github_sync_all | * branch            main       -> FETCH_HEAD
2026-10-01T20:08:09-10:00job:worklog_scan RUN  bash "/home/rootrecord/RootRecord-Ecosystem/1 - Servers/1 - RootRecord-Pacific-Solar-Server/Reports/scripts/worklog_once.sh"
2026-10-01T20:11:09-10:00job:worklog_scan TIMEOUT after 180s
2026-10-01T20:11:09-10:00job:security_camera_frame_grab RUN  bash "/home/rootrecord/RootRecord-Ecosystem/1 - Servers/1 - RootRecord-Pacific-Solar-Server/Security/Cameras/grab_all.sh"
2026-10-01T20:11:27-10:00job:security_camera_frame_grab | 20:11:09  📷  a-eyes  ch1 → ch1-20261002T061109Z.jpg  (294.4 KB, 4.34s)
2026-10-01T20:11:27-10:00job:security_camera_frame_grab | 20:11:14  📷  a-eyes  ch2 → ch2-20261002T061114Z.jpg  (312.8 KB, 4.35s)
2026-10-01T20:11:27-10:00job:security_camera_frame_grab | 20:11:18  📷  a-eyes  ch3 → ch3-20261002T061118Z.jpg  (327.3 KB, 4.40s)
2026-10-01T20:11:27-10:00job:security_camera_frame_grab | 20:11:23  📷  a-eyes  ch4 → ch4-20261002T061123Z.jpg  (207.3 KB, 4.27s)
2026-10-01T20:11:27-10:00job:service_supervisor RUN  bash "/home/rootrecord/RootRecord-Ecosystem/1 - Servers/1 - RootRecord-Pacific-Solar-Server/Automations/scripts/supervise-services.sh"
2026-10-01T20:11:27-10:00job:service_supervisor | [supervisor] weather alive pid=1988833 (act)
2026-10-01T20:11:27-10:00job:service_supervisor | [supervisor] relay alive pid=1988054 (act)
2026-10-01T20:11:27-10:00job:geology_collect RUN  nice -n 10 python3 "/home/rootrecord/RootRecord-Ecosystem/1 - Servers/1 - RootRecord-Pacific-Solar-Server/Geology/scripts/geology_collect.py" all
2026-10-01T20:11:30-10:00job:geology_collect | {"ok": true, "at": "2026-10-01T20:11:27-10:00", "what": "all", "dry_run": false, "sources": {"hawaii": {"ok": true, "count": 56, "new": 0, "new_m2": 0, "ms": 945}, "global": {"ok": true, "count": 29, "new": 0, "ms": 295}, "hvo_notices": {"ok": true, "count": 47, "new": 0, "ms": 1058}, "hvo_status": {"ok": true, "volcanoes": 8, "kilauea": "WATCH", "mauna_loa": "NORMAL", "ms": 781}}}
2026-10-01T20:11:30-10:00job:status_snapshot RUN  nice -n 10 python3 "/home/rootrecord/RootRecord-Ecosystem/1 - Servers/1 - RootRecord-Pacific-Solar-Server/Website/scripts/live_data_pages.py"
2026-10-01T20:11:30-10:00job:status_snapshot | live-data 6 pages
2026-10-01T20:11:30-10:00job:system_net_sample RUN  nice -n 10 python3 "/home/rootrecord/RootRecord-Ecosystem/1 - Servers/1 - RootRecord-Pacific-Solar-Server/System/scripts/host_desks.py" net-sample
2026-10-01T20:11:30-10:00job:system_net_sample | {"ok": true, "file": "/home/rootrecord/RootRecord-Ecosystem/2 - RootRecord-Database/System/network/Daily/net-20261001.jsonl", "iface": "wlo1", "hour": {"seconds": 3827, "rx": 874967478, "tx": 124023738, "total": 998991216, "iface": "wlo1", "link": "wireless"}, "day": {"seconds": 86496, "rx": 6955883934, "tx": 10292631094, "total": 17248515028, "iface": "wlo1", "link": "wireless"}}
2026-10-01T20:11:31-10:00job:discord_report_relay RUN  nice -n 10 python3 "/home/rootrecord/RootRecord-Ecosystem/1 - Servers/1 - RootRecord-Pacific-Solar-Server/Communications/Discord/scripts/report_relay.py"
2026-10-01T20:11:38-10:00job:discord_report_relay | posted earthquake_report
2026-10-01T20:11:38-10:00job:discord_report_relay | posted kilauea_report
2026-10-01T20:11:38-10:00job:discord_report_relay | posted solar_desk
2026-10-01T20:11:38-10:00job:discord_report_relay | posted security_desk
2026-10-01T20:11:38-10:00job:discord_report_relay | posted bandwidth_desk
2026-10-01T20:11:38-10:00job:discord_report_relay | posted system_perf
2026-10-01T20:11:40-10:00ENERGY  status=live  B2=88.7%  B1=100.0%  solar=0 W  ac=61 W  usbc=0 W  src=/home/rootrecord/RootRecord-Ecosystem/2 - RootRecord-Database/Energy  LAP=96%/Charging/AC
2026-10-01T20:11:40-10:00  ▸  ecoflow_read_cycle OK
2026-10-01T20:11:40-10:00job:sys_stats_cycle RUN  bash "/home/rootrecord/RootRecord-Ecosystem/1 - Servers/1 - RootRecord-Pacific-Solar-Server/System/scripts/sys-sample.sh"
2026-10-01T20:11:42-10:00job:sys_stats_cycle | SYSTEM  cpu=3%  load=2.66  mem=73%  src=sqlite
2026-10-01T20:11:42-10:00job:sys_stats_cycle | OK wrote /home/rootrecord/RootRecord-Ecosystem/2 - RootRecord-Database/System/samples/sys-20261001-201140.json
2026-10-01T20:12:45-10:00job:github_sync_all | ↑ [ecosystem] committed 23 local file(s)
2026-10-01T20:12:45-10:00job:github_sync_all | ↓ [ecosystem] fetching origin/main
2026-10-01T20:12:45-10:00job:github_sync_all | From github.com:RootRecord-Software-Solutions/RootRecord-Ecosystem
2026-10-01T20:12:45-10:00job:github_sync_all | * branch              main       -> FETCH_HEAD
2026-10-01T20:12:45-10:00job:github_sync_all | ↑ [ecosystem] local is ahead of GitHub
2026-10-01T20:12:45-10:00job:github_sync_all | To github.com:RootRecord-Software-Solutions/RootRecord-Ecosystem.git
2026-10-01T20:12:45-10:00job:github_sync_all | 236d7e20..a72ddb4b  HEAD -> main
2026-10-01T20:12:45-10:00job:github_sync_all | branch 'main' set up to track 'origin/main'.
2026-10-01T20:12:45-10:00job:github_sync_all | ↑ [ecosystem] 23 files → RootRecord-Software-Solutions/RootRecord-Ecosystem (main)
2026-10-01T20:12:45-10:00job:github_sync_all | ↑ [pacific] committed 11 local file(s)
2026-10-01T20:12:45-10:00job:github_sync_all | ↓ [pacific] fetching origin/main
2026-10-01T20:12:45-10:00job:github_sync_all | From github.com:RootRecord-Software-Solutions/RootRecord-Pacific-Solar-Server
2026-10-01T20:12:45-10:00job:github_sync_all | * branch            main       -> FETCH_HEAD
2026-10-01T20:12:45-10:00job:github_sync_all | ↑ [pacific] local is ahead of GitHub
2026-10-01T20:12:45-10:00job:github_sync_all | To github.com:RootRecord-Software-Solutions/RootRecord-Pacific-Solar-Server.git
2026-10-01T20:12:45-10:00job:github_sync_all | 23df1c8..63d979b  HEAD -> main
2026-10-01T20:12:45-10:00job:github_sync_all | branch 'main' set up to track 'origin/main'.
2026-10-01T20:12:45-10:00job:github_sync_all | ↑ [pacific] 11 files → RootRecord-Software-Solutions/RootRecord-Pacific-Solar-Server (main)
2026-10-01T20:12:45-10:00job:github_sync_all | ↑ [database] committed 26 local file(s)
2026-10-01T20:12:45-10:00job:github_sync_all | ↓ [database] fetching origin/main
2026-10-01T20:12:45-10:00job:github_sync_all | From github.com:RootRecord-Software-Solutions/RootRecord-Database
2026-10-01T20:12:45-10:00job:github_sync_all | * branch              main       -> FETCH_HEAD
2026-10-01T20:12:45-10:00job:github_sync_all | ↑ [database] local is ahead of GitHub
2026-10-01T20:12:45-10:00job:github_sync_all | To github.com:RootRecord-Software-Solutions/RootRecord-Database.git
2026-10-01T20:12:45-10:00job:github_sync_all | 1e7b6319..15d98bc7  HEAD -> main
2026-10-01T20:12:45-10:00job:github_sync_all | branch 'main' set up to track 'origin/main'.
2026-10-01T20:12:45-10:00job:github_sync_all | ↑ [database] 26 files → RootRecord-Software-Solutions/RootRecord-Database (main)
2026-10-01T20:12:45-10:00job:github_sync_all | — [library] no local changes
2026-10-01T20:12:45-10:00job:github_sync_all | ↓ [library] fetching origin/main
2026-10-01T20:12:45-10:00job:github_sync_all | From github.com:RootRecord-Software-Solutions/RootRecord-Library
2026-10-01T20:12:45-10:00job:github_sync_all | * branch            main       -> FETCH_HEAD
2026-10-01T20:12:45-10:00job:github_sync_all | — [library] local and GitHub already match
2026-10-01T20:12:45-10:00job:github_sync_all | — [library] nothing to push
2026-10-01T20:12:45-10:00job:github_sync_all | ↑ [website] committed 10 local file(s)
2026-10-01T20:12:45-10:00job:github_sync_all | ↓ [website] fetching origin/main
2026-10-01T20:12:45-10:00job:github_sync_all | From github.com:RootRecord-Software-Solutions/RootRecord-Website
2026-10-01T20:12:45-10:00job:github_sync_all | * branch            main       -> FETCH_HEAD
2026-10-01T20:12:45-10:00job:github_sync_all | ↑ [website] local is ahead of GitHub
2026-10-01T20:12:45-10:00job:github_sync_all | To github.com:RootRecord-Software-Solutions/RootRecord-Website.git
2026-10-01T20:12:45-10:00job:github_sync_all | 811eed6..e5d0eb9  HEAD -> main
2026-10-01T20:12:45-10:00job:security_camera_frame_grab RUN  bash "/home/rootrecord/RootRecord-Ecosystem/1 - Servers/1 - RootRecord-Pacific-Solar-Server/Security/Cameras/grab_all.sh"
2026-10-01T20:13:03-10:00job:security_camera_frame_grab | 20:12:45  📷  a-eyes  ch1 → ch1-20261002T061245Z.jpg  (294.3 KB, 4.44s)
2026-10-01T20:13:03-10:00job:security_camera_frame_grab | 20:12:50  📷  a-eyes  ch2 → ch2-20261002T061250Z.jpg  (314.8 KB, 4.46s)
2026-10-01T20:13:03-10:00job:security_camera_frame_grab | 20:12:54  📷  a-eyes  ch3 → ch3-20261002T061254Z.jpg  (329.5 KB, 4.48s)
2026-10-01T20:13:03-10:00job:security_camera_frame_grab | 20:12:59  📷  a-eyes  ch4 → ch4-20261002T061259Z.jpg  (210.0 KB, 4.28s)
2026-10-01T20:13:03-10:00ENERGY  status=live  B2=88.7%  B1=100.0%  solar=0 W  ac=61 W  usbc=0 W  src=/home/rootrecord/RootRecord-Ecosystem/2 - RootRecord-Database/Energy  LAP=96%/Charging/AC
2026-10-01T20:13:04-10:00  ▸  ecoflow_read_cycle OK
2026-10-01T20:13:04-10:00job:sys_stats_cycle RUN  bash "/home/rootrecord/RootRecord-Ecosystem/1 - Servers/1 - RootRecord-Pacific-Solar-Server/System/scripts/sys-sample.sh"
2026-10-01T20:13:05-10:00job:sys_stats_cycle | SYSTEM  cpu=9%  load=0.88  mem=74%  src=sqlite
2026-10-01T20:13:05-10:00job:sys_stats_cycle | OK wrote /home/rootrecord/RootRecord-Ecosystem/2 - RootRecord-Database/System/samples/sys-20261001-201304.json
2026-10-01T20:14:02-10:00job:github_sync_all | ↑ [ecosystem] committed 6 local file(s)
2026-10-01T20:14:02-10:00job:github_sync_all | ↓ [ecosystem] fetching origin/main
2026-10-01T20:14:02-10:00job:github_sync_all | From github.com:RootRecord-Software-Solutions/RootRecord-Ecosystem
2026-10-01T20:14:02-10:00job:github_sync_all | * branch              main       -> FETCH_HEAD
2026-10-01T20:14:02-10:00job:github_sync_all | ↑ [ecosystem] local is ahead of GitHub
2026-10-01T20:14:02-10:00job:github_sync_all | To github.com:RootRecord-Software-Solutions/RootRecord-Ecosystem.git
2026-10-01T20:14:02-10:00job:github_sync_all | a72ddb4b..1ee8e9d5  HEAD -> main
2026-10-01T20:14:02-10:00job:github_sync_all | branch 'main' set up to track 'origin/main'.
2026-10-01T20:14:02-10:00job:github_sync_all | ↑ [ecosystem] 6 files → RootRecord-Software-Solutions/RootRecord-Ecosystem (main)
2026-10-01T20:14:02-10:00job:github_sync_all | ↑ [pacific] committed 1 local file(s)
2026-10-01T20:14:02-10:00job:github_sync_all | ↓ [pacific] fetching origin/main
2026-10-01T20:14:02-10:00job:github_sync_all | From github.com:RootRecord-Software-Solutions/RootRecord-Pacific-Solar-Server
2026-10-01T20:14:02-10:00job:github_sync_all | * branch            main       -> FETCH_HEAD
2026-10-01T20:14:02-10:00job:github_sync_all | ↑ [pacific] local is ahead of GitHub
2026-10-01T20:14:02-10:00job:github_sync_all | To github.com:RootRecord-Software-Solutions/RootRecord-Pacific-Solar-Server.git
2026-10-01T20:14:02-10:00job:github_sync_all | 63d979b..87529c2  HEAD -> main
2026-10-01T20:14:02-10:00job:github_sync_all | branch 'main' set up to track 'origin/main'.
2026-10-01T20:14:02-10:00job:github_sync_all | ↑ [pacific] 1 files → RootRecord-Software-Solutions/RootRecord-Pacific-Solar-Server (main)
2026-10-01T20:14:02-10:00job:github_sync_all | ↑ [database] committed 14 local file(s)
2026-10-01T20:14:02-10:00job:github_sync_all | ↓ [database] fetching origin/main
2026-10-01T20:14:02-10:00job:github_sync_all | From github.com:RootRecord-Software-Solutions/RootRecord-Database
2026-10-01T20:14:02-10:00job:github_sync_all | * branch              main       -> FETCH_HEAD
2026-10-01T20:14:02-10:00job:github_sync_all | ↑ [database] local is ahead of GitHub
2026-10-01T20:14:02-10:00job:github_sync_all | To github.com:RootRecord-Software-Solutions/RootRecord-Database.git
2026-10-01T20:14:02-10:00job:github_sync_all | 15d98bc7..53563d22  HEAD -> main
2026-10-01T20:14:02-10:00job:github_sync_all | branch 'main' set up to track 'origin/main'.
2026-10-01T20:14:02-10:00job:github_sync_all | ↑ [database] 14 files → RootRecord-Software-Solutions/RootRecord-Database (main)
2026-10-01T20:14:02-10:00job:github_sync_all | — [library] no local changes
2026-10-01T20:14:02-10:00job:github_sync_all | ↓ [library] fetching origin/main
2026-10-01T20:14:02-10:00job:github_sync_all | From github.com:RootRecord-Software-Solutions/RootRecord-Library
2026-10-01T20:14:02-10:00job:github_sync_all | * branch            main       -> FETCH_HEAD
2026-10-01T20:14:02-10:00job:github_sync_all | — [library] local and GitHub already match
2026-10-01T20:14:02-10:00job:github_sync_all | — [library] nothing to push
2026-10-01T20:14:02-10:00job:github_sync_all | — [website] no local changes
2026-10-01T20:14:02-10:00job:github_sync_all | ↓ [website] fetching origin/main
2026-10-01T20:14:02-10:00job:github_sync_all | From github.com:RootRecord-Software-Solutions/RootRecord-Website
2026-10-01T20:14:02-10:00job:github_sync_all | * branch            main       -> FETCH_HEAD
2026-10-01T20:14:02-10:00job:github_sync_all | — [website] local and GitHub already match
2026-10-01T20:14:02-10:00job:github_sync_all | — [website] nothing to push
2026-10-01T20:14:02-10:00job:github_sync_all | — [website-personal] no local changes
2026-10-01T20:14:02-10:00job:worklog_scan RUN  bash "/home/rootrecord/RootRecord-Ecosystem/1 - Servers/1 - RootRecord-Pacific-Solar-Server/Reports/scripts/worklog_once.sh"
2026-10-01T20:17:02-10:00job:worklog_scan TIMEOUT after 180s
2026-10-01T20:17:02-10:00job:status_snapshot RUN  nice -n 10 python3 "/home/rootrecord/RootRecord-Ecosystem/1 - Servers/1 - RootRecord-Pacific-Solar-Server/Website/scripts/live_data_pages.py"
2026-10-01T20:17:02-10:00job:status_snapshot | live-data 6 pages
2026-10-01T20:17:02-10:00job:voice_nws_weather RUN  nice -n 10 python3 "/home/rootrecord/RootRecord-Ecosystem/1 - Servers/1 - RootRecord-Pacific-Solar-Server/Media/Voice/scripts/voice_reports.py" nws_weather
2026-10-01T20:17:36-10:00job:voice_nws_weather | {"ok": true, "report": "nws_weather", "md": "/home/rootrecord/RootRecord-Ecosystem/test-reports/Voice/nws_weather_current.md", "sentences": 7, "voice": {"ok": true, "mode": "stitch", "report": "nws_weather", "agent": "ava", "voice": "af_heart", "speed": 1.0, "wav": "/home/rootrecord/RootRecord-Ecosystem/2 - RootRecord-Database/Media/Audio/Voice/nws_weather_current.wav", "clips_used": 0, "live_sentences": 17, "model_loaded": true, "render_s": 19.26, "sample_rate": 24000, "channels": 1, "subtype": "PCM_16", "duration_s": 43.483, "peak_dbfs": -1.5, "rms_dbfs": -20.43, "lead_silence_ms": 113, "qc": "PASS", "wall_s": 19.34, "peak_rss_mb": 1824, "rc": 0}, "deliver": {"ok": true, "sent": true, "persona": "ava", "chat": "-1004367256267", "message_id": 2416, "transcript": false, "report": true, "photo": false, "plan": {"voice": true, "transcript": false, "report": true}}, "radio": {"ok": true, "report": "nws_weather", "file": "nws_weather_current.ogg", "bytes": 317291}}
2026-10-01T20:17:36-10:00ENERGY  status=live  B2=88.7%  B1=100.0%  solar=0 W  ac=61 W  usbc=0 W  src=/home/rootrecord/RootRecord-Ecosystem/2 - RootRecord-Database/Energy  LAP=97%/Charging/AC
2026-10-01T20:17:47-10:00  ✗  ecoflow_read_cycle  WAITING
2026-10-01T20:17:47-10:00job:sys_stats_cycle RUN  bash "/home/rootrecord/RootRecord-Ecosystem/1 - Servers/1 - RootRecord-Pacific-Solar-Server/System/scripts/sys-sample.sh"
2026-10-01T20:17:49-10:00job:sys_stats_cycle | SYSTEM  cpu=3%  load=3.29  mem=72%  src=sqlite
2026-10-01T20:17:49-10:00job:sys_stats_cycle | OK wrote /home/rootrecord/RootRecord-Ecosystem/2 - RootRecord-Database/System/samples/sys-20261001-201747.json
2026-10-01T20:18:45-10:00job:github_sync_all | ↑ [ecosystem] committed 13 local file(s)
2026-10-01T20:18:45-10:00job:github_sync_all | ↓ [ecosystem] fetching origin/main
2026-10-01T20:18:45-10:00job:github_sync_all | From github.com:RootRecord-Software-Solutions/RootRecord-Ecosystem
2026-10-01T20:18:45-10:00job:github_sync_all | * branch              main       -> FETCH_HEAD
2026-10-01T20:18:45-10:00job:github_sync_all | ↑ [ecosystem] local is ahead of GitHub
2026-10-01T20:18:45-10:00job:github_sync_all | To github.com:RootRecord-Software-Solutions/RootRecord-Ecosystem.git
2026-10-01T20:18:45-10:00job:github_sync_all | 1ee8e9d5..bc1a21bc  HEAD -> main
2026-10-01T20:18:45-10:00job:github_sync_all | branch 'main' set up to track 'origin/main'.
2026-10-01T20:18:45-10:00job:github_sync_all | ↑ [ecosystem] 13 files → RootRecord-Software-Solutions/RootRecord-Ecosystem (main)
2026-10-01T20:18:45-10:00job:github_sync_all | ↑ [pacific] committed 1 local file(s)
2026-10-01T20:18:45-10:00job:github_sync_all | ↓ [pacific] fetching origin/main
2026-10-01T20:18:45-10:00job:github_sync_all | From github.com:RootRecord-Software-Solutions/RootRecord-Pacific-Solar-Server
2026-10-01T20:18:45-10:00job:github_sync_all | * branch            main       -> FETCH_HEAD
2026-10-01T20:18:45-10:00job:github_sync_all | ↑ [pacific] local is ahead of GitHub
2026-10-01T20:18:45-10:00job:github_sync_all | To github.com:RootRecord-Software-Solutions/RootRecord-Pacific-Solar-Server.git
2026-10-01T20:18:45-10:00job:github_sync_all | 87529c2..a5c2a00  HEAD -> main
2026-10-01T20:18:45-10:00job:github_sync_all | branch 'main' set up to track 'origin/main'.
2026-10-01T20:18:45-10:00job:github_sync_all | ↑ [pacific] 1 files → RootRecord-Software-Solutions/RootRecord-Pacific-Solar-Server (main)
2026-10-01T20:18:45-10:00job:github_sync_all | ↑ [database] committed 17 local file(s)
2026-10-01T20:18:45-10:00job:github_sync_all | ↓ [database] fetching origin/main
2026-10-01T20:18:45-10:00job:github_sync_all | From github.com:RootRecord-Software-Solutions/RootRecord-Database
2026-10-01T20:18:45-10:00job:github_sync_all | * branch              main       -> FETCH_HEAD
2026-10-01T20:18:45-10:00job:github_sync_all | ↑ [database] local is ahead of GitHub
2026-10-01T20:18:45-10:00job:github_sync_all | To github.com:RootRecord-Software-Solutions/RootRecord-Database.git
2026-10-01T20:18:45-10:00job:github_sync_all | 53563d22..2907d4d6  HEAD -> main
2026-10-01T20:18:45-10:00job:github_sync_all | branch 'main' set up to track 'origin/main'.
2026-10-01T20:18:45-10:00job:github_sync_all | ↑ [database] 17 files → RootRecord-Software-Solutions/RootRecord-Database (main)
2026-10-01T20:18:45-10:00job:github_sync_all | — [library] no local changes
2026-10-01T20:18:45-10:00job:github_sync_all | ↓ [library] fetching origin/main
2026-10-01T20:18:45-10:00job:github_sync_all | From github.com:RootRecord-Software-Solutions/RootRecord-Library
2026-10-01T20:18:45-10:00job:github_sync_all | * branch            main       -> FETCH_HEAD
2026-10-01T20:18:45-10:00job:github_sync_all | — [library] local and GitHub already match
2026-10-01T20:18:45-10:00job:github_sync_all | — [library] nothing to push
2026-10-01T20:18:45-10:00job:github_sync_all | — [website] no local changes
2026-10-01T20:18:45-10:00job:github_sync_all | ↓ [website] fetching origin/main
2026-10-01T20:18:45-10:00job:github_sync_all | From github.com:RootRecord-Software-Solutions/RootRecord-Website
2026-10-01T20:18:45-10:00job:github_sync_all | * branch            main       -> FETCH_HEAD
2026-10-01T20:18:45-10:00job:github_sync_all | — [website] local and GitHub already match
2026-10-01T20:18:45-10:00job:github_sync_all | — [website] nothing to push
2026-10-01T20:18:45-10:00job:github_sync_all | — [website-personal] no local changes
2026-10-01T20:18:45-10:00job:security_camera_frame_grab RUN  bash "/home/rootrecord/RootRecord-Ecosystem/1 - Servers/1 - RootRecord-Pacific-Solar-Server/Security/Cameras/grab_all.sh"
2026-10-01T20:19:03-10:00job:security_camera_frame_grab | 20:18:45  📷  a-eyes  ch1 → ch1-20261002T061845Z.jpg  (295.5 KB, 4.52s)
2026-10-01T20:19:03-10:00job:security_camera_frame_grab | 20:18:50  📷  a-eyes  ch2 → ch2-20261002T061850Z.jpg  (310.6 KB, 4.36s)
2026-10-01T20:19:03-10:00job:security_camera_frame_grab | 20:18:54  📷  a-eyes  ch3 → ch3-20261002T061854Z.jpg  (328.1 KB, 4.38s)
2026-10-01T20:19:03-10:00job:security_camera_frame_grab | 20:18:59  📷  a-eyes  ch4 → ch4-20261002T061859Z.jpg  (207.3 KB, 4.25s)
2026-10-01T20:19:03-10:00job:service_supervisor RUN  bash "/home/rootrecord/RootRecord-Ecosystem/1 - Servers/1 - RootRecord-Pacific-Solar-Server/Automations/scripts/supervise-services.sh"
2026-10-01T20:19:03-10:00job:service_supervisor | [supervisor] weather alive pid=1988833 (act)
2026-10-01T20:19:03-10:00job:service_supervisor | [supervisor] relay alive pid=1988054 (act)
2026-10-01T20:19:03-10:00job:geology_collect RUN  nice -n 10 python3 "/home/rootrecord/RootRecord-Ecosystem/1 - Servers/1 - RootRecord-Pacific-Solar-Server/Geology/scripts/geology_collect.py" all
2026-10-01T20:19:07-10:00job:geology_collect | {"ok": true, "at": "2026-10-01T20:19:03-10:00", "what": "all", "dry_run": false, "sources": {"hawaii": {"ok": true, "count": 56, "new": 0, "new_m2": 0, "ms": 357}, "global": {"ok": true, "count": 30, "new": 1, "ms": 217}, "hvo_notices": {"ok": true, "count": 47, "new": 0, "ms": 2402}, "hvo_status": {"ok": true, "volcanoes": 8, "kilauea": "WATCH", "mauna_loa": "NORMAL", "ms": 708}}}
2026-10-01T20:19:07-10:00job:system_net_sample RUN  nice -n 10 python3 "/home/rootrecord/RootRecord-Ecosystem/1 - Servers/1 - RootRecord-Pacific-Solar-Server/System/scripts/host_desks.py" net-sample
2026-10-01T20:19:07-10:00job:system_net_sample | {"ok": true, "file": "/home/rootrecord/RootRecord-Ecosystem/2 - RootRecord-Database/System/network/Daily/net-20261001.jsonl", "iface": "wlo1", "hour": {"seconds": 3924, "rx": 851782758, "tx": 126947860, "total": 978730618, "iface": "wlo1", "link": "wireless"}, "day": {"seconds": 86642, "rx": 6988789197, "tx": 10296674544, "total": 17285463741, "iface": "wlo1", "link": "wireless"}}
2026-10-01T20:19:07-10:00job:discord_report_relay RUN  nice -n 10 python3 "/home/rootrecord/RootRecord-Ecosystem/1 - Servers/1 - RootRecord-Pacific-Solar-Server/Communications/Discord/scripts/report_relay.py"
2026-10-01T20:19:07-10:00job:discord_report_relay | same
2026-10-01T20:19:08-10:00ENERGY  status=live  B2=88.7%  B1=100.0%  solar=0 W  ac=61 W  usbc=0 W  src=/home/rootrecord/RootRecord-Ecosystem/2 - RootRecord-Database/Energy  LAP=98%/Charging/AC
2026-10-01T20:19:08-10:00  ▸  ecoflow_read_cycle OK
2026-10-01T20:19:08-10:00job:sys_stats_cycle RUN  bash "/home/rootrecord/RootRecord-Ecosystem/1 - Servers/1 - RootRecord-Pacific-Solar-Server/System/scripts/sys-sample.sh"
2026-10-01T20:19:10-10:00job:sys_stats_cycle | SYSTEM  cpu=6%  load=1.38  mem=73%  src=sqlite
2026-10-01T20:19:10-10:00job:sys_stats_cycle | OK wrote /home/rootrecord/RootRecord-Ecosystem/2 - RootRecord-Database/System/samples/sys-20261001-201908.json
2026-10-01T20:20:10-10:00job:github_sync_all | ↑ [ecosystem] committed 17 local file(s)
2026-10-01T20:20:10-10:00job:github_sync_all | ↓ [ecosystem] fetching origin/main
2026-10-01T20:20:10-10:00job:github_sync_all | From github.com:RootRecord-Software-Solutions/RootRecord-Ecosystem
2026-10-01T20:20:10-10:00job:github_sync_all | * branch              main       -> FETCH_HEAD
2026-10-01T20:20:10-10:00job:github_sync_all | ↑ [ecosystem] local is ahead of GitHub
2026-10-01T20:20:10-10:00job:github_sync_all | To github.com:RootRecord-Software-Solutions/RootRecord-Ecosystem.git
2026-10-01T20:20:10-10:00job:github_sync_all | bc1a21bc..21461e5e  HEAD -> main
2026-10-01T20:20:10-10:00job:github_sync_all | branch 'main' set up to track 'origin/main'.
2026-10-01T20:20:10-10:00job:github_sync_all | ↑ [ecosystem] 17 files → RootRecord-Software-Solutions/RootRecord-Ecosystem (main)
2026-10-01T20:20:10-10:00job:github_sync_all | ↑ [pacific] committed 3 local file(s)
2026-10-01T20:20:10-10:00job:github_sync_all | ↓ [pacific] fetching origin/main
2026-10-01T20:20:10-10:00job:github_sync_all | From github.com:RootRecord-Software-Solutions/RootRecord-Pacific-Solar-Server
2026-10-01T20:20:10-10:00job:github_sync_all | * branch            main       -> FETCH_HEAD
2026-10-01T20:20:10-10:00job:github_sync_all | ↑ [pacific] local is ahead of GitHub
2026-10-01T20:20:10-10:00job:github_sync_all | To github.com:RootRecord-Software-Solutions/RootRecord-Pacific-Solar-Server.git
2026-10-01T20:20:10-10:00job:github_sync_all | a5c2a00..f66cb16  HEAD -> main
2026-10-01T20:20:10-10:00job:github_sync_all | branch 'main' set up to track 'origin/main'.
2026-10-01T20:20:10-10:00job:github_sync_all | ↑ [pacific] 3 files → RootRecord-Software-Solutions/RootRecord-Pacific-Solar-Server (main)
2026-10-01T20:20:10-10:00job:github_sync_all | ↑ [database] committed 22 local file(s)
2026-10-01T20:20:10-10:00job:github_sync_all | ↓ [database] fetching origin/main
2026-10-01T20:20:10-10:00job:github_sync_all | From github.com:RootRecord-Software-Solutions/RootRecord-Database
2026-10-01T20:20:10-10:00job:github_sync_all | * branch              main       -> FETCH_HEAD
2026-10-01T20:20:10-10:00job:github_sync_all | ↑ [database] local is ahead of GitHub
2026-10-01T20:20:10-10:00job:github_sync_all | To github.com:RootRecord-Software-Solutions/RootRecord-Database.git
2026-10-01T20:20:10-10:00job:github_sync_all | 2907d4d6..b56b305c  HEAD -> main
2026-10-01T20:20:10-10:00job:github_sync_all | branch 'main' set up to track 'origin/main'.
2026-10-01T20:20:10-10:00job:github_sync_all | ↑ [database] 22 files → RootRecord-Software-Solutions/RootRecord-Database (main)
2026-10-01T20:20:10-10:00job:github_sync_all | — [library] no local changes
2026-10-01T20:20:10-10:00job:github_sync_all | ↓ [library] fetching origin/main
2026-10-01T20:20:10-10:00job:github_sync_all | From github.com:RootRecord-Software-Solutions/RootRecord-Library
2026-10-01T20:20:10-10:00job:github_sync_all | * branch            main       -> FETCH_HEAD
2026-10-01T20:20:10-10:00job:github_sync_all | — [library] local and GitHub already match
2026-10-01T20:20:10-10:00job:github_sync_all | — [library] nothing to push
2026-10-01T20:20:10-10:00job:github_sync_all | ↑ [website] committed 2 local file(s)
2026-10-01T20:20:10-10:00job:github_sync_all | ↓ [website] fetching origin/main
2026-10-01T20:20:10-10:00job:github_sync_all | From github.com:RootRecord-Software-Solutions/RootRecord-Website
2026-10-01T20:20:10-10:00job:github_sync_all | * branch            main       -> FETCH_HEAD
2026-10-01T20:20:10-10:00job:github_sync_all | ↑ [website] local is ahead of GitHub
2026-10-01T20:20:10-10:00job:github_sync_all | To github.com:RootRecord-Software-Solutions/RootRecord-Website.git
2026-10-01T20:20:10-10:00job:github_sync_all | e5d0eb9..b4dafa3  HEAD -> main
2026-10-01T20:20:10-10:00job:worklog_scan RUN  bash "/home/rootrecord/RootRecord-Ecosystem/1 - Servers/1 - RootRecord-Pacific-Solar-Server/Reports/scripts/worklog_once.sh"
2026-10-01T20:23:10-10:00job:worklog_scan TIMEOUT after 180s
2026-10-01T20:23:10-10:00job:security_camera_frame_grab RUN  bash "/home/rootrecord/RootRecord-Ecosystem/1 - Servers/1 - RootRecord-Pacific-Solar-Server/Security/Cameras/grab_all.sh"
2026-10-01T20:23:28-10:00job:security_camera_frame_grab | 20:23:11  📷  a-eyes  ch1 → ch1-20261002T062311Z.jpg  (295.9 KB, 4.48s)
2026-10-01T20:23:28-10:00job:security_camera_frame_grab | 20:23:15  📷  a-eyes  ch2 → ch2-20261002T062315Z.jpg  (312.8 KB, 4.48s)
2026-10-01T20:23:28-10:00job:security_camera_frame_grab | 20:23:20  📷  a-eyes  ch3 → ch3-20261002T062320Z.jpg  (328.6 KB, 4.48s)
2026-10-01T20:23:28-10:00job:security_camera_frame_grab | 20:23:24  📷  a-eyes  ch4 → ch4-20261002T062324Z.jpg  (205.3 KB, 4.37s)
2026-10-01T20:23:28-10:00job:status_snapshot RUN  nice -n 10 python3 "/home/rootrecord/RootRecord-Ecosystem/1 - Servers/1 - RootRecord-Pacific-Solar-Server/Website/scripts/live_data_pages.py"
2026-10-01T20:23:29-10:00job:status_snapshot | live-data 6 pages
2026-10-01T20:23:29-10:00ENERGY  status=live  B2=88.7%  B1=100.0%  solar=0 W  ac=61 W  usbc=0 W  src=/home/rootrecord/RootRecord-Ecosystem/2 - RootRecord-Database/Energy  LAP=98%/Charging/AC
2026-10-01T20:23:29-10:00  ▸  ecoflow_read_cycle OK
2026-10-01T20:23:29-10:00job:sys_stats_cycle RUN  bash "/home/rootrecord/RootRecord-Ecosystem/1 - Servers/1 - RootRecord-Pacific-Solar-Server/System/scripts/sys-sample.sh"
2026-10-01T20:23:31-10:00job:sys_stats_cycle | SYSTEM  cpu=11%  load=2.11  mem=75%  src=sqlite
2026-10-01T20:23:31-10:00job:sys_stats_cycle | OK wrote /home/rootrecord/RootRecord-Ecosystem/2 - RootRecord-Database/System/samples/sys-20261001-202330.json
2026-10-01T20:24:35-10:00job:github_sync_all | ↑ [ecosystem] committed 6 local file(s)
2026-10-01T20:24:35-10:00job:github_sync_all | ↓ [ecosystem] fetching origin/main
2026-10-01T20:24:35-10:00job:github_sync_all | From github.com:RootRecord-Software-Solutions/RootRecord-Ecosystem
2026-10-01T20:24:35-10:00job:github_sync_all | * branch              main       -> FETCH_HEAD
2026-10-01T20:24:35-10:00job:github_sync_all | ↑ [ecosystem] local is ahead of GitHub
2026-10-01T20:24:35-10:00job:github_sync_all | To github.com:RootRecord-Software-Solutions/RootRecord-Ecosystem.git
2026-10-01T20:24:35-10:00job:github_sync_all | 21461e5e..323ad0be  HEAD -> main
2026-10-01T20:24:35-10:00job:github_sync_all | branch 'main' set up to track 'origin/main'.
2026-10-01T20:24:35-10:00job:github_sync_all | ↑ [ecosystem] 6 files → RootRecord-Software-Solutions/RootRecord-Ecosystem (main)
2026-10-01T20:24:35-10:00job:github_sync_all | ↑ [pacific] committed 1 local file(s)
2026-10-01T20:24:35-10:00job:github_sync_all | ↓ [pacific] fetching origin/main
2026-10-01T20:24:35-10:00job:github_sync_all | From github.com:RootRecord-Software-Solutions/RootRecord-Pacific-Solar-Server
2026-10-01T20:24:35-10:00job:github_sync_all | * branch            main       -> FETCH_HEAD
2026-10-01T20:24:35-10:00job:github_sync_all | ↑ [pacific] local is ahead of GitHub
2026-10-01T20:24:35-10:00job:github_sync_all | To github.com:RootRecord-Software-Solutions/RootRecord-Pacific-Solar-Server.git
2026-10-01T20:24:35-10:00job:github_sync_all | f66cb16..122ac77  HEAD -> main
2026-10-01T20:24:35-10:00job:github_sync_all | branch 'main' set up to track 'origin/main'.
2026-10-01T20:24:35-10:00job:github_sync_all | ↑ [pacific] 1 files → RootRecord-Software-Solutions/RootRecord-Pacific-Solar-Server (main)
2026-10-01T20:24:35-10:00job:github_sync_all | ↑ [database] committed 15 local file(s)
2026-10-01T20:24:35-10:00job:github_sync_all | ↓ [database] fetching origin/main
2026-10-01T20:24:35-10:00job:github_sync_all | From github.com:RootRecord-Software-Solutions/RootRecord-Database
2026-10-01T20:24:35-10:00job:github_sync_all | * branch              main       -> FETCH_HEAD
2026-10-01T20:24:35-10:00job:github_sync_all | ↑ [database] local is ahead of GitHub
2026-10-01T20:24:35-10:00job:github_sync_all | To github.com:RootRecord-Software-Solutions/RootRecord-Database.git
2026-10-01T20:24:35-10:00job:github_sync_all | b56b305c..80223321  HEAD -> main
2026-10-01T20:24:35-10:00job:github_sync_all | branch 'main' set up to track 'origin/main'.
2026-10-01T20:24:35-10:00job:github_sync_all | ↑ [database] 15 files → RootRecord-Software-Solutions/RootRecord-Database (main)
2026-10-01T20:24:35-10:00job:github_sync_all | ↑ [library] committed 1 local file(s)
2026-10-01T20:24:35-10:00job:github_sync_all | ↓ [library] fetching origin/main
2026-10-01T20:24:35-10:00job:github_sync_all | From github.com:RootRecord-Software-Solutions/RootRecord-Library
2026-10-01T20:24:35-10:00job:github_sync_all | * branch            main       -> FETCH_HEAD
2026-10-01T20:24:35-10:00job:github_sync_all | ↑ [library] local is ahead of GitHub
2026-10-01T20:24:35-10:00job:github_sync_all | To github.com:RootRecord-Software-Solutions/RootRecord-Library.git
2026-10-01T20:24:35-10:00job:github_sync_all | dafbc71..be60fae  HEAD -> main
2026-10-01T20:24:35-10:00job:github_sync_all | branch 'main' set up to track 'origin/main'.
2026-10-01T20:24:35-10:00job:github_sync_all | ↑ [library] 1 files → RootRecord-Software-Solutions/RootRecord-Library (main)
2026-10-01T20:24:35-10:00job:github_sync_all | — [website] no local changes
2026-10-01T20:24:35-10:00job:github_sync_all | ↓ [website] fetching origin/main
2026-10-01T20:24:35-10:00job:github_sync_all | From github.com:RootRecord-Software-Solutions/RootRecord-Website
2026-10-01T20:24:35-10:00job:github_sync_all | * branch            main       -> FETCH_HEAD
2026-10-01T20:24:35-10:00ENERGY  status=live  B2=88.7%  B1=100.0%  solar=0 W  ac=61 W  usbc=0 W  src=/home/rootrecord/RootRecord-Ecosystem/2 - RootRecord-Database/Energy  LAP=99%/Charging/AC
2026-10-01T20:24:35-10:00  ▸  ecoflow_read_cycle OK
2026-10-01T20:24:35-10:00job:sys_stats_cycle RUN  bash "/home/rootrecord/RootRecord-Ecosystem/1 - Servers/1 - RootRecord-Pacific-Solar-Server/System/scripts/sys-sample.sh"
2026-10-01T20:24:37-10:00job:sys_stats_cycle | SYSTEM  cpu=6%  load=0.90  mem=73%  src=sqlite
2026-10-01T20:24:37-10:00job:sys_stats_cycle | OK wrote /home/rootrecord/RootRecord-Ecosystem/2 - RootRecord-Database/System/samples/sys-20261001-202436.json
2026-10-01T20:24:37-10:00job:security_camera_frame_grab RUN  bash "/home/rootrecord/RootRecord-Ecosystem/1 - Servers/1 - RootRecord-Pacific-Solar-Server/Security/Cameras/grab_all.sh"
2026-10-01T20:24:55-10:00job:security_camera_frame_grab | 20:24:37  📷  a-eyes  ch1 → ch1-20261002T062437Z.jpg  (296.2 KB, 4.35s)
2026-10-01T20:24:55-10:00job:security_camera_frame_grab | 20:24:41  📷  a-eyes  ch2 → ch2-20261002T062441Z.jpg  (312.7 KB, 4.37s)
2026-10-01T20:24:55-10:00job:security_camera_frame_grab | 20:24:46  📷  a-eyes  ch3 → ch3-20261002T062446Z.jpg  (330.4 KB, 4.38s)
2026-10-01T20:24:55-10:00job:security_camera_frame_grab | 20:24:50  📷  a-eyes  ch4 → ch4-20261002T062450Z.jpg  (205.3 KB, 4.48s)
2026-10-01T20:24:55-10:00job:service_supervisor RUN  bash "/home/rootrecord/RootRecord-Ecosystem/1 - Servers/1 - RootRecord-Pacific-Solar-Server/Automations/scripts/supervise-services.sh"
2026-10-01T20:24:55-10:00job:service_supervisor | [supervisor] weather alive pid=1988833 (act)
2026-10-01T20:24:55-10:00job:service_supervisor | [supervisor] relay alive pid=1988054 (act)
2026-10-01T20:24:55-10:00job:geology_collect RUN  nice -n 10 python3 "/home/rootrecord/RootRecord-Ecosystem/1 - Servers/1 - RootRecord-Pacific-Solar-Server/Geology/scripts/geology_collect.py" all
2026-10-01T20:24:59-10:00job:geology_collect | {"ok": true, "at": "2026-10-01T20:24:55-10:00", "what": "all", "dry_run": false, "sources": {"hawaii": {"ok": true, "count": 55, "new": 0, "new_m2": 0, "ms": 848}, "global": {"ok": true, "count": 30, "new": 0, "ms": 275}, "hvo_notices": {"ok": true, "count": 47, "new": 0, "ms": 1751}, "hvo_status": {"ok": true, "volcanoes": 8, "kilauea": "WATCH", "mauna_loa": "NORMAL", "ms": 707}}}
2026-10-01T20:24:59-10:00job:status_snapshot RUN  nice -n 10 python3 "/home/rootrecord/RootRecord-Ecosystem/1 - Servers/1 - RootRecord-Pacific-Solar-Server/Website/scripts/live_data_pages.py"
2026-10-01T20:24:59-10:00job:status_snapshot | live-data 6 pages
2026-10-01T20:24:59-10:00job:system_net_sample RUN  nice -n 10 python3 "/home/rootrecord/RootRecord-Ecosystem/1 - Servers/1 - RootRecord-Pacific-Solar-Server/System/scripts/host_desks.py" net-sample
2026-10-01T20:24:59-10:00job:system_net_sample | {"ok": true, "file": "/home/rootrecord/RootRecord-Ecosystem/2 - RootRecord-Database/System/network/Daily/net-20261001.jsonl", "iface": "wlo1", "hour": {"seconds": 3788, "rx": 848099269, "tx": 116108592, "total": 964207861, "iface": "wlo1", "link": "wireless"}, "day": {"seconds": 86686, "rx": 7094466776, "tx": 10299709498, "total": 17394176274, "iface": "wlo1", "link": "wireless"}}
2026-10-01T20:24:59-10:00job:discord_report_relay RUN  nice -n 10 python3 "/home/rootrecord/RootRecord-Ecosystem/1 - Servers/1 - RootRecord-Pacific-Solar-Server/Communications/Discord/scripts/report_relay.py"
2026-10-01T20:24:59-10:00job:discord_report_relay | same
2026-10-01T20:25:10-10:00  ✗  ecoflow_read_cycle  WAITING
2026-10-01T20:25:10-10:00job:sys_stats_cycle RUN  bash "/home/rootrecord/RootRecord-Ecosystem/1 - Servers/1 - RootRecord-Pacific-Solar-Server/System/scripts/sys-sample.sh"
2026-10-01T20:25:11-10:00job:sys_stats_cycle | SYSTEM  cpu=8%  load=1.08  mem=74%  src=sqlite
2026-10-01T20:25:11-10:00job:sys_stats_cycle | OK wrote /home/rootrecord/RootRecord-Ecosystem/2 - RootRecord-Database/System/samples/sys-20261001-202510.json
2026-10-01T20:26:11-10:00job:github_sync_all | ↑ [ecosystem] committed 14 local file(s)
2026-10-01T20:26:11-10:00job:github_sync_all | ↓ [ecosystem] fetching origin/main
2026-10-01T20:26:11-10:00job:github_sync_all | From github.com:RootRecord-Software-Solutions/RootRecord-Ecosystem
2026-10-01T20:26:11-10:00job:github_sync_all | * branch              main       -> FETCH_HEAD
2026-10-01T20:26:11-10:00job:github_sync_all | ↑ [ecosystem] local is ahead of GitHub
2026-10-01T20:26:11-10:00job:github_sync_all | To github.com:RootRecord-Software-Solutions/RootRecord-Ecosystem.git
2026-10-01T20:26:11-10:00job:github_sync_all | 323ad0be..e6a1d690  HEAD -> main
2026-10-01T20:26:11-10:00job:github_sync_all | branch 'main' set up to track 'origin/main'.
2026-10-01T20:26:11-10:00job:github_sync_all | ↑ [ecosystem] 14 files → RootRecord-Software-Solutions/RootRecord-Ecosystem (main)
2026-10-01T20:26:11-10:00job:github_sync_all | ↑ [pacific] committed 1 local file(s)
2026-10-01T20:26:11-10:00job:github_sync_all | ↓ [pacific] fetching origin/main
2026-10-01T20:26:11-10:00job:github_sync_all | From github.com:RootRecord-Software-Solutions/RootRecord-Pacific-Solar-Server
2026-10-01T20:26:11-10:00job:github_sync_all | * branch            main       -> FETCH_HEAD
2026-10-01T20:26:11-10:00job:github_sync_all | ↑ [pacific] local is ahead of GitHub
2026-10-01T20:26:11-10:00job:github_sync_all | To github.com:RootRecord-Software-Solutions/RootRecord-Pacific-Solar-Server.git
2026-10-01T20:26:11-10:00job:github_sync_all | 122ac77..b1528d3  HEAD -> main
2026-10-01T20:26:11-10:00job:github_sync_all | branch 'main' set up to track 'origin/main'.
2026-10-01T20:26:11-10:00job:github_sync_all | ↑ [pacific] 1 files → RootRecord-Software-Solutions/RootRecord-Pacific-Solar-Server (main)
2026-10-01T20:26:11-10:00job:github_sync_all | ↑ [database] committed 23 local file(s)
2026-10-01T20:26:11-10:00job:github_sync_all | ↓ [database] fetching origin/main
2026-10-01T20:26:11-10:00job:github_sync_all | From github.com:RootRecord-Software-Solutions/RootRecord-Database
2026-10-01T20:26:11-10:00job:github_sync_all | * branch              main       -> FETCH_HEAD
2026-10-01T20:26:11-10:00job:github_sync_all | ↑ [database] local is ahead of GitHub
2026-10-01T20:26:11-10:00job:github_sync_all | To github.com:RootRecord-Software-Solutions/RootRecord-Database.git
2026-10-01T20:26:11-10:00job:github_sync_all | 80223321..e3744d7d  HEAD -> main
2026-10-01T20:26:11-10:00job:github_sync_all | branch 'main' set up to track 'origin/main'.
2026-10-01T20:26:11-10:00job:github_sync_all | ↑ [database] 23 files → RootRecord-Software-Solutions/RootRecord-Database (main)
2026-10-01T20:26:11-10:00job:github_sync_all | — [library] no local changes
2026-10-01T20:26:11-10:00job:github_sync_all | ↓ [library] fetching origin/main
2026-10-01T20:26:11-10:00job:github_sync_all | From github.com:RootRecord-Software-Solutions/RootRecord-Library
2026-10-01T20:26:11-10:00job:github_sync_all | * branch            main       -> FETCH_HEAD
2026-10-01T20:26:11-10:00job:github_sync_all | — [library] local and GitHub already match
2026-10-01T20:26:11-10:00job:github_sync_all | — [library] nothing to push
2026-10-01T20:26:11-10:00job:github_sync_all | — [website] no local changes
2026-10-01T20:26:11-10:00job:github_sync_all | ↓ [website] fetching origin/main
2026-10-01T20:26:11-10:00job:github_sync_all | From github.com:RootRecord-Software-Solutions/RootRecord-Website
2026-10-01T20:26:11-10:00job:github_sync_all | * branch            main       -> FETCH_HEAD
2026-10-01T20:26:11-10:00job:github_sync_all | — [website] local and GitHub already match
2026-10-01T20:26:11-10:00job:github_sync_all | — [website] nothing to push
2026-10-01T20:26:11-10:00job:github_sync_all | — [website-personal] no local changes
2026-10-01T20:26:11-10:00job:worklog_scan RUN  bash "/home/rootrecord/RootRecord-Ecosystem/1 - Servers/1 - RootRecord-Pacific-Solar-Server/Reports/scripts/worklog_once.sh"
2026-10-01T20:29:11-10:00job:worklog_scan TIMEOUT after 180s
2026-10-01T20:29:11-10:00job:security_camera_frame_grab RUN  bash "/home/rootrecord/RootRecord-Ecosystem/1 - Servers/1 - RootRecord-Pacific-Solar-Server/Security/Cameras/grab_all.sh"
2026-10-01T20:29:29-10:00job:security_camera_frame_grab | 20:29:11  📷  a-eyes  ch1 → ch1-20261002T062911Z.jpg  (296.4 KB, 4.52s)
2026-10-01T20:29:29-10:00job:security_camera_frame_grab | 20:29:15  📷  a-eyes  ch2 → ch2-20261002T062915Z.jpg  (313.7 KB, 4.32s)
2026-10-01T20:29:29-10:00job:security_camera_frame_grab | 20:29:20  📷  a-eyes  ch3 → ch3-20261002T062920Z.jpg  (328.5 KB, 4.42s)
2026-10-01T20:29:29-10:00job:security_camera_frame_grab | 20:29:24  📷  a-eyes  ch4 → ch4-20261002T062924Z.jpg  (204.0 KB, 4.37s)
2026-10-01T20:29:29-10:00ENERGY  status=live  B2=88.7%  B1=100.0%  solar=0 W  ac=61 W  usbc=0 W  src=/home/rootrecord/RootRecord-Ecosystem/2 - RootRecord-Database/Energy  LAP=99%/Charging/AC
2026-10-01T20:29:29-10:00  ▸  ecoflow_read_cycle OK
2026-10-01T20:29:29-10:00job:sys_stats_cycle RUN  bash "/home/rootrecord/RootRecord-Ecosystem/1 - Servers/1 - RootRecord-Pacific-Solar-Server/System/scripts/sys-sample.sh"
2026-10-01T20:29:31-10:00job:sys_stats_cycle | SYSTEM  cpu=42%  load=1.41  mem=75%  src=sqlite
2026-10-01T20:29:31-10:00job:sys_stats_cycle | OK wrote /home/rootrecord/RootRecord-Ecosystem/2 - RootRecord-Database/System/samples/sys-20261001-202930.json
2026-10-01T20:30:33-10:00job:github_sync_all | ↑ [ecosystem] committed 6 local file(s)
2026-10-01T20:30:33-10:00job:github_sync_all | ↓ [ecosystem] fetching origin/main
2026-10-01T20:30:33-10:00job:github_sync_all | From github.com:RootRecord-Software-Solutions/RootRecord-Ecosystem
2026-10-01T20:30:33-10:00job:github_sync_all | * branch              main       -> FETCH_HEAD
2026-10-01T20:30:33-10:00job:github_sync_all | ↑ [ecosystem] local is ahead of GitHub
2026-10-01T20:30:33-10:00job:github_sync_all | To github.com:RootRecord-Software-Solutions/RootRecord-Ecosystem.git
2026-10-01T20:30:33-10:00job:github_sync_all | e6a1d690..4b0fa8b9  HEAD -> main
2026-10-01T20:30:33-10:00job:github_sync_all | branch 'main' set up to track 'origin/main'.
2026-10-01T20:30:33-10:00job:github_sync_all | ↑ [ecosystem] 6 files → RootRecord-Software-Solutions/RootRecord-Ecosystem (main)
2026-10-01T20:30:33-10:00job:github_sync_all | ↑ [pacific] committed 1 local file(s)
2026-10-01T20:30:33-10:00job:github_sync_all | ↓ [pacific] fetching origin/main
2026-10-01T20:30:33-10:00job:github_sync_all | From github.com:RootRecord-Software-Solutions/RootRecord-Pacific-Solar-Server
2026-10-01T20:30:33-10:00job:github_sync_all | * branch            main       -> FETCH_HEAD
2026-10-01T20:30:33-10:00job:github_sync_all | ↑ [pacific] local is ahead of GitHub
2026-10-01T20:30:33-10:00job:github_sync_all | To github.com:RootRecord-Software-Solutions/RootRecord-Pacific-Solar-Server.git
2026-10-01T20:30:33-10:00job:github_sync_all | b1528d3..ec646d1  HEAD -> main
2026-10-01T20:30:33-10:00job:github_sync_all | branch 'main' set up to track 'origin/main'.
2026-10-01T20:30:33-10:00job:github_sync_all | ↑ [pacific] 1 files → RootRecord-Software-Solutions/RootRecord-Pacific-Solar-Server (main)
2026-10-01T20:30:33-10:00job:github_sync_all | ↑ [database] committed 14 local file(s)
2026-10-01T20:30:33-10:00job:github_sync_all | ↓ [database] fetching origin/main
2026-10-01T20:30:33-10:00job:github_sync_all | From github.com:RootRecord-Software-Solutions/RootRecord-Database
2026-10-01T20:30:33-10:00job:github_sync_all | * branch              main       -> FETCH_HEAD
2026-10-01T20:30:33-10:00job:github_sync_all | ↑ [database] local is ahead of GitHub
2026-10-01T20:30:33-10:00job:github_sync_all | To github.com:RootRecord-Software-Solutions/RootRecord-Database.git
2026-10-01T20:30:33-10:00job:github_sync_all | e3744d7d..fd8e2cf0  HEAD -> main
2026-10-01T20:30:33-10:00job:github_sync_all | branch 'main' set up to track 'origin/main'.
2026-10-01T20:30:33-10:00job:github_sync_all | ↑ [database] 14 files → RootRecord-Software-Solutions/RootRecord-Database (main)
2026-10-01T20:30:33-10:00job:github_sync_all | — [library] no local changes
2026-10-01T20:30:33-10:00job:github_sync_all | ↓ [library] fetching origin/main
2026-10-01T20:30:33-10:00job:github_sync_all | From github.com:RootRecord-Software-Solutions/RootRecord-Library
2026-10-01T20:30:33-10:00job:github_sync_all | * branch            main       -> FETCH_HEAD
2026-10-01T20:30:33-10:00job:github_sync_all | — [library] local and GitHub already match
2026-10-01T20:30:33-10:00job:github_sync_all | — [library] nothing to push
2026-10-01T20:30:33-10:00job:github_sync_all | — [website] no local changes
2026-10-01T20:30:33-10:00job:github_sync_all | ↓ [website] fetching origin/main
2026-10-01T20:30:33-10:00job:github_sync_all | From github.com:RootRecord-Software-Solutions/RootRecord-Website
2026-10-01T20:30:33-10:00job:github_sync_all | * branch            main       -> FETCH_HEAD
2026-10-01T20:30:33-10:00job:github_sync_all | — [website] local and GitHub already match
2026-10-01T20:30:33-10:00job:github_sync_all | — [website] nothing to push
2026-10-01T20:30:33-10:00job:github_sync_all | — [website-personal] no local changes
2026-10-01T20:30:33-10:00job:status_snapshot RUN  nice -n 10 python3 "/home/rootrecord/RootRecord-Ecosystem/1 - Servers/1 - RootRecord-Pacific-Solar-Server/Website/scripts/live_data_pages.py"
2026-10-01T20:30:33-10:00job:status_snapshot | live-data 6 pages
2026-10-01T20:30:33-10:00job:voice_nws_weather RUN  nice -n 10 python3 "/home/rootrecord/RootRecord-Ecosystem/1 - Servers/1 - RootRecord-Pacific-Solar-Server/Media/Voice/scripts/voice_reports.py" nws_weather
2026-10-01T20:32:09-10:00job:voice_nws_weather | {"ok": true, "report": "nws_weather", "md": "/home/rootrecord/RootRecord-Ecosystem/test-reports/Voice/nws_weather_current.md", "sentences": 7, "voice": {"ok": true, "mode": "stitch", "report": "nws_weather", "agent": "ava", "voice": "af_heart", "speed": 1.0, "wav": "/home/rootrecord/RootRecord-Ecosystem/2 - RootRecord-Database/Media/Audio/Voice/nws_weather_current.wav", "clips_used": 0, "live_sentences": 17, "model_loaded": true, "render_s": 20.08, "sample_rate": 24000, "channels": 1, "subtype": "PCM_16", "duration_s": 43.271, "peak_dbfs": -1.5, "rms_dbfs": -20.29, "lead_silence_ms": 113, "qc": "PASS", "wall_s": 20.14, "peak_rss_mb": 1766, "rc": 0}, "deliver": {"ok": true, "sent": true, "persona": "ava", "chat": "-1004367256267", "message_id": 2418, "transcript": false, "report": true, "photo": false, "plan": {"voice": true, "transcript": false, "report": true}}, "radio": {"ok": true, "report": "nws_weather", "file": "nws_weather_current.ogg", "bytes": 317713}}
2026-10-01T20:32:09-10:00job:voice_energy_report RUN  nice -n 10 python3 "/home/rootrecord/RootRecord-Ecosystem/1 - Servers/1 - RootRecord-Pacific-Solar-Server/Media/Voice/scripts/voice_reports.py" energy_report
2026-10-01T20:32:36-10:00job:voice_energy_report | {"ok": true, "report": "energy_report", "md": "/home/rootrecord/RootRecord-Ecosystem/test-reports/Voice/energy_report_current.md", "sentences": 8, "voice": {"ok": true, "mode": "stitch", "report": "energy_report", "agent": "carly", "voice": "af_nova", "speed": 1.0, "wav": "/home/rootrecord/RootRecord-Ecosystem/2 - RootRecord-Database/Media/Audio/Voice/energy_report_current.wav", "clips_used": 0, "live_sentences": 7, "model_loaded": true, "render_s": 15.45, "sample_rate": 24000, "channels": 1, "subtype": "PCM_16", "duration_s": 32.186, "peak_dbfs": -2.01, "rms_dbfs": -20.23, "lead_silence_ms": 110, "qc": "PASS", "wall_s": 15.53, "peak_rss_mb": 1582, "rc": 0}, "deliver": {"ok": true, "skipped": true, "detail": "blended into the hourly solar desk; the radio file is refreshed"}, "radio": {"ok": true, "report": "energy_report", "file": "energy_report_current.ogg", "bytes": 231400}}
2026-10-01T20:32:36-10:00job:voice_current_report RUN  nice -n 10 python3 "/home/rootrecord/RootRecord-Ecosystem/1 - Servers/1 - RootRecord-Pacific-Solar-Server/Media/Voice/scripts/voice_reports.py" current_report
2026-10-01T20:33:36-10:00job:voice_current_report | {"ok": true, "report": "current_report", "md": "/home/rootrecord/RootRecord-Ecosystem/2 - RootRecord-Database/Reports/current_report_current.md", "sentences": 25, "voice": {"ok": true, "mode": "stitch", "report": "current_report", "agent": "ava", "voice": "af_heart", "speed": 1.0, "wav": "/home/rootrecord/RootRecord-Ecosystem/2 - RootRecord-Database/Media/Audio/Voice/current_report_current.wav", "clips_used": 0, "live_sentences": 31, "model_loaded": true, "render_s": 41.65, "sample_rate": 24000, "channels": 1, "subtype": "PCM_16", "duration_s": 110.207, "peak_dbfs": -1.5, "rms_dbfs": -20.3, "lead_silence_ms": 114, "qc": "PASS", "wall_s": 41.7, "peak_rss_mb": 2038, "rc": 0}, "deliver": {"ok": true, "sent": true, "persona": "ava", "chat": "-1004367256267", "message_id": 2420, "transcript": false, "report": true, "photo": false, "plan": {"voice": true, "transcript": false, "report": true}}, "radio": {"ok": true, "report": "current_report", "file": "current_report_current.ogg", "bytes": 803023}}
2026-10-01T20:33:37-10:00ENERGY  status=live  B2=88.7%  B1=100.0%  solar=0 W  ac=61 W  usbc=0 W  src=/home/rootrecord/RootRecord-Ecosystem/2 - RootRecord-Database/Energy  LAP=99%/Charging/AC
2026-10-01T20:33:47-10:00  ✗  ecoflow_read_cycle  WAITING
2026-10-01T20:33:47-10:00job:sys_stats_cycle RUN  bash "/home/rootrecord/RootRecord-Ecosystem/1 - Servers/1 - RootRecord-Pacific-Solar-Server/System/scripts/sys-sample.sh"
2026-10-01T20:33:49-10:00job:sys_stats_cycle | SYSTEM  cpu=63%  load=2.36  mem=75%  src=sqlite
2026-10-01T20:33:49-10:00job:sys_stats_cycle | OK wrote /home/rootrecord/RootRecord-Ecosystem/2 - RootRecord-Database/System/samples/sys-20261001-203348.json
2026-10-01T20:34:49-10:00job:github_sync_all | ↑ [ecosystem] committed 25 local file(s)
2026-10-01T20:34:49-10:00job:github_sync_all | ↓ [ecosystem] fetching origin/main
2026-10-01T20:34:49-10:00job:github_sync_all | From github.com:RootRecord-Software-Solutions/RootRecord-Ecosystem
2026-10-01T20:34:49-10:00job:github_sync_all | * branch              main       -> FETCH_HEAD
2026-10-01T20:34:49-10:00job:github_sync_all | ↑ [ecosystem] local is ahead of GitHub
2026-10-01T20:34:49-10:00job:github_sync_all | To github.com:RootRecord-Software-Solutions/RootRecord-Ecosystem.git
2026-10-01T20:34:49-10:00job:github_sync_all | 4b0fa8b9..627a3f13  HEAD -> main
2026-10-01T20:34:49-10:00job:github_sync_all | branch 'main' set up to track 'origin/main'.
2026-10-01T20:34:49-10:00job:github_sync_all | ↑ [ecosystem] 25 files → RootRecord-Software-Solutions/RootRecord-Ecosystem (main)
2026-10-01T20:34:49-10:00job:github_sync_all | ↑ [pacific] committed 1 local file(s)
2026-10-01T20:34:49-10:00job:github_sync_all | ↓ [pacific] fetching origin/main
2026-10-01T20:34:49-10:00job:github_sync_all | From github.com:RootRecord-Software-Solutions/RootRecord-Pacific-Solar-Server
2026-10-01T20:34:49-10:00job:github_sync_all | * branch            main       -> FETCH_HEAD
2026-10-01T20:34:49-10:00job:github_sync_all | ↑ [pacific] local is ahead of GitHub
2026-10-01T20:34:49-10:00job:github_sync_all | To github.com:RootRecord-Software-Solutions/RootRecord-Pacific-Solar-Server.git
2026-10-01T20:34:49-10:00job:github_sync_all | ec646d1..c1713c6  HEAD -> main
2026-10-01T20:34:49-10:00job:github_sync_all | branch 'main' set up to track 'origin/main'.
2026-10-01T20:34:49-10:00job:github_sync_all | ↑ [pacific] 1 files → RootRecord-Software-Solutions/RootRecord-Pacific-Solar-Server (main)
2026-10-01T20:34:49-10:00job:github_sync_all | ↑ [database] committed 22 local file(s)
2026-10-01T20:34:49-10:00job:github_sync_all | ↓ [database] fetching origin/main
2026-10-01T20:34:49-10:00job:github_sync_all | From github.com:RootRecord-Software-Solutions/RootRecord-Database
2026-10-01T20:34:49-10:00job:github_sync_all | * branch              main       -> FETCH_HEAD
2026-10-01T20:34:49-10:00job:github_sync_all | ↑ [database] local is ahead of GitHub
2026-10-01T20:34:49-10:00job:github_sync_all | To github.com:RootRecord-Software-Solutions/RootRecord-Database.git
2026-10-01T20:34:49-10:00job:github_sync_all | fd8e2cf0..f6284b79  HEAD -> main
2026-10-01T20:34:49-10:00job:github_sync_all | branch 'main' set up to track 'origin/main'.
2026-10-01T20:34:49-10:00job:github_sync_all | ↑ [database] 22 files → RootRecord-Software-Solutions/RootRecord-Database (main)
2026-10-01T20:34:49-10:00job:github_sync_all | — [library] no local changes
2026-10-01T20:34:49-10:00job:github_sync_all | ↓ [library] fetching origin/main
2026-10-01T20:34:49-10:00job:github_sync_all | From github.com:RootRecord-Software-Solutions/RootRecord-Library
2026-10-01T20:34:49-10:00job:github_sync_all | * branch            main       -> FETCH_HEAD
2026-10-01T20:34:49-10:00job:github_sync_all | — [library] local and GitHub already match
2026-10-01T20:34:49-10:00job:github_sync_all | — [library] nothing to push
2026-10-01T20:34:49-10:00job:github_sync_all | — [website] no local changes
2026-10-01T20:34:49-10:00job:github_sync_all | ↓ [website] fetching origin/main
2026-10-01T20:34:49-10:00job:github_sync_all | From github.com:RootRecord-Software-Solutions/RootRecord-Website
2026-10-01T20:34:49-10:00job:github_sync_all | * branch            main       -> FETCH_HEAD
2026-10-01T20:34:49-10:00job:github_sync_all | — [website] local and GitHub already match
2026-10-01T20:34:49-10:00job:github_sync_all | — [website] nothing to push
2026-10-01T20:34:49-10:00job:github_sync_all | — [website-personal] no local changes
2026-10-01T20:34:49-10:00job:worklog_scan RUN  bash "/home/rootrecord/RootRecord-Ecosystem/1 - Servers/1 - RootRecord-Pacific-Solar-Server/Reports/scripts/worklog_once.sh"
2026-10-01T20:37:49-10:00job:worklog_scan TIMEOUT after 180s
2026-10-01T20:37:49-10:00job:security_camera_frame_grab RUN  bash "/home/rootrecord/RootRecord-Ecosystem/1 - Servers/1 - RootRecord-Pacific-Solar-Server/Security/Cameras/grab_all.sh"
2026-10-01T20:38:07-10:00job:security_camera_frame_grab | 20:37:49  📷  a-eyes  ch1 → ch1-20261002T063749Z.jpg  (295.9 KB, 4.54s)
2026-10-01T20:38:07-10:00job:security_camera_frame_grab | 20:37:54  📷  a-eyes  ch2 → ch2-20261002T063754Z.jpg  (314.1 KB, 4.47s)
2026-10-01T20:38:07-10:00job:security_camera_frame_grab | 20:37:58  📷  a-eyes  ch3 → ch3-20261002T063758Z.jpg  (328.7 KB, 4.48s)
2026-10-01T20:38:07-10:00job:security_camera_frame_grab | 20:38:03  📷  a-eyes  ch4 → ch4-20261002T063803Z.jpg  (208.5 KB, 4.25s)
2026-10-01T20:38:07-10:00job:service_supervisor RUN  bash "/home/rootrecord/RootRecord-Ecosystem/1 - Servers/1 - RootRecord-Pacific-Solar-Server/Automations/scripts/supervise-services.sh"
2026-10-01T20:38:07-10:00job:service_supervisor | [supervisor] weather alive pid=1988833 (act)
2026-10-01T20:38:07-10:00job:service_supervisor | [supervisor] relay alive pid=1988054 (act)
2026-10-01T20:38:07-10:00job:geology_collect RUN  nice -n 10 python3 "/home/rootrecord/RootRecord-Ecosystem/1 - Servers/1 - RootRecord-Pacific-Solar-Server/Geology/scripts/geology_collect.py" all
2026-10-01T20:38:20-10:00job:geology_collect | {"ok": true, "at": "2026-10-01T20:38:07-10:00", "what": "all", "dry_run": false, "sources": {"hawaii": {"ok": true, "count": 54, "new": 0, "new_m2": 0, "ms": 438}, "global": {"ok": true, "count": 30, "new": 0, "ms": 252}, "hvo_notices": {"ok": true, "count": 47, "new": 0, "ms": 11300}, "hvo_status": {"ok": true, "volcanoes": 8, "kilauea": "WATCH", "mauna_loa": "NORMAL", "ms": 715}}}
2026-10-01T20:38:20-10:00job:status_snapshot RUN  nice -n 10 python3 "/home/rootrecord/RootRecord-Ecosystem/1 - Servers/1 - RootRecord-Pacific-Solar-Server/Website/scripts/live_data_pages.py"
2026-10-01T20:38:20-10:00job:status_snapshot | live-data 6 pages
2026-10-01T20:38:20-10:00job:system_net_sample RUN  nice -n 10 python3 "/home/rootrecord/RootRecord-Ecosystem/1 - Servers/1 - RootRecord-Pacific-Solar-Server/System/scripts/host_desks.py" net-sample
2026-10-01T20:38:20-10:00job:system_net_sample | {"ok": true, "file": "/home/rootrecord/RootRecord-Ecosystem/2 - RootRecord-Database/System/network/Daily/net-20261001.jsonl", "iface": "wlo1", "hour": {"seconds": 4242, "rx": 817186819, "tx": 125277605, "total": 942464424, "iface": "wlo1", "link": "wireless"}, "day": {"seconds": 86749, "rx": 7149116601, "tx": 10304731157, "total": 17453847758, "iface": "wlo1", "link": "wireless"}}
2026-10-01T20:38:20-10:00job:discord_report_relay RUN  nice -n 10 python3 "/home/rootrecord/RootRecord-Ecosystem/1 - Servers/1 - RootRecord-Pacific-Solar-Server/Communications/Discord/scripts/report_relay.py"
2026-10-01T20:38:20-10:00job:discord_report_relay | same
2026-10-01T20:38:21-10:00ENERGY  status=live  B2=88.7%  B1=100.0%  solar=0 W  ac=61 W  usbc=0 W  src=/home/rootrecord/RootRecord-Ecosystem/2 - RootRecord-Database/Energy  LAP=99%/Charging/AC
2026-10-01T20:38:32-10:00  ✗  ecoflow_read_cycle  WAITING
2026-10-01T20:38:32-10:00job:sys_stats_cycle RUN  bash "/home/rootrecord/RootRecord-Ecosystem/1 - Servers/1 - RootRecord-Pacific-Solar-Server/System/scripts/sys-sample.sh"
2026-10-01T20:38:34-10:00job:sys_stats_cycle | SYSTEM  cpu=37%  load=2.04  mem=77%  src=sqlite
2026-10-01T20:38:34-10:00job:sys_stats_cycle | OK wrote /home/rootrecord/RootRecord-Ecosystem/2 - RootRecord-Database/System/samples/sys-20261001-203832.json
2026-10-01T20:39:39-10:00job:github_sync_all | ↑ [ecosystem] committed 17 local file(s)
2026-10-01T20:39:39-10:00job:github_sync_all | ↓ [ecosystem] fetching origin/main
2026-10-01T20:39:39-10:00job:github_sync_all | From github.com:RootRecord-Software-Solutions/RootRecord-Ecosystem
2026-10-01T20:39:39-10:00job:github_sync_all | * branch              main       -> FETCH_HEAD
2026-10-01T20:39:39-10:00job:github_sync_all | ↑ [ecosystem] local is ahead of GitHub
2026-10-01T20:39:39-10:00job:github_sync_all | To github.com:RootRecord-Software-Solutions/RootRecord-Ecosystem.git
2026-10-01T20:39:39-10:00job:github_sync_all | 627a3f13..095bd94f  HEAD -> main
2026-10-01T20:39:39-10:00job:github_sync_all | branch 'main' set up to track 'origin/main'.
2026-10-01T20:39:39-10:00job:github_sync_all | ↑ [ecosystem] 17 files → RootRecord-Software-Solutions/RootRecord-Ecosystem (main)
2026-10-01T20:39:39-10:00job:github_sync_all | ↑ [pacific] committed 5 local file(s)
2026-10-01T20:39:39-10:00job:github_sync_all | ↓ [pacific] fetching origin/main
2026-10-01T20:39:39-10:00job:github_sync_all | From github.com:RootRecord-Software-Solutions/RootRecord-Pacific-Solar-Server
2026-10-01T20:39:39-10:00job:github_sync_all | * branch            main       -> FETCH_HEAD
2026-10-01T20:39:39-10:00job:github_sync_all | ↑ [pacific] local is ahead of GitHub
2026-10-01T20:39:39-10:00job:github_sync_all | To github.com:RootRecord-Software-Solutions/RootRecord-Pacific-Solar-Server.git
2026-10-01T20:39:39-10:00job:github_sync_all | c1713c6..5302bf8  HEAD -> main
2026-10-01T20:39:39-10:00job:github_sync_all | branch 'main' set up to track 'origin/main'.
2026-10-01T20:39:39-10:00job:github_sync_all | ↑ [pacific] 5 files → RootRecord-Software-Solutions/RootRecord-Pacific-Solar-Server (main)
2026-10-01T20:39:39-10:00job:github_sync_all | ↑ [database] committed 22 local file(s)
2026-10-01T20:39:39-10:00job:github_sync_all | ↓ [database] fetching origin/main
2026-10-01T20:39:39-10:00job:github_sync_all | From github.com:RootRecord-Software-Solutions/RootRecord-Database
2026-10-01T20:39:39-10:00job:github_sync_all | * branch              main       -> FETCH_HEAD
2026-10-01T20:39:39-10:00job:github_sync_all | ↑ [database] local is ahead of GitHub
2026-10-01T20:39:39-10:00job:github_sync_all | To github.com:RootRecord-Software-Solutions/RootRecord-Database.git
2026-10-01T20:39:39-10:00job:github_sync_all | f6284b79..9a8499e1  HEAD -> main
2026-10-01T20:39:39-10:00job:github_sync_all | branch 'main' set up to track 'origin/main'.
2026-10-01T20:39:39-10:00job:github_sync_all | ↑ [database] 22 files → RootRecord-Software-Solutions/RootRecord-Database (main)
2026-10-01T20:39:39-10:00job:github_sync_all | — [library] no local changes
2026-10-01T20:39:39-10:00job:github_sync_all | ↓ [library] fetching origin/main
2026-10-01T20:39:39-10:00job:github_sync_all | From github.com:RootRecord-Software-Solutions/RootRecord-Library
2026-10-01T20:39:39-10:00job:github_sync_all | * branch            main       -> FETCH_HEAD
2026-10-01T20:39:39-10:00job:github_sync_all | — [library] local and GitHub already match
2026-10-01T20:39:39-10:00job:github_sync_all | — [library] nothing to push
2026-10-01T20:39:39-10:00job:github_sync_all | ↑ [website] committed 4 local file(s)
2026-10-01T20:39:39-10:00job:github_sync_all | ↓ [website] fetching origin/main
2026-10-01T20:39:39-10:00job:github_sync_all | From github.com:RootRecord-Software-Solutions/RootRecord-Website
2026-10-01T20:39:39-10:00job:github_sync_all | * branch            main       -> FETCH_HEAD
2026-10-01T20:39:39-10:00job:github_sync_all | ↑ [website] local is ahead of GitHub
2026-10-01T20:39:39-10:00job:github_sync_all | To github.com:RootRecord-Software-Solutions/RootRecord-Website.git
2026-10-01T20:39:39-10:00job:github_sync_all | b4dafa3..de0fae7  HEAD -> main
2026-10-01T20:39:39-10:00job:security_camera_frame_grab RUN  bash "/home/rootrecord/RootRecord-Ecosystem/1 - Servers/1 - RootRecord-Pacific-Solar-Server/Security/Cameras/grab_all.sh"
2026-10-01T20:39:58-10:00job:security_camera_frame_grab | 20:39:39  📷  a-eyes  ch1 → ch1-20261002T063939Z.jpg  (297.4 KB, 5.87s)
2026-10-01T20:39:58-10:00job:security_camera_frame_grab | 20:39:45  📷  a-eyes  ch2 → ch2-20261002T063945Z.jpg  (311.3 KB, 4.30s)
2026-10-01T20:39:58-10:00job:security_camera_frame_grab | 20:39:49  📷  a-eyes  ch3 → ch3-20261002T063949Z.jpg  (330.7 KB, 4.36s)
2026-10-01T20:39:58-10:00job:security_camera_frame_grab | 20:39:54  📷  a-eyes  ch4 → ch4-20261002T063954Z.jpg  (205.4 KB, 4.34s)
2026-10-01T20:39:59-10:00ENERGY  status=live  B2=88.7%  B1=100.0%  solar=0 W  ac=61 W  usbc=0 W  src=/home/rootrecord/RootRecord-Ecosystem/2 - RootRecord-Database/Energy  LAP=99%/Charging/AC
2026-10-01T20:39:59-10:00  ▸  ecoflow_read_cycle OK
2026-10-01T20:39:59-10:00job:sys_stats_cycle RUN  bash "/home/rootrecord/RootRecord-Ecosystem/1 - Servers/1 - RootRecord-Pacific-Solar-Server/System/scripts/sys-sample.sh"
2026-10-01T20:40:00-10:00job:sys_stats_cycle | SYSTEM  cpu=5%  load=0.85  mem=76%  src=sqlite
2026-10-01T20:40:00-10:00job:sys_stats_cycle | OK wrote /home/rootrecord/RootRecord-Ecosystem/2 - RootRecord-Database/System/samples/sys-20261001-203959.json
2026-10-01T20:40:57-10:00job:github_sync_all | ↑ [ecosystem] committed 6 local file(s)
2026-10-01T20:40:57-10:00job:github_sync_all | ↓ [ecosystem] fetching origin/main
2026-10-01T20:40:57-10:00job:github_sync_all | From github.com:RootRecord-Software-Solutions/RootRecord-Ecosystem
2026-10-01T20:40:57-10:00job:github_sync_all | * branch              main       -> FETCH_HEAD
2026-10-01T20:40:57-10:00job:github_sync_all | ↑ [ecosystem] local is ahead of GitHub
2026-10-01T20:40:57-10:00job:github_sync_all | To github.com:RootRecord-Software-Solutions/RootRecord-Ecosystem.git
2026-10-01T20:40:57-10:00job:github_sync_all | 095bd94f..968292e4  HEAD -> main
2026-10-01T20:40:57-10:00job:github_sync_all | branch 'main' set up to track 'origin/main'.
2026-10-01T20:40:57-10:00job:github_sync_all | ↑ [ecosystem] 6 files → RootRecord-Software-Solutions/RootRecord-Ecosystem (main)
2026-10-01T20:40:57-10:00job:github_sync_all | ↑ [pacific] committed 1 local file(s)
2026-10-01T20:40:57-10:00job:github_sync_all | ↓ [pacific] fetching origin/main
2026-10-01T20:40:57-10:00job:github_sync_all | From github.com:RootRecord-Software-Solutions/RootRecord-Pacific-Solar-Server
2026-10-01T20:40:57-10:00job:github_sync_all | * branch            main       -> FETCH_HEAD
2026-10-01T20:40:57-10:00job:github_sync_all | ↑ [pacific] local is ahead of GitHub
2026-10-01T20:40:57-10:00job:github_sync_all | To github.com:RootRecord-Software-Solutions/RootRecord-Pacific-Solar-Server.git
2026-10-01T20:40:57-10:00job:github_sync_all | 5302bf8..3b9c459  HEAD -> main
2026-10-01T20:40:57-10:00job:github_sync_all | branch 'main' set up to track 'origin/main'.
2026-10-01T20:40:57-10:00job:github_sync_all | ↑ [pacific] 1 files → RootRecord-Software-Solutions/RootRecord-Pacific-Solar-Server (main)
2026-10-01T20:40:57-10:00job:github_sync_all | ↑ [database] committed 14 local file(s)
2026-10-01T20:40:57-10:00job:github_sync_all | ↓ [database] fetching origin/main
2026-10-01T20:40:57-10:00job:github_sync_all | From github.com:RootRecord-Software-Solutions/RootRecord-Database
2026-10-01T20:40:57-10:00job:github_sync_all | * branch              main       -> FETCH_HEAD
2026-10-01T20:40:57-10:00job:github_sync_all | ↑ [database] local is ahead of GitHub
2026-10-01T20:40:57-10:00job:github_sync_all | To github.com:RootRecord-Software-Solutions/RootRecord-Database.git
2026-10-01T20:40:57-10:00job:github_sync_all | 9a8499e1..bf3a467e  HEAD -> main
2026-10-01T20:40:57-10:00job:github_sync_all | branch 'main' set up to track 'origin/main'.
2026-10-01T20:40:57-10:00job:github_sync_all | ↑ [database] 14 files → RootRecord-Software-Solutions/RootRecord-Database (main)
2026-10-01T20:40:57-10:00job:github_sync_all | — [library] no local changes
2026-10-01T20:40:57-10:00job:github_sync_all | ↓ [library] fetching origin/main
2026-10-01T20:40:57-10:00job:github_sync_all | From github.com:RootRecord-Software-Solutions/RootRecord-Library
2026-10-01T20:40:57-10:00job:github_sync_all | * branch            main       -> FETCH_HEAD
2026-10-01T20:40:57-10:00job:github_sync_all | — [library] local and GitHub already match
2026-10-01T20:40:57-10:00job:github_sync_all | — [library] nothing to push
2026-10-01T20:40:57-10:00job:github_sync_all | — [website] no local changes
2026-10-01T20:40:57-10:00job:github_sync_all | ↓ [website] fetching origin/main
2026-10-01T20:40:57-10:00job:github_sync_all | From github.com:RootRecord-Software-Solutions/RootRecord-Website
2026-10-01T20:40:57-10:00job:github_sync_all | * branch            main       -> FETCH_HEAD
2026-10-01T20:40:57-10:00job:github_sync_all | — [website] local and GitHub already match
2026-10-01T20:40:57-10:00job:github_sync_all | — [website] nothing to push
2026-10-01T20:40:57-10:00job:github_sync_all | — [website-personal] no local changes
2026-10-01T20:40:57-10:00job:worklog_scan RUN  bash "/home/rootrecord/RootRecord-Ecosystem/1 - Servers/1 - RootRecord-Pacific-Solar-Server/Reports/scripts/worklog_once.sh"
2026-10-01T20:43:58-10:00job:worklog_scan TIMEOUT after 180s
2026-10-01T20:43:58-10:00job:status_snapshot RUN  nice -n 10 python3 "/home/rootrecord/RootRecord-Ecosystem/1 - Servers/1 - RootRecord-Pacific-Solar-Server/Website/scripts/live_data_pages.py"
2026-10-01T20:43:58-10:00job:status_snapshot | live-data 6 pages
2026-10-01T20:43:58-10:00ENERGY  status=live  B2=88.7%  B1=100.0%  solar=0 W  ac=61 W  usbc=0 W  src=/home/rootrecord/RootRecord-Ecosystem/2 - RootRecord-Database/Energy  LAP=99%/Charging/AC
2026-10-01T20:43:58-10:00  ▸  ecoflow_read_cycle OK
2026-10-01T20:43:58-10:00job:sys_stats_cycle RUN  bash "/home/rootrecord/RootRecord-Ecosystem/1 - Servers/1 - RootRecord-Pacific-Solar-Server/System/scripts/sys-sample.sh"
2026-10-01T20:44:01-10:00job:sys_stats_cycle | SYSTEM  cpu=6%  load=2.07  mem=77%  src=sqlite
2026-10-01T20:44:01-10:00job:sys_stats_cycle | OK wrote /home/rootrecord/RootRecord-Ecosystem/2 - RootRecord-Database/System/samples/sys-20261001-204359.json
2026-10-01T20:45:06-10:00job:github_sync_all | ↑ [ecosystem] committed 6 local file(s)
2026-10-01T20:45:06-10:00job:github_sync_all | ↓ [ecosystem] fetching origin/main
2026-10-01T20:45:06-10:00job:github_sync_all | From github.com:RootRecord-Software-Solutions/RootRecord-Ecosystem
2026-10-01T20:45:06-10:00job:github_sync_all | * branch              main       -> FETCH_HEAD
2026-10-01T20:45:06-10:00job:github_sync_all | ↑ [ecosystem] local is ahead of GitHub
2026-10-01T20:45:06-10:00job:github_sync_all | To github.com:RootRecord-Software-Solutions/RootRecord-Ecosystem.git
2026-10-01T20:45:06-10:00job:github_sync_all | 968292e4..5f888532  HEAD -> main
2026-10-01T20:45:06-10:00job:github_sync_all | branch 'main' set up to track 'origin/main'.
2026-10-01T20:45:06-10:00job:github_sync_all | ↑ [ecosystem] 6 files → RootRecord-Software-Solutions/RootRecord-Ecosystem (main)
2026-10-01T20:45:06-10:00job:github_sync_all | ↑ [pacific] committed 1 local file(s)
2026-10-01T20:45:06-10:00job:github_sync_all | ↓ [pacific] fetching origin/main
2026-10-01T20:45:06-10:00job:github_sync_all | From github.com:RootRecord-Software-Solutions/RootRecord-Pacific-Solar-Server
2026-10-01T20:45:06-10:00job:github_sync_all | * branch            main       -> FETCH_HEAD
2026-10-01T20:45:06-10:00job:github_sync_all | ↑ [pacific] local is ahead of GitHub
2026-10-01T20:45:06-10:00job:github_sync_all | To github.com:RootRecord-Software-Solutions/RootRecord-Pacific-Solar-Server.git
2026-10-01T20:45:06-10:00job:github_sync_all | 3b9c459..218008f  HEAD -> main
2026-10-01T20:45:06-10:00job:github_sync_all | branch 'main' set up to track 'origin/main'.
2026-10-01T20:45:06-10:00job:github_sync_all | ↑ [pacific] 1 files → RootRecord-Software-Solutions/RootRecord-Pacific-Solar-Server (main)
2026-10-01T20:45:06-10:00job:github_sync_all | ↑ [database] committed 15 local file(s)
2026-10-01T20:45:06-10:00job:github_sync_all | ↓ [database] fetching origin/main
2026-10-01T20:45:06-10:00job:github_sync_all | From github.com:RootRecord-Software-Solutions/RootRecord-Database
2026-10-01T20:45:06-10:00job:github_sync_all | * branch              main       -> FETCH_HEAD
2026-10-01T20:45:06-10:00job:github_sync_all | ↑ [database] local is ahead of GitHub
2026-10-01T20:45:06-10:00job:github_sync_all | To github.com:RootRecord-Software-Solutions/RootRecord-Database.git
2026-10-01T20:45:06-10:00job:github_sync_all | bf3a467e..ab52259a  HEAD -> main
2026-10-01T20:45:06-10:00job:github_sync_all | branch 'main' set up to track 'origin/main'.
2026-10-01T20:45:06-10:00job:github_sync_all | ↑ [database] 15 files → RootRecord-Software-Solutions/RootRecord-Database (main)
2026-10-01T20:45:06-10:00job:github_sync_all | — [library] no local changes
2026-10-01T20:45:06-10:00job:github_sync_all | ↓ [library] fetching origin/main
2026-10-01T20:45:06-10:00job:github_sync_all | From github.com:RootRecord-Software-Solutions/RootRecord-Library
2026-10-01T20:45:06-10:00job:github_sync_all | * branch            main       -> FETCH_HEAD
2026-10-01T20:45:06-10:00job:github_sync_all | — [library] local and GitHub already match
2026-10-01T20:45:06-10:00job:github_sync_all | — [library] nothing to push
2026-10-01T20:45:06-10:00job:github_sync_all | — [website] no local changes
2026-10-01T20:45:06-10:00job:github_sync_all | ↓ [website] fetching origin/main
2026-10-01T20:45:06-10:00job:github_sync_all | From github.com:RootRecord-Software-Solutions/RootRecord-Website
2026-10-01T20:45:06-10:00job:github_sync_all | * branch            main       -> FETCH_HEAD
2026-10-01T20:45:06-10:00job:github_sync_all | — [website] local and GitHub already match
2026-10-01T20:45:06-10:00job:github_sync_all | — [website] nothing to push
2026-10-01T20:45:06-10:00job:github_sync_all | — [website-personal] no local changes
2026-10-01T20:45:06-10:00job:security_camera_frame_grab RUN  bash "/home/rootrecord/RootRecord-Ecosystem/1 - Servers/1 - RootRecord-Pacific-Solar-Server/Security/Cameras/grab_all.sh"
2026-10-01T20:45:23-10:00job:security_camera_frame_grab | 20:45:06  📷  a-eyes  ch1 → ch1-20261002T064506Z.jpg  (295.9 KB, 4.23s)
2026-10-01T20:45:23-10:00job:security_camera_frame_grab | 20:45:10  📷  a-eyes  ch2 → ch2-20261002T064510Z.jpg  (311.2 KB, 4.36s)
2026-10-01T20:45:23-10:00job:security_camera_frame_grab | 20:45:14  📷  a-eyes  ch3 → ch3-20261002T064514Z.jpg  (328.6 KB, 4.38s)
2026-10-01T20:45:23-10:00job:security_camera_frame_grab | 20:45:19  📷  a-eyes  ch4 → ch4-20261002T064519Z.jpg  (209.9 KB, 4.33s)
2026-10-01T20:45:23-10:00job:service_supervisor RUN  bash "/home/rootrecord/RootRecord-Ecosystem/1 - Servers/1 - RootRecord-Pacific-Solar-Server/Automations/scripts/supervise-services.sh"
2026-10-01T20:45:23-10:00job:service_supervisor | [supervisor] weather alive pid=1988833 (act)
2026-10-01T20:45:23-10:00job:service_supervisor | [supervisor] relay alive pid=1988054 (act)
2026-10-01T20:45:23-10:00job:geology_collect RUN  nice -n 10 python3 "/home/rootrecord/RootRecord-Ecosystem/1 - Servers/1 - RootRecord-Pacific-Solar-Server/Geology/scripts/geology_collect.py" all
2026-10-01T20:45:31-10:00job:geology_collect | {"ok": true, "at": "2026-10-01T20:45:24-10:00", "what": "all", "dry_run": false, "sources": {"hawaii": {"ok": true, "count": 54, "new": 0, "new_m2": 0, "ms": 680}, "global": {"ok": true, "count": 30, "new": 0, "ms": 292}, "hvo_notices": {"ok": true, "count": 47, "new": 0, "ms": 5205}, "hvo_status": {"ok": true, "volcanoes": 8, "kilauea": "WATCH", "mauna_loa": "NORMAL", "ms": 1559}}}
2026-10-01T20:45:31-10:00job:system_net_sample RUN  nice -n 10 python3 "/home/rootrecord/RootRecord-Ecosystem/1 - Servers/1 - RootRecord-Pacific-Solar-Server/System/scripts/host_desks.py" net-sample
2026-10-01T20:45:31-10:00job:system_net_sample | {"ok": true, "file": "/home/rootrecord/RootRecord-Ecosystem/2 - RootRecord-Database/System/network/Daily/net-20261001.jsonl", "iface": "wlo1", "hour": {"seconds": 3917, "rx": 778993659, "tx": 103682881, "total": 882676540, "iface": "wlo1", "link": "wireless"}, "day": {"seconds": 86461, "rx": 7243612106, "tx": 10308597518, "total": 17552209624, "iface": "wlo1", "link": "wireless"}}
2026-10-01T20:45:32-10:00job:discord_report_relay RUN  nice -n 10 python3 "/home/rootrecord/RootRecord-Ecosystem/1 - Servers/1 - RootRecord-Pacific-Solar-Server/Communications/Discord/scripts/report_relay.py"
2026-10-01T20:45:32-10:00job:discord_report_relay | same
2026-10-01T20:45:32-10:00job:voice_nws_weather RUN  nice -n 10 python3 "/home/rootrecord/RootRecord-Ecosystem/1 - Servers/1 - RootRecord-Pacific-Solar-Server/Media/Voice/scripts/voice_reports.py" nws_weather
2026-10-01T20:46:12-10:00job:voice_nws_weather | {"ok": true, "report": "nws_weather", "md": "/home/rootrecord/RootRecord-Ecosystem/test-reports/Voice/nws_weather_current.md", "sentences": 7, "voice": {"ok": true, "mode": "stitch", "report": "nws_weather", "agent": "ava", "voice": "af_heart", "speed": 1.0, "wav": "/home/rootrecord/RootRecord-Ecosystem/2 - RootRecord-Database/Media/Audio/Voice/nws_weather_current.wav", "clips_used": 0, "live_sentences": 17, "model_loaded": true, "render_s": 25.68, "sample_rate": 24000, "channels": 1, "subtype": "PCM_16", "duration_s": 43.486, "peak_dbfs": -1.5, "rms_dbfs": -20.47, "lead_silence_ms": 113, "qc": "PASS", "wall_s": 25.85, "peak_rss_mb": 1900, "rc": 0}, "deliver": {"ok": true, "sent": true, "persona": "ava", "chat": "-1004367256267", "message_id": 2422, "transcript": false, "report": true, "photo": false, "plan": {"voice": true, "transcript": false, "report": true}}, "radio": {"ok": true, "report": "nws_weather", "file": "nws_weather_current.ogg", "bytes": 315822}}
2026-10-01T20:46:13-10:00ENERGY  status=live  B2=88.7%  B1=100.0%  solar=0 W  ac=61 W  usbc=0 W  src=/home/rootrecord/RootRecord-Ecosystem/2 - RootRecord-Database/Energy  LAP=99%/Charging/AC
2026-10-01T20:46:23-10:00  ✗  ecoflow_read_cycle  WAITING
2026-10-01T20:46:23-10:00job:sys_stats_cycle RUN  bash "/home/rootrecord/RootRecord-Ecosystem/1 - Servers/1 - RootRecord-Pacific-Solar-Server/System/scripts/sys-sample.sh"
2026-10-01T20:46:25-10:00job:sys_stats_cycle | SYSTEM  cpu=23%  load=2.75  mem=77%  src=sqlite
2026-10-01T20:46:25-10:00job:sys_stats_cycle | OK wrote /home/rootrecord/RootRecord-Ecosystem/2 - RootRecord-Database/System/samples/sys-20261001-204624.json
2026-10-01T20:47:25-10:00job:github_sync_all | ↑ [ecosystem] committed 21 local file(s)
2026-10-01T20:47:25-10:00job:github_sync_all | ↓ [ecosystem] fetching origin/main
2026-10-01T20:47:25-10:00job:github_sync_all | From github.com:RootRecord-Software-Solutions/RootRecord-Ecosystem
2026-10-01T20:47:25-10:00job:github_sync_all | * branch              main       -> FETCH_HEAD
2026-10-01T20:47:25-10:00job:github_sync_all | ↑ [ecosystem] local is ahead of GitHub
2026-10-01T20:47:25-10:00job:github_sync_all | To github.com:RootRecord-Software-Solutions/RootRecord-Ecosystem.git
2026-10-01T20:47:25-10:00job:github_sync_all | 5f888532..989cebc0  HEAD -> main
2026-10-01T20:47:25-10:00job:github_sync_all | branch 'main' set up to track 'origin/main'.
2026-10-01T20:47:25-10:00job:github_sync_all | ↑ [ecosystem] 21 files → RootRecord-Software-Solutions/RootRecord-Ecosystem (main)
2026-10-01T20:47:25-10:00job:github_sync_all | ↑ [pacific] committed 1 local file(s)
2026-10-01T20:47:25-10:00job:github_sync_all | ↓ [pacific] fetching origin/main
2026-10-01T20:47:25-10:00job:github_sync_all | From github.com:RootRecord-Software-Solutions/RootRecord-Pacific-Solar-Server
2026-10-01T20:47:25-10:00job:github_sync_all | * branch            main       -> FETCH_HEAD
2026-10-01T20:47:25-10:00job:github_sync_all | ↑ [pacific] local is ahead of GitHub
2026-10-01T20:47:25-10:00job:github_sync_all | To github.com:RootRecord-Software-Solutions/RootRecord-Pacific-Solar-Server.git
2026-10-01T20:47:25-10:00job:github_sync_all | 218008f..5bf7d75  HEAD -> main
2026-10-01T20:47:25-10:00job:github_sync_all | branch 'main' set up to track 'origin/main'.
2026-10-01T20:47:25-10:00job:github_sync_all | ↑ [pacific] 1 files → RootRecord-Software-Solutions/RootRecord-Pacific-Solar-Server (main)
2026-10-01T20:47:25-10:00job:github_sync_all | ↑ [database] committed 24 local file(s)
2026-10-01T20:47:25-10:00job:github_sync_all | ↓ [database] fetching origin/main
2026-10-01T20:47:25-10:00job:github_sync_all | From github.com:RootRecord-Software-Solutions/RootRecord-Database
2026-10-01T20:47:25-10:00job:github_sync_all | * branch              main       -> FETCH_HEAD
2026-10-01T20:47:25-10:00job:github_sync_all | ↑ [database] local is ahead of GitHub
2026-10-01T20:47:25-10:00job:github_sync_all | To github.com:RootRecord-Software-Solutions/RootRecord-Database.git
2026-10-01T20:47:25-10:00job:github_sync_all | ab52259a..c0cb0c4a  HEAD -> main
2026-10-01T20:47:25-10:00job:github_sync_all | branch 'main' set up to track 'origin/main'.
2026-10-01T20:47:25-10:00job:github_sync_all | ↑ [database] 24 files → RootRecord-Software-Solutions/RootRecord-Database (main)
2026-10-01T20:47:25-10:00job:github_sync_all | — [library] no local changes
2026-10-01T20:47:25-10:00job:github_sync_all | ↓ [library] fetching origin/main
2026-10-01T20:47:25-10:00job:github_sync_all | From github.com:RootRecord-Software-Solutions/RootRecord-Library
2026-10-01T20:47:25-10:00job:github_sync_all | * branch            main       -> FETCH_HEAD
2026-10-01T20:47:25-10:00job:github_sync_all | — [library] local and GitHub already match
2026-10-01T20:47:25-10:00job:github_sync_all | — [library] nothing to push
2026-10-01T20:47:25-10:00job:github_sync_all | — [website] no local changes
2026-10-01T20:47:25-10:00job:github_sync_all | ↓ [website] fetching origin/main
2026-10-01T20:47:25-10:00job:github_sync_all | From github.com:RootRecord-Software-Solutions/RootRecord-Website
2026-10-01T20:47:25-10:00job:github_sync_all | * branch            main       -> FETCH_HEAD
2026-10-01T20:47:25-10:00job:github_sync_all | — [website] local and GitHub already match
2026-10-01T20:47:25-10:00job:github_sync_all | — [website] nothing to push
2026-10-01T20:47:25-10:00job:github_sync_all | — [website-personal] no local changes
2026-10-01T20:47:25-10:00job:worklog_scan RUN  bash "/home/rootrecord/RootRecord-Ecosystem/1 - Servers/1 - RootRecord-Pacific-Solar-Server/Reports/scripts/worklog_once.sh"
2026-10-01T20:50:25-10:00job:worklog_scan TIMEOUT after 180s
2026-10-01T20:50:25-10:00job:security_camera_frame_grab RUN  bash "/home/rootrecord/RootRecord-Ecosystem/1 - Servers/1 - RootRecord-Pacific-Solar-Server/Security/Cameras/grab_all.sh"
2026-10-01T20:50:42-10:00job:security_camera_frame_grab | 20:50:25  📷  a-eyes  ch1 → ch1-20261002T065025Z.jpg  (296.2 KB, 4.34s)
2026-10-01T20:50:42-10:00job:security_camera_frame_grab | 20:50:29  📷  a-eyes  ch2 → ch2-20261002T065029Z.jpg  (312.8 KB, 4.37s)
2026-10-01T20:50:42-10:00job:security_camera_frame_grab | 20:50:34  📷  a-eyes  ch3 → ch3-20261002T065034Z.jpg  (329.0 KB, 4.17s)
2026-10-01T20:50:42-10:00job:security_camera_frame_grab | 20:50:38  📷  a-eyes  ch4 → ch4-20261002T065038Z.jpg  (214.7 KB, 4.35s)
2026-10-01T20:50:42-10:00job:status_snapshot RUN  nice -n 10 python3 "/home/rootrecord/RootRecord-Ecosystem/1 - Servers/1 - RootRecord-Pacific-Solar-Server/Website/scripts/live_data_pages.py"
2026-10-01T20:50:43-10:00job:status_snapshot | live-data 6 pages
2026-10-01T20:50:43-10:00ENERGY  status=live  B2=88.7%  B1=100.0%  solar=0 W  ac=61 W  usbc=0 W  src=/home/rootrecord/RootRecord-Ecosystem/2 - RootRecord-Database/Energy  LAP=100%/Full/AC
2026-10-01T20:50:43-10:00  ▸  ecoflow_read_cycle OK
2026-10-01T20:50:43-10:00job:sys_stats_cycle RUN  bash "/home/rootrecord/RootRecord-Ecosystem/1 - Servers/1 - RootRecord-Pacific-Solar-Server/System/scripts/sys-sample.sh"
2026-10-01T20:50:45-10:00job:sys_stats_cycle | SYSTEM  cpu=7%  load=1.37  mem=76%  src=sqlite
2026-10-01T20:50:45-10:00job:sys_stats_cycle | OK wrote /home/rootrecord/RootRecord-Ecosystem/2 - RootRecord-Database/System/samples/sys-20261001-205044.json
2026-10-01T20:51:48-10:00job:github_sync_all | ↑ [ecosystem] committed 6 local file(s)
2026-10-01T20:51:48-10:00job:github_sync_all | ↓ [ecosystem] fetching origin/main
2026-10-01T20:51:48-10:00job:github_sync_all | From github.com:RootRecord-Software-Solutions/RootRecord-Ecosystem
2026-10-01T20:51:48-10:00job:github_sync_all | * branch              main       -> FETCH_HEAD
2026-10-01T20:51:48-10:00job:github_sync_all | ↑ [ecosystem] local is ahead of GitHub
2026-10-01T20:51:48-10:00job:github_sync_all | To github.com:RootRecord-Software-Solutions/RootRecord-Ecosystem.git
2026-10-01T20:51:48-10:00job:github_sync_all | 989cebc0..08ae45a3  HEAD -> main
2026-10-01T20:51:48-10:00job:github_sync_all | branch 'main' set up to track 'origin/main'.
2026-10-01T20:51:48-10:00job:github_sync_all | ↑ [ecosystem] 6 files → RootRecord-Software-Solutions/RootRecord-Ecosystem (main)
2026-10-01T20:51:48-10:00job:github_sync_all | ↑ [pacific] committed 1 local file(s)
2026-10-01T20:51:48-10:00job:github_sync_all | ↓ [pacific] fetching origin/main
2026-10-01T20:51:48-10:00job:github_sync_all | From github.com:RootRecord-Software-Solutions/RootRecord-Pacific-Solar-Server
2026-10-01T20:51:48-10:00job:github_sync_all | * branch            main       -> FETCH_HEAD
2026-10-01T20:51:48-10:00job:github_sync_all | ↑ [pacific] local is ahead of GitHub
2026-10-01T20:51:48-10:00job:github_sync_all | To github.com:RootRecord-Software-Solutions/RootRecord-Pacific-Solar-Server.git
2026-10-01T20:51:48-10:00job:github_sync_all | 5bf7d75..8f02a65  HEAD -> main
2026-10-01T20:51:48-10:00job:github_sync_all | branch 'main' set up to track 'origin/main'.
2026-10-01T20:51:48-10:00job:github_sync_all | ↑ [pacific] 1 files → RootRecord-Software-Solutions/RootRecord-Pacific-Solar-Server (main)
2026-10-01T20:51:48-10:00job:github_sync_all | ↑ [database] committed 15 local file(s)
2026-10-01T20:51:48-10:00job:github_sync_all | ↓ [database] fetching origin/main
2026-10-01T20:51:48-10:00job:github_sync_all | From github.com:RootRecord-Software-Solutions/RootRecord-Database
2026-10-01T20:51:48-10:00job:github_sync_all | * branch              main       -> FETCH_HEAD
2026-10-01T20:51:48-10:00job:github_sync_all | ↑ [database] local is ahead of GitHub
2026-10-01T20:51:48-10:00job:github_sync_all | To github.com:RootRecord-Software-Solutions/RootRecord-Database.git
2026-10-01T20:51:48-10:00job:github_sync_all | c0cb0c4a..a9515e74  HEAD -> main
2026-10-01T20:51:48-10:00job:github_sync_all | branch 'main' set up to track 'origin/main'.
2026-10-01T20:51:48-10:00job:github_sync_all | ↑ [database] 15 files → RootRecord-Software-Solutions/RootRecord-Database (main)
2026-10-01T20:51:48-10:00job:github_sync_all | — [library] no local changes
2026-10-01T20:51:48-10:00job:github_sync_all | ↓ [library] fetching origin/main
2026-10-01T20:51:48-10:00job:github_sync_all | From github.com:RootRecord-Software-Solutions/RootRecord-Library
2026-10-01T20:51:48-10:00job:github_sync_all | * branch            main       -> FETCH_HEAD
2026-10-01T20:51:48-10:00job:github_sync_all | — [library] local and GitHub already match
2026-10-01T20:51:48-10:00job:github_sync_all | — [library] nothing to push
2026-10-01T20:51:48-10:00job:github_sync_all | — [website] no local changes
2026-10-01T20:51:48-10:00job:github_sync_all | ↓ [website] fetching origin/main
2026-10-01T20:51:48-10:00job:github_sync_all | From github.com:RootRecord-Software-Solutions/RootRecord-Website
2026-10-01T20:51:48-10:00job:github_sync_all | * branch            main       -> FETCH_HEAD
2026-10-01T20:51:48-10:00job:github_sync_all | — [website] local and GitHub already match
2026-10-01T20:51:48-10:00job:github_sync_all | — [website] nothing to push
2026-10-01T20:51:48-10:00job:github_sync_all | — [website-personal] no local changes
2026-10-01T20:51:48-10:00job:service_supervisor RUN  bash "/home/rootrecord/RootRecord-Ecosystem/1 - Servers/1 - RootRecord-Pacific-Solar-Server/Automations/scripts/supervise-services.sh"
2026-10-01T20:51:48-10:00job:service_supervisor | [supervisor] weather alive pid=1988833 (act)
2026-10-01T20:51:48-10:00job:service_supervisor | [supervisor] relay alive pid=1988054 (act)
2026-10-01T20:51:48-10:00job:geology_collect RUN  nice -n 10 python3 "/home/rootrecord/RootRecord-Ecosystem/1 - Servers/1 - RootRecord-Pacific-Solar-Server/Geology/scripts/geology_collect.py" all
2026-10-01T20:51:51-10:00job:geology_collect | {"ok": true, "at": "2026-10-01T20:51:48-10:00", "what": "all", "dry_run": false, "sources": {"hawaii": {"ok": true, "count": 52, "new": 0, "new_m2": 0, "ms": 1004}, "global": {"ok": true, "count": 30, "new": 0, "ms": 144}, "hvo_notices": {"ok": true, "count": 47, "new": 0, "ms": 688}, "hvo_status": {"ok": true, "volcanoes": 8, "kilauea": "WATCH", "mauna_loa": "NORMAL", "ms": 526}}}
2026-10-01T20:51:51-10:00job:system_net_sample RUN  nice -n 10 python3 "/home/rootrecord/RootRecord-Ecosystem/1 - Servers/1 - RootRecord-Pacific-Solar-Server/System/scripts/host_desks.py" net-sample
2026-10-01T20:51:51-10:00job:system_net_sample | {"ok": true, "file": "/home/rootrecord/RootRecord-Ecosystem/2 - RootRecord-Database/System/network/Daily/net-20261001.jsonl", "iface": "wlo1", "hour": {"seconds": 3806, "rx": 765312329, "tx": 422159664, "total": 1187471993, "iface": "wlo1", "link": "wireless"}, "day": {"seconds": 86453, "rx": 7281906438, "tx": 10631907086, "total": 17913813524, "iface": "wlo1", "link": "wireless"}}
2026-10-01T20:51:51-10:00job:discord_report_relay RUN  nice -n 10 python3 "/home/rootrecord/RootRecord-Ecosystem/1 - Servers/1 - RootRecord-Pacific-Solar-Server/Communications/Discord/scripts/report_relay.py"
2026-10-01T20:51:51-10:00job:discord_report_relay | same
2026-10-01T20:51:51-10:00ENERGY  status=live  B2=88.7%  B1=100.0%  solar=0 W  ac=61 W  usbc=0 W  src=/home/rootrecord/RootRecord-Ecosystem/2 - RootRecord-Database/Energy  LAP=100%/Full/AC
2026-10-01T20:51:51-10:00  ▸  ecoflow_read_cycle OK
2026-10-01T20:51:51-10:00job:sys_stats_cycle RUN  bash "/home/rootrecord/RootRecord-Ecosystem/1 - Servers/1 - RootRecord-Pacific-Solar-Server/System/scripts/sys-sample.sh"
2026-10-01T20:51:53-10:00job:sys_stats_cycle | SYSTEM  cpu=4%  load=1.75  mem=76%  src=sqlite
2026-10-01T20:51:53-10:00job:sys_stats_cycle | OK wrote /home/rootrecord/RootRecord-Ecosystem/2 - RootRecord-Database/System/samples/sys-20261001-205152.json
2026-10-01T20:51:53-10:00job:security_camera_frame_grab RUN  bash "/home/rootrecord/RootRecord-Ecosystem/1 - Servers/1 - RootRecord-Pacific-Solar-Server/Security/Cameras/grab_all.sh"
2026-10-01T20:52:10-10:00job:security_camera_frame_grab | 20:51:53  📷  a-eyes  ch1 → ch1-20261002T065153Z.jpg  (295.2 KB, 4.29s)
2026-10-01T20:52:10-10:00job:security_camera_frame_grab | 20:51:57  📷  a-eyes  ch2 → ch2-20261002T065157Z.jpg  (312.1 KB, 4.15s)
2026-10-01T20:52:10-10:00job:security_camera_frame_grab | 20:52:02  📷  a-eyes  ch3 → ch3-20261002T065202Z.jpg  (329.2 KB, 4.22s)
2026-10-01T20:52:10-10:00job:security_camera_frame_grab | 20:52:06  📷  a-eyes  ch4 → ch4-20261002T065206Z.jpg  (207.2 KB, 4.47s)
2026-10-01T20:52:10-10:00job:status_snapshot RUN  nice -n 10 python3 "/home/rootrecord/RootRecord-Ecosystem/1 - Servers/1 - RootRecord-Pacific-Solar-Server/Website/scripts/live_data_pages.py"
2026-10-01T20:52:10-10:00job:status_snapshot | live-data 6 pages
2026-10-01T20:52:11-10:00  ▸  ecoflow_read_cycle OK
2026-10-01T20:52:11-10:00job:sys_stats_cycle RUN  bash "/home/rootrecord/RootRecord-Ecosystem/1 - Servers/1 - RootRecord-Pacific-Solar-Server/System/scripts/sys-sample.sh"
2026-10-01T20:52:12-10:00job:sys_stats_cycle | SYSTEM  cpu=6%  load=1.32  mem=76%  src=sqlite
2026-10-01T20:52:12-10:00job:sys_stats_cycle | OK wrote /home/rootrecord/RootRecord-Ecosystem/2 - RootRecord-Database/System/samples/sys-20261001-205211.json
2026-10-01T20:53:19-10:00job:github_sync_all | ↑ [ecosystem] committed 15 local file(s)
2026-10-01T20:53:19-10:00job:github_sync_all | ↓ [ecosystem] fetching origin/main
2026-10-01T20:53:19-10:00job:github_sync_all | From github.com:RootRecord-Software-Solutions/RootRecord-Ecosystem
2026-10-01T20:53:19-10:00job:github_sync_all | * branch              main       -> FETCH_HEAD
2026-10-01T20:53:19-10:00job:github_sync_all | ↑ [ecosystem] local is ahead of GitHub
2026-10-01T20:53:19-10:00job:github_sync_all | To github.com:RootRecord-Software-Solutions/RootRecord-Ecosystem.git
2026-10-01T20:53:19-10:00job:github_sync_all | 08ae45a3..8b09e439  HEAD -> main
2026-10-01T20:53:19-10:00job:github_sync_all | branch 'main' set up to track 'origin/main'.
2026-10-01T20:53:19-10:00job:github_sync_all | ↑ [ecosystem] 15 files → RootRecord-Software-Solutions/RootRecord-Ecosystem (main)
2026-10-01T20:53:19-10:00job:github_sync_all | ↑ [pacific] committed 3 local file(s)
2026-10-01T20:53:19-10:00job:github_sync_all | ↓ [pacific] fetching origin/main
2026-10-01T20:53:19-10:00job:github_sync_all | From github.com:RootRecord-Software-Solutions/RootRecord-Pacific-Solar-Server
2026-10-01T20:53:19-10:00job:github_sync_all | * branch            main       -> FETCH_HEAD
2026-10-01T20:53:19-10:00job:github_sync_all | ↑ [pacific] local is ahead of GitHub
2026-10-01T20:53:19-10:00job:github_sync_all | To github.com:RootRecord-Software-Solutions/RootRecord-Pacific-Solar-Server.git
2026-10-01T20:53:19-10:00job:github_sync_all | 8f02a65..74e9e4c  HEAD -> main
2026-10-01T20:53:19-10:00job:github_sync_all | branch 'main' set up to track 'origin/main'.
2026-10-01T20:53:19-10:00job:github_sync_all | ↑ [pacific] 3 files → RootRecord-Software-Solutions/RootRecord-Pacific-Solar-Server (main)
2026-10-01T20:53:19-10:00job:github_sync_all | ↑ [database] committed 22 local file(s)
2026-10-01T20:53:19-10:00job:github_sync_all | ↓ [database] fetching origin/main
2026-10-01T20:53:19-10:00job:github_sync_all | From github.com:RootRecord-Software-Solutions/RootRecord-Database
2026-10-01T20:53:19-10:00job:github_sync_all | * branch              main       -> FETCH_HEAD
2026-10-01T20:53:19-10:00job:github_sync_all | ↑ [database] local is ahead of GitHub
2026-10-01T20:53:19-10:00job:github_sync_all | To github.com:RootRecord-Software-Solutions/RootRecord-Database.git
2026-10-01T20:53:19-10:00job:github_sync_all | a9515e74..e20a2792  HEAD -> main
2026-10-01T20:53:19-10:00job:github_sync_all | branch 'main' set up to track 'origin/main'.
2026-10-01T20:53:19-10:00job:github_sync_all | ↑ [database] 22 files → RootRecord-Software-Solutions/RootRecord-Database (main)
2026-10-01T20:53:19-10:00job:github_sync_all | — [library] no local changes
2026-10-01T20:53:19-10:00job:github_sync_all | ↓ [library] fetching origin/main
2026-10-01T20:53:19-10:00job:github_sync_all | From github.com:RootRecord-Software-Solutions/RootRecord-Library
2026-10-01T20:53:19-10:00job:github_sync_all | * branch            main       -> FETCH_HEAD
2026-10-01T20:53:19-10:00job:github_sync_all | — [library] local and GitHub already match
2026-10-01T20:53:19-10:00job:github_sync_all | — [library] nothing to push
2026-10-01T20:53:19-10:00job:github_sync_all | ↑ [website] committed 2 local file(s)
2026-10-01T20:53:19-10:00job:github_sync_all | ↓ [website] fetching origin/main
2026-10-01T20:53:19-10:00job:github_sync_all | From github.com:RootRecord-Software-Solutions/RootRecord-Website
2026-10-01T20:53:19-10:00job:github_sync_all | * branch            main       -> FETCH_HEAD
2026-10-01T20:53:19-10:00job:github_sync_all | ↑ [website] local is ahead of GitHub
2026-10-01T20:53:19-10:00job:github_sync_all | To github.com:RootRecord-Software-Solutions/RootRecord-Website.git
2026-10-01T20:53:19-10:00job:github_sync_all | de0fae7..62b2a18  HEAD -> main
2026-10-01T20:53:19-10:00job:worklog_scan RUN  bash "/home/rootrecord/RootRecord-Ecosystem/1 - Servers/1 - RootRecord-Pacific-Solar-Server/Reports/scripts/worklog_once.sh"
2026-10-01T20:56:19-10:00job:worklog_scan TIMEOUT after 180s
2026-10-01T20:56:19-10:00ENERGY  status=live  B2=88.7%  B1=100.0%  solar=0 W  ac=61 W  usbc=0 W  src=/home/rootrecord/RootRecord-Ecosystem/2 - RootRecord-Database/Energy  LAP=100%/Full/AC
2026-10-01T20:56:30-10:00  ✗  ecoflow_read_cycle  WAITING
2026-10-01T20:56:30-10:00job:sys_stats_cycle RUN  bash "/home/rootrecord/RootRecord-Ecosystem/1 - Servers/1 - RootRecord-Pacific-Solar-Server/System/scripts/sys-sample.sh"
2026-10-01T20:56:32-10:00job:sys_stats_cycle | SYSTEM  cpu=30%  load=4.54  mem=75%  src=sqlite
2026-10-01T20:56:32-10:00job:sys_stats_cycle | OK wrote /home/rootrecord/RootRecord-Ecosystem/2 - RootRecord-Database/System/samples/sys-20261001-205630.json
2026-10-01T20:57:27-10:00job:github_sync_all | ↑ [ecosystem] committed 6 local file(s)
2026-10-01T20:57:27-10:00job:github_sync_all | ↓ [ecosystem] fetching origin/main
2026-10-01T20:57:27-10:00job:github_sync_all | From github.com:RootRecord-Software-Solutions/RootRecord-Ecosystem
2026-10-01T20:57:27-10:00job:github_sync_all | * branch              main       -> FETCH_HEAD
2026-10-01T20:57:27-10:00job:github_sync_all | ↑ [ecosystem] local is ahead of GitHub
2026-10-01T20:57:27-10:00job:github_sync_all | To github.com:RootRecord-Software-Solutions/RootRecord-Ecosystem.git
2026-10-01T20:57:27-10:00job:github_sync_all | 8b09e439..add1af29  HEAD -> main
2026-10-01T20:57:27-10:00job:github_sync_all | branch 'main' set up to track 'origin/main'.
2026-10-01T20:57:27-10:00job:github_sync_all | ↑ [ecosystem] 6 files → RootRecord-Software-Solutions/RootRecord-Ecosystem (main)
2026-10-01T20:57:27-10:00job:github_sync_all | ↑ [pacific] committed 1 local file(s)
2026-10-01T20:57:27-10:00job:github_sync_all | ↓ [pacific] fetching origin/main
2026-10-01T20:57:27-10:00job:github_sync_all | From github.com:RootRecord-Software-Solutions/RootRecord-Pacific-Solar-Server
2026-10-01T20:57:27-10:00job:github_sync_all | * branch            main       -> FETCH_HEAD
2026-10-01T20:57:27-10:00job:github_sync_all | ↑ [pacific] local is ahead of GitHub
2026-10-01T20:57:27-10:00job:github_sync_all | To github.com:RootRecord-Software-Solutions/RootRecord-Pacific-Solar-Server.git
2026-10-01T20:57:27-10:00job:github_sync_all | 74e9e4c..b346143  HEAD -> main
2026-10-01T20:57:27-10:00job:github_sync_all | branch 'main' set up to track 'origin/main'.
2026-10-01T20:57:27-10:00job:github_sync_all | ↑ [pacific] 1 files → RootRecord-Software-Solutions/RootRecord-Pacific-Solar-Server (main)
2026-10-01T20:57:27-10:00job:github_sync_all | ↑ [database] committed 15 local file(s)
2026-10-01T20:57:27-10:00job:github_sync_all | ↓ [database] fetching origin/main
2026-10-01T20:57:27-10:00job:github_sync_all | From github.com:RootRecord-Software-Solutions/RootRecord-Database
2026-10-01T20:57:27-10:00job:github_sync_all | * branch              main       -> FETCH_HEAD
2026-10-01T20:57:27-10:00job:github_sync_all | ↑ [database] local is ahead of GitHub
2026-10-01T20:57:27-10:00job:github_sync_all | To github.com:RootRecord-Software-Solutions/RootRecord-Database.git
2026-10-01T20:57:27-10:00job:github_sync_all | e20a2792..f95d56b2  HEAD -> main
2026-10-01T20:57:27-10:00job:github_sync_all | branch 'main' set up to track 'origin/main'.
2026-10-01T20:57:27-10:00job:github_sync_all | ↑ [database] 15 files → RootRecord-Software-Solutions/RootRecord-Database (main)
2026-10-01T20:57:27-10:00job:github_sync_all | — [library] no local changes
2026-10-01T20:57:27-10:00job:github_sync_all | ↓ [library] fetching origin/main
2026-10-01T20:57:27-10:00job:github_sync_all | From github.com:RootRecord-Software-Solutions/RootRecord-Library
2026-10-01T20:57:27-10:00job:github_sync_all | * branch            main       -> FETCH_HEAD
2026-10-01T20:57:27-10:00job:github_sync_all | — [library] local and GitHub already match
2026-10-01T20:57:27-10:00job:github_sync_all | — [library] nothing to push
2026-10-01T20:57:27-10:00job:github_sync_all | — [website] no local changes
2026-10-01T20:57:27-10:00job:github_sync_all | ↓ [website] fetching origin/main
2026-10-01T20:57:27-10:00job:github_sync_all | From github.com:RootRecord-Software-Solutions/RootRecord-Website
2026-10-01T20:57:27-10:00job:github_sync_all | * branch            main       -> FETCH_HEAD
2026-10-01T20:57:27-10:00job:github_sync_all | — [website] local and GitHub already match
2026-10-01T20:57:27-10:00job:github_sync_all | — [website] nothing to push
2026-10-01T20:57:27-10:00job:github_sync_all | — [website-personal] no local changes
2026-10-01T20:57:27-10:00job:security_camera_frame_grab RUN  bash "/home/rootrecord/RootRecord-Ecosystem/1 - Servers/1 - RootRecord-Pacific-Solar-Server/Security/Cameras/grab_all.sh"
2026-10-01T20:57:44-10:00job:security_camera_frame_grab | 20:57:27  📷  a-eyes  ch1 → ch1-20261002T065727Z.jpg  (296.3 KB, 4.23s)
2026-10-01T20:57:44-10:00job:security_camera_frame_grab | 20:57:31  📷  a-eyes  ch2 → ch2-20261002T065731Z.jpg  (309.0 KB, 4.27s)
2026-10-01T20:57:44-10:00job:security_camera_frame_grab | 20:57:36  📷  a-eyes  ch3 → ch3-20261002T065736Z.jpg  (330.5 KB, 4.28s)
2026-10-01T20:57:44-10:00job:security_camera_frame_grab | 20:57:40  📷  a-eyes  ch4 → ch4-20261002T065740Z.jpg  (205.5 KB, 4.26s)
2026-10-01T20:57:44-10:00job:status_snapshot RUN  nice -n 10 python3 "/home/rootrecord/RootRecord-Ecosystem/1 - Servers/1 - RootRecord-Pacific-Solar-Server/Website/scripts/live_data_pages.py"
2026-10-01T20:57:44-10:00job:status_snapshot | live-data 6 pages
2026-10-01T20:57:45-10:00ENERGY  status=live  B2=88.7%  B1=100.0%  solar=0 W  ac=61 W  usbc=0 W  src=/home/rootrecord/RootRecord-Ecosystem/2 - RootRecord-Database/Energy  LAP=100%/Full/AC
2026-10-01T20:57:45-10:00  ▸  ecoflow_read_cycle OK
2026-10-01T20:57:45-10:00job:sys_stats_cycle RUN  bash "/home/rootrecord/RootRecord-Ecosystem/1 - Servers/1 - RootRecord-Pacific-Solar-Server/System/scripts/sys-sample.sh"
2026-10-01T20:57:46-10:00job:sys_stats_cycle | SYSTEM  cpu=9%  load=3.01  mem=74%  src=sqlite
2026-10-01T20:57:46-10:00job:sys_stats_cycle | OK wrote /home/rootrecord/RootRecord-Ecosystem/2 - RootRecord-Database/System/samples/sys-20261001-205745.json
2026-10-01T20:58:37-10:00job:github_sync_all | ↑ [ecosystem] committed 6 local file(s)
2026-10-01T20:58:37-10:00job:github_sync_all | ↓ [ecosystem] fetching origin/main
2026-10-01T20:58:37-10:00job:github_sync_all | From github.com:RootRecord-Software-Solutions/RootRecord-Ecosystem
2026-10-01T20:58:37-10:00job:github_sync_all | * branch              main       -> FETCH_HEAD
2026-10-01T20:58:37-10:00job:github_sync_all | ↑ [ecosystem] local is ahead of GitHub
2026-10-01T20:58:37-10:00job:github_sync_all | To github.com:RootRecord-Software-Solutions/RootRecord-Ecosystem.git
2026-10-01T20:58:37-10:00job:github_sync_all | add1af29..ae493cd0  HEAD -> main
2026-10-01T20:58:37-10:00job:github_sync_all | branch 'main' set up to track 'origin/main'.
2026-10-01T20:58:37-10:00job:github_sync_all | ↑ [ecosystem] 6 files → RootRecord-Software-Solutions/RootRecord-Ecosystem (main)
2026-10-01T20:58:37-10:00job:github_sync_all | ↑ [pacific] committed 1 local file(s)
2026-10-01T20:58:37-10:00job:github_sync_all | ↓ [pacific] fetching origin/main
2026-10-01T20:58:37-10:00job:github_sync_all | From github.com:RootRecord-Software-Solutions/RootRecord-Pacific-Solar-Server
2026-10-01T20:58:37-10:00job:github_sync_all | * branch            main       -> FETCH_HEAD
2026-10-01T20:58:37-10:00job:github_sync_all | ↑ [pacific] local is ahead of GitHub
2026-10-01T20:58:37-10:00job:github_sync_all | To github.com:RootRecord-Software-Solutions/RootRecord-Pacific-Solar-Server.git
2026-10-01T20:58:37-10:00job:github_sync_all | b346143..2647337  HEAD -> main
2026-10-01T20:58:37-10:00job:github_sync_all | branch 'main' set up to track 'origin/main'.
2026-10-01T20:58:37-10:00job:github_sync_all | ↑ [pacific] 1 files → RootRecord-Software-Solutions/RootRecord-Pacific-Solar-Server (main)
2026-10-01T20:58:37-10:00job:github_sync_all | ↑ [database] committed 14 local file(s)
2026-10-01T20:58:37-10:00job:github_sync_all | ↓ [database] fetching origin/main
2026-10-01T20:58:37-10:00job:github_sync_all | From github.com:RootRecord-Software-Solutions/RootRecord-Database
2026-10-01T20:58:37-10:00job:github_sync_all | * branch              main       -> FETCH_HEAD
2026-10-01T20:58:37-10:00job:github_sync_all | ↑ [database] local is ahead of GitHub
2026-10-01T20:58:37-10:00job:github_sync_all | To github.com:RootRecord-Software-Solutions/RootRecord-Database.git
2026-10-01T20:58:37-10:00job:github_sync_all | f95d56b2..428e4179  HEAD -> main
2026-10-01T20:58:37-10:00job:github_sync_all | branch 'main' set up to track 'origin/main'.
2026-10-01T20:58:37-10:00job:github_sync_all | ↑ [database] 14 files → RootRecord-Software-Solutions/RootRecord-Database (main)
2026-10-01T20:58:37-10:00job:github_sync_all | — [library] no local changes
2026-10-01T20:58:37-10:00job:github_sync_all | ↓ [library] fetching origin/main
2026-10-01T20:58:37-10:00job:github_sync_all | From github.com:RootRecord-Software-Solutions/RootRecord-Library
2026-10-01T20:58:37-10:00job:github_sync_all | * branch            main       -> FETCH_HEAD
2026-10-01T20:58:37-10:00job:github_sync_all | — [library] local and GitHub already match
2026-10-01T20:58:37-10:00job:github_sync_all | — [library] nothing to push
2026-10-01T20:58:37-10:00job:github_sync_all | — [website] no local changes
2026-10-01T20:58:37-10:00job:github_sync_all | ↓ [website] fetching origin/main
2026-10-01T20:58:37-10:00job:github_sync_all | From github.com:RootRecord-Software-Solutions/RootRecord-Website
2026-10-01T20:58:37-10:00job:github_sync_all | * branch            main       -> FETCH_HEAD
2026-10-01T20:58:37-10:00job:github_sync_all | — [website] local and GitHub already match
2026-10-01T20:58:37-10:00job:github_sync_all | — [website] nothing to push
2026-10-01T20:58:37-10:00job:github_sync_all | — [website-personal] no local changes
2026-10-01T20:58:37-10:00job:service_supervisor RUN  bash "/home/rootrecord/RootRecord-Ecosystem/1 - Servers/1 - RootRecord-Pacific-Solar-Server/Automations/scripts/supervise-services.sh"
2026-10-01T20:58:37-10:00job:service_supervisor | [supervisor] weather alive pid=1988833 (act)
2026-10-01T20:58:37-10:00job:service_supervisor | [supervisor] relay alive pid=1988054 (act)
2026-10-01T20:58:37-10:00job:geology_collect RUN  nice -n 10 python3 "/home/rootrecord/RootRecord-Ecosystem/1 - Servers/1 - RootRecord-Pacific-Solar-Server/Geology/scripts/geology_collect.py" all
2026-10-01T20:58:41-10:00job:geology_collect | {"ok": true, "at": "2026-10-01T20:58:37-10:00", "what": "all", "dry_run": false, "sources": {"hawaii": {"ok": true, "count": 52, "new": 0, "new_m2": 0, "ms": 292}, "global": {"ok": true, "count": 30, "new": 0, "ms": 223}, "hvo_notices": {"ok": true, "count": 47, "new": 0, "ms": 2004}, "hvo_status": {"ok": true, "volcanoes": 8, "kilauea": "WATCH", "mauna_loa": "NORMAL", "ms": 1595}}}
2026-10-01T20:58:41-10:00job:system_net_sample RUN  nice -n 10 python3 "/home/rootrecord/RootRecord-Ecosystem/1 - Servers/1 - RootRecord-Pacific-Solar-Server/System/scripts/host_desks.py" net-sample
2026-10-01T20:58:42-10:00job:system_net_sample | {"ok": true, "file": "/home/rootrecord/RootRecord-Ecosystem/2 - RootRecord-Database/System/network/Daily/net-20261001.jsonl", "iface": "wlo1", "hour": {"seconds": 3835, "rx": 4110074633, "tx": 537885259, "total": 4647959892, "iface": "wlo1", "link": "wireless"}, "day": {"seconds": 86489, "rx": 10733717452, "tx": 10749352647, "total": 21483070099, "iface": "wlo1", "link": "wireless"}}
2026-10-01T20:58:42-10:00job:discord_report_relay RUN  nice -n 10 python3 "/home/rootrecord/RootRecord-Ecosystem/1 - Servers/1 - RootRecord-Pacific-Solar-Server/Communications/Discord/scripts/report_relay.py"
2026-10-01T20:58:42-10:00job:discord_report_relay | same
2026-10-01T20:58:42-10:00  ▸  ecoflow_read_cycle OK
2026-10-01T20:58:42-10:00job:sys_stats_cycle RUN  bash "/home/rootrecord/RootRecord-Ecosystem/1 - Servers/1 - RootRecord-Pacific-Solar-Server/System/scripts/sys-sample.sh"
2026-10-01T20:58:44-10:00job:sys_stats_cycle | SYSTEM  cpu=8%  load=1.94  mem=74%  src=sqlite
2026-10-01T20:58:44-10:00job:sys_stats_cycle | OK wrote /home/rootrecord/RootRecord-Ecosystem/2 - RootRecord-Database/System/samples/sys-20261001-205843.json
2026-10-01T20:59:33-10:00job:github_sync_all | ↑ [ecosystem] committed 13 local file(s)
2026-10-01T20:59:33-10:00job:github_sync_all | ↓ [ecosystem] fetching origin/main
2026-10-01T20:59:33-10:00job:github_sync_all | From github.com:RootRecord-Software-Solutions/RootRecord-Ecosystem
2026-10-01T20:59:33-10:00job:github_sync_all | * branch              main       -> FETCH_HEAD
2026-10-01T20:59:33-10:00job:github_sync_all | ↑ [ecosystem] local is ahead of GitHub
2026-10-01T20:59:33-10:00job:github_sync_all | To github.com:RootRecord-Software-Solutions/RootRecord-Ecosystem.git
2026-10-01T20:59:33-10:00job:github_sync_all | ae493cd0..d1ec0302  HEAD -> main
2026-10-01T20:59:33-10:00job:github_sync_all | branch 'main' set up to track 'origin/main'.
2026-10-01T20:59:33-10:00job:github_sync_all | ↑ [ecosystem] 13 files → RootRecord-Software-Solutions/RootRecord-Ecosystem (main)
2026-10-01T20:59:33-10:00job:github_sync_all | ↑ [pacific] committed 1 local file(s)
2026-10-01T20:59:33-10:00job:github_sync_all | ↓ [pacific] fetching origin/main
2026-10-01T20:59:33-10:00job:github_sync_all | From github.com:RootRecord-Software-Solutions/RootRecord-Pacific-Solar-Server
2026-10-01T20:59:33-10:00job:github_sync_all | * branch            main       -> FETCH_HEAD
2026-10-01T20:59:33-10:00job:github_sync_all | ↑ [pacific] local is ahead of GitHub
2026-10-01T20:59:33-10:00job:github_sync_all | To github.com:RootRecord-Software-Solutions/RootRecord-Pacific-Solar-Server.git
2026-10-01T20:59:33-10:00job:github_sync_all | 2647337..d947ec6  HEAD -> main
2026-10-01T20:59:33-10:00job:github_sync_all | branch 'main' set up to track 'origin/main'.
2026-10-01T20:59:33-10:00job:github_sync_all | ↑ [pacific] 1 files → RootRecord-Software-Solutions/RootRecord-Pacific-Solar-Server (main)
2026-10-01T20:59:33-10:00job:github_sync_all | ↑ [database] committed 21 local file(s)
2026-10-01T20:59:33-10:00job:github_sync_all | ↓ [database] fetching origin/main
2026-10-01T20:59:33-10:00job:github_sync_all | From github.com:RootRecord-Software-Solutions/RootRecord-Database
2026-10-01T20:59:33-10:00job:github_sync_all | * branch              main       -> FETCH_HEAD
2026-10-01T20:59:33-10:00job:github_sync_all | ↑ [database] local is ahead of GitHub
2026-10-01T20:59:33-10:00job:github_sync_all | To github.com:RootRecord-Software-Solutions/RootRecord-Database.git
2026-10-01T20:59:33-10:00job:github_sync_all | 428e4179..ffa4478d  HEAD -> main
2026-10-01T20:59:33-10:00job:github_sync_all | branch 'main' set up to track 'origin/main'.
2026-10-01T20:59:33-10:00job:github_sync_all | ↑ [database] 21 files → RootRecord-Software-Solutions/RootRecord-Database (main)
2026-10-01T20:59:33-10:00job:github_sync_all | — [library] no local changes
2026-10-01T20:59:33-10:00job:github_sync_all | ↓ [library] fetching origin/main
2026-10-01T20:59:33-10:00job:github_sync_all | From github.com:RootRecord-Software-Solutions/RootRecord-Library
2026-10-01T20:59:33-10:00job:github_sync_all | * branch            main       -> FETCH_HEAD
2026-10-01T20:59:33-10:00job:github_sync_all | — [library] local and GitHub already match
2026-10-01T20:59:33-10:00job:github_sync_all | — [library] nothing to push
2026-10-01T20:59:33-10:00job:github_sync_all | — [website] no local changes
2026-10-01T20:59:33-10:00job:github_sync_all | ↓ [website] fetching origin/main
2026-10-01T20:59:33-10:00job:github_sync_all | From github.com:RootRecord-Software-Solutions/RootRecord-Website
2026-10-01T20:59:33-10:00job:github_sync_all | * branch            main       -> FETCH_HEAD
2026-10-01T20:59:33-10:00job:github_sync_all | — [website] local and GitHub already match
2026-10-01T20:59:33-10:00job:github_sync_all | — [website] nothing to push
2026-10-01T20:59:33-10:00job:github_sync_all | — [website-personal] no local changes
2026-10-01T20:59:33-10:00job:worklog_scan RUN  bash "/home/rootrecord/RootRecord-Ecosystem/1 - Servers/1 - RootRecord-Pacific-Solar-Server/Reports/scripts/worklog_once.sh"
2026-10-01T21:02:33-10:00job:worklog_scan TIMEOUT after 180s
2026-10-01T21:02:33-10:00job:security_camera_frame_grab RUN  bash "/home/rootrecord/RootRecord-Ecosystem/1 - Servers/1 - RootRecord-Pacific-Solar-Server/Security/Cameras/grab_all.sh"
2026-10-01T21:02:51-10:00job:security_camera_frame_grab | 21:02:34  📷  a-eyes  ch1 → ch1-20261002T070234Z.jpg  (296.8 KB, 4.19s)
2026-10-01T21:02:51-10:00job:security_camera_frame_grab | 21:02:38  📷  a-eyes  ch2 → ch2-20261002T070238Z.jpg  (312.5 KB, 4.24s)
2026-10-01T21:02:51-10:00job:security_camera_frame_grab | 21:02:42  📷  a-eyes  ch3 → ch3-20261002T070242Z.jpg  (329.3 KB, 4.28s)
2026-10-01T21:02:51-10:00job:security_camera_frame_grab | 21:02:46  📷  a-eyes  ch4 → ch4-20261002T070246Z.jpg  (204.7 KB, 4.28s)
2026-10-01T21:02:51-10:00job:voice_system_perf RUN  nice -n 10 python3 "/home/rootrecord/RootRecord-Ecosystem/1 - Servers/1 - RootRecord-Pacific-Solar-Server/Media/Voice/scripts/system_perf.py"
2026-10-01T21:04:27-10:00job:voice_system_perf | {"ok": true, "report": "system_perf", "md": "/home/rootrecord/RootRecord-Ecosystem/test-reports/Voice/system_perf_current.md", "cpu_pct": 53.8, "mem_pct": 76.6, "voice_rc": 0, "voice": {"ok": true, "mode": "stitch", "report": "system_perf", "agent": "bruce", "voice": "am_echo", "speed": 1.0, "wav": "/home/rootrecord/RootRecord-Ecosystem/2 - RootRecord-Database/Media/Audio/Voice/system_perf_current.wav", "clips_used": 0, "live_sentences": 11, "model_loaded": true, "render_s": 19.82, "sample_rate": 24000, "channels": 1, "subtype": "PCM_16", "duration_s": 30.161, "peak_dbfs": -1.5, "rms_dbfs": -20.18, "lead_silence_ms": 113, "qc": "PASS", "wall_s": 19.92, "peak_rss_mb": 1531}, "deliver": {"ok": true, "sent": true, "persona": "bruce", "chat": "-1004367256267", "message_id": 2424, "transcript": false, "report": true, "photo": false, "plan": {"voice": true, "transcript": false, "report": true}}, "radio": {"ok": true, "report": "system_perf", "file": "system_perf_current.ogg", "bytes": 214801}}
2026-10-01T21:04:27-10:00job:voice_energy_report RUN  nice -n 10 python3 "/home/rootrecord/RootRecord-Ecosystem/1 - Servers/1 - RootRecord-Pacific-Solar-Server/Media/Voice/scripts/voice_reports.py" energy_report
2026-10-01T21:04:52-10:00tunnel timeout — reconnecting
2026-10-01T21:04:54-10:00tunnel timeout — reconnecting
2026-10-01T21:04:58-10:00tunnel connected  conn=3  edge=lax09
2026-10-01T21:05:01-10:00tunnel timeout — reconnecting
2026-10-01T21:05:02-10:00tunnel timeout — reconnecting
2026-10-01T21:05:02-10:00tunnel timeout — reconnecting
2026-10-01T21:05:02-10:00tunnel timeout — reconnecting
2026-10-01T21:05:05-10:00tunnel timeout — reconnecting
2026-10-01T21:05:06-10:00tunnel connected  conn=0  edge=lax05
2026-10-01T21:06:01-10:00tunnel timeout — reconnecting
2026-10-01T21:06:01-10:00tunnel timeout — reconnecting
2026-10-01T21:06:02-10:00tunnel connected  conn=1  edge=lax01
2026-10-01T21:06:02-10:00tunnel connected  conn=2  edge=lax13
2026-10-01T21:06:03-10:00tunnel timeout — reconnecting
2026-10-01T21:06:06-10:00tunnel connected  conn=0  edge=lax07
2026-10-01T21:06:21-10:00tunnel connected  conn=3  edge=lax10
2026-10-01T21:07:24-10:00job:voice_energy_report | {"ok": true, "report": "energy_report", "md": "/home/rootrecord/RootRecord-Ecosystem/test-reports/Voice/energy_report_current.md", "sentences": 8, "voice": {"ok": true, "mode": "stitch", "report": "energy_report", "agent": "carly", "voice": "af_nova", "speed": 1.0, "wav": "/home/rootrecord/RootRecord-Ecosystem/2 - RootRecord-Database/Media/Audio/Voice/energy_report_current.wav", "clips_used": 0, "live_sentences": 7, "model_loaded": true, "render_s": 17.56, "sample_rate": 24000, "channels": 1, "subtype": "PCM_16", "duration_s": 31.438, "peak_dbfs": -1.98, "rms_dbfs": -20.21, "lead_silence_ms": 111, "qc": "PASS", "wall_s": 17.7, "peak_rss_mb": 1539, "rc": 0}, "deliver": {"ok": true, "skipped": true, "detail": "blended into the hourly solar desk; the radio file is refreshed"}, "radio": {"ok": true, "report": "energy_report", "file": "energy_report_current.ogg", "bytes": 224961}}
2026-10-01T21:07:24-10:00job:voice_remaining_tasks RUN  nice -n 10 python3 "/home/rootrecord/RootRecord-Ecosystem/1 - Servers/1 - RootRecord-Pacific-Solar-Server/Media/Voice/scripts/voice_reports.py" remaining_tasks
2026-10-01T21:08:46-10:00job:voice_remaining_tasks | {"ok": true, "report": "remaining_tasks", "md": "/home/rootrecord/RootRecord-Ecosystem/test-reports/Voice/remaining_tasks_current.md", "sentences": 5, "voice": {"ok": true, "mode": "stitch", "report": "remaining_tasks", "agent": "bruce", "voice": "am_echo", "speed": 1.0, "wav": "/home/rootrecord/RootRecord-Ecosystem/2 - RootRecord-Database/Media/Audio/Voice/remaining_tasks_current.wav", "clips_used": 0, "live_sentences": 4, "model_loaded": true, "render_s": 8.51, "sample_rate": 24000, "channels": 1, "subtype": "PCM_16", "duration_s": 12.565, "peak_dbfs": -3.44, "rms_dbfs": -20.06, "lead_silence_ms": 115, "qc": "PASS", "wall_s": 8.59, "peak_rss_mb": 1359, "rc": 0}, "deliver": {"ok": true, "sent": true, "persona": "bruce", "chat": "-1004367256267", "message_id": 2426, "transcript": false, "report": true, "photo": false, "plan": {"voice": true, "transcript": false, "report": true}}, "radio": {"ok": true, "report": "remaining_tasks", "file": "remaining_tasks_current.ogg", "bytes": 93924}}
2026-10-01T21:08:46-10:00job:voice_earthquake_report RUN  nice -n 10 python3 "/home/rootrecord/RootRecord-Ecosystem/1 - Servers/1 - RootRecord-Pacific-Solar-Server/Media/Voice/scripts/voice_reports.py" earthquake_report
2026-10-01T21:09:14-10:00job:voice_earthquake_report | {"ok": true, "report": "earthquake_report", "md": "/home/rootrecord/RootRecord-Ecosystem/test-reports/Voice/earthquake_report_current.md", "sentences": 7, "voice": {"ok": true, "mode": "stitch", "report": "earthquake_report", "agent": "carly", "voice": "af_nova", "speed": 1.0, "wav": "/home/rootrecord/RootRecord-Ecosystem/2 - RootRecord-Database/Media/Audio/Voice/earthquake_report_current.wav", "clips_used": 0, "live_sentences": 6, "model_loaded": true, "render_s": 12.73, "sample_rate": 24000, "channels": 1, "subtype": "PCM_16", "duration_s": 23.681, "peak_dbfs": -1.5, "rms_dbfs": -20.64, "lead_silence_ms": 114, "qc": "PASS", "wall_s": 12.82, "peak_rss_mb": 1499, "rc": 0}, "deliver": {"ok": true, "sent": true, "persona": "carly", "chat": "-1004367256267", "message_id": 2428, "transcript": false, "report": true, "photo": false, "plan": {"voice": true, "transcript": false, "report": true}}, "radio": {"ok": true, "report": "earthquake_report", "file": "earthquake_report_current.ogg", "bytes": 169880}}
2026-10-01T21:09:14-10:00job:voice_kilauea_report RUN  nice -n 10 python3 "/home/rootrecord/RootRecord-Ecosystem/1 - Servers/1 - RootRecord-Pacific-Solar-Server/Media/Voice/scripts/voice_reports.py" kilauea_report
2026-10-01T21:09:45-10:00job:voice_kilauea_report | {"ok": true, "report": "kilauea_report", "md": "/home/rootrecord/RootRecord-Ecosystem/test-reports/Voice/kilauea_report_current.md", "sentences": 8, "voice": {"ok": true, "mode": "stitch", "report": "kilauea_report", "agent": "carly", "voice": "af_nova", "speed": 1.0, "wav": "/home/rootrecord/RootRecord-Ecosystem/2 - RootRecord-Database/Media/Audio/Voice/kilauea_report_current.wav", "clips_used": 0, "live_sentences": 8, "model_loaded": true, "render_s": 16.06, "sample_rate": 24000, "channels": 1, "subtype": "PCM_16", "duration_s": 35.171, "peak_dbfs": -1.5, "rms_dbfs": -20.45, "lead_silence_ms": 101, "qc": "PASS", "wall_s": 16.16, "peak_rss_mb": 1630, "rc": 0}, "deliver": {"ok": true, "sent": true, "persona": "carly", "chat": "-1004367256267", "message_id": 2430, "transcript": false, "report": true, "photo": false, "plan": {"voice": true, "transcript": false, "report": true}}, "radio": {"ok": true, "report": "kilauea_report", "file": "kilauea_report_current.ogg", "bytes": 255344}}
2026-10-01T21:09:46-10:00job:voice_solar_desk RUN  nice -n 10 python3 "/home/rootrecord/RootRecord-Ecosystem/1 - Servers/1 - RootRecord-Pacific-Solar-Server/Media/Voice/scripts/voice_reports.py" solar_desk
2026-10-01T21:11:31-10:00job:voice_solar_desk | {"ok": true, "report": "solar_desk", "md": "/home/rootrecord/RootRecord-Ecosystem/test-reports/Voice/solar_desk_current.md", "sentences": 9, "voice": {"ok": true, "mode": "stitch", "report": "solar_desk", "agent": "bruce", "voice": "am_echo", "speed": 1.0, "wav": "/home/rootrecord/RootRecord-Ecosystem/2 - RootRecord-Database/Media/Audio/Voice/solar_desk_current.wav", "clips_used": 0, "live_sentences": 7, "model_loaded": true, "render_s": 24.93, "sample_rate": 24000, "channels": 1, "subtype": "PCM_16", "duration_s": 33.82, "peak_dbfs": -1.5, "rms_dbfs": -20.13, "lead_silence_ms": 114, "qc": "PASS", "wall_s": 25.03, "peak_rss_mb": 1594, "rc": 0}, "deliver": {"ok": true, "sent": true, "persona": "bruce", "chat": "-1004367256267", "message_id": 2432, "transcript": false, "report": true, "photo": true, "plan": {"voice": true, "transcript": false, "report": true}}, "radio": {"ok": true, "report": "solar_desk", "file": "solar_desk_current.ogg", "bytes": 252242}}
2026-10-01T21:11:31-10:00job:voice_security_desk RUN  nice -n 10 python3 "/home/rootrecord/RootRecord-Ecosystem/1 - Servers/1 - RootRecord-Pacific-Solar-Server/Media/Voice/scripts/voice_reports.py" security_desk
2026-10-01T21:11:59-10:00job:voice_security_desk | {"ok": true, "report": "security_desk", "md": "/home/rootrecord/RootRecord-Ecosystem/test-reports/Voice/security_desk_current.md", "sentences": 7, "voice": {"ok": true, "mode": "stitch", "report": "security_desk", "agent": "carly", "voice": "af_nova", "speed": 1.0, "wav": "/home/rootrecord/RootRecord-Ecosystem/2 - RootRecord-Database/Media/Audio/Voice/security_desk_current.wav", "clips_used": 0, "live_sentences": 6, "model_loaded": true, "render_s": 12.96, "sample_rate": 24000, "channels": 1, "subtype": "PCM_16", "duration_s": 17.778, "peak_dbfs": -2.88, "rms_dbfs": -20.24, "lead_silence_ms": 110, "qc": "PASS", "wall_s": 13.11, "peak_rss_mb": 1370, "rc": 0}, "deliver": {"ok": true, "sent": true, "persona": "carly", "chat": "-1004367256267", "message_id": 2435, "transcript": false, "report": true, "photo": false, "plan": {"voice": true, "transcript": false, "report": true}}, "radio": {"ok": true, "report": "security_desk", "file": "security_desk_current.ogg", "bytes": 126594}}
2026-10-01T21:11:59-10:00job:voice_bandwidth_desk RUN  nice -n 10 python3 "/home/rootrecord/RootRecord-Ecosystem/1 - Servers/1 - RootRecord-Pacific-Solar-Server/Media/Voice/scripts/voice_reports.py" bandwidth_desk
2026-10-01T21:12:27-10:00job:voice_bandwidth_desk | {"ok": true, "report": "bandwidth_desk", "md": "/home/rootrecord/RootRecord-Ecosystem/test-reports/Voice/bandwidth_desk_current.md", "sentences": 5, "voice": {"ok": true, "mode": "stitch", "report": "bandwidth_desk", "agent": "carly", "voice": "af_nova", "speed": 1.0, "wav": "/home/rootrecord/RootRecord-Ecosystem/2 - RootRecord-Database/Media/Audio/Voice/bandwidth_desk_current.wav", "clips_used": 0, "live_sentences": 4, "model_loaded": true, "render_s": 13.2, "sample_rate": 24000, "channels": 1, "subtype": "PCM_16", "duration_s": 21.152, "peak_dbfs": -1.5, "rms_dbfs": -20.8, "lead_silence_ms": 113, "qc": "PASS", "wall_s": 13.31, "peak_rss_mb": 1490, "rc": 0}, "deliver": {"ok": true, "sent": true, "persona": "carly", "chat": "-1004367256267", "message_id": 2437, "transcript": false, "report": true, "photo": false, "plan": {"voice": true, "transcript": false, "report": true}}, "radio": {"ok": true, "report": "bandwidth_desk", "file": "bandwidth_desk_current.ogg", "bytes": 155886}}
2026-10-01T21:12:27-10:00job:voice_current_report RUN  nice -n 10 python3 "/home/rootrecord/RootRecord-Ecosystem/1 - Servers/1 - RootRecord-Pacific-Solar-Server/Media/Voice/scripts/voice_reports.py" current_report
2026-10-01T21:14:33-10:00job:voice_current_report | {"ok": true, "report": "current_report", "md": "/home/rootrecord/RootRecord-Ecosystem/2 - RootRecord-Database/Reports/current_report_current.md", "sentences": 25, "voice": {"ok": true, "mode": "stitch", "report": "current_report", "agent": "ava", "voice": "af_heart", "speed": 1.0, "wav": "/home/rootrecord/RootRecord-Ecosystem/2 - RootRecord-Database/Media/Audio/Voice/current_report_current.wav", "clips_used": 0, "live_sentences": 31, "model_loaded": true, "render_s": 45.58, "sample_rate": 24000, "channels": 1, "subtype": "PCM_16", "duration_s": 108.668, "peak_dbfs": -1.5, "rms_dbfs": -20.26, "lead_silence_ms": 114, "qc": "PASS", "wall_s": 45.66, "peak_rss_mb": 1941, "rc": 0}, "deliver": {"ok": true, "sent": true, "persona": "ava", "chat": "-1004367256267", "message_id": 2439, "transcript": false, "report": true, "photo": false, "plan": {"voice": true, "transcript": false, "report": true}}, "radio": {"ok": true, "report": "current_report", "file": "current_report_current.ogg", "bytes": 790631}}
2026-10-01T21:14:33-10:00job:voice_late_report RUN  nice -n 10 python3 "/home/rootrecord/RootRecord-Ecosystem/1 - Servers/1 - RootRecord-Pacific-Solar-Server/Media/Voice/scripts/voice_reports.py" late_report
2026-10-01T21:14:59-10:00job:voice_late_report | {"ok": true, "report": "late_report", "md": "/home/rootrecord/RootRecord-Ecosystem/test-reports/Voice/late_report_current.md", "sentences": 9, "voice": {"ok": true, "mode": "stitch", "report": "late_report", "agent": "ava", "voice": "af_heart", "speed": 1.0, "wav": "/home/rootrecord/RootRecord-Ecosystem/2 - RootRecord-Database/Media/Audio/Voice/late_report_current.wav", "clips_used": 0, "live_sentences": 9, "model_loaded": true, "render_s": 12.61, "sample_rate": 24000, "channels": 1, "subtype": "PCM_16", "duration_s": 27.187, "peak_dbfs": -1.5, "rms_dbfs": -20.4, "lead_silence_ms": 114, "qc": "PASS", "wall_s": 12.64, "peak_rss_mb": 1486, "rc": 0}, "deliver": {"ok": true, "sent": true, "persona": "ava", "chat": "-1004367256267", "message_id": 2441, "transcript": false, "report": true, "photo": false, "plan": {"voice": true, "transcript": false, "report": true}}, "radio": {"ok": true, "report": "late_report", "file": "late_report_current.ogg", "bytes": 201391}}
2026-10-01T21:14:59-10:00job:voice_hurricane_desk RUN  nice -n 10 python3 "/home/rootrecord/RootRecord-Ecosystem/1 - Servers/1 - RootRecord-Pacific-Solar-Server/Media/Voice/scripts/voice_reports.py" hurricane_desk
2026-10-01T21:15:33-10:00job:voice_hurricane_desk | {"ok": true, "report": "hurricane_desk", "md": "/home/rootrecord/RootRecord-Ecosystem/test-reports/Voice/hurricane_desk_current.md", "sentences": 4, "voice": {"ok": true, "mode": "stitch", "report": "hurricane_desk", "agent": "carly", "voice": "af_nova", "speed": 1.0, "wav": "/home/rootrecord/RootRecord-Ecosystem/2 - RootRecord-Database/Media/Audio/Voice/hurricane_desk_current.wav", "clips_used": 0, "live_sentences": 9, "model_loaded": true, "render_s": 15.2, "sample_rate": 24000, "channels": 1, "subtype": "PCM_16", "duration_s": 33.659, "peak_dbfs": -1.5, "rms_dbfs": -20.57, "lead_silence_ms": 100, "qc": "PASS", "wall_s": 15.27, "peak_rss_mb": 1580, "rc": 0}, "deliver": {"ok": true, "sent": true, "persona": "carly", "chat": "-1004367256267", "message_id": 2443, "transcript": false, "report": true, "photo": false, "plan": {"voice": true, "transcript": false, "report": true}}, "radio": {"ok": true, "report": "hurricane_desk", "file": "hurricane_desk_current.ogg", "bytes": 239164}}
2026-10-01T21:15:33-10:00job:energy_sun_times RUN  python3 "/home/rootrecord/RootRecord-Ecosystem/1 - Servers/1 - RootRecord-Pacific-Solar-Server/Energy/scripts/sun_times.py"
2026-10-01T21:15:33-10:00job:energy_sun_times | {"ok": true, "date": "2026-10-01", "sunrise": "06:11", "sunset": "18:08", "sunrise_iso": "2026-10-01T06:11", "sunset_iso": "2026-10-01T18:08", "after_sunset": true, "before_sunrise": false, "source": "open-meteo", "now_hst": "21:15", "refreshed": false, "error": null}
2026-10-01T21:15:34-10:00job:energy_moon_phase RUN  python3 "/home/rootrecord/RootRecord-Ecosystem/1 - Servers/1 - RootRecord-Pacific-Solar-Server/Energy/scripts/moon_phase.py"
2026-10-01T21:15:35-10:00job:energy_moon_phase | {"ok": true, "date": "2026-10-01", "phase": 0.7014, "phase_name": "Waning Gibbous", "illumination": 65, "next_phase": "Last Quarter", "next_phase_date": "2026-10-03", "refreshed": true, "error": null}
2026-10-01T21:15:35-10:00job:automations_log_hourly_archive RUN  bash "/home/rootrecord/RootRecord-Ecosystem/1 - Servers/1 - RootRecord-Pacific-Solar-Server/Automations/scripts/archive_automations_log_hourly.sh"
