2026-10-01T22:11:15-10:00job:automations_log_hourly_archive OK
2026-10-01T22:11:15-10:00job:security_timelapse_hourly_compile RUN  bash "/home/rootrecord/RootRecord-Ecosystem/1 - Servers/1 - RootRecord-Pacific-Solar-Server/Security/Cameras/timelapse_hourly.sh"
2026-10-01T22:11:15-10:00job:security_timelapse_hourly_compile | 22:11:15  🎬  a-eyes-timelapse  hour 21 is outside the 05:00-19:00 window, skipping
2026-10-01T22:11:15-10:00ENERGY  status=live  B2=88.7%  B1=100.0%  solar=0 W  ac=61 W  usbc=0 W  src=/home/rootrecord/RootRecord-Ecosystem/2 - RootRecord-Database/Energy  LAP=100%/Full/AC
2026-10-01T22:11:15-10:00  ▸  ecoflow_read_cycle OK
2026-10-01T22:11:15-10:00job:sys_stats_cycle RUN  bash "/home/rootrecord/RootRecord-Ecosystem/1 - Servers/1 - RootRecord-Pacific-Solar-Server/System/scripts/sys-sample.sh"
2026-10-01T22:11:18-10:00job:sys_stats_cycle | SYSTEM  cpu=10%  load=6.81  mem=74%  src=sqlite
2026-10-01T22:11:18-10:00job:sys_stats_cycle | OK wrote /home/rootrecord/RootRecord-Ecosystem/2 - RootRecord-Database/System/samples/sys-20261001-221116.json
2026-10-01T22:16:18-10:00job:github_sync_all TIMEOUT after 300s
2026-10-01T22:16:18-10:00job:worklog_scan RUN  bash "/home/rootrecord/RootRecord-Ecosystem/1 - Servers/1 - RootRecord-Pacific-Solar-Server/Reports/scripts/worklog_once.sh"
2026-10-01T22:19:18-10:00job:worklog_scan TIMEOUT after 180s
2026-10-01T22:19:18-10:00job:security_camera_frame_grab RUN  bash "/home/rootrecord/RootRecord-Ecosystem/1 - Servers/1 - RootRecord-Pacific-Solar-Server/Security/Cameras/grab_all.sh"
2026-10-01T22:19:36-10:00job:security_camera_frame_grab | 22:19:18  📷  a-eyes  ch1 → ch1-20261002T081918Z.jpg  (302.2 KB, 4.30s)
2026-10-01T22:19:36-10:00job:security_camera_frame_grab | 22:19:23  📷  a-eyes  ch2 → ch2-20261002T081923Z.jpg  (281.0 KB, 4.63s)
2026-10-01T22:19:36-10:00job:security_camera_frame_grab | 22:19:27  📷  a-eyes  ch3 → ch3-20261002T081927Z.jpg  (284.9 KB, 4.38s)
2026-10-01T22:19:36-10:00job:security_camera_frame_grab | 22:19:32  📷  a-eyes  ch4 → ch4-20261002T081932Z.jpg  (253.6 KB, 4.28s)
2026-10-01T22:19:36-10:00job:service_supervisor RUN  bash "/home/rootrecord/RootRecord-Ecosystem/1 - Servers/1 - RootRecord-Pacific-Solar-Server/Automations/scripts/supervise-services.sh"
2026-10-01T22:19:36-10:00job:service_supervisor | [supervisor] weather alive pid=1988833 (act)
2026-10-01T22:19:36-10:00job:service_supervisor | [supervisor] relay alive pid=1988054 (act)
2026-10-01T22:19:36-10:00job:geology_collect RUN  nice -n 10 python3 "/home/rootrecord/RootRecord-Ecosystem/1 - Servers/1 - RootRecord-Pacific-Solar-Server/Geology/scripts/geology_collect.py" all
2026-10-01T22:19:41-10:00job:geology_collect | {"ok": true, "at": "2026-10-01T22:19:36-10:00", "what": "all", "dry_run": false, "sources": {"hawaii": {"ok": true, "count": 52, "new": 0, "new_m2": 0, "ms": 655}, "global": {"ok": true, "count": 29, "new": 0, "ms": 335}, "hvo_notices": {"ok": true, "count": 47, "new": 0, "ms": 3234}, "hvo_status": {"ok": true, "volcanoes": 8, "kilauea": "WATCH", "mauna_loa": "NORMAL", "ms": 716}}}
2026-10-01T22:19:41-10:00job:status_snapshot RUN  nice -n 10 python3 "/home/rootrecord/RootRecord-Ecosystem/1 - Servers/1 - RootRecord-Pacific-Solar-Server/Website/scripts/live_data_pages.py"
2026-10-01T22:19:41-10:00job:status_snapshot | live-data 6 pages
2026-10-01T22:19:41-10:00job:system_net_sample RUN  nice -n 10 python3 "/home/rootrecord/RootRecord-Ecosystem/1 - Servers/1 - RootRecord-Pacific-Solar-Server/System/scripts/host_desks.py" net-sample
2026-10-01T22:19:41-10:00job:system_net_sample | {"ok": true, "file": "/home/rootrecord/RootRecord-Ecosystem/2 - RootRecord-Database/System/network/Daily/net-20261001.jsonl", "iface": "wlo1", "hour": {"seconds": 4062, "rx": 388224617, "tx": 1368745260, "total": 1756969877, "iface": "wlo1", "link": "wireless"}, "day": {"seconds": 86437, "rx": 13575263538, "tx": 12142259051, "total": 25717522589, "iface": "wlo1", "link": "wireless"}}
2026-10-01T22:19:42-10:00job:discord_report_relay RUN  nice -n 10 python3 "/home/rootrecord/RootRecord-Ecosystem/1 - Servers/1 - RootRecord-Pacific-Solar-Server/Communications/Discord/scripts/report_relay.py"
2026-10-01T22:19:50-10:00job:discord_report_relay | posted energy_report
2026-10-01T22:19:50-10:00job:discord_report_relay | posted remaining_tasks
2026-10-01T22:19:50-10:00job:discord_report_relay | posted earthquake_report
2026-10-01T22:19:50-10:00job:discord_report_relay | posted kilauea_report
2026-10-01T22:19:50-10:00job:discord_report_relay | posted solar_desk
2026-10-01T22:19:50-10:00job:discord_report_relay | posted security_desk
2026-10-01T22:19:50-10:00job:discord_report_relay | posted bandwidth_desk
2026-10-01T22:19:50-10:00job:discord_report_relay | posted system_perf
2026-10-01T22:19:51-10:00job:voice_nws_weather RUN  nice -n 10 python3 "/home/rootrecord/RootRecord-Ecosystem/1 - Servers/1 - RootRecord-Pacific-Solar-Server/Media/Voice/scripts/voice_reports.py" nws_weather
2026-10-01T22:20:25-10:00job:voice_nws_weather | {"ok": true, "report": "nws_weather", "md": "/home/rootrecord/RootRecord-Ecosystem/test-reports/Voice/nws_weather_current.md", "sentences": 8, "voice": {"ok": true, "mode": "stitch", "report": "nws_weather", "agent": "ava", "voice": "af_heart", "speed": 1.0, "wav": "/home/rootrecord/RootRecord-Ecosystem/2 - RootRecord-Database/Media/Audio/Voice/nws_weather_current.wav", "clips_used": 0, "live_sentences": 18, "model_loaded": true, "render_s": 19.33, "sample_rate": 24000, "channels": 1, "subtype": "PCM_16", "duration_s": 44.233, "peak_dbfs": -1.5, "rms_dbfs": -20.4, "lead_silence_ms": 113, "qc": "PASS", "wall_s": 19.42, "peak_rss_mb": 1709, "rc": 0}, "deliver": {"ok": true, "sent": true, "persona": "ava", "chat": "-1004367256267", "message_id": 2470, "transcript": false, "report": true, "photo": false, "plan": {"voice": true, "transcript": false, "report": true}}, "radio": {"ok": true, "report": "nws_weather", "file": "nws_weather_current.opus", "bytes": 131726}}
2026-10-01T22:20:25-10:00ENERGY  status=live  B2=88.7%  B1=100.0%  solar=0 W  ac=61 W  usbc=0 W  src=/home/rootrecord/RootRecord-Ecosystem/2 - RootRecord-Database/Energy  LAP=100%/Full/AC
2026-10-01T22:20:36-10:00  ✗  ecoflow_read_cycle  WAITING
2026-10-01T22:20:36-10:00job:sys_stats_cycle RUN  bash "/home/rootrecord/RootRecord-Ecosystem/1 - Servers/1 - RootRecord-Pacific-Solar-Server/System/scripts/sys-sample.sh"
2026-10-01T22:20:38-10:00job:sys_stats_cycle | SYSTEM  cpu=4%  load=2.33  mem=69%  src=sqlite
2026-10-01T22:20:38-10:00job:sys_stats_cycle | OK wrote /home/rootrecord/RootRecord-Ecosystem/2 - RootRecord-Database/System/samples/sys-20261001-222036.json
2026-10-01T22:25:38-10:00job:github_sync_all TIMEOUT after 300s
2026-10-01T22:25:38-10:00job:security_camera_frame_grab RUN  bash "/home/rootrecord/RootRecord-Ecosystem/1 - Servers/1 - RootRecord-Pacific-Solar-Server/Security/Cameras/grab_all.sh"
2026-10-01T22:25:56-10:00job:security_camera_frame_grab | 22:25:38  📷  a-eyes  ch1 → ch1-20261002T082538Z.jpg  (303.2 KB, 4.24s)
2026-10-01T22:25:56-10:00job:security_camera_frame_grab | 22:25:42  📷  a-eyes  ch2 → ch2-20261002T082542Z.jpg  (287.0 KB, 4.22s)
2026-10-01T22:25:56-10:00job:security_camera_frame_grab | 22:25:47  📷  a-eyes  ch3 → ch3-20261002T082547Z.jpg  (276.0 KB, 4.38s)
2026-10-01T22:25:56-10:00job:security_camera_frame_grab | 22:25:51  📷  a-eyes  ch4 → ch4-20261002T082551Z.jpg  (268.1 KB, 4.58s)
2026-10-01T22:25:57-10:00ENERGY  status=live  B2=88.7%  B1=100.0%  solar=0 W  ac=61 W  usbc=0 W  src=/home/rootrecord/RootRecord-Ecosystem/2 - RootRecord-Database/Energy  LAP=100%/Full/AC
2026-10-01T22:26:07-10:00  ✗  ecoflow_read_cycle  WAITING
2026-10-01T22:26:07-10:00job:sys_stats_cycle RUN  bash "/home/rootrecord/RootRecord-Ecosystem/1 - Servers/1 - RootRecord-Pacific-Solar-Server/System/scripts/sys-sample.sh"
2026-10-01T22:26:09-10:00job:sys_stats_cycle | SYSTEM  cpu=7%  load=1.23  mem=71%  src=sqlite
2026-10-01T22:26:09-10:00job:sys_stats_cycle | OK wrote /home/rootrecord/RootRecord-Ecosystem/2 - RootRecord-Database/System/samples/sys-20261001-222607.json
2026-10-01T22:27:09-10:00job:github_sync_all | ↑ [ecosystem] committed 6 local file(s)
2026-10-01T22:27:09-10:00job:github_sync_all | ↓ [ecosystem] fetching origin/main
2026-10-01T22:27:09-10:00job:github_sync_all | From github.com:RootRecord-Software-Solutions/RootRecord-Ecosystem
2026-10-01T22:27:09-10:00job:github_sync_all | * branch              main       -> FETCH_HEAD
2026-10-01T22:27:09-10:00job:github_sync_all | ↑ [ecosystem] local is ahead of GitHub
2026-10-01T22:27:09-10:00job:github_sync_all | To github.com:RootRecord-Software-Solutions/RootRecord-Ecosystem.git
2026-10-01T22:27:09-10:00job:github_sync_all | 64f9db06..b4613d12  HEAD -> main
2026-10-01T22:27:09-10:00job:github_sync_all | branch 'main' set up to track 'origin/main'.
2026-10-01T22:27:09-10:00job:github_sync_all | ↑ [ecosystem] 6 files → RootRecord-Software-Solutions/RootRecord-Ecosystem (main)
2026-10-01T22:27:09-10:00job:github_sync_all | ↑ [pacific] committed 1 local file(s)
2026-10-01T22:27:09-10:00job:github_sync_all | ↓ [pacific] fetching origin/main
2026-10-01T22:27:09-10:00job:github_sync_all | From github.com:RootRecord-Software-Solutions/RootRecord-Pacific-Solar-Server
2026-10-01T22:27:09-10:00job:github_sync_all | * branch            main       -> FETCH_HEAD
2026-10-01T22:27:09-10:00job:github_sync_all | ↑ [pacific] local is ahead of GitHub
2026-10-01T22:27:09-10:00job:github_sync_all | To github.com:RootRecord-Software-Solutions/RootRecord-Pacific-Solar-Server.git
2026-10-01T22:27:09-10:00job:github_sync_all | 21e6614..f2ae290  HEAD -> main
2026-10-01T22:27:09-10:00job:github_sync_all | branch 'main' set up to track 'origin/main'.
2026-10-01T22:27:09-10:00job:github_sync_all | ↑ [pacific] 1 files → RootRecord-Software-Solutions/RootRecord-Pacific-Solar-Server (main)
2026-10-01T22:27:09-10:00job:github_sync_all | ↑ [database] committed 15 local file(s)
2026-10-01T22:27:09-10:00job:github_sync_all | ↓ [database] fetching origin/main
2026-10-01T22:27:09-10:00job:github_sync_all | From github.com:RootRecord-Software-Solutions/RootRecord-Database
2026-10-01T22:27:09-10:00job:github_sync_all | * branch              main       -> FETCH_HEAD
2026-10-01T22:27:09-10:00job:github_sync_all | ↑ [database] local is ahead of GitHub
2026-10-01T22:27:09-10:00job:github_sync_all | To github.com:RootRecord-Software-Solutions/RootRecord-Database.git
2026-10-01T22:27:09-10:00job:github_sync_all | 925264f5..ad82d42a  HEAD -> main
2026-10-01T22:27:09-10:00job:github_sync_all | branch 'main' set up to track 'origin/main'.
2026-10-01T22:27:09-10:00job:github_sync_all | ↑ [database] 15 files → RootRecord-Software-Solutions/RootRecord-Database (main)
2026-10-01T22:27:09-10:00job:github_sync_all | — [library] no local changes
2026-10-01T22:27:09-10:00job:github_sync_all | ↓ [library] fetching origin/main
2026-10-01T22:27:09-10:00job:github_sync_all | From github.com:RootRecord-Software-Solutions/RootRecord-Library
2026-10-01T22:27:09-10:00job:github_sync_all | * branch            main       -> FETCH_HEAD
2026-10-01T22:27:09-10:00job:github_sync_all | — [library] local and GitHub already match
2026-10-01T22:27:09-10:00job:github_sync_all | — [library] nothing to push
2026-10-01T22:27:09-10:00job:github_sync_all | — [website] no local changes
2026-10-01T22:27:09-10:00job:github_sync_all | ↓ [website] fetching origin/main
2026-10-01T22:27:09-10:00job:github_sync_all | From github.com:RootRecord-Software-Solutions/RootRecord-Website
2026-10-01T22:27:09-10:00job:github_sync_all | * branch            main       -> FETCH_HEAD
2026-10-01T22:27:09-10:00job:github_sync_all | — [website] local and GitHub already match
2026-10-01T22:27:09-10:00job:github_sync_all | — [website] nothing to push
2026-10-01T22:27:09-10:00job:github_sync_all | — [website-personal] no local changes
2026-10-01T22:27:09-10:00job:worklog_scan RUN  bash "/home/rootrecord/RootRecord-Ecosystem/1 - Servers/1 - RootRecord-Pacific-Solar-Server/Reports/scripts/worklog_once.sh"
2026-10-01T22:30:10-10:00job:worklog_scan TIMEOUT after 180s
2026-10-01T22:30:10-10:00job:service_supervisor RUN  bash "/home/rootrecord/RootRecord-Ecosystem/1 - Servers/1 - RootRecord-Pacific-Solar-Server/Automations/scripts/supervise-services.sh"
2026-10-01T22:30:10-10:00job:service_supervisor | [supervisor] weather alive pid=1988833 (act)
2026-10-01T22:30:10-10:00job:service_supervisor | [supervisor] relay alive pid=1988054 (act)
2026-10-01T22:30:10-10:00job:geology_collect RUN  nice -n 10 python3 "/home/rootrecord/RootRecord-Ecosystem/1 - Servers/1 - RootRecord-Pacific-Solar-Server/Geology/scripts/geology_collect.py" all
2026-10-01T22:30:18-10:00job:geology_collect | {"ok": true, "at": "2026-10-01T22:30:10-10:00", "what": "all", "dry_run": false, "sources": {"hawaii": {"ok": true, "count": 52, "new": 0, "new_m2": 0, "ms": 767}, "global": {"ok": true, "count": 29, "new": 0, "ms": 262}, "hvo_notices": {"ok": true, "count": 47, "new": 0, "ms": 2361}, "hvo_status": {"ok": true, "volcanoes": 8, "kilauea": "WATCH", "mauna_loa": "NORMAL", "ms": 4944}}}
2026-10-01T22:30:18-10:00job:status_snapshot RUN  nice -n 10 python3 "/home/rootrecord/RootRecord-Ecosystem/1 - Servers/1 - RootRecord-Pacific-Solar-Server/Website/scripts/live_data_pages.py"
2026-10-01T22:30:18-10:00job:status_snapshot | live-data 6 pages
2026-10-01T22:30:18-10:00job:system_net_sample RUN  nice -n 10 python3 "/home/rootrecord/RootRecord-Ecosystem/1 - Servers/1 - RootRecord-Pacific-Solar-Server/System/scripts/host_desks.py" net-sample
2026-10-01T22:30:18-10:00job:system_net_sample | {"ok": true, "file": "/home/rootrecord/RootRecord-Ecosystem/2 - RootRecord-Database/System/network/Daily/net-20261001.jsonl", "iface": "wlo1", "hour": {"seconds": 4190, "rx": 347770198, "tx": 1793763938, "total": 2141534136, "iface": "wlo1", "link": "wireless"}, "day": {"seconds": 86405, "rx": 13568625056, "tx": 12562801212, "total": 26131426268, "iface": "wlo1", "link": "wireless"}}
2026-10-01T22:30:18-10:00job:discord_report_relay RUN  nice -n 10 python3 "/home/rootrecord/RootRecord-Ecosystem/1 - Servers/1 - RootRecord-Pacific-Solar-Server/Communications/Discord/scripts/report_relay.py"
2026-10-01T22:30:19-10:00job:discord_report_relay | posted nws_weather
2026-10-01T22:30:20-10:00job:voice_nws_weather RUN  nice -n 10 python3 "/home/rootrecord/RootRecord-Ecosystem/1 - Servers/1 - RootRecord-Pacific-Solar-Server/Media/Voice/scripts/voice_reports.py" nws_weather
2026-10-01T22:30:48-10:00job:voice_nws_weather | {"ok": true, "report": "nws_weather", "md": "/home/rootrecord/RootRecord-Ecosystem/test-reports/Voice/nws_weather_current.md", "sentences": 8, "voice": {"ok": true, "mode": "stitch", "report": "nws_weather", "agent": "ava", "voice": "af_heart", "speed": 1.0, "wav": "/home/rootrecord/RootRecord-Ecosystem/2 - RootRecord-Database/Media/Audio/Voice/nws_weather_current.wav", "clips_used": 0, "live_sentences": 11, "model_loaded": true, "render_s": 14.75, "sample_rate": 24000, "channels": 1, "subtype": "PCM_16", "duration_s": 27.233, "peak_dbfs": -1.5, "rms_dbfs": -20.83, "lead_silence_ms": 113, "qc": "PASS", "wall_s": 14.82, "peak_rss_mb": 1620, "rc": 0}, "deliver": {"ok": true, "sent": true, "persona": "ava", "chat": "-1004367256267", "message_id": 2472, "transcript": false, "report": true, "photo": false, "plan": {"voice": true, "transcript": false, "report": true}}, "radio": {"ok": true, "report": "nws_weather", "file": "nws_weather_current.opus", "bytes": 80785}}
2026-10-01T22:30:48-10:00job:voice_energy_report RUN  nice -n 10 python3 "/home/rootrecord/RootRecord-Ecosystem/1 - Servers/1 - RootRecord-Pacific-Solar-Server/Media/Voice/scripts/voice_reports.py" energy_report
2026-10-01T22:32:47-10:00tunnel timeout — reconnecting
2026-10-01T22:32:47-10:00tunnel timeout — reconnecting
2026-10-01T22:32:47-10:00tunnel timeout — reconnecting
2026-10-01T22:32:47-10:00tunnel timeout — reconnecting
2026-10-01T22:32:48-10:00tunnel connected  conn=0  edge=lax09
2026-10-01T22:32:49-10:00tunnel timeout — reconnecting
2026-10-01T22:32:53-10:00tunnel connected  conn=1  edge=lax13
2026-10-01T22:32:53-10:00tunnel connected  conn=3  edge=lax08
2026-10-01T22:34:12-10:00job:voice_energy_report | {"ok": true, "report": "energy_report", "md": "/home/rootrecord/RootRecord-Ecosystem/test-reports/Voice/energy_report_current.md", "sentences": 8, "voice": {"ok": true, "mode": "stitch", "report": "energy_report", "agent": "carly", "voice": "af_nova", "speed": 1.0, "wav": "/home/rootrecord/RootRecord-Ecosystem/2 - RootRecord-Database/Media/Audio/Voice/energy_report_current.wav", "clips_used": 0, "live_sentences": 7, "model_loaded": true, "render_s": 18.68, "sample_rate": 24000, "channels": 1, "subtype": "PCM_16", "duration_s": 31.932, "peak_dbfs": -2.26, "rms_dbfs": -20.19, "lead_silence_ms": 111, "qc": "PASS", "wall_s": 18.86, "peak_rss_mb": 1639, "rc": 0}, "deliver": {"ok": true, "skipped": true, "detail": "blended into the hourly solar desk; the radio file is refreshed"}, "radio": {"ok": true, "report": "energy_report", "file": "energy_report_current.opus", "bytes": 96168}}
2026-10-01T22:34:12-10:00job:voice_current_report RUN  nice -n 10 python3 "/home/rootrecord/RootRecord-Ecosystem/1 - Servers/1 - RootRecord-Pacific-Solar-Server/Media/Voice/scripts/voice_reports.py" current_report
2026-10-01T22:35:12-10:00job:voice_current_report | {"ok": true, "report": "current_report", "md": "/home/rootrecord/RootRecord-Ecosystem/2 - RootRecord-Database/Reports/current_report_current.md", "sentences": 24, "voice": {"ok": true, "mode": "stitch", "report": "current_report", "agent": "ava", "voice": "af_heart", "speed": 1.0, "wav": "/home/rootrecord/RootRecord-Ecosystem/2 - RootRecord-Database/Media/Audio/Voice/current_report_current.wav", "clips_used": 0, "live_sentences": 25, "model_loaded": true, "render_s": 41.54, "sample_rate": 24000, "channels": 1, "subtype": "PCM_16", "duration_s": 92.217, "peak_dbfs": -1.5, "rms_dbfs": -20.31, "lead_silence_ms": 114, "qc": "PASS", "wall_s": 41.74, "peak_rss_mb": 1998, "rc": 0}, "deliver": {"ok": true, "sent": true, "persona": "ava", "chat": "-1004367256267", "message_id": 2474, "transcript": false, "report": true, "photo": false, "plan": {"voice": true, "transcript": false, "report": true}}, "radio": {"ok": true, "report": "current_report", "file": "current_report_current.opus", "bytes": 275871}}
2026-10-01T22:35:12-10:00ENERGY  status=live  B2=88.7%  B1=100.0%  solar=0 W  ac=61 W  usbc=0 W  src=/home/rootrecord/RootRecord-Ecosystem/2 - RootRecord-Database/Energy  LAP=100%/Full/AC
2026-10-01T22:35:12-10:00  ▸  ecoflow_read_cycle OK
2026-10-01T22:35:12-10:00job:sys_stats_cycle RUN  bash "/home/rootrecord/RootRecord-Ecosystem/1 - Servers/1 - RootRecord-Pacific-Solar-Server/System/scripts/sys-sample.sh"
2026-10-01T22:35:14-10:00job:sys_stats_cycle | SYSTEM  cpu=6%  load=18.78  mem=72%  src=sqlite
2026-10-01T22:35:14-10:00job:sys_stats_cycle | OK wrote /home/rootrecord/RootRecord-Ecosystem/2 - RootRecord-Database/System/samples/sys-20261001-223513.json
2026-10-01T22:36:14-10:00job:github_sync_all | ↑ [ecosystem] committed 36 local file(s)
2026-10-01T22:36:14-10:00job:github_sync_all | ↓ [ecosystem] fetching origin/main
2026-10-01T22:36:14-10:00job:github_sync_all | From github.com:RootRecord-Software-Solutions/RootRecord-Ecosystem
2026-10-01T22:36:14-10:00job:github_sync_all | * branch              main       -> FETCH_HEAD
2026-10-01T22:36:14-10:00job:github_sync_all | ↑ [ecosystem] local is ahead of GitHub
2026-10-01T22:36:14-10:00job:github_sync_all | To github.com:RootRecord-Software-Solutions/RootRecord-Ecosystem.git
2026-10-01T22:36:14-10:00job:github_sync_all | b4613d12..d14811ba  HEAD -> main
2026-10-01T22:36:14-10:00job:github_sync_all | branch 'main' set up to track 'origin/main'.
2026-10-01T22:36:14-10:00job:github_sync_all | ↑ [ecosystem] 36 files → RootRecord-Software-Solutions/RootRecord-Ecosystem (main)
2026-10-01T22:36:14-10:00job:github_sync_all | ↑ [pacific] committed 5 local file(s)
2026-10-01T22:36:14-10:00job:github_sync_all | ↓ [pacific] fetching origin/main
2026-10-01T22:36:14-10:00job:github_sync_all | From github.com:RootRecord-Software-Solutions/RootRecord-Pacific-Solar-Server
2026-10-01T22:36:14-10:00job:github_sync_all | * branch            main       -> FETCH_HEAD
2026-10-01T22:36:14-10:00job:github_sync_all | ↑ [pacific] local is ahead of GitHub
2026-10-01T22:36:14-10:00job:github_sync_all | To github.com:RootRecord-Software-Solutions/RootRecord-Pacific-Solar-Server.git
2026-10-01T22:36:14-10:00job:github_sync_all | f2ae290..892d282  HEAD -> main
2026-10-01T22:36:14-10:00job:github_sync_all | branch 'main' set up to track 'origin/main'.
2026-10-01T22:36:14-10:00job:github_sync_all | ↑ [pacific] 5 files → RootRecord-Software-Solutions/RootRecord-Pacific-Solar-Server (main)
2026-10-01T22:36:14-10:00job:github_sync_all | ↑ [database] committed 30 local file(s)
2026-10-01T22:36:14-10:00job:github_sync_all | ↓ [database] fetching origin/main
2026-10-01T22:36:14-10:00job:github_sync_all | From github.com:RootRecord-Software-Solutions/RootRecord-Database
2026-10-01T22:36:14-10:00job:github_sync_all | * branch              main       -> FETCH_HEAD
2026-10-01T22:36:14-10:00job:github_sync_all | ↑ [database] local is ahead of GitHub
2026-10-01T22:36:14-10:00job:github_sync_all | To github.com:RootRecord-Software-Solutions/RootRecord-Database.git
2026-10-01T22:36:14-10:00job:github_sync_all | ad82d42a..daf5d3eb  HEAD -> main
2026-10-01T22:36:14-10:00job:github_sync_all | branch 'main' set up to track 'origin/main'.
2026-10-01T22:36:14-10:00job:github_sync_all | ↑ [database] 30 files → RootRecord-Software-Solutions/RootRecord-Database (main)
2026-10-01T22:36:14-10:00job:github_sync_all | — [library] no local changes
2026-10-01T22:36:14-10:00job:github_sync_all | ↓ [library] fetching origin/main
2026-10-01T22:36:14-10:00job:github_sync_all | From github.com:RootRecord-Software-Solutions/RootRecord-Library
2026-10-01T22:36:14-10:00job:github_sync_all | * branch            main       -> FETCH_HEAD
2026-10-01T22:36:14-10:00job:github_sync_all | — [library] local and GitHub already match
2026-10-01T22:36:14-10:00job:github_sync_all | — [library] nothing to push
2026-10-01T22:36:14-10:00job:github_sync_all | ↑ [website] committed 2 local file(s)
2026-10-01T22:36:14-10:00job:github_sync_all | ↓ [website] fetching origin/main
2026-10-01T22:36:14-10:00job:github_sync_all | From github.com:RootRecord-Software-Solutions/RootRecord-Website
2026-10-01T22:36:14-10:00job:github_sync_all | * branch            main       -> FETCH_HEAD
2026-10-01T22:36:14-10:00job:github_sync_all | ↑ [website] local is ahead of GitHub
2026-10-01T22:36:14-10:00job:github_sync_all | To github.com:RootRecord-Software-Solutions/RootRecord-Website.git
2026-10-01T22:36:14-10:00job:github_sync_all | 36ab4a0..679a139  HEAD -> main
2026-10-01T22:36:14-10:00job:worklog_scan RUN  bash "/home/rootrecord/RootRecord-Ecosystem/1 - Servers/1 - RootRecord-Pacific-Solar-Server/Reports/scripts/worklog_once.sh"
2026-10-01T22:39:14-10:00job:worklog_scan TIMEOUT after 180s
2026-10-01T22:39:14-10:00job:security_camera_frame_grab RUN  bash "/home/rootrecord/RootRecord-Ecosystem/1 - Servers/1 - RootRecord-Pacific-Solar-Server/Security/Cameras/grab_all.sh"
2026-10-01T22:39:32-10:00job:security_camera_frame_grab | 22:39:14  📷  a-eyes  ch1 → ch1-20261002T083914Z.jpg  (303.2 KB, 4.36s)
2026-10-01T22:39:32-10:00job:security_camera_frame_grab | 22:39:19  📷  a-eyes  ch2 → ch2-20261002T083919Z.jpg  (307.9 KB, 4.37s)
2026-10-01T22:39:32-10:00job:security_camera_frame_grab | 22:39:23  📷  a-eyes  ch3 → ch3-20261002T083923Z.jpg  (328.7 KB, 4.47s)
2026-10-01T22:39:32-10:00job:security_camera_frame_grab | 22:39:28  📷  a-eyes  ch4 → ch4-20261002T083928Z.jpg  (212.6 KB, 4.28s)
2026-10-01T22:39:32-10:00job:service_supervisor RUN  bash "/home/rootrecord/RootRecord-Ecosystem/1 - Servers/1 - RootRecord-Pacific-Solar-Server/Automations/scripts/supervise-services.sh"
2026-10-01T22:39:32-10:00job:service_supervisor | [supervisor] weather alive pid=1988833 (act)
2026-10-01T22:39:32-10:00job:service_supervisor | [supervisor] relay alive pid=1988054 (act)
2026-10-01T22:39:32-10:00job:status_snapshot RUN  nice -n 10 python3 "/home/rootrecord/RootRecord-Ecosystem/1 - Servers/1 - RootRecord-Pacific-Solar-Server/Website/scripts/live_data_pages.py"
2026-10-01T22:39:32-10:00job:status_snapshot | live-data 6 pages
2026-10-01T22:39:33-10:00ENERGY  status=live  B2=88.7%  B1=100.0%  solar=0 W  ac=61 W  usbc=0 W  src=/home/rootrecord/RootRecord-Ecosystem/2 - RootRecord-Database/Energy  LAP=100%/Full/AC
2026-10-01T22:39:33-10:00  ▸  ecoflow_read_cycle OK
2026-10-01T22:39:33-10:00job:sys_stats_cycle RUN  bash "/home/rootrecord/RootRecord-Ecosystem/1 - Servers/1 - RootRecord-Pacific-Solar-Server/System/scripts/sys-sample.sh"
2026-10-01T22:39:35-10:00job:sys_stats_cycle | SYSTEM  cpu=7%  load=1.50  mem=74%  src=sqlite
2026-10-01T22:39:35-10:00job:sys_stats_cycle | OK wrote /home/rootrecord/RootRecord-Ecosystem/2 - RootRecord-Database/System/samples/sys-20261001-223934.json
2026-10-01T22:40:35-10:00job:github_sync_all | ↑ [ecosystem] committed 20 local file(s)
2026-10-01T22:40:35-10:00job:github_sync_all | ↓ [ecosystem] fetching origin/main
2026-10-01T22:40:35-10:00job:github_sync_all | From github.com:RootRecord-Software-Solutions/RootRecord-Ecosystem
2026-10-01T22:40:35-10:00job:github_sync_all | * branch              main       -> FETCH_HEAD
2026-10-01T22:40:35-10:00job:github_sync_all | ↑ [ecosystem] local is ahead of GitHub
2026-10-01T22:40:35-10:00job:github_sync_all | To github.com:RootRecord-Software-Solutions/RootRecord-Ecosystem.git
2026-10-01T22:40:35-10:00job:github_sync_all | d14811ba..9f6302b1  HEAD -> main
2026-10-01T22:40:35-10:00job:github_sync_all | branch 'main' set up to track 'origin/main'.
2026-10-01T22:40:35-10:00job:github_sync_all | ↑ [ecosystem] 20 files → RootRecord-Software-Solutions/RootRecord-Ecosystem (main)
2026-10-01T22:40:35-10:00job:github_sync_all | ↑ [pacific] committed 1 local file(s)
2026-10-01T22:40:35-10:00job:github_sync_all | ↓ [pacific] fetching origin/main
2026-10-01T22:40:35-10:00job:github_sync_all | From github.com:RootRecord-Software-Solutions/RootRecord-Pacific-Solar-Server
2026-10-01T22:40:35-10:00job:github_sync_all | * branch            main       -> FETCH_HEAD
2026-10-01T22:40:35-10:00job:github_sync_all | ↑ [pacific] local is ahead of GitHub
2026-10-01T22:40:35-10:00job:github_sync_all | To github.com:RootRecord-Software-Solutions/RootRecord-Pacific-Solar-Server.git
2026-10-01T22:40:35-10:00job:github_sync_all | 892d282..b3e1071  HEAD -> main
2026-10-01T22:40:35-10:00job:github_sync_all | branch 'main' set up to track 'origin/main'.
2026-10-01T22:40:35-10:00job:github_sync_all | ↑ [pacific] 1 files → RootRecord-Software-Solutions/RootRecord-Pacific-Solar-Server (main)
2026-10-01T22:40:35-10:00job:github_sync_all | ↑ [database] committed 14 local file(s)
2026-10-01T22:40:35-10:00job:github_sync_all | ↓ [database] fetching origin/main
2026-10-01T22:40:35-10:00job:github_sync_all | From github.com:RootRecord-Software-Solutions/RootRecord-Database
2026-10-01T22:40:35-10:00job:github_sync_all | * branch              main       -> FETCH_HEAD
2026-10-01T22:40:35-10:00job:github_sync_all | ↑ [database] local is ahead of GitHub
2026-10-01T22:40:35-10:00job:github_sync_all | To github.com:RootRecord-Software-Solutions/RootRecord-Database.git
2026-10-01T22:40:35-10:00job:github_sync_all | daf5d3eb..06d84f78  HEAD -> main
2026-10-01T22:40:35-10:00job:github_sync_all | branch 'main' set up to track 'origin/main'.
2026-10-01T22:40:35-10:00job:github_sync_all | ↑ [database] 14 files → RootRecord-Software-Solutions/RootRecord-Database (main)
2026-10-01T22:40:35-10:00job:github_sync_all | ↑ [library] committed 14 local file(s)
2026-10-01T22:40:35-10:00job:github_sync_all | ↓ [library] fetching origin/main
2026-10-01T22:40:35-10:00job:github_sync_all | From github.com:RootRecord-Software-Solutions/RootRecord-Library
2026-10-01T22:40:35-10:00job:github_sync_all | * branch            main       -> FETCH_HEAD
2026-10-01T22:40:35-10:00job:github_sync_all | ↑ [library] local is ahead of GitHub
2026-10-01T22:40:35-10:00job:github_sync_all | To github.com:RootRecord-Software-Solutions/RootRecord-Library.git
2026-10-01T22:40:35-10:00job:github_sync_all | 3b296ef..f9d2f05  HEAD -> main
2026-10-01T22:40:35-10:00job:github_sync_all | branch 'main' set up to track 'origin/main'.
2026-10-01T22:40:35-10:00job:github_sync_all | ↑ [library] 14 files → RootRecord-Software-Solutions/RootRecord-Library (main)
2026-10-01T22:40:35-10:00job:github_sync_all | — [website] no local changes
2026-10-01T22:40:35-10:00job:github_sync_all | ↓ [website] fetching origin/main
2026-10-01T22:40:35-10:00job:github_sync_all | From github.com:RootRecord-Software-Solutions/RootRecord-Website
2026-10-01T22:40:35-10:00job:github_sync_all | * branch            main       -> FETCH_HEAD
2026-10-01T22:40:35-10:00job:security_camera_frame_grab RUN  bash "/home/rootrecord/RootRecord-Ecosystem/1 - Servers/1 - RootRecord-Pacific-Solar-Server/Security/Cameras/grab_all.sh"
2026-10-01T22:40:53-10:00job:security_camera_frame_grab | 22:40:35  📷  a-eyes  ch1 → ch1-20261002T084035Z.jpg  (305.4 KB, 4.26s)
2026-10-01T22:40:53-10:00job:security_camera_frame_grab | 22:40:40  📷  a-eyes  ch2 → ch2-20261002T084040Z.jpg  (280.6 KB, 4.36s)
2026-10-01T22:40:53-10:00job:security_camera_frame_grab | 22:40:44  📷  a-eyes  ch3 → ch3-20261002T084044Z.jpg  (297.1 KB, 4.37s)
2026-10-01T22:40:53-10:00job:security_camera_frame_grab | 22:40:48  📷  a-eyes  ch4 → ch4-20261002T084048Z.jpg  (189.2 KB, 4.40s)
2026-10-01T22:40:53-10:00job:geology_collect RUN  nice -n 10 python3 "/home/rootrecord/RootRecord-Ecosystem/1 - Servers/1 - RootRecord-Pacific-Solar-Server/Geology/scripts/geology_collect.py" all
2026-10-01T22:41:01-10:00job:geology_collect | {"ok": true, "at": "2026-10-01T22:40:53-10:00", "what": "all", "dry_run": false, "sources": {"hawaii": {"ok": true, "count": 52, "new": 0, "new_m2": 0, "ms": 860}, "global": {"ok": true, "count": 29, "new": 0, "ms": 288}, "hvo_notices": {"ok": true, "count": 47, "new": 0, "ms": 6143}, "hvo_status": {"ok": true, "volcanoes": 8, "kilauea": "WATCH", "mauna_loa": "NORMAL", "ms": 629}}}
2026-10-01T22:41:01-10:00job:system_net_sample RUN  nice -n 10 python3 "/home/rootrecord/RootRecord-Ecosystem/1 - Servers/1 - RootRecord-Pacific-Solar-Server/System/scripts/host_desks.py" net-sample
2026-10-01T22:41:01-10:00job:system_net_sample | {"ok": true, "file": "/home/rootrecord/RootRecord-Ecosystem/2 - RootRecord-Database/System/network/Daily/net-20261001.jsonl", "iface": "wlo1", "hour": {"seconds": 3968, "rx": 362597269, "tx": 1076088814, "total": 1438686083, "iface": "wlo1", "link": "wireless"}, "day": {"seconds": 86699, "rx": 11365397032, "tx": 12561492417, "total": 23926889449, "iface": "wlo1", "link": "wireless"}}
2026-10-01T22:41:01-10:00job:discord_report_relay RUN  nice -n 10 python3 "/home/rootrecord/RootRecord-Ecosystem/1 - Servers/1 - RootRecord-Pacific-Solar-Server/Communications/Discord/scripts/report_relay.py"
2026-10-01T22:41:04-10:00job:discord_report_relay | posted nws_weather
2026-10-01T22:41:04-10:00job:discord_report_relay | posted energy_report
2026-10-01T22:41:05-10:00ENERGY  status=live  B2=88.7%  B1=100.0%  solar=0 W  ac=61 W  usbc=0 W  src=/home/rootrecord/RootRecord-Ecosystem/2 - RootRecord-Database/Energy  LAP=100%/Full/AC
2026-10-01T22:41:05-10:00  ▸  ecoflow_read_cycle OK
2026-10-01T22:41:05-10:00job:sys_stats_cycle RUN  bash "/home/rootrecord/RootRecord-Ecosystem/1 - Servers/1 - RootRecord-Pacific-Solar-Server/System/scripts/sys-sample.sh"
2026-10-01T22:41:06-10:00job:sys_stats_cycle | SYSTEM  cpu=3%  load=1.43  mem=73%  src=sqlite
2026-10-01T22:41:06-10:00job:sys_stats_cycle | OK wrote /home/rootrecord/RootRecord-Ecosystem/2 - RootRecord-Database/System/samples/sys-20261001-224105.json
2026-10-01T22:41:39-10:00tunnel timeout — reconnecting
2026-10-01T22:41:41-10:00tunnel timeout — reconnecting
2026-10-01T22:41:48-10:00tunnel connected  conn=2  edge=lax13
2026-10-01T22:42:05-10:00job:github_sync_all | ↑ [ecosystem] committed 20 local file(s)
2026-10-01T22:42:05-10:00job:github_sync_all | ↓ [ecosystem] fetching origin/main
2026-10-01T22:42:05-10:00job:github_sync_all | From github.com:RootRecord-Software-Solutions/RootRecord-Ecosystem
2026-10-01T22:42:05-10:00job:github_sync_all | * branch              main       -> FETCH_HEAD
2026-10-01T22:42:05-10:00job:github_sync_all | ↑ [ecosystem] local is ahead of GitHub
2026-10-01T22:42:05-10:00job:github_sync_all | To github.com:RootRecord-Software-Solutions/RootRecord-Ecosystem.git
2026-10-01T22:42:05-10:00job:github_sync_all | 9f6302b1..b8a0a00d  HEAD -> main
2026-10-01T22:42:05-10:00job:github_sync_all | branch 'main' set up to track 'origin/main'.
2026-10-01T22:42:05-10:00job:github_sync_all | ↑ [ecosystem] 20 files → RootRecord-Software-Solutions/RootRecord-Ecosystem (main)
2026-10-01T22:42:05-10:00job:github_sync_all | ↑ [pacific] committed 5 local file(s)
2026-10-01T22:42:05-10:00job:github_sync_all | ↓ [pacific] fetching origin/main
2026-10-01T22:42:05-10:00job:github_sync_all | From github.com:RootRecord-Software-Solutions/RootRecord-Pacific-Solar-Server
2026-10-01T22:42:05-10:00job:github_sync_all | * branch            main       -> FETCH_HEAD
2026-10-01T22:42:05-10:00job:github_sync_all | ↑ [pacific] local is ahead of GitHub
2026-10-01T22:42:05-10:00job:github_sync_all | To github.com:RootRecord-Software-Solutions/RootRecord-Pacific-Solar-Server.git
2026-10-01T22:42:05-10:00job:github_sync_all | b3e1071..a766fe7  HEAD -> main
2026-10-01T22:42:05-10:00job:github_sync_all | branch 'main' set up to track 'origin/main'.
2026-10-01T22:42:05-10:00job:github_sync_all | ↑ [pacific] 5 files → RootRecord-Software-Solutions/RootRecord-Pacific-Solar-Server (main)
2026-10-01T22:42:05-10:00job:github_sync_all | ↑ [database] committed 22 local file(s)
2026-10-01T22:42:05-10:00job:github_sync_all | ↓ [database] fetching origin/main
2026-10-01T22:42:05-10:00job:github_sync_all | From github.com:RootRecord-Software-Solutions/RootRecord-Database
2026-10-01T22:42:05-10:00job:github_sync_all | * branch              main       -> FETCH_HEAD
2026-10-01T22:42:05-10:00job:github_sync_all | ↑ [database] local is ahead of GitHub
2026-10-01T22:42:05-10:00job:github_sync_all | To github.com:RootRecord-Software-Solutions/RootRecord-Database.git
2026-10-01T22:42:05-10:00job:github_sync_all | 06d84f78..d5852da4  HEAD -> main
2026-10-01T22:42:05-10:00job:github_sync_all | branch 'main' set up to track 'origin/main'.
2026-10-01T22:42:05-10:00job:github_sync_all | ↑ [database] 22 files → RootRecord-Software-Solutions/RootRecord-Database (main)
2026-10-01T22:42:05-10:00job:github_sync_all | — [library] no local changes
2026-10-01T22:42:05-10:00job:github_sync_all | ↓ [library] fetching origin/main
2026-10-01T22:42:05-10:00job:github_sync_all | From github.com:RootRecord-Software-Solutions/RootRecord-Library
2026-10-01T22:42:05-10:00job:github_sync_all | * branch            main       -> FETCH_HEAD
2026-10-01T22:42:05-10:00job:github_sync_all | — [library] local and GitHub already match
2026-10-01T22:42:05-10:00job:github_sync_all | — [library] nothing to push
2026-10-01T22:42:05-10:00job:github_sync_all | ↑ [website] committed 4 local file(s)
2026-10-01T22:42:05-10:00job:github_sync_all | ↓ [website] fetching origin/main
2026-10-01T22:42:05-10:00job:github_sync_all | From github.com:RootRecord-Software-Solutions/RootRecord-Website
2026-10-01T22:42:05-10:00job:github_sync_all | * branch            main       -> FETCH_HEAD
2026-10-01T22:42:05-10:00job:github_sync_all | ↑ [website] local is ahead of GitHub
2026-10-01T22:42:05-10:00job:github_sync_all | To github.com:RootRecord-Software-Solutions/RootRecord-Website.git
2026-10-01T22:42:05-10:00job:github_sync_all | 679a139..06a5838  HEAD -> main
2026-10-01T22:42:05-10:00job:worklog_scan RUN  bash "/home/rootrecord/RootRecord-Ecosystem/1 - Servers/1 - RootRecord-Pacific-Solar-Server/Reports/scripts/worklog_once.sh"
2026-10-01T22:45:06-10:00job:worklog_scan TIMEOUT after 180s
2026-10-01T22:45:06-10:00job:security_camera_frame_grab RUN  bash "/home/rootrecord/RootRecord-Ecosystem/1 - Servers/1 - RootRecord-Pacific-Solar-Server/Security/Cameras/grab_all.sh"
2026-10-01T22:45:23-10:00job:security_camera_frame_grab | 22:45:06  📷  a-eyes  ch1 → ch1-20261002T084506Z.jpg  (305.2 KB, 4.38s)
2026-10-01T22:45:23-10:00job:security_camera_frame_grab | 22:45:10  📷  a-eyes  ch2 → ch2-20261002T084510Z.jpg  (315.9 KB, 4.39s)
2026-10-01T22:45:23-10:00job:security_camera_frame_grab | 22:45:14  📷  a-eyes  ch3 → ch3-20261002T084514Z.jpg  (289.1 KB, 4.36s)
2026-10-01T22:45:23-10:00job:security_camera_frame_grab | 22:45:19  📷  a-eyes  ch4 → ch4-20261002T084519Z.jpg  (224.0 KB, 4.48s)
2026-10-01T22:45:23-10:00job:status_snapshot RUN  nice -n 10 python3 "/home/rootrecord/RootRecord-Ecosystem/1 - Servers/1 - RootRecord-Pacific-Solar-Server/Website/scripts/live_data_pages.py"
2026-10-01T22:45:23-10:00job:status_snapshot | live-data 6 pages
2026-10-01T22:45:24-10:00job:voice_nws_weather RUN  nice -n 10 python3 "/home/rootrecord/RootRecord-Ecosystem/1 - Servers/1 - RootRecord-Pacific-Solar-Server/Media/Voice/scripts/voice_reports.py" nws_weather
2026-10-01T22:45:53-10:00job:voice_nws_weather | {"ok": true, "report": "nws_weather", "md": "/home/rootrecord/RootRecord-Ecosystem/test-reports/Voice/nws_weather_current.md", "sentences": 8, "voice": {"ok": true, "mode": "stitch", "report": "nws_weather", "agent": "ava", "voice": "af_heart", "speed": 1.0, "wav": "/home/rootrecord/RootRecord-Ecosystem/2 - RootRecord-Database/Media/Audio/Voice/nws_weather_current.wav", "clips_used": 0, "live_sentences": 11, "model_loaded": true, "render_s": 15.49, "sample_rate": 24000, "channels": 1, "subtype": "PCM_16", "duration_s": 27.591, "peak_dbfs": -1.5, "rms_dbfs": -20.95, "lead_silence_ms": 113, "qc": "PASS", "wall_s": 15.57, "peak_rss_mb": 1586, "rc": 0}, "deliver": {"ok": true, "sent": true, "persona": "ava", "chat": "-1004367256267", "message_id": 2476, "transcript": false, "report": true, "photo": false, "plan": {"voice": true, "transcript": false, "report": true}}, "radio": {"ok": true, "report": "nws_weather", "file": "nws_weather_current.opus", "bytes": 81892}}
2026-10-01T22:45:53-10:00ENERGY  status=live  B2=88.7%  B1=100.0%  solar=0 W  ac=61 W  usbc=0 W  src=/home/rootrecord/RootRecord-Ecosystem/2 - RootRecord-Database/Energy  LAP=100%/Full/AC
2026-10-01T22:46:03-10:00  ✗  ecoflow_read_cycle  WAITING
2026-10-01T22:46:03-10:00job:sys_stats_cycle RUN  bash "/home/rootrecord/RootRecord-Ecosystem/1 - Servers/1 - RootRecord-Pacific-Solar-Server/System/scripts/sys-sample.sh"
2026-10-01T22:46:05-10:00job:sys_stats_cycle | SYSTEM  cpu=6%  load=2.85  mem=73%  src=sqlite
2026-10-01T22:46:05-10:00job:sys_stats_cycle | OK wrote /home/rootrecord/RootRecord-Ecosystem/2 - RootRecord-Database/System/samples/sys-20261001-224604.json
2026-10-01T22:47:04-10:00job:github_sync_all | ↑ [ecosystem] committed 27 local file(s)
2026-10-01T22:47:04-10:00job:github_sync_all | ↓ [ecosystem] fetching origin/main
2026-10-01T22:47:04-10:00job:github_sync_all | From github.com:RootRecord-Software-Solutions/RootRecord-Ecosystem
2026-10-01T22:47:04-10:00job:github_sync_all | * branch              main       -> FETCH_HEAD
2026-10-01T22:47:04-10:00job:github_sync_all | ↑ [ecosystem] local is ahead of GitHub
2026-10-01T22:47:04-10:00job:github_sync_all | To github.com:RootRecord-Software-Solutions/RootRecord-Ecosystem.git
2026-10-01T22:47:04-10:00job:github_sync_all | b8a0a00d..b018b081  HEAD -> main
2026-10-01T22:47:04-10:00job:github_sync_all | branch 'main' set up to track 'origin/main'.
2026-10-01T22:47:04-10:00job:github_sync_all | ↑ [ecosystem] 27 files → RootRecord-Software-Solutions/RootRecord-Ecosystem (main)
2026-10-01T22:47:04-10:00job:github_sync_all | ↑ [pacific] committed 1 local file(s)
2026-10-01T22:47:04-10:00job:github_sync_all | ↓ [pacific] fetching origin/main
2026-10-01T22:47:04-10:00job:github_sync_all | From github.com:RootRecord-Software-Solutions/RootRecord-Pacific-Solar-Server
2026-10-01T22:47:04-10:00job:github_sync_all | * branch            main       -> FETCH_HEAD
2026-10-01T22:47:04-10:00job:github_sync_all | ↑ [pacific] local is ahead of GitHub
2026-10-01T22:47:04-10:00job:github_sync_all | To github.com:RootRecord-Software-Solutions/RootRecord-Pacific-Solar-Server.git
2026-10-01T22:47:04-10:00job:github_sync_all | a766fe7..ee57787  HEAD -> main
2026-10-01T22:47:04-10:00job:github_sync_all | branch 'main' set up to track 'origin/main'.
2026-10-01T22:47:04-10:00job:github_sync_all | ↑ [pacific] 1 files → RootRecord-Software-Solutions/RootRecord-Pacific-Solar-Server (main)
2026-10-01T22:47:04-10:00job:github_sync_all | ↑ [database] committed 26 local file(s)
2026-10-01T22:47:04-10:00job:github_sync_all | ↓ [database] fetching origin/main
2026-10-01T22:47:04-10:00job:github_sync_all | From github.com:RootRecord-Software-Solutions/RootRecord-Database
2026-10-01T22:47:04-10:00job:github_sync_all | * branch              main       -> FETCH_HEAD
2026-10-01T22:47:04-10:00job:github_sync_all | ↑ [database] local is ahead of GitHub
2026-10-01T22:47:04-10:00job:github_sync_all | To github.com:RootRecord-Software-Solutions/RootRecord-Database.git
2026-10-01T22:47:04-10:00job:github_sync_all | d5852da4..b505c666  HEAD -> main
2026-10-01T22:47:04-10:00job:github_sync_all | branch 'main' set up to track 'origin/main'.
2026-10-01T22:47:04-10:00job:github_sync_all | ↑ [database] 26 files → RootRecord-Software-Solutions/RootRecord-Database (main)
2026-10-01T22:47:04-10:00job:github_sync_all | ↑ [library] committed 1 local file(s)
2026-10-01T22:47:04-10:00job:github_sync_all | ↓ [library] fetching origin/main
2026-10-01T22:47:04-10:00job:github_sync_all | From github.com:RootRecord-Software-Solutions/RootRecord-Library
2026-10-01T22:47:04-10:00job:github_sync_all | * branch            main       -> FETCH_HEAD
2026-10-01T22:47:04-10:00job:github_sync_all | ↑ [library] local is ahead of GitHub
2026-10-01T22:47:04-10:00job:github_sync_all | To github.com:RootRecord-Software-Solutions/RootRecord-Library.git
2026-10-01T22:47:04-10:00job:github_sync_all | a9aa12a..784f4cf  HEAD -> main
2026-10-01T22:47:04-10:00job:github_sync_all | branch 'main' set up to track 'origin/main'.
2026-10-01T22:47:04-10:00job:github_sync_all | ↑ [library] 1 files → RootRecord-Software-Solutions/RootRecord-Library (main)
2026-10-01T22:47:04-10:00job:github_sync_all | — [website] no local changes
2026-10-01T22:47:04-10:00job:github_sync_all | ↓ [website] fetching origin/main
2026-10-01T22:47:04-10:00job:github_sync_all | From github.com:RootRecord-Software-Solutions/RootRecord-Website
2026-10-01T22:47:04-10:00job:github_sync_all | * branch            main       -> FETCH_HEAD
2026-10-01T22:47:04-10:00job:security_camera_frame_grab RUN  bash "/home/rootrecord/RootRecord-Ecosystem/1 - Servers/1 - RootRecord-Pacific-Solar-Server/Security/Cameras/grab_all.sh"
2026-10-01T22:47:21-10:00job:security_camera_frame_grab | 22:47:04  📷  a-eyes  ch1 → ch1-20261002T084704Z.jpg  (301.3 KB, 4.26s)
2026-10-01T22:47:21-10:00job:security_camera_frame_grab | 22:47:08  📷  a-eyes  ch2 → ch2-20261002T084708Z.jpg  (323.6 KB, 4.47s)
2026-10-01T22:47:21-10:00job:security_camera_frame_grab | 22:47:12  📷  a-eyes  ch3 → ch3-20261002T084712Z.jpg  (333.8 KB, 4.35s)
2026-10-01T22:47:21-10:00job:security_camera_frame_grab | 22:47:17  📷  a-eyes  ch4 → ch4-20261002T084717Z.jpg  (208.9 KB, 4.31s)
2026-10-01T22:47:21-10:00job:service_supervisor RUN  bash "/home/rootrecord/RootRecord-Ecosystem/1 - Servers/1 - RootRecord-Pacific-Solar-Server/Automations/scripts/supervise-services.sh"
2026-10-01T22:47:21-10:00job:service_supervisor | [supervisor] weather alive pid=1988833 (act)
2026-10-01T22:47:21-10:00job:service_supervisor | [supervisor] relay alive pid=1988054 (act)
2026-10-01T22:47:22-10:00ENERGY  status=live  B2=88.7%  B1=100.0%  solar=0 W  ac=61 W  usbc=0 W  src=/home/rootrecord/RootRecord-Ecosystem/2 - RootRecord-Database/Energy  LAP=100%/Full/AC
2026-10-01T22:47:32-10:00  ✗  ecoflow_read_cycle  WAITING
2026-10-01T22:47:32-10:00job:sys_stats_cycle RUN  bash "/home/rootrecord/RootRecord-Ecosystem/1 - Servers/1 - RootRecord-Pacific-Solar-Server/System/scripts/sys-sample.sh"
2026-10-01T22:47:34-10:00job:sys_stats_cycle | SYSTEM  cpu=20%  load=2.31  mem=74%  src=sqlite
2026-10-01T22:47:34-10:00job:sys_stats_cycle | OK wrote /home/rootrecord/RootRecord-Ecosystem/2 - RootRecord-Database/System/samples/sys-20261001-224733.json
2026-10-01T22:48:35-10:00job:github_sync_all | ↑ [ecosystem] committed 11 local file(s)
2026-10-01T22:48:35-10:00job:github_sync_all | ↓ [ecosystem] fetching origin/main
2026-10-01T22:48:35-10:00job:github_sync_all | From github.com:RootRecord-Software-Solutions/RootRecord-Ecosystem
2026-10-01T22:48:35-10:00job:github_sync_all | * branch              main       -> FETCH_HEAD
2026-10-01T22:48:35-10:00job:github_sync_all | ↑ [ecosystem] local is ahead of GitHub
2026-10-01T22:48:35-10:00job:github_sync_all | To github.com:RootRecord-Software-Solutions/RootRecord-Ecosystem.git
2026-10-01T22:48:35-10:00job:github_sync_all | b018b081..d92ba8c9  HEAD -> main
2026-10-01T22:48:35-10:00job:github_sync_all | branch 'main' set up to track 'origin/main'.
2026-10-01T22:48:35-10:00job:github_sync_all | ↑ [ecosystem] 11 files → RootRecord-Software-Solutions/RootRecord-Ecosystem (main)
2026-10-01T22:48:35-10:00job:github_sync_all | ↑ [pacific] committed 1 local file(s)
2026-10-01T22:48:35-10:00job:github_sync_all | ↓ [pacific] fetching origin/main
2026-10-01T22:48:35-10:00job:github_sync_all | From github.com:RootRecord-Software-Solutions/RootRecord-Pacific-Solar-Server
2026-10-01T22:48:35-10:00job:github_sync_all | * branch            main       -> FETCH_HEAD
2026-10-01T22:48:35-10:00job:github_sync_all | ↑ [pacific] local is ahead of GitHub
2026-10-01T22:48:35-10:00job:github_sync_all | To github.com:RootRecord-Software-Solutions/RootRecord-Pacific-Solar-Server.git
2026-10-01T22:48:35-10:00job:github_sync_all | ee57787..208a70e  HEAD -> main
2026-10-01T22:48:35-10:00job:github_sync_all | branch 'main' set up to track 'origin/main'.
2026-10-01T22:48:35-10:00job:github_sync_all | ↑ [pacific] 1 files → RootRecord-Software-Solutions/RootRecord-Pacific-Solar-Server (main)
2026-10-01T22:48:35-10:00job:github_sync_all | ↑ [database] committed 14 local file(s)
2026-10-01T22:48:35-10:00job:github_sync_all | ↓ [database] fetching origin/main
2026-10-01T22:48:35-10:00job:github_sync_all | From github.com:RootRecord-Software-Solutions/RootRecord-Database
2026-10-01T22:48:35-10:00job:github_sync_all | * branch              main       -> FETCH_HEAD
2026-10-01T22:48:35-10:00job:github_sync_all | ↑ [database] local is ahead of GitHub
2026-10-01T22:48:35-10:00job:github_sync_all | To github.com:RootRecord-Software-Solutions/RootRecord-Database.git
2026-10-01T22:48:35-10:00job:github_sync_all | b505c666..0a50a0d0  HEAD -> main
2026-10-01T22:48:35-10:00job:github_sync_all | branch 'main' set up to track 'origin/main'.
2026-10-01T22:48:35-10:00job:github_sync_all | ↑ [database] 14 files → RootRecord-Software-Solutions/RootRecord-Database (main)
2026-10-01T22:48:35-10:00job:github_sync_all | ↑ [library] committed 5 local file(s)
2026-10-01T22:48:35-10:00job:github_sync_all | ↓ [library] fetching origin/main
2026-10-01T22:48:35-10:00job:github_sync_all | From github.com:RootRecord-Software-Solutions/RootRecord-Library
2026-10-01T22:48:35-10:00job:github_sync_all | * branch            main       -> FETCH_HEAD
2026-10-01T22:48:35-10:00job:github_sync_all | ↑ [library] local is ahead of GitHub
2026-10-01T22:48:35-10:00job:github_sync_all | To github.com:RootRecord-Software-Solutions/RootRecord-Library.git
2026-10-01T22:48:35-10:00job:github_sync_all | 784f4cf..c85e50b  HEAD -> main
2026-10-01T22:48:35-10:00job:github_sync_all | branch 'main' set up to track 'origin/main'.
2026-10-01T22:48:35-10:00job:github_sync_all | ↑ [library] 5 files → RootRecord-Software-Solutions/RootRecord-Library (main)
2026-10-01T22:48:35-10:00job:github_sync_all | — [website] no local changes
2026-10-01T22:48:35-10:00job:github_sync_all | ↓ [website] fetching origin/main
2026-10-01T22:48:35-10:00job:github_sync_all | From github.com:RootRecord-Software-Solutions/RootRecord-Website
2026-10-01T22:48:35-10:00job:github_sync_all | * branch            main       -> FETCH_HEAD
2026-10-01T22:48:35-10:00job:worklog_scan RUN  bash "/home/rootrecord/RootRecord-Ecosystem/1 - Servers/1 - RootRecord-Pacific-Solar-Server/Reports/scripts/worklog_once.sh"
2026-10-01T22:51:35-10:00job:worklog_scan TIMEOUT after 180s
2026-10-01T22:51:35-10:00job:geology_collect RUN  nice -n 10 python3 "/home/rootrecord/RootRecord-Ecosystem/1 - Servers/1 - RootRecord-Pacific-Solar-Server/Geology/scripts/geology_collect.py" all
2026-10-01T22:51:42-10:00job:geology_collect | {"ok": true, "at": "2026-10-01T22:51:35-10:00", "what": "all", "dry_run": false, "sources": {"hawaii": {"ok": true, "count": 52, "new": 0, "new_m2": 0, "ms": 980}, "global": {"ok": true, "count": 27, "new": 0, "ms": 303}, "hvo_notices": {"ok": true, "count": 47, "new": 0, "ms": 2205}, "hvo_status": {"ok": true, "volcanoes": 8, "kilauea": "WATCH", "mauna_loa": "NORMAL", "ms": 2800}}}
2026-10-01T22:51:42-10:00job:status_snapshot RUN  nice -n 10 python3 "/home/rootrecord/RootRecord-Ecosystem/1 - Servers/1 - RootRecord-Pacific-Solar-Server/Website/scripts/live_data_pages.py"
2026-10-01T22:51:42-10:00job:status_snapshot | live-data 6 pages
2026-10-01T22:51:42-10:00job:system_net_sample RUN  nice -n 10 python3 "/home/rootrecord/RootRecord-Ecosystem/1 - Servers/1 - RootRecord-Pacific-Solar-Server/System/scripts/host_desks.py" net-sample
2026-10-01T22:51:42-10:00job:system_net_sample | {"ok": true, "file": "/home/rootrecord/RootRecord-Ecosystem/2 - RootRecord-Database/System/network/Daily/net-20261001.jsonl", "iface": "wlo1", "hour": {"seconds": 3812, "rx": 383322365, "tx": 873242696, "total": 1256565061, "iface": "wlo1", "link": "wireless"}, "day": {"seconds": 86500, "rx": 15729485270, "tx": 13215089059, "total": 28944574329, "iface": "wlo1", "link": "wireless"}}
2026-10-01T22:51:42-10:00job:discord_report_relay RUN  nice -n 10 python3 "/home/rootrecord/RootRecord-Ecosystem/1 - Servers/1 - RootRecord-Pacific-Solar-Server/Communications/Discord/scripts/report_relay.py"
2026-10-01T22:51:42-10:00job:discord_report_relay | same
2026-10-01T22:51:43-10:00ENERGY  status=live  B2=88.7%  B1=100.0%  solar=0 W  ac=61 W  usbc=0 W  src=/home/rootrecord/RootRecord-Ecosystem/2 - RootRecord-Database/Energy  LAP=100%/Full/AC
2026-10-01T22:51:53-10:00  ✗  ecoflow_read_cycle  WAITING
2026-10-01T22:51:53-10:00job:sys_stats_cycle RUN  bash "/home/rootrecord/RootRecord-Ecosystem/1 - Servers/1 - RootRecord-Pacific-Solar-Server/System/scripts/sys-sample.sh"
2026-10-01T22:51:55-10:00job:sys_stats_cycle | SYSTEM  cpu=16%  load=3.26  mem=73%  src=sqlite
2026-10-01T22:51:55-10:00job:sys_stats_cycle | OK wrote /home/rootrecord/RootRecord-Ecosystem/2 - RootRecord-Database/System/samples/sys-20261001-225153.json
2026-10-01T22:53:04-10:00job:github_sync_all | ↑ [ecosystem] committed 172 local file(s)
2026-10-01T22:53:04-10:00job:github_sync_all | ↓ [ecosystem] fetching origin/main
2026-10-01T22:53:04-10:00job:github_sync_all | From github.com:RootRecord-Software-Solutions/RootRecord-Ecosystem
2026-10-01T22:53:04-10:00job:github_sync_all | * branch              main       -> FETCH_HEAD
2026-10-01T22:53:04-10:00job:github_sync_all | ↑ [ecosystem] local is ahead of GitHub
2026-10-01T22:53:04-10:00job:github_sync_all | To github.com:RootRecord-Software-Solutions/RootRecord-Ecosystem.git
2026-10-01T22:53:04-10:00job:github_sync_all | d92ba8c9..2f9c077b  HEAD -> main
2026-10-01T22:53:04-10:00job:github_sync_all | branch 'main' set up to track 'origin/main'.
2026-10-01T22:53:04-10:00job:github_sync_all | ↑ [ecosystem] 172 files → RootRecord-Software-Solutions/RootRecord-Ecosystem (main)
2026-10-01T22:53:04-10:00job:github_sync_all | ↑ [pacific] committed 7 local file(s)
2026-10-01T22:53:04-10:00job:github_sync_all | ↓ [pacific] fetching origin/main
2026-10-01T22:53:04-10:00job:github_sync_all | From github.com:RootRecord-Software-Solutions/RootRecord-Pacific-Solar-Server
2026-10-01T22:53:04-10:00job:github_sync_all | * branch            main       -> FETCH_HEAD
2026-10-01T22:53:04-10:00job:github_sync_all | ↑ [pacific] local is ahead of GitHub
2026-10-01T22:53:04-10:00job:github_sync_all | To github.com:RootRecord-Software-Solutions/RootRecord-Pacific-Solar-Server.git
2026-10-01T22:53:04-10:00job:github_sync_all | 208a70e..0f46c88  HEAD -> main
2026-10-01T22:53:04-10:00job:github_sync_all | branch 'main' set up to track 'origin/main'.
2026-10-01T22:53:04-10:00job:github_sync_all | ↑ [pacific] 7 files → RootRecord-Software-Solutions/RootRecord-Pacific-Solar-Server (main)
2026-10-01T22:53:04-10:00job:github_sync_all | ↑ [database] committed 22 local file(s)
2026-10-01T22:53:04-10:00job:github_sync_all | ↓ [database] fetching origin/main
2026-10-01T22:53:04-10:00job:github_sync_all | From github.com:RootRecord-Software-Solutions/RootRecord-Database
2026-10-01T22:53:04-10:00job:github_sync_all | * branch              main       -> FETCH_HEAD
2026-10-01T22:53:04-10:00job:github_sync_all | ↑ [database] local is ahead of GitHub
2026-10-01T22:53:04-10:00job:github_sync_all | To github.com:RootRecord-Software-Solutions/RootRecord-Database.git
2026-10-01T22:53:04-10:00job:github_sync_all | 0a50a0d0..829db5a0  HEAD -> main
2026-10-01T22:53:04-10:00job:github_sync_all | branch 'main' set up to track 'origin/main'.
2026-10-01T22:53:04-10:00job:github_sync_all | ↑ [database] 22 files → RootRecord-Software-Solutions/RootRecord-Database (main)
2026-10-01T22:53:04-10:00job:github_sync_all | ↑ [library] committed 153 local file(s)
2026-10-01T22:53:04-10:00job:github_sync_all | ↓ [library] fetching origin/main
2026-10-01T22:53:04-10:00job:github_sync_all | From github.com:RootRecord-Software-Solutions/RootRecord-Library
2026-10-01T22:53:04-10:00job:github_sync_all | * branch            main       -> FETCH_HEAD
2026-10-01T22:53:04-10:00job:github_sync_all | ↑ [library] local is ahead of GitHub
2026-10-01T22:53:04-10:00job:github_sync_all | To github.com:RootRecord-Software-Solutions/RootRecord-Library.git
2026-10-01T22:53:04-10:00job:github_sync_all | c85e50b..9e558a8  HEAD -> main
2026-10-01T22:53:04-10:00job:github_sync_all | branch 'main' set up to track 'origin/main'.
2026-10-01T22:53:04-10:00job:github_sync_all | ↑ [library] 153 files → RootRecord-Software-Solutions/RootRecord-Library (main)
2026-10-01T22:53:04-10:00job:github_sync_all | ↑ [website] committed 2 local file(s)
2026-10-01T22:53:04-10:00job:github_sync_all | ↓ [website] fetching origin/main
2026-10-01T22:53:04-10:00job:github_sync_all | From github.com:RootRecord-Software-Solutions/RootRecord-Website
2026-10-01T22:53:04-10:00job:github_sync_all | * branch            main       -> FETCH_HEAD
2026-10-01T22:53:04-10:00job:security_camera_frame_grab RUN  bash "/home/rootrecord/RootRecord-Ecosystem/1 - Servers/1 - RootRecord-Pacific-Solar-Server/Security/Cameras/grab_all.sh"
2026-10-01T22:53:22-10:00job:security_camera_frame_grab | 22:53:04  📷  a-eyes  ch1 → ch1-20261002T085304Z.jpg  (305.7 KB, 4.52s)
2026-10-01T22:53:22-10:00job:security_camera_frame_grab | 22:53:09  📷  a-eyes  ch2 → ch2-20261002T085309Z.jpg  (303.5 KB, 4.52s)
2026-10-01T22:53:22-10:00job:security_camera_frame_grab | 22:53:13  📷  a-eyes  ch3 → ch3-20261002T085313Z.jpg  (322.8 KB, 4.27s)
2026-10-01T22:53:22-10:00job:security_camera_frame_grab | 22:53:17  📷  a-eyes  ch4 → ch4-20261002T085317Z.jpg  (196.0 KB, 4.78s)
2026-10-01T22:53:23-10:00ENERGY  status=live  B2=88.7%  B1=100.0%  solar=0 W  ac=61 W  usbc=0 W  src=/home/rootrecord/RootRecord-Ecosystem/2 - RootRecord-Database/Energy  LAP=100%/Full/AC
2026-10-01T22:53:23-10:00  ▸  ecoflow_read_cycle OK
2026-10-01T22:53:23-10:00job:sys_stats_cycle RUN  bash "/home/rootrecord/RootRecord-Ecosystem/1 - Servers/1 - RootRecord-Pacific-Solar-Server/System/scripts/sys-sample.sh"
2026-10-01T22:53:24-10:00job:sys_stats_cycle | SYSTEM  cpu=6%  load=1.43  mem=75%  src=sqlite
2026-10-01T22:53:24-10:00job:sys_stats_cycle | OK wrote /home/rootrecord/RootRecord-Ecosystem/2 - RootRecord-Database/System/samples/sys-20261001-225323.json
2026-10-01T22:54:31-10:00job:github_sync_all | ↑ [ecosystem] committed 111 local file(s)
2026-10-01T22:54:31-10:00job:github_sync_all | ↓ [ecosystem] fetching origin/main
2026-10-01T22:54:31-10:00job:github_sync_all | From github.com:RootRecord-Software-Solutions/RootRecord-Ecosystem
2026-10-01T22:54:31-10:00job:github_sync_all | * branch              main       -> FETCH_HEAD
2026-10-01T22:54:31-10:00job:github_sync_all | ↑ [ecosystem] local is ahead of GitHub
2026-10-01T22:54:31-10:00job:github_sync_all | To github.com:RootRecord-Software-Solutions/RootRecord-Ecosystem.git
2026-10-01T22:54:31-10:00job:github_sync_all | 2f9c077b..8ff5a80b  HEAD -> main
2026-10-01T22:54:31-10:00job:github_sync_all | branch 'main' set up to track 'origin/main'.
2026-10-01T22:54:31-10:00job:github_sync_all | ↑ [ecosystem] 111 files → RootRecord-Software-Solutions/RootRecord-Ecosystem (main)
2026-10-01T22:54:31-10:00job:github_sync_all | ↑ [pacific] committed 15 local file(s)
2026-10-01T22:54:31-10:00job:github_sync_all | ↓ [pacific] fetching origin/main
2026-10-01T22:54:31-10:00job:github_sync_all | From github.com:RootRecord-Software-Solutions/RootRecord-Pacific-Solar-Server
2026-10-01T22:54:31-10:00job:github_sync_all | * branch            main       -> FETCH_HEAD
2026-10-01T22:54:31-10:00job:github_sync_all | ↑ [pacific] local is ahead of GitHub
2026-10-01T22:54:31-10:00job:github_sync_all | To github.com:RootRecord-Software-Solutions/RootRecord-Pacific-Solar-Server.git
2026-10-01T22:54:31-10:00job:github_sync_all | 0f46c88..74b99ed  HEAD -> main
2026-10-01T22:54:31-10:00job:github_sync_all | branch 'main' set up to track 'origin/main'.
2026-10-01T22:54:31-10:00job:github_sync_all | ↑ [pacific] 15 files → RootRecord-Software-Solutions/RootRecord-Pacific-Solar-Server (main)
2026-10-01T22:54:31-10:00job:github_sync_all | ↑ [database] committed 17 local file(s)
2026-10-01T22:54:31-10:00job:github_sync_all | ↓ [database] fetching origin/main
2026-10-01T22:54:31-10:00job:github_sync_all | From github.com:RootRecord-Software-Solutions/RootRecord-Database
2026-10-01T22:54:31-10:00job:github_sync_all | * branch              main       -> FETCH_HEAD
2026-10-01T22:54:31-10:00job:github_sync_all | ↑ [database] local is ahead of GitHub
2026-10-01T22:54:31-10:00job:github_sync_all | To github.com:RootRecord-Software-Solutions/RootRecord-Database.git
2026-10-01T22:54:31-10:00job:github_sync_all | 829db5a0..fa4670e7  HEAD -> main
2026-10-01T22:54:31-10:00job:github_sync_all | branch 'main' set up to track 'origin/main'.
2026-10-01T22:54:31-10:00job:github_sync_all | ↑ [database] 17 files → RootRecord-Software-Solutions/RootRecord-Database (main)
2026-10-01T22:54:31-10:00job:github_sync_all | ↑ [library] committed 86 local file(s)
2026-10-01T22:54:31-10:00job:github_sync_all | ↓ [library] fetching origin/main
2026-10-01T22:54:31-10:00job:github_sync_all | From github.com:RootRecord-Software-Solutions/RootRecord-Library
2026-10-01T22:54:31-10:00job:github_sync_all | * branch            main       -> FETCH_HEAD
2026-10-01T22:54:31-10:00job:github_sync_all | ↑ [library] local is ahead of GitHub
2026-10-01T22:54:31-10:00job:github_sync_all | To github.com:RootRecord-Software-Solutions/RootRecord-Library.git
2026-10-01T22:54:31-10:00job:github_sync_all | 9e558a8..a786893  HEAD -> main
2026-10-01T22:54:31-10:00job:github_sync_all | branch 'main' set up to track 'origin/main'.
2026-10-01T22:54:31-10:00job:github_sync_all | ↑ [library] 86 files → RootRecord-Software-Solutions/RootRecord-Library (main)
2026-10-01T22:54:31-10:00job:github_sync_all | ↑ [website] committed 1 local file(s)
2026-10-01T22:54:31-10:00job:github_sync_all | ↓ [website] fetching origin/main
2026-10-01T22:54:31-10:00job:github_sync_all | From github.com:RootRecord-Software-Solutions/RootRecord-Website
2026-10-01T22:54:31-10:00job:github_sync_all | * branch            main       -> FETCH_HEAD
2026-10-01T22:54:31-10:00job:worklog_scan RUN  bash "/home/rootrecord/RootRecord-Ecosystem/1 - Servers/1 - RootRecord-Pacific-Solar-Server/Reports/scripts/worklog_once.sh"
2026-10-01T22:57:31-10:00job:worklog_scan TIMEOUT after 180s
2026-10-01T22:57:31-10:00job:service_supervisor RUN  bash "/home/rootrecord/RootRecord-Ecosystem/1 - Servers/1 - RootRecord-Pacific-Solar-Server/Automations/scripts/supervise-services.sh"
2026-10-01T22:57:31-10:00job:service_supervisor | [supervisor] weather alive pid=1988833 (act)
2026-10-01T22:57:31-10:00job:service_supervisor | [supervisor] relay alive pid=1988054 (act)
2026-10-01T22:57:31-10:00job:status_snapshot RUN  nice -n 10 python3 "/home/rootrecord/RootRecord-Ecosystem/1 - Servers/1 - RootRecord-Pacific-Solar-Server/Website/scripts/live_data_pages.py"
2026-10-01T22:57:31-10:00job:status_snapshot | live-data 6 pages
2026-10-01T22:57:32-10:00ENERGY  status=live  B2=88.7%  B1=100.0%  solar=0 W  ac=61 W  usbc=0 W  src=/home/rootrecord/RootRecord-Ecosystem/2 - RootRecord-Database/Energy  LAP=100%/Full/AC
2026-10-01T22:57:42-10:00  ✗  ecoflow_read_cycle  WAITING
2026-10-01T22:57:42-10:00job:sys_stats_cycle RUN  bash "/home/rootrecord/RootRecord-Ecosystem/1 - Servers/1 - RootRecord-Pacific-Solar-Server/System/scripts/sys-sample.sh"
2026-10-01T22:57:44-10:00job:sys_stats_cycle | SYSTEM  cpu=14%  load=1.99  mem=75%  src=sqlite
2026-10-01T22:57:44-10:00job:sys_stats_cycle | OK wrote /home/rootrecord/RootRecord-Ecosystem/2 - RootRecord-Database/System/samples/sys-20261001-225743.json
2026-10-01T22:58:44-10:00job:github_sync_all | ↑ [ecosystem] committed 14 local file(s)
2026-10-01T22:58:44-10:00job:github_sync_all | ↓ [ecosystem] fetching origin/main
2026-10-01T22:58:44-10:00job:github_sync_all | From github.com:RootRecord-Software-Solutions/RootRecord-Ecosystem
2026-10-01T22:58:44-10:00job:github_sync_all | * branch              main       -> FETCH_HEAD
2026-10-01T22:58:44-10:00job:github_sync_all | ↑ [ecosystem] local is ahead of GitHub
2026-10-01T22:58:44-10:00job:github_sync_all | To github.com:RootRecord-Software-Solutions/RootRecord-Ecosystem.git
2026-10-01T22:58:44-10:00job:github_sync_all | 8ff5a80b..a1aa2259  HEAD -> main
2026-10-01T22:58:44-10:00job:github_sync_all | branch 'main' set up to track 'origin/main'.
2026-10-01T22:58:44-10:00job:github_sync_all | ↑ [ecosystem] 14 files → RootRecord-Software-Solutions/RootRecord-Ecosystem (main)
2026-10-01T22:58:44-10:00job:github_sync_all | ↑ [pacific] committed 1 local file(s)
2026-10-01T22:58:44-10:00job:github_sync_all | ↓ [pacific] fetching origin/main
2026-10-01T22:58:44-10:00job:github_sync_all | From github.com:RootRecord-Software-Solutions/RootRecord-Pacific-Solar-Server
2026-10-01T22:58:44-10:00job:github_sync_all | * branch            main       -> FETCH_HEAD
2026-10-01T22:58:44-10:00job:github_sync_all | ↑ [pacific] local is ahead of GitHub
2026-10-01T22:58:44-10:00job:github_sync_all | To github.com:RootRecord-Software-Solutions/RootRecord-Pacific-Solar-Server.git
2026-10-01T22:58:44-10:00job:github_sync_all | 74b99ed..0489e86  HEAD -> main
2026-10-01T22:58:44-10:00job:github_sync_all | branch 'main' set up to track 'origin/main'.
2026-10-01T22:58:44-10:00job:github_sync_all | ↑ [pacific] 1 files → RootRecord-Software-Solutions/RootRecord-Pacific-Solar-Server (main)
2026-10-01T22:58:44-10:00job:github_sync_all | ↑ [database] committed 15 local file(s)
2026-10-01T22:58:44-10:00job:github_sync_all | ↓ [database] fetching origin/main
2026-10-01T22:58:44-10:00job:github_sync_all | From github.com:RootRecord-Software-Solutions/RootRecord-Database
2026-10-01T22:58:44-10:00job:github_sync_all | * branch              main       -> FETCH_HEAD
2026-10-01T22:58:44-10:00job:github_sync_all | ↑ [database] local is ahead of GitHub
2026-10-01T22:58:44-10:00job:github_sync_all | To github.com:RootRecord-Software-Solutions/RootRecord-Database.git
2026-10-01T22:58:44-10:00job:github_sync_all | fa4670e7..684504da  HEAD -> main
2026-10-01T22:58:44-10:00job:github_sync_all | branch 'main' set up to track 'origin/main'.
2026-10-01T22:58:44-10:00job:github_sync_all | ↑ [database] 15 files → RootRecord-Software-Solutions/RootRecord-Database (main)
2026-10-01T22:58:44-10:00job:github_sync_all | ↑ [library] committed 8 local file(s)
2026-10-01T22:58:44-10:00job:github_sync_all | ↓ [library] fetching origin/main
2026-10-01T22:58:44-10:00job:github_sync_all | From github.com:RootRecord-Software-Solutions/RootRecord-Library
2026-10-01T22:58:44-10:00job:github_sync_all | * branch            main       -> FETCH_HEAD
2026-10-01T22:58:44-10:00job:github_sync_all | ↑ [library] local is ahead of GitHub
2026-10-01T22:58:44-10:00job:github_sync_all | To github.com:RootRecord-Software-Solutions/RootRecord-Library.git
2026-10-01T22:58:44-10:00job:github_sync_all | a786893..f0bea9c  HEAD -> main
2026-10-01T22:58:44-10:00job:github_sync_all | branch 'main' set up to track 'origin/main'.
2026-10-01T22:58:44-10:00job:github_sync_all | ↑ [library] 8 files → RootRecord-Software-Solutions/RootRecord-Library (main)
2026-10-01T22:58:44-10:00job:github_sync_all | — [website] no local changes
2026-10-01T22:58:44-10:00job:github_sync_all | ↓ [website] fetching origin/main
2026-10-01T22:58:44-10:00job:github_sync_all | From github.com:RootRecord-Software-Solutions/RootRecord-Website
2026-10-01T22:58:44-10:00job:github_sync_all | * branch            main       -> FETCH_HEAD
2026-10-01T22:58:44-10:00job:security_camera_frame_grab RUN  bash "/home/rootrecord/RootRecord-Ecosystem/1 - Servers/1 - RootRecord-Pacific-Solar-Server/Security/Cameras/grab_all.sh"
2026-10-01T22:59:02-10:00job:security_camera_frame_grab | 22:58:44  📷  a-eyes  ch1 → ch1-20261002T085844Z.jpg  (303.6 KB, 4.35s)
2026-10-01T22:59:02-10:00job:security_camera_frame_grab | 22:58:48  📷  a-eyes  ch2 → ch2-20261002T085848Z.jpg  (304.9 KB, 4.46s)
2026-10-01T22:59:02-10:00job:security_camera_frame_grab | 22:58:53  📷  a-eyes  ch3 → ch3-20261002T085853Z.jpg  (326.4 KB, 4.38s)
2026-10-01T22:59:02-10:00job:security_camera_frame_grab | 22:58:57  📷  a-eyes  ch4 → ch4-20261002T085857Z.jpg  (197.4 KB, 4.28s)
2026-10-01T22:59:02-10:00job:geology_collect RUN  nice -n 10 python3 "/home/rootrecord/RootRecord-Ecosystem/1 - Servers/1 - RootRecord-Pacific-Solar-Server/Geology/scripts/geology_collect.py" all
2026-10-01T22:59:11-10:00job:geology_collect | {"ok": true, "at": "2026-10-01T22:59:02-10:00", "what": "all", "dry_run": false, "sources": {"hawaii": {"ok": true, "count": 52, "new": 0, "new_m2": 0, "ms": 751}, "global": {"ok": true, "count": 27, "new": 0, "ms": 260}, "hvo_notices": {"ok": true, "count": 47, "new": 0, "ms": 5330}, "hvo_status": {"ok": true, "volcanoes": 8, "kilauea": "WATCH", "mauna_loa": "NORMAL", "ms": 2791}}}
2026-10-01T22:59:11-10:00job:system_net_sample RUN  nice -n 10 python3 "/home/rootrecord/RootRecord-Ecosystem/1 - Servers/1 - RootRecord-Pacific-Solar-Server/System/scripts/host_desks.py" net-sample
2026-10-01T22:59:11-10:00job:system_net_sample | {"ok": true, "file": "/home/rootrecord/RootRecord-Ecosystem/2 - RootRecord-Database/System/network/Daily/net-20261001.jsonl", "iface": "wlo1", "hour": {"seconds": 3867, "rx": 372353755, "tx": 874582892, "total": 1246936647, "iface": "wlo1", "link": "wireless"}, "day": {"seconds": 86480, "rx": 15324989339, "tx": 13211196624, "total": 28536185963, "iface": "wlo1", "link": "wireless"}}
2026-10-01T22:59:11-10:00job:discord_report_relay RUN  nice -n 10 python3 "/home/rootrecord/RootRecord-Ecosystem/1 - Servers/1 - RootRecord-Pacific-Solar-Server/Communications/Discord/scripts/report_relay.py"
2026-10-01T22:59:11-10:00job:discord_report_relay | same
2026-10-01T22:59:12-10:00ENERGY  status=live  B2=88.7%  B1=100.0%  solar=0 W  ac=61 W  usbc=0 W  src=/home/rootrecord/RootRecord-Ecosystem/2 - RootRecord-Database/Energy  LAP=100%/Full/AC
2026-10-01T22:59:12-10:00  ▸  ecoflow_read_cycle OK
2026-10-01T22:59:12-10:00job:sys_stats_cycle RUN  bash "/home/rootrecord/RootRecord-Ecosystem/1 - Servers/1 - RootRecord-Pacific-Solar-Server/System/scripts/sys-sample.sh"
2026-10-01T22:59:13-10:00job:sys_stats_cycle | SYSTEM  cpu=8%  load=2.04  mem=74%  src=sqlite
2026-10-01T22:59:13-10:00job:sys_stats_cycle | OK wrote /home/rootrecord/RootRecord-Ecosystem/2 - RootRecord-Database/System/samples/sys-20261001-225912.json
2026-10-01T23:00:08-10:00job:github_sync_all | ↑ [ecosystem] committed 14 local file(s)
2026-10-01T23:00:08-10:00job:github_sync_all | ↓ [ecosystem] fetching origin/main
2026-10-01T23:00:08-10:00job:github_sync_all | From github.com:RootRecord-Software-Solutions/RootRecord-Ecosystem
2026-10-01T23:00:08-10:00job:github_sync_all | * branch              main       -> FETCH_HEAD
2026-10-01T23:00:08-10:00job:github_sync_all | ↑ [ecosystem] local is ahead of GitHub
2026-10-01T23:00:08-10:00job:github_sync_all | To github.com:RootRecord-Software-Solutions/RootRecord-Ecosystem.git
2026-10-01T23:00:08-10:00job:github_sync_all | a1aa2259..cca8d445  HEAD -> main
2026-10-01T23:00:08-10:00job:github_sync_all | branch 'main' set up to track 'origin/main'.
2026-10-01T23:00:08-10:00job:github_sync_all | ↑ [ecosystem] 14 files → RootRecord-Software-Solutions/RootRecord-Ecosystem (main)
2026-10-01T23:00:08-10:00job:github_sync_all | ↑ [pacific] committed 1 local file(s)
2026-10-01T23:00:08-10:00job:github_sync_all | ↓ [pacific] fetching origin/main
2026-10-01T23:00:08-10:00job:github_sync_all | From github.com:RootRecord-Software-Solutions/RootRecord-Pacific-Solar-Server
2026-10-01T23:00:08-10:00job:github_sync_all | * branch            main       -> FETCH_HEAD
2026-10-01T23:00:08-10:00job:github_sync_all | ↑ [pacific] local is ahead of GitHub
2026-10-01T23:00:08-10:00job:github_sync_all | To github.com:RootRecord-Software-Solutions/RootRecord-Pacific-Solar-Server.git
2026-10-01T23:00:08-10:00job:github_sync_all | 0489e86..bdff10c  HEAD -> main
2026-10-01T23:00:08-10:00job:github_sync_all | branch 'main' set up to track 'origin/main'.
2026-10-01T23:00:08-10:00job:github_sync_all | ↑ [pacific] 1 files → RootRecord-Software-Solutions/RootRecord-Pacific-Solar-Server (main)
2026-10-01T23:00:08-10:00job:github_sync_all | ↑ [database] committed 21 local file(s)
2026-10-01T23:00:08-10:00job:github_sync_all | ↓ [database] fetching origin/main
2026-10-01T23:00:08-10:00job:github_sync_all | From github.com:RootRecord-Software-Solutions/RootRecord-Database
2026-10-01T23:00:08-10:00job:github_sync_all | * branch              main       -> FETCH_HEAD
2026-10-01T23:00:08-10:00job:github_sync_all | ↑ [database] local is ahead of GitHub
2026-10-01T23:00:08-10:00job:github_sync_all | To github.com:RootRecord-Software-Solutions/RootRecord-Database.git
2026-10-01T23:00:08-10:00job:github_sync_all | 684504da..75439785  HEAD -> main
2026-10-01T23:00:08-10:00job:github_sync_all | branch 'main' set up to track 'origin/main'.
2026-10-01T23:00:08-10:00job:github_sync_all | ↑ [database] 21 files → RootRecord-Software-Solutions/RootRecord-Database (main)
2026-10-01T23:00:08-10:00job:github_sync_all | — [library] no local changes
2026-10-01T23:00:08-10:00job:github_sync_all | ↓ [library] fetching origin/main
2026-10-01T23:00:08-10:00job:github_sync_all | From github.com:RootRecord-Software-Solutions/RootRecord-Library
2026-10-01T23:00:08-10:00job:github_sync_all | * branch            main       -> FETCH_HEAD
2026-10-01T23:00:08-10:00job:github_sync_all | — [library] local and GitHub already match
2026-10-01T23:00:08-10:00job:github_sync_all | — [library] nothing to push
2026-10-01T23:00:08-10:00job:github_sync_all | — [website] no local changes
2026-10-01T23:00:08-10:00job:github_sync_all | ↓ [website] fetching origin/main
2026-10-01T23:00:08-10:00job:github_sync_all | From github.com:RootRecord-Software-Solutions/RootRecord-Website
2026-10-01T23:00:08-10:00job:github_sync_all | * branch            main       -> FETCH_HEAD
2026-10-01T23:00:08-10:00job:github_sync_all | — [website] local and GitHub already match
2026-10-01T23:00:08-10:00job:github_sync_all | — [website] nothing to push
2026-10-01T23:00:08-10:00job:github_sync_all | — [website-personal] no local changes
2026-10-01T23:00:08-10:00job:worklog_scan RUN  bash "/home/rootrecord/RootRecord-Ecosystem/1 - Servers/1 - RootRecord-Pacific-Solar-Server/Reports/scripts/worklog_once.sh"
2026-10-01T23:03:08-10:00job:worklog_scan TIMEOUT after 180s
2026-10-01T23:03:08-10:00job:security_camera_frame_grab RUN  bash "/home/rootrecord/RootRecord-Ecosystem/1 - Servers/1 - RootRecord-Pacific-Solar-Server/Security/Cameras/grab_all.sh"
2026-10-01T23:03:27-10:00job:security_camera_frame_grab | 23:03:08  📷  a-eyes  ch1 → ch1-20261002T090308Z.jpg  (300.3 KB, 4.41s)
2026-10-01T23:03:27-10:00job:security_camera_frame_grab | 23:03:13  📷  a-eyes  ch2 → ch2-20261002T090313Z.jpg  (309.9 KB, 4.67s)
2026-10-01T23:03:27-10:00job:security_camera_frame_grab | 23:03:17  📷  a-eyes  ch3 → ch3-20261002T090317Z.jpg  (330.2 KB, 4.62s)
2026-10-01T23:03:27-10:00job:security_camera_frame_grab | 23:03:22  📷  a-eyes  ch4 → ch4-20261002T090322Z.jpg  (223.7 KB, 4.53s)
2026-10-01T23:03:27-10:00job:status_snapshot RUN  nice -n 10 python3 "/home/rootrecord/RootRecord-Ecosystem/1 - Servers/1 - RootRecord-Pacific-Solar-Server/Website/scripts/live_data_pages.py"
2026-10-01T23:03:27-10:00job:status_snapshot | live-data 6 pages
2026-10-01T23:03:27-10:00job:voice_system_perf RUN  nice -n 10 python3 "/home/rootrecord/RootRecord-Ecosystem/1 - Servers/1 - RootRecord-Pacific-Solar-Server/Media/Voice/scripts/system_perf.py"
2026-10-01T23:03:32-10:00job:voice_system_perf | {"ok": true, "report": "system_perf", "md": "/home/rootrecord/RootRecord-Ecosystem/test-reports/Voice/system_perf_current.md", "cpu_pct": 15.9, "mem_pct": 73.4, "voice_rc": 1, "voice": {}}
2026-10-01T23:03:32-10:00job:voice_energy_report RUN  nice -n 10 python3 "/home/rootrecord/RootRecord-Ecosystem/1 - Servers/1 - RootRecord-Pacific-Solar-Server/Media/Voice/scripts/voice_reports.py" energy_report
2026-10-01T23:05:17-10:00HTTP listening on http://127.0.0.1:8799 (open access on bind)
2026-10-01T23:05:17-10:00boot:start  jobs=10
2026-10-01T23:05:17-10:00boot:run  priority=0  id=self_terminal
2026-10-01T23:05:17-10:00boot:p0 self_process pid=3354
2026-10-01T23:05:17-10:00boot:run  priority=1  id=cloudflare_tunnel
2026-10-01T23:05:22-10:00job:cloudflare_tunnel SKIP — offline (will retry when internet is up)
2026-10-01T23:05:22-10:00boot:run  priority=2  id=github_setup_remotes
2026-10-01T23:05:29-10:00job:github_setup_remotes SKIP — offline (will retry when internet is up)
2026-10-01T23:05:29-10:00boot:run  priority=3  id=ollama_warmup
2026-10-01T23:05:29-10:00job:ollama_warmup RUN  bash '/home/rootrecord/RootRecord-Ecosystem/1 - Servers/1 - RootRecord-Pacific-Solar-Server/System/scripts/plumbing/ollama-warmup.sh'
2026-10-01T23:05:29-10:00job:ollama_warmup | [ok] ollama up
2026-10-01T23:05:29-10:00boot:run  priority=4  id=flm_npu_warmup
2026-10-01T23:05:29-10:00job:flm_npu_warmup RUN  bash '/home/rootrecord/RootRecord-Ecosystem/1 - Servers/1 - RootRecord-Pacific-Solar-Server/System/scripts/plumbing/flm-warmup.sh'
2026-10-01T23:05:29-10:00job:flm_npu_warmup | [skip] FLM warmup disabled (no resident model; set FLM_WARMUP_RESIDENT=1 to opt in)
2026-10-01T23:05:29-10:00boot:run  priority=5  id=council_relay
2026-10-01T23:05:37-10:00job:council_relay SKIP — offline (will retry when internet is up)
2026-10-01T23:05:37-10:00boot:run  priority=6  id=security_camera_server
2026-10-01T23:05:37-10:00job:security_camera_server RUN  bash "/home/rootrecord/RootRecord-Ecosystem/1 - Servers/1 - RootRecord-Pacific-Solar-Server/Security/Cameras/ensure_cam_server.sh"
2026-10-01T23:05:37-10:00job:security_camera_server | security cam server started
2026-10-01T23:05:37-10:00boot:run  priority=7  id=security_timelapse_catchup
2026-10-01T23:05:37-10:00job:security_timelapse_catchup RUN  bash "/home/rootrecord/RootRecord-Ecosystem/1 - Servers/1 - RootRecord-Pacific-Solar-Server/Security/Cameras/timelapse_catchup.sh"
2026-10-01T23:05:37-10:00job:security_timelapse_catchup | 23:05:37  🎬  a-eyes-timelapse  catchup: checking 20261001, now=23:05 HST
2026-10-01T23:05:37-10:00job:security_timelapse_catchup | 23:05:37  🎬  a-eyes-timelapse  hour 05 has no frames yet, skipping
2026-10-01T23:05:37-10:00job:security_timelapse_catchup | 23:05:37  🎬  a-eyes-timelapse  hour 06 has no frames yet, skipping
2026-10-01T23:05:37-10:00job:security_timelapse_catchup | 23:05:37  🎬  a-eyes-timelapse  hour 07 has no frames yet, skipping
2026-10-01T23:05:37-10:00job:security_timelapse_catchup | 23:05:37  🎬  a-eyes-timelapse  hour 08 already compiled, skipping
2026-10-01T23:05:37-10:00job:security_timelapse_catchup | 23:05:37  🎬  a-eyes-timelapse  hour 09 already compiled, skipping
2026-10-01T23:05:37-10:00job:security_timelapse_catchup | 23:05:37  🎬  a-eyes-timelapse  hour 10 already compiled, skipping
2026-10-01T23:05:37-10:00job:security_timelapse_catchup | 23:05:37  🎬  a-eyes-timelapse  hour 11 already compiled, skipping
2026-10-01T23:05:37-10:00job:security_timelapse_catchup | 23:05:37  🎬  a-eyes-timelapse  hour 12 already compiled, skipping
2026-10-01T23:05:37-10:00job:security_timelapse_catchup | 23:05:37  🎬  a-eyes-timelapse  hour 13 already compiled, skipping
2026-10-01T23:05:37-10:00job:security_timelapse_catchup | 23:05:37  🎬  a-eyes-timelapse  hour 14 already compiled, skipping
2026-10-01T23:05:37-10:00job:security_timelapse_catchup | 23:05:37  🎬  a-eyes-timelapse  hour 15 already compiled, skipping
2026-10-01T23:05:37-10:00job:security_timelapse_catchup | 23:05:37  🎬  a-eyes-timelapse  hour 16 already compiled, skipping
2026-10-01T23:05:37-10:00job:security_timelapse_catchup | 23:05:37  🎬  a-eyes-timelapse  hour 17 already compiled, skipping
2026-10-01T23:05:37-10:00job:security_timelapse_catchup | 23:05:37  🎬  a-eyes-timelapse  hour 18 already compiled, skipping
2026-10-01T23:05:37-10:00job:security_timelapse_catchup | 23:05:37  🎬  a-eyes-timelapse  daily render already done, skipping
2026-10-01T23:05:37-10:00boot:run  priority=8  id=weather_poller
2026-10-01T23:05:37-10:00job:weather_poller RUN  bash "/home/rootrecord/RootRecord-Ecosystem/1 - Servers/1 - RootRecord-Pacific-Solar-Server/Weather/scripts/ensure-weather-poller.sh"
2026-10-01T23:05:38-10:00job:weather_poller | [ensure-weather-poller] starting -- entry=/home/rootrecord/RootRecord-Ecosystem/1 - Servers/1 - RootRecord-Pacific-Solar-Server/Weather/scripts/run_poller.py log=/home/rootrecord/RootRecord-Ecosystem/2 - RootRecord-Database/Weather/Hawai'i/logs/weather-poller.log
2026-10-01T23:05:38-10:00job:weather_poller | [ensure-weather-poller] verify: weather poller is running
2026-10-01T23:05:38-10:00boot:run  priority=9  id=network_globe_hawaii
2026-10-01T23:05:38-10:00job:network_globe_hawaii RUN  bash "/home/rootrecord/RootRecord-Ecosystem/1 - Servers/1 - RootRecord-Pacific-Solar-Server/Communications/network/scripts/ensure-network-globe-hawaii.sh"
2026-10-01T23:05:39-10:00job:network_globe_hawaii | [ensure-network-globe-hawaii] starting network-globe-hawaii.service
2026-10-01T23:05:39-10:00job:network_globe_hawaii | [ensure-network-globe-hawaii] verify: network-globe-hawaii.service is active
2026-10-01T23:05:39-10:00boot:done
2026-10-01T23:07:03-10:00  ▸  SUMMARY=delta2 soc=2.29% solar=0W ac_out=0W usbc=15W src=ble db=ok
2026-10-01T23:07:03-10:00scheduler  every_seconds=11  every_minute=12  every_hour=4  on_at=10
2026-10-01T23:07:03-10:00ENERGY  status=live  B2=2.3%  B1=99.4%  solar=0 W  ac=0 W  usbc=15 W  src=/home/rootrecord/RootRecord-Ecosystem/2 - RootRecord-Database/Energy  LAP=100%/Full/AC
2026-10-01T23:07:03-10:00job:sys_stats_cycle RUN  bash "/home/rootrecord/RootRecord-Ecosystem/1 - Servers/1 - RootRecord-Pacific-Solar-Server/System/scripts/sys-sample.sh"
2026-10-01T23:07:05-10:00job:sys_stats_cycle | SYSTEM  cpu=24%  load=2.05  mem=26%  src=sqlite
2026-10-01T23:07:05-10:00job:sys_stats_cycle | OK wrote /home/rootrecord/RootRecord-Ecosystem/2 - RootRecord-Database/System/samples/sys-20261001-230703.json
2026-10-01T23:08:29-10:00job:github_sync_all | ↑ [ecosystem] committed 332 local file(s)
2026-10-01T23:08:29-10:00job:github_sync_all | ↓ [ecosystem] fetching origin/main
2026-10-01T23:08:29-10:00job:github_sync_all | From github.com:RootRecord-Software-Solutions/RootRecord-Ecosystem
2026-10-01T23:08:29-10:00job:github_sync_all | * branch              main       -> FETCH_HEAD
2026-10-01T23:08:29-10:00job:github_sync_all | ↑ [ecosystem] local is ahead of GitHub
2026-10-01T23:08:29-10:00job:github_sync_all | To github.com:RootRecord-Software-Solutions/RootRecord-Ecosystem.git
2026-10-01T23:08:29-10:00job:github_sync_all | cca8d445..ad0292d5  HEAD -> main
2026-10-01T23:08:29-10:00job:github_sync_all | branch 'main' set up to track 'origin/main'.
2026-10-01T23:08:29-10:00job:github_sync_all | ↑ [ecosystem] 332 files → RootRecord-Software-Solutions/RootRecord-Ecosystem (main)
2026-10-01T23:08:29-10:00job:github_sync_all | ↑ [pacific] committed 35 local file(s)
2026-10-01T23:08:29-10:00job:github_sync_all | ↓ [pacific] fetching origin/main
2026-10-01T23:08:29-10:00job:github_sync_all | From github.com:RootRecord-Software-Solutions/RootRecord-Pacific-Solar-Server
2026-10-01T23:08:29-10:00job:github_sync_all | * branch            main       -> FETCH_HEAD
2026-10-01T23:08:29-10:00job:github_sync_all | ↑ [pacific] local is ahead of GitHub
2026-10-01T23:08:29-10:00job:github_sync_all | To github.com:RootRecord-Software-Solutions/RootRecord-Pacific-Solar-Server.git
2026-10-01T23:08:29-10:00job:github_sync_all | bdff10c..585a6be  HEAD -> main
2026-10-01T23:08:29-10:00job:github_sync_all | branch 'main' set up to track 'origin/main'.
2026-10-01T23:08:29-10:00job:github_sync_all | ↑ [pacific] 35 files → RootRecord-Software-Solutions/RootRecord-Pacific-Solar-Server (main)
2026-10-01T23:08:29-10:00job:github_sync_all | ↑ [database] committed 34 local file(s)
2026-10-01T23:08:29-10:00job:github_sync_all | ↓ [database] fetching origin/main
2026-10-01T23:08:29-10:00job:github_sync_all | From github.com:RootRecord-Software-Solutions/RootRecord-Database
2026-10-01T23:08:29-10:00job:github_sync_all | * branch              main       -> FETCH_HEAD
2026-10-01T23:08:29-10:00job:github_sync_all | ↑ [database] local is ahead of GitHub
2026-10-01T23:08:29-10:00job:github_sync_all | To github.com:RootRecord-Software-Solutions/RootRecord-Database.git
2026-10-01T23:08:29-10:00job:github_sync_all | 75439785..ee54bdf0  HEAD -> main
2026-10-01T23:08:29-10:00job:github_sync_all | branch 'main' set up to track 'origin/main'.
2026-10-01T23:08:29-10:00job:github_sync_all | ↑ [database] 34 files → RootRecord-Software-Solutions/RootRecord-Database (main)
2026-10-01T23:08:29-10:00job:github_sync_all | ↑ [library] committed 271 local file(s)
2026-10-01T23:08:29-10:00job:github_sync_all | ↓ [library] fetching origin/main
2026-10-01T23:08:29-10:00job:github_sync_all | From github.com:RootRecord-Software-Solutions/RootRecord-Library
2026-10-01T23:08:29-10:00job:github_sync_all | * branch            main       -> FETCH_HEAD
2026-10-01T23:08:29-10:00job:github_sync_all | ↑ [library] local is ahead of GitHub
2026-10-01T23:08:29-10:00job:github_sync_all | To github.com:RootRecord-Software-Solutions/RootRecord-Library.git
2026-10-01T23:08:29-10:00job:github_sync_all | f0bea9c..18ffd35  HEAD -> main
2026-10-01T23:08:29-10:00job:github_sync_all | branch 'main' set up to track 'origin/main'.
2026-10-01T23:08:29-10:00job:github_sync_all | ↑ [library] 271 files → RootRecord-Software-Solutions/RootRecord-Library (main)
2026-10-01T23:08:29-10:00job:github_sync_all | — [website] no local changes
2026-10-01T23:08:29-10:00job:github_sync_all | ↓ [website] fetching origin/main
2026-10-01T23:08:29-10:00job:github_sync_all | From github.com:RootRecord-Software-Solutions/RootRecord-Website
2026-10-01T23:08:29-10:00job:github_sync_all | * branch            main       -> FETCH_HEAD
2026-10-01T23:08:29-10:00job:worklog_scan RUN  bash "/home/rootrecord/RootRecord-Ecosystem/1 - Servers/1 - RootRecord-Pacific-Solar-Server/Reports/scripts/worklog_once.sh"
2026-10-01T23:11:29-10:00job:worklog_scan TIMEOUT after 180s
2026-10-01T23:11:29-10:00job:security_camera_frame_grab RUN  bash "/home/rootrecord/RootRecord-Ecosystem/1 - Servers/1 - RootRecord-Pacific-Solar-Server/Security/Cameras/grab_all.sh"
2026-10-01T23:11:47-10:00job:security_camera_frame_grab | 23:11:29  📷  a-eyes  ch1 → ch1-20261002T091129Z.jpg  (297.6 KB, 4.50s)
2026-10-01T23:11:47-10:00job:security_camera_frame_grab | 23:11:34  📷  a-eyes  ch2 → ch2-20261002T091134Z.jpg  (310.1 KB, 4.43s)
2026-10-01T23:11:47-10:00job:security_camera_frame_grab | 23:11:38  📷  a-eyes  ch3 → ch3-20261002T091138Z.jpg  (315.9 KB, 4.46s)
2026-10-01T23:11:47-10:00job:security_camera_frame_grab | 23:11:43  📷  a-eyes  ch4 → ch4-20261002T091143Z.jpg  (236.5 KB, 4.72s)
2026-10-01T23:11:47-10:00job:service_supervisor RUN  bash "/home/rootrecord/RootRecord-Ecosystem/1 - Servers/1 - RootRecord-Pacific-Solar-Server/Automations/scripts/supervise-services.sh"
2026-10-01T23:11:50-10:00job:service_supervisor | [supervisor] weather alive pid=5236 (act)
2026-10-01T23:11:50-10:00job:service_supervisor | [supervisor] WARN relay dead — respawning via ensure-relay.sh (attempt 1/3 in 1800s)
2026-10-01T23:11:50-10:00job:service_supervisor | [supervisor] relay ensure rc=0: [ok] council-relay started pid=203304 → /home/rootrecord/RootRecord-Ecosystem/2 - RootRecord-Database/Logs/Communications/council-relay.log
2026-10-01T23:11:51-10:00job:geology_collect RUN  nice -n 10 python3 "/home/rootrecord/RootRecord-Ecosystem/1 - Servers/1 - RootRecord-Pacific-Solar-Server/Geology/scripts/geology_collect.py" all
2026-10-01T23:11:56-10:00job:geology_collect | {"ok": true, "at": "2026-10-01T23:11:51-10:00", "what": "all", "dry_run": false, "sources": {"hawaii": {"ok": true, "count": 49, "new": 0, "new_m2": 0, "ms": 456}, "global": {"ok": true, "count": 27, "new": 0, "ms": 292}, "hvo_notices": {"ok": true, "count": 47, "new": 0, "ms": 915}, "hvo_status": {"ok": true, "volcanoes": 8, "kilauea": "WATCH", "mauna_loa": "NORMAL", "ms": 3788}}}
2026-10-01T23:11:56-10:00job:status_snapshot RUN  nice -n 10 python3 "/home/rootrecord/RootRecord-Ecosystem/1 - Servers/1 - RootRecord-Pacific-Solar-Server/Website/scripts/live_data_pages.py"
2026-10-01T23:11:56-10:00job:status_snapshot | live-data 6 pages
2026-10-01T23:11:56-10:00job:system_net_sample RUN  nice -n 10 python3 "/home/rootrecord/RootRecord-Ecosystem/1 - Servers/1 - RootRecord-Pacific-Solar-Server/System/scripts/host_desks.py" net-sample
2026-10-01T23:11:56-10:00job:system_net_sample | {"ok": true, "file": "/home/rootrecord/RootRecord-Ecosystem/2 - RootRecord-Database/System/network/Daily/net-20261001.jsonl", "iface": "wlo1", "hour": null, "day": null}
2026-10-01T23:11:56-10:00job:discord_report_relay RUN  nice -n 10 python3 "/home/rootrecord/RootRecord-Ecosystem/1 - Servers/1 - RootRecord-Pacific-Solar-Server/Communications/Discord/scripts/report_relay.py"
2026-10-01T23:11:57-10:00job:discord_report_relay | posted system_perf
2026-10-01T23:11:57-10:00job:radio_rss_poll RUN  nice -n 10 python3 "/home/rootrecord/RootRecord-Ecosystem/1 - Servers/1 - RootRecord-Pacific-Solar-Server/Media/RadioRss/scripts/rss_radio.py" poll
2026-10-01T23:12:18-10:00job:radio_rss_poll | {"ok": true, "polled": [{"feed": "bbc_business", "ok": true, "items": 20, "duplicates": 18}, {"feed": "bea_news", "ok": true, "items": 20, "duplicates": 20}, {"feed": "breaking_defense", "ok": true, "items": 15, "duplicates": 14}, {"feed": "civil_beat", "ok": true, "items": 0}, {"feed": "defense_news", "ok": true, "items": 20, "duplicates": 20}, {"feed": "esa_human_spaceflight", "ok": true, "items": 15, "duplicates": 0}, {"feed": "esa_space_science", "ok": true, "items": 15, "duplicates": 0}, {"feed": "esa_top_news", "ok": true, "items": 9, "duplicates": 0}, {"feed": "fed_monetary", "ok": true, "items": 0}, {"feed": "github_changelog", "ok": true, "items": 10, "duplicates": 0}, {"feed": "hawaii_governor", "ok": true, "items": 10, "duplicates": 6}, {"feed": "jpl_news", "ok": false}], "composed": ["c_1c846a84cafa93c6", "c_5bb62b025596c649", "c_78cb53e4da93b326", "c_8f7b7788b848984d", "c_6d09da153b93ef7c", "c_21123fde58d9f033", "c_8259a69b9c38978a", "c_47e55e08b43701d5", "c_2acf3b377fe23921", "c_8de5440c7718087b", "c_1ea66c0b4ab7a4d5", "c_79d3efb8930ee33c", "c_0ff5a3a5b4c734f2", "c_49a57ea5f230d0be", "c_5f03b202b51a2220", "c_9bce90192d87af55", "c_a63a50b3be020681", "c_cca76d1e412e131b", "c_7efbaa73e85cfa93", "c_db18f0cbcd7cfbc9"]}
2026-10-01T23:12:18-10:00ENERGY  status=live  B2=1.4%  B1=98.4%  solar=0 W  ac=0 W  usbc=16 W  src=/home/rootrecord/RootRecord-Ecosystem/2 - RootRecord-Database/Energy  LAP=100%/Full/AC
2026-10-01T23:12:18-10:00job:sys_stats_cycle RUN  bash "/home/rootrecord/RootRecord-Ecosystem/1 - Servers/1 - RootRecord-Pacific-Solar-Server/System/scripts/sys-sample.sh"
2026-10-01T23:12:20-10:00job:sys_stats_cycle | SYSTEM  cpu=7%  load=1.58  mem=27%  src=sqlite
2026-10-01T23:12:20-10:00job:sys_stats_cycle | OK wrote /home/rootrecord/RootRecord-Ecosystem/2 - RootRecord-Database/System/samples/sys-20261001-231218.json
2026-10-01T23:13:43-10:00job:github_sync_all | ↑ [ecosystem] committed 127 local file(s)
2026-10-01T23:13:43-10:00job:github_sync_all | ↓ [ecosystem] fetching origin/main
2026-10-01T23:13:43-10:00job:github_sync_all | From github.com:RootRecord-Software-Solutions/RootRecord-Ecosystem
2026-10-01T23:13:43-10:00job:github_sync_all | * branch              main       -> FETCH_HEAD
2026-10-01T23:13:43-10:00job:github_sync_all | ↑ [ecosystem] local is ahead of GitHub
2026-10-01T23:13:43-10:00job:github_sync_all | To github.com:RootRecord-Software-Solutions/RootRecord-Ecosystem.git
2026-10-01T23:13:43-10:00job:github_sync_all | ad0292d5..6885030f  HEAD -> main
2026-10-01T23:13:43-10:00job:github_sync_all | branch 'main' set up to track 'origin/main'.
2026-10-01T23:13:43-10:00job:github_sync_all | ↑ [ecosystem] 127 files → RootRecord-Software-Solutions/RootRecord-Ecosystem (main)
2026-10-01T23:13:43-10:00job:github_sync_all | ↑ [pacific] committed 5 local file(s)
2026-10-01T23:13:43-10:00job:github_sync_all | ↓ [pacific] fetching origin/main
2026-10-01T23:13:43-10:00job:github_sync_all | From github.com:RootRecord-Software-Solutions/RootRecord-Pacific-Solar-Server
2026-10-01T23:13:43-10:00job:github_sync_all | * branch            main       -> FETCH_HEAD
2026-10-01T23:13:43-10:00job:github_sync_all | ↑ [pacific] local is ahead of GitHub
2026-10-01T23:13:43-10:00job:github_sync_all | To github.com:RootRecord-Software-Solutions/RootRecord-Pacific-Solar-Server.git
2026-10-01T23:13:43-10:00job:github_sync_all | 585a6be..414bc7c  HEAD -> main
2026-10-01T23:13:43-10:00job:github_sync_all | branch 'main' set up to track 'origin/main'.
2026-10-01T23:13:43-10:00job:github_sync_all | ↑ [pacific] 5 files → RootRecord-Software-Solutions/RootRecord-Pacific-Solar-Server (main)
2026-10-01T23:13:43-10:00job:github_sync_all | ↑ [database] committed 152 local file(s)
2026-10-01T23:13:43-10:00job:github_sync_all | ↓ [database] fetching origin/main
2026-10-01T23:13:43-10:00job:github_sync_all | From github.com:RootRecord-Software-Solutions/RootRecord-Database
2026-10-01T23:13:43-10:00job:github_sync_all | * branch              main       -> FETCH_HEAD
2026-10-01T23:13:43-10:00job:github_sync_all | ↑ [database] local is ahead of GitHub
2026-10-01T23:13:43-10:00job:github_sync_all | To github.com:RootRecord-Software-Solutions/RootRecord-Database.git
2026-10-01T23:13:43-10:00job:github_sync_all | ee54bdf0..0ca2c2a4  HEAD -> main
2026-10-01T23:13:43-10:00job:github_sync_all | branch 'main' set up to track 'origin/main'.
2026-10-01T23:13:43-10:00job:github_sync_all | ↑ [database] 152 files → RootRecord-Software-Solutions/RootRecord-Database (main)
2026-10-01T23:13:43-10:00job:github_sync_all | ↑ [library] committed 8 local file(s)
2026-10-01T23:13:43-10:00job:github_sync_all | ↓ [library] fetching origin/main
2026-10-01T23:13:43-10:00job:github_sync_all | From github.com:RootRecord-Software-Solutions/RootRecord-Library
2026-10-01T23:13:43-10:00job:github_sync_all | * branch            main       -> FETCH_HEAD
2026-10-01T23:13:43-10:00job:github_sync_all | ↑ [library] local is ahead of GitHub
2026-10-01T23:13:43-10:00job:github_sync_all | To github.com:RootRecord-Software-Solutions/RootRecord-Library.git
2026-10-01T23:13:43-10:00job:github_sync_all | 18ffd35..eb88493  HEAD -> main
2026-10-01T23:13:43-10:00job:github_sync_all | branch 'main' set up to track 'origin/main'.
2026-10-01T23:13:43-10:00job:github_sync_all | ↑ [library] 8 files → RootRecord-Software-Solutions/RootRecord-Library (main)
2026-10-01T23:13:43-10:00job:github_sync_all | ↑ [website] committed 2 local file(s)
2026-10-01T23:13:43-10:00job:github_sync_all | ↓ [website] fetching origin/main
2026-10-01T23:13:43-10:00job:github_sync_all | From github.com:RootRecord-Software-Solutions/RootRecord-Website
2026-10-01T23:13:43-10:00job:github_sync_all | * branch            main       -> FETCH_HEAD
2026-10-01T23:13:43-10:00job:security_camera_frame_grab RUN  bash "/home/rootrecord/RootRecord-Ecosystem/1 - Servers/1 - RootRecord-Pacific-Solar-Server/Security/Cameras/grab_all.sh"
2026-10-01T23:14:01-10:00job:security_camera_frame_grab | 23:13:43  📷  a-eyes  ch1 → ch1-20261002T091343Z.jpg  (296.1 KB, 4.46s)
2026-10-01T23:14:01-10:00job:security_camera_frame_grab | 23:13:48  📷  a-eyes  ch2 → ch2-20261002T091348Z.jpg  (290.6 KB, 4.49s)
2026-10-01T23:14:01-10:00job:security_camera_frame_grab | 23:13:52  📷  a-eyes  ch3 → ch3-20261002T091352Z.jpg  (316.1 KB, 4.38s)
2026-10-01T23:14:01-10:00job:security_camera_frame_grab | 23:13:57  📷  a-eyes  ch4 → ch4-20261002T091357Z.jpg  (294.1 KB, 4.37s)
2026-10-01T23:14:01-10:00internet OK — starting Cloudflare tunnel (attempt 1)
2026-10-01T23:14:01-10:00Starting cloudflared mode=token public_host=rootserver.rootrecord.cloud
2026-10-01T23:14:01-10:00Waiting for tunnel register (timeout=45s)…
2026-10-01T23:14:01-10:00tunnel starting
2026-10-01T23:14:02-10:00tunnel connected  conn=0  edge=lax13
2026-10-01T23:14:02-10:00Tunnel READY — first connection registered.
2026-10-01T23:14:02-10:00tunnel ingress  rootserver.rootrecord.cloud → 127.0.0.1:8799
2026-10-01T23:14:02-10:00ENERGY  status=live  B2=1.0%  B1=98.1%  solar=0 W  ac=0 W  usbc=18 W  src=/home/rootrecord/RootRecord-Ecosystem/2 - RootRecord-Database/Energy  LAP=100%/Full/AC
2026-10-01T23:14:02-10:00job:sys_stats_cycle RUN  bash "/home/rootrecord/RootRecord-Ecosystem/1 - Servers/1 - RootRecord-Pacific-Solar-Server/System/scripts/sys-sample.sh"
2026-10-01T23:14:03-10:00tunnel connected  conn=1  edge=lax07
2026-10-01T23:14:03-10:00tunnel connected  conn=2  edge=lax13
2026-10-01T23:14:04-10:00job:sys_stats_cycle | SYSTEM  cpu=8%  load=0.88  mem=29%  src=sqlite
2026-10-01T23:14:04-10:00job:sys_stats_cycle | OK wrote /home/rootrecord/RootRecord-Ecosystem/2 - RootRecord-Database/System/samples/sys-20261001-231403.json
2026-10-01T23:14:05-10:00tunnel connected  conn=3  edge=lax11
2026-10-01T23:15:14-10:00job:github_sync_all | ↑ [ecosystem] committed 15 local file(s)
2026-10-01T23:15:14-10:00job:github_sync_all | ↓ [ecosystem] fetching origin/main
2026-10-01T23:15:14-10:00job:github_sync_all | From github.com:RootRecord-Software-Solutions/RootRecord-Ecosystem
2026-10-01T23:15:14-10:00job:github_sync_all | * branch              main       -> FETCH_HEAD
2026-10-01T23:15:14-10:00job:github_sync_all | ↑ [ecosystem] local is ahead of GitHub
2026-10-01T23:15:14-10:00job:github_sync_all | To github.com:RootRecord-Software-Solutions/RootRecord-Ecosystem.git
2026-10-01T23:15:14-10:00job:github_sync_all | 6885030f..9205f86b  HEAD -> main
2026-10-01T23:15:14-10:00job:github_sync_all | branch 'main' set up to track 'origin/main'.
2026-10-01T23:15:14-10:00job:github_sync_all | ↑ [ecosystem] 15 files → RootRecord-Software-Solutions/RootRecord-Ecosystem (main)
2026-10-01T23:15:14-10:00job:github_sync_all | ↑ [pacific] committed 2 local file(s)
2026-10-01T23:15:14-10:00job:github_sync_all | ↓ [pacific] fetching origin/main
2026-10-01T23:15:14-10:00job:github_sync_all | From github.com:RootRecord-Software-Solutions/RootRecord-Pacific-Solar-Server
2026-10-01T23:15:14-10:00job:github_sync_all | * branch            main       -> FETCH_HEAD
2026-10-01T23:15:14-10:00job:github_sync_all | ↑ [pacific] local is ahead of GitHub
2026-10-01T23:15:14-10:00job:github_sync_all | To github.com:RootRecord-Software-Solutions/RootRecord-Pacific-Solar-Server.git
2026-10-01T23:15:14-10:00job:github_sync_all | 414bc7c..b6ee4f2  HEAD -> main
2026-10-01T23:15:14-10:00job:github_sync_all | branch 'main' set up to track 'origin/main'.
2026-10-01T23:15:14-10:00job:github_sync_all | ↑ [pacific] 2 files → RootRecord-Software-Solutions/RootRecord-Pacific-Solar-Server (main)
2026-10-01T23:15:14-10:00job:github_sync_all | ↑ [database] committed 23 local file(s)
2026-10-01T23:15:14-10:00job:github_sync_all | ↓ [database] fetching origin/main
2026-10-01T23:15:14-10:00job:github_sync_all | From github.com:RootRecord-Software-Solutions/RootRecord-Database
2026-10-01T23:15:14-10:00job:github_sync_all | * branch              main       -> FETCH_HEAD
2026-10-01T23:15:14-10:00job:github_sync_all | ↑ [database] local is ahead of GitHub
2026-10-01T23:15:14-10:00job:github_sync_all | To github.com:RootRecord-Software-Solutions/RootRecord-Database.git
2026-10-01T23:15:14-10:00job:github_sync_all | 0ca2c2a4..8dd2f7e6  HEAD -> main
2026-10-01T23:15:14-10:00job:github_sync_all | branch 'main' set up to track 'origin/main'.
2026-10-01T23:15:14-10:00job:github_sync_all | ↑ [database] 23 files → RootRecord-Software-Solutions/RootRecord-Database (main)
2026-10-01T23:15:14-10:00job:github_sync_all | — [library] no local changes
2026-10-01T23:15:14-10:00job:github_sync_all | ↓ [library] fetching origin/main
2026-10-01T23:15:14-10:00job:github_sync_all | From github.com:RootRecord-Software-Solutions/RootRecord-Library
2026-10-01T23:15:14-10:00job:github_sync_all | * branch            main       -> FETCH_HEAD
2026-10-01T23:15:14-10:00job:github_sync_all | — [library] local and GitHub already match
2026-10-01T23:15:14-10:00job:github_sync_all | — [library] nothing to push
2026-10-01T23:15:14-10:00job:github_sync_all | — [website] no local changes
2026-10-01T23:15:14-10:00job:github_sync_all | ↓ [website] fetching origin/main
2026-10-01T23:15:14-10:00job:github_sync_all | From github.com:RootRecord-Software-Solutions/RootRecord-Website
2026-10-01T23:15:14-10:00job:github_sync_all | * branch            main       -> FETCH_HEAD
2026-10-01T23:15:14-10:00job:github_sync_all | — [website] local and GitHub already match
2026-10-01T23:15:14-10:00job:github_sync_all | — [website] nothing to push
2026-10-01T23:15:14-10:00job:github_sync_all | — [website-personal] no local changes
2026-10-01T23:15:14-10:00job:worklog_scan RUN  bash "/home/rootrecord/RootRecord-Ecosystem/1 - Servers/1 - RootRecord-Pacific-Solar-Server/Reports/scripts/worklog_once.sh"
2026-10-01T23:18:14-10:00job:worklog_scan TIMEOUT after 180s
2026-10-01T23:18:14-10:00job:security_camera_frame_grab RUN  bash "/home/rootrecord/RootRecord-Ecosystem/1 - Servers/1 - RootRecord-Pacific-Solar-Server/Security/Cameras/grab_all.sh"
2026-10-01T23:18:32-10:00job:security_camera_frame_grab | 23:18:14  📷  a-eyes  ch1 → ch1-20261002T091814Z.jpg  (300.9 KB, 4.26s)
2026-10-01T23:18:32-10:00job:security_camera_frame_grab | 23:18:18  📷  a-eyes  ch2 → ch2-20261002T091818Z.jpg  (280.0 KB, 4.42s)
2026-10-01T23:18:32-10:00job:security_camera_frame_grab | 23:18:23  📷  a-eyes  ch3 → ch3-20261002T091823Z.jpg  (264.7 KB, 4.63s)
2026-10-01T23:18:32-10:00job:security_camera_frame_grab | 23:18:27  📷  a-eyes  ch4 → ch4-20261002T091827Z.jpg  (263.2 KB, 4.25s)
2026-10-01T23:18:32-10:00job:status_snapshot RUN  nice -n 10 python3 "/home/rootrecord/RootRecord-Ecosystem/1 - Servers/1 - RootRecord-Pacific-Solar-Server/Website/scripts/live_data_pages.py"
2026-10-01T23:18:32-10:00job:status_snapshot | live-data 6 pages
2026-10-01T23:18:32-10:00job:voice_nws_weather RUN  nice -n 10 python3 "/home/rootrecord/RootRecord-Ecosystem/1 - Servers/1 - RootRecord-Pacific-Solar-Server/Media/Voice/scripts/voice_reports.py" nws_weather
2026-10-01T23:18:37-10:00job:voice_nws_weather | {"ok": true, "report": "nws_weather", "md": "/home/rootrecord/RootRecord-Ecosystem/test-reports/Voice/nws_weather_current.md", "sentences": 9, "voice": {"rc": 1}}
2026-10-01T23:18:37-10:00ENERGY  status=live  B2=1.0%  B1=97.7%  solar=0 W  ac=0 W  usbc=0 W  src=/home/rootrecord/RootRecord-Ecosystem/2 - RootRecord-Database/Energy  LAP=100%/Full/AC
2026-10-01T23:18:37-10:00job:sys_stats_cycle RUN  bash "/home/rootrecord/RootRecord-Ecosystem/1 - Servers/1 - RootRecord-Pacific-Solar-Server/System/scripts/sys-sample.sh"
2026-10-01T23:18:39-10:00job:sys_stats_cycle | SYSTEM  cpu=4%  load=2.87  mem=57%  src=sqlite
2026-10-01T23:18:39-10:00job:sys_stats_cycle | OK wrote /home/rootrecord/RootRecord-Ecosystem/2 - RootRecord-Database/System/samples/sys-20261001-231838.json
2026-10-01T23:19:16-10:00tunnel timeout — reconnecting
2026-10-01T23:19:16-10:00tunnel timeout — reconnecting
2026-10-01T23:19:17-10:00tunnel timeout — reconnecting
2026-10-01T23:19:17-10:00tunnel timeout — reconnecting
2026-10-01T23:19:17-10:00tunnel timeout — reconnecting
2026-10-01T23:19:17-10:00tunnel timeout — reconnecting
2026-10-01T23:19:19-10:00tunnel timeout — reconnecting
2026-10-01T23:19:19-10:00tunnel connected  conn=0  edge=lax01
2026-10-01T23:19:23-10:00tunnel connected  conn=2  edge=lax01
2026-10-01T23:19:23-10:00tunnel connected  conn=3  edge=lax09
2026-10-01T23:19:23-10:00tunnel connected  conn=1  edge=lax07
2026-10-01T23:19:48-10:00job:github_sync_all | ↑ [ecosystem] committed 11 local file(s)
2026-10-01T23:19:48-10:00job:github_sync_all | ↓ [ecosystem] fetching origin/main
2026-10-01T23:19:48-10:00job:github_sync_all | From github.com:RootRecord-Software-Solutions/RootRecord-Ecosystem
2026-10-01T23:19:48-10:00job:github_sync_all | * branch              main       -> FETCH_HEAD
2026-10-01T23:19:48-10:00job:github_sync_all | ↑ [ecosystem] local is ahead of GitHub
2026-10-01T23:19:48-10:00job:github_sync_all | To github.com:RootRecord-Software-Solutions/RootRecord-Ecosystem.git
2026-10-01T23:19:48-10:00job:github_sync_all | 9205f86b..2cfe173d  HEAD -> main
2026-10-01T23:19:48-10:00job:github_sync_all | branch 'main' set up to track 'origin/main'.
2026-10-01T23:19:48-10:00job:github_sync_all | ↑ [ecosystem] 11 files → RootRecord-Software-Solutions/RootRecord-Ecosystem (main)
2026-10-01T23:19:48-10:00job:github_sync_all | ↑ [pacific] committed 2 local file(s)
2026-10-01T23:19:48-10:00job:github_sync_all | ↓ [pacific] fetching origin/main
2026-10-01T23:19:48-10:00job:github_sync_all | From github.com:RootRecord-Software-Solutions/RootRecord-Pacific-Solar-Server
2026-10-01T23:19:48-10:00job:github_sync_all | * branch            main       -> FETCH_HEAD
2026-10-01T23:19:48-10:00job:github_sync_all | ↑ [pacific] local is ahead of GitHub
2026-10-01T23:19:48-10:00job:github_sync_all | To github.com:RootRecord-Software-Solutions/RootRecord-Pacific-Solar-Server.git
2026-10-01T23:19:48-10:00job:github_sync_all | b6ee4f2..19fe561  HEAD -> main
2026-10-01T23:19:48-10:00job:github_sync_all | branch 'main' set up to track 'origin/main'.
2026-10-01T23:19:48-10:00job:github_sync_all | ↑ [pacific] 2 files → RootRecord-Software-Solutions/RootRecord-Pacific-Solar-Server (main)
2026-10-01T23:19:48-10:00job:github_sync_all | ↑ [database] committed 19 local file(s)
2026-10-01T23:19:48-10:00job:github_sync_all | ↓ [database] fetching origin/main
2026-10-01T23:19:48-10:00job:github_sync_all | From github.com:RootRecord-Software-Solutions/RootRecord-Database
2026-10-01T23:19:48-10:00job:github_sync_all | * branch              main       -> FETCH_HEAD
2026-10-01T23:19:48-10:00job:github_sync_all | ↑ [database] local is ahead of GitHub
2026-10-01T23:19:48-10:00job:github_sync_all | To github.com:RootRecord-Software-Solutions/RootRecord-Database.git
2026-10-01T23:19:48-10:00job:github_sync_all | 8dd2f7e6..5b7f9c39  HEAD -> main
2026-10-01T23:19:48-10:00job:github_sync_all | branch 'main' set up to track 'origin/main'.
2026-10-01T23:19:48-10:00job:github_sync_all | ↑ [database] 19 files → RootRecord-Software-Solutions/RootRecord-Database (main)
2026-10-01T23:19:48-10:00job:github_sync_all | — [library] no local changes
2026-10-01T23:19:48-10:00job:github_sync_all | ↓ [library] fetching origin/main
2026-10-01T23:19:48-10:00job:github_sync_all | From github.com:RootRecord-Software-Solutions/RootRecord-Library
2026-10-01T23:19:48-10:00job:github_sync_all | * branch            main       -> FETCH_HEAD
2026-10-01T23:19:48-10:00job:github_sync_all | — [library] local and GitHub already match
2026-10-01T23:19:48-10:00job:github_sync_all | — [library] nothing to push
2026-10-01T23:19:48-10:00job:github_sync_all | — [website] no local changes
2026-10-01T23:19:48-10:00job:github_sync_all | ↓ [website] fetching origin/main
2026-10-01T23:19:48-10:00job:github_sync_all | From github.com:RootRecord-Software-Solutions/RootRecord-Website
2026-10-01T23:19:48-10:00job:github_sync_all | * branch            main       -> FETCH_HEAD
2026-10-01T23:19:48-10:00job:github_sync_all | — [website] local and GitHub already match
2026-10-01T23:19:48-10:00job:github_sync_all | — [website] nothing to push
2026-10-01T23:19:48-10:00job:github_sync_all | — [website-personal] no local changes
2026-10-01T23:19:48-10:00job:security_camera_frame_grab RUN  bash "/home/rootrecord/RootRecord-Ecosystem/1 - Servers/1 - RootRecord-Pacific-Solar-Server/Security/Cameras/grab_all.sh"
2026-10-01T23:20:06-10:00job:security_camera_frame_grab | 23:19:48  📷  a-eyes  ch1 → ch1-20261002T091948Z.jpg  (304.7 KB, 4.46s)
2026-10-01T23:20:06-10:00job:security_camera_frame_grab | 23:19:53  📷  a-eyes  ch2 → ch2-20261002T091953Z.jpg  (286.5 KB, 4.37s)
2026-10-01T23:20:06-10:00job:security_camera_frame_grab | 23:19:57  📷  a-eyes  ch3 → ch3-20261002T091957Z.jpg  (267.2 KB, 4.39s)
2026-10-01T23:20:06-10:00job:security_camera_frame_grab | 23:20:02  📷  a-eyes  ch4 → ch4-20261002T092002Z.jpg  (223.0 KB, 4.48s)
2026-10-01T23:20:06-10:00job:service_supervisor RUN  bash "/home/rootrecord/RootRecord-Ecosystem/1 - Servers/1 - RootRecord-Pacific-Solar-Server/Automations/scripts/supervise-services.sh"
2026-10-01T23:20:06-10:00job:service_supervisor | [supervisor] weather alive pid=5236 (act)
2026-10-01T23:20:06-10:00job:service_supervisor | [supervisor] relay alive pid=203304 (act)
2026-10-01T23:20:06-10:00job:geology_collect RUN  nice -n 10 python3 "/home/rootrecord/RootRecord-Ecosystem/1 - Servers/1 - RootRecord-Pacific-Solar-Server/Geology/scripts/geology_collect.py" all
2026-10-01T23:20:13-10:00job:geology_collect | {"ok": true, "at": "2026-10-01T23:20:06-10:00", "what": "all", "dry_run": false, "sources": {"hawaii": {"ok": true, "count": 50, "new": 2, "new_m2": 0, "ms": 455}, "global": {"ok": true, "count": 28, "new": 1, "ms": 283}, "hvo_notices": {"ok": true, "count": 47, "new": 0, "ms": 3949}, "hvo_status": {"ok": true, "volcanoes": 8, "kilauea": "WATCH", "mauna_loa": "NORMAL", "ms": 1678}}}
2026-10-01T23:20:13-10:00job:system_net_sample RUN  nice -n 10 python3 "/home/rootrecord/RootRecord-Ecosystem/1 - Servers/1 - RootRecord-Pacific-Solar-Server/System/scripts/host_desks.py" net-sample
2026-10-01T23:20:13-10:00job:system_net_sample | {"ok": true, "file": "/home/rootrecord/RootRecord-Ecosystem/2 - RootRecord-Database/System/network/Daily/net-20261001.jsonl", "iface": "wlo1", "hour": null, "day": null}
2026-10-01T23:20:13-10:00job:discord_report_relay RUN  nice -n 10 python3 "/home/rootrecord/RootRecord-Ecosystem/1 - Servers/1 - RootRecord-Pacific-Solar-Server/Communications/Discord/scripts/report_relay.py"
2026-10-01T23:20:14-10:00job:discord_report_relay | posted nws_weather
2026-10-01T23:20:14-10:00job:radio_rss_poll RUN  nice -n 10 python3 "/home/rootrecord/RootRecord-Ecosystem/1 - Servers/1 - RootRecord-Pacific-Solar-Server/Media/RadioRss/scripts/rss_radio.py" poll
2026-10-01T23:20:24-10:00job:radio_rss_poll | {"ok": true, "polled": [{"feed": "marketwatch_top", "ok": true, "items": 10, "duplicates": 4}, {"feed": "nasa_artemis", "ok": true, "items": 10, "duplicates": 0}, {"feed": "nasa_jpl", "ok": true, "items": 10, "duplicates": 0}, {"feed": "nasa_news", "ok": true, "items": 10, "duplicates": 0}, {"feed": "nasa_recent", "ok": true, "items": 10, "duplicates": 0}, {"feed": "nasa_station", "ok": true, "items": 10, "duplicates": 0}, {"feed": "nasaspaceflight", "ok": true, "items": 10, "duplicates": 6}, {"feed": "nist_cyber_insights", "ok": true, "items": 20, "duplicates": 0}, {"feed": "nist_cybersecurity", "ok": true, "items": 0, "duplicates": 0}, {"feed": "nist_news", "ok": true, "items": 20, "duplicates": 0}, {"feed": "nsf_news", "ok": true, "items": 15, "duplicates": 0}, {"feed": "ntsb_investigations", "ok": true, "skipped": "robots"}], "composed": ["c_def33f864caaf68c", "c_b3acab8bbf4c30e6", "c_ea9dda90e32348ac", "c_ca494ab91af20be4", "c_fdf76b5a955fb1ca", "c_3aa92bda97e8df54", "c_0f73a12b5a96c60b", "c_50f8507c0decacc0", "c_79a23b478722f211", "c_10eef3344c045091", "c_c19230a324aec6f0", "c_0caf39fa551d415b", "c_31901409a6b0a17b", "c_92d5424a349e71d3", "c_56b52133af14892b", "c_854e396d2a0ba5da", "c_b5881ed4efcb0cc9"]}
2026-10-01T23:20:24-10:00job:radio_news_update RUN  nice -n 10 python3 "/home/rootrecord/RootRecord-Ecosystem/1 - Servers/1 - RootRecord-Pacific-Solar-Server/Media/RadioRss/scripts/rss_radio.py" news-hour --speak
2026-10-01T23:21:19-10:00job:radio_news_update | {"ok": false, "report": "news_update", "words": 709, "hour": 23, "voices": ["carly", "ava", "bruce", "carly", "ava"], "script": "/home/rootrecord/RootRecord-Ecosystem/2 - RootRecord-Database/Media/RadioRss/processed/scripts/news_update/news_update.speak.txt", "polled": 27, "stories": 234, "speak": {"ok": false, "detail": "speak_failed", "code": 1, "persona": "carly"}, "detail": "speak_failed"}
2026-10-01T23:21:19-10:00ENERGY  status=live  B2=1.0%  B1=97.7%  solar=0 W  ac=0 W  usbc=0 W  src=/home/rootrecord/RootRecord-Ecosystem/2 - RootRecord-Database/Energy  LAP=100%/Full/AC
2026-10-01T23:21:19-10:00job:sys_stats_cycle RUN  bash "/home/rootrecord/RootRecord-Ecosystem/1 - Servers/1 - RootRecord-Pacific-Solar-Server/System/scripts/sys-sample.sh"
2026-10-01T23:21:21-10:00job:sys_stats_cycle | SYSTEM  cpu=4%  load=1.30  mem=54%  src=sqlite
2026-10-01T23:21:21-10:00job:sys_stats_cycle | OK wrote /home/rootrecord/RootRecord-Ecosystem/2 - RootRecord-Database/System/samples/sys-20261001-232120.json
2026-10-01T23:22:50-10:00job:github_sync_all | ↑ [ecosystem] committed 221 local file(s)
2026-10-01T23:22:50-10:00job:github_sync_all | ↓ [ecosystem] fetching origin/main
2026-10-01T23:22:50-10:00job:github_sync_all | From github.com:RootRecord-Software-Solutions/RootRecord-Ecosystem
2026-10-01T23:22:50-10:00job:github_sync_all | * branch              main       -> FETCH_HEAD
2026-10-01T23:22:50-10:00job:github_sync_all | ↑ [ecosystem] local is ahead of GitHub
2026-10-01T23:22:50-10:00job:github_sync_all | To github.com:RootRecord-Software-Solutions/RootRecord-Ecosystem.git
2026-10-01T23:22:50-10:00job:github_sync_all | 2cfe173d..7ea2341d  HEAD -> main
2026-10-01T23:22:50-10:00job:github_sync_all | branch 'main' set up to track 'origin/main'.
2026-10-01T23:22:50-10:00job:github_sync_all | ↑ [ecosystem] 221 files → RootRecord-Software-Solutions/RootRecord-Ecosystem (main)
2026-10-01T23:22:50-10:00job:github_sync_all | ↑ [pacific] committed 9 local file(s)
2026-10-01T23:22:50-10:00job:github_sync_all | ↓ [pacific] fetching origin/main
2026-10-01T23:22:50-10:00job:github_sync_all | From github.com:RootRecord-Software-Solutions/RootRecord-Pacific-Solar-Server
2026-10-01T23:22:50-10:00job:github_sync_all | * branch            main       -> FETCH_HEAD
2026-10-01T23:22:50-10:00job:github_sync_all | ↑ [pacific] local is ahead of GitHub
2026-10-01T23:22:50-10:00job:github_sync_all | To github.com:RootRecord-Software-Solutions/RootRecord-Pacific-Solar-Server.git
2026-10-01T23:22:50-10:00job:github_sync_all | 19fe561..5c7a5b4  HEAD -> main
2026-10-01T23:22:50-10:00job:github_sync_all | branch 'main' set up to track 'origin/main'.
2026-10-01T23:22:50-10:00job:github_sync_all | ↑ [pacific] 9 files → RootRecord-Software-Solutions/RootRecord-Pacific-Solar-Server (main)
2026-10-01T23:22:50-10:00job:github_sync_all | ↑ [database] committed 222 local file(s)
2026-10-01T23:22:50-10:00job:github_sync_all | ↓ [database] fetching origin/main
2026-10-01T23:22:50-10:00job:github_sync_all | From github.com:RootRecord-Software-Solutions/RootRecord-Database
2026-10-01T23:22:50-10:00job:github_sync_all | * branch              main       -> FETCH_HEAD
2026-10-01T23:22:50-10:00job:github_sync_all | ↑ [database] local is ahead of GitHub
2026-10-01T23:22:50-10:00job:github_sync_all | To github.com:RootRecord-Software-Solutions/RootRecord-Database.git
2026-10-01T23:22:50-10:00job:github_sync_all | 5b7f9c39..7a658a66  HEAD -> main
2026-10-01T23:22:50-10:00job:github_sync_all | branch 'main' set up to track 'origin/main'.
2026-10-01T23:22:50-10:00job:github_sync_all | ↑ [database] 222 files → RootRecord-Software-Solutions/RootRecord-Database (main)
2026-10-01T23:22:50-10:00job:github_sync_all | ↑ [library] committed 11 local file(s)
2026-10-01T23:22:50-10:00job:github_sync_all | ↓ [library] fetching origin/main
2026-10-01T23:22:50-10:00job:github_sync_all | From github.com:RootRecord-Software-Solutions/RootRecord-Library
2026-10-01T23:22:50-10:00job:github_sync_all | * branch            main       -> FETCH_HEAD
2026-10-01T23:22:50-10:00job:github_sync_all | ↑ [library] local is ahead of GitHub
2026-10-01T23:22:50-10:00job:github_sync_all | To github.com:RootRecord-Software-Solutions/RootRecord-Library.git
2026-10-01T23:22:50-10:00job:github_sync_all | eb88493..8032e5d  HEAD -> main
2026-10-01T23:22:50-10:00job:github_sync_all | branch 'main' set up to track 'origin/main'.
2026-10-01T23:22:50-10:00job:github_sync_all | ↑ [library] 11 files → RootRecord-Software-Solutions/RootRecord-Library (main)
2026-10-01T23:22:50-10:00job:github_sync_all | ↑ [website] committed 3 local file(s)
2026-10-01T23:22:50-10:00job:github_sync_all | ↓ [website] fetching origin/main
2026-10-01T23:22:50-10:00job:github_sync_all | From github.com:RootRecord-Software-Solutions/RootRecord-Website
2026-10-01T23:22:50-10:00job:github_sync_all | * branch            main       -> FETCH_HEAD
2026-10-01T23:22:50-10:00job:worklog_scan RUN  bash "/home/rootrecord/RootRecord-Ecosystem/1 - Servers/1 - RootRecord-Pacific-Solar-Server/Reports/scripts/worklog_once.sh"
2026-10-01T23:25:50-10:00job:worklog_scan TIMEOUT after 180s
2026-10-01T23:25:50-10:00job:security_camera_frame_grab RUN  bash "/home/rootrecord/RootRecord-Ecosystem/1 - Servers/1 - RootRecord-Pacific-Solar-Server/Security/Cameras/grab_all.sh"
2026-10-01T23:26:07-10:00job:security_camera_frame_grab | 23:25:50  📷  a-eyes  ch1 → ch1-20261002T092550Z.jpg  (303.1 KB, 4.47s)
2026-10-01T23:26:07-10:00job:security_camera_frame_grab | 23:25:54  📷  a-eyes  ch2 → ch2-20261002T092554Z.jpg  (314.0 KB, 4.36s)
2026-10-01T23:26:07-10:00job:security_camera_frame_grab | 23:25:59  📷  a-eyes  ch3 → ch3-20261002T092559Z.jpg  (250.5 KB, 4.39s)
2026-10-01T23:26:07-10:00job:security_camera_frame_grab | 23:26:03  📷  a-eyes  ch4 → ch4-20261002T092603Z.jpg  (257.0 KB, 4.31s)
2026-10-01T23:26:07-10:00job:status_snapshot RUN  nice -n 10 python3 "/home/rootrecord/RootRecord-Ecosystem/1 - Servers/1 - RootRecord-Pacific-Solar-Server/Website/scripts/live_data_pages.py"
2026-10-01T23:26:08-10:00job:status_snapshot | live-data 6 pages
2026-10-01T23:26:08-10:00ENERGY  status=live  B2=1.0%  B1=97.7%  solar=0 W  ac=0 W  usbc=0 W  src=/home/rootrecord/RootRecord-Ecosystem/2 - RootRecord-Database/Energy  LAP=100%/Full/AC
2026-10-01T23:26:08-10:00job:sys_stats_cycle RUN  bash "/home/rootrecord/RootRecord-Ecosystem/1 - Servers/1 - RootRecord-Pacific-Solar-Server/System/scripts/sys-sample.sh"
2026-10-01T23:26:10-10:00job:sys_stats_cycle | SYSTEM  cpu=5%  load=1.29  mem=60%  src=sqlite
2026-10-01T23:26:10-10:00job:sys_stats_cycle | OK wrote /home/rootrecord/RootRecord-Ecosystem/2 - RootRecord-Database/System/samples/sys-20261001-232609.json
2026-10-01T23:27:20-10:00job:github_sync_all | ↑ [ecosystem] committed 31 local file(s)
2026-10-01T23:27:20-10:00job:github_sync_all | ↓ [ecosystem] fetching origin/main
2026-10-01T23:27:20-10:00job:github_sync_all | From github.com:RootRecord-Software-Solutions/RootRecord-Ecosystem
2026-10-01T23:27:20-10:00job:github_sync_all | * branch              main       -> FETCH_HEAD
2026-10-01T23:27:20-10:00job:github_sync_all | ↑ [ecosystem] local is ahead of GitHub
2026-10-01T23:27:20-10:00job:github_sync_all | To github.com:RootRecord-Software-Solutions/RootRecord-Ecosystem.git
2026-10-01T23:27:20-10:00job:github_sync_all | 7ea2341d..2fd36301  HEAD -> main
2026-10-01T23:27:20-10:00job:github_sync_all | branch 'main' set up to track 'origin/main'.
2026-10-01T23:27:20-10:00job:github_sync_all | ↑ [ecosystem] 31 files → RootRecord-Software-Solutions/RootRecord-Ecosystem (main)
2026-10-01T23:27:20-10:00job:github_sync_all | ↑ [pacific] committed 1 local file(s)
2026-10-01T23:27:20-10:00job:github_sync_all | ↓ [pacific] fetching origin/main
2026-10-01T23:27:20-10:00job:github_sync_all | From github.com:RootRecord-Software-Solutions/RootRecord-Pacific-Solar-Server
2026-10-01T23:27:20-10:00job:github_sync_all | * branch            main       -> FETCH_HEAD
2026-10-01T23:27:20-10:00job:github_sync_all | ↑ [pacific] local is ahead of GitHub
2026-10-01T23:27:20-10:00job:github_sync_all | To github.com:RootRecord-Software-Solutions/RootRecord-Pacific-Solar-Server.git
2026-10-01T23:27:20-10:00job:github_sync_all | 5c7a5b4..d025eb4  HEAD -> main
2026-10-01T23:27:20-10:00job:github_sync_all | branch 'main' set up to track 'origin/main'.
2026-10-01T23:27:20-10:00job:github_sync_all | ↑ [pacific] 1 files → RootRecord-Software-Solutions/RootRecord-Pacific-Solar-Server (main)
2026-10-01T23:27:20-10:00job:github_sync_all | ↑ [database] committed 15 local file(s)
2026-10-01T23:27:20-10:00job:github_sync_all | ↓ [database] fetching origin/main
2026-10-01T23:27:20-10:00job:github_sync_all | From github.com:RootRecord-Software-Solutions/RootRecord-Database
2026-10-01T23:27:20-10:00job:github_sync_all | * branch              main       -> FETCH_HEAD
2026-10-01T23:27:20-10:00job:github_sync_all | ↑ [database] local is ahead of GitHub
2026-10-01T23:27:20-10:00job:github_sync_all | To github.com:RootRecord-Software-Solutions/RootRecord-Database.git
2026-10-01T23:27:20-10:00job:github_sync_all | 7a658a66..63075626  HEAD -> main
2026-10-01T23:27:20-10:00job:github_sync_all | branch 'main' set up to track 'origin/main'.
2026-10-01T23:27:20-10:00job:github_sync_all | ↑ [database] 15 files → RootRecord-Software-Solutions/RootRecord-Database (main)
2026-10-01T23:27:20-10:00job:github_sync_all | ↑ [library] committed 22 local file(s)
2026-10-01T23:27:20-10:00job:github_sync_all | ↓ [library] fetching origin/main
2026-10-01T23:27:20-10:00job:github_sync_all | From github.com:RootRecord-Software-Solutions/RootRecord-Library
2026-10-01T23:27:20-10:00job:github_sync_all | * branch            main       -> FETCH_HEAD
2026-10-01T23:27:20-10:00job:github_sync_all | ↑ [library] local is ahead of GitHub
2026-10-01T23:27:20-10:00job:github_sync_all | To github.com:RootRecord-Software-Solutions/RootRecord-Library.git
2026-10-01T23:27:20-10:00job:github_sync_all | 8032e5d..d745675  HEAD -> main
2026-10-01T23:27:20-10:00job:github_sync_all | branch 'main' set up to track 'origin/main'.
2026-10-01T23:27:20-10:00job:github_sync_all | ↑ [library] 22 files → RootRecord-Software-Solutions/RootRecord-Library (main)
2026-10-01T23:27:20-10:00job:github_sync_all | — [website] no local changes
2026-10-01T23:27:20-10:00job:github_sync_all | ↓ [website] fetching origin/main
2026-10-01T23:27:20-10:00job:github_sync_all | From github.com:RootRecord-Software-Solutions/RootRecord-Website
2026-10-01T23:27:20-10:00job:github_sync_all | * branch            main       -> FETCH_HEAD
2026-10-01T23:27:20-10:00job:service_supervisor RUN  bash "/home/rootrecord/RootRecord-Ecosystem/1 - Servers/1 - RootRecord-Pacific-Solar-Server/Automations/scripts/supervise-services.sh"
2026-10-01T23:27:20-10:00job:service_supervisor | [supervisor] weather alive pid=5236 (act)
2026-10-01T23:27:20-10:00job:service_supervisor | [supervisor] relay alive pid=203304 (act)
2026-10-01T23:27:20-10:00job:geology_collect RUN  nice -n 10 python3 "/home/rootrecord/RootRecord-Ecosystem/1 - Servers/1 - RootRecord-Pacific-Solar-Server/Geology/scripts/geology_collect.py" all
2026-10-01T23:27:26-10:00job:geology_collect | {"ok": true, "at": "2026-10-01T23:27:20-10:00", "what": "all", "dry_run": false, "sources": {"hawaii": {"ok": true, "count": 48, "new": 0, "new_m2": 0, "ms": 446}, "global": {"ok": true, "count": 27, "new": 0, "ms": 284}, "hvo_notices": {"ok": true, "count": 47, "new": 0, "ms": 1843}, "hvo_status": {"ok": true, "volcanoes": 8, "kilauea": "WATCH", "mauna_loa": "NORMAL", "ms": 3654}}}
2026-10-01T23:27:26-10:00job:system_net_sample RUN  nice -n 10 python3 "/home/rootrecord/RootRecord-Ecosystem/1 - Servers/1 - RootRecord-Pacific-Solar-Server/System/scripts/host_desks.py" net-sample
2026-10-01T23:27:26-10:00job:system_net_sample | {"ok": true, "file": "/home/rootrecord/RootRecord-Ecosystem/2 - RootRecord-Database/System/network/Daily/net-20261001.jsonl", "iface": "wlo1", "hour": null, "day": null}
2026-10-01T23:27:28-10:00job:discord_report_relay RUN  nice -n 10 python3 "/home/rootrecord/RootRecord-Ecosystem/1 - Servers/1 - RootRecord-Pacific-Solar-Server/Communications/Discord/scripts/report_relay.py"
2026-10-01T23:27:28-10:00job:discord_report_relay | same
2026-10-01T23:27:28-10:00job:radio_rss_poll RUN  nice -n 10 python3 "/home/rootrecord/RootRecord-Ecosystem/1 - Servers/1 - RootRecord-Pacific-Solar-Server/Media/RadioRss/scripts/rss_radio.py" poll
2026-10-01T23:27:42-10:00job:radio_rss_poll | {"ok": true, "polled": [{"feed": "esa_human_spaceflight", "ok": true, "items": 15, "duplicates": 15}, {"feed": "esa_space_science", "ok": true, "items": 15, "duplicates": 15}, {"feed": "esa_top_news", "ok": true, "items": 9, "duplicates": 9}, {"feed": "github_changelog", "ok": true, "items": 0}, {"feed": "jpl_news", "ok": false}, {"feed": "ntsb_press", "ok": true, "skipped": "robots"}, {"feed": "ntsb_reports", "ok": true, "skipped": "robots"}, {"feed": "register_security", "ok": true, "skipped": "robots"}, {"feed": "aljazeera_all", "ok": true, "items": 20, "duplicates": 0}, {"feed": "ars_technology", "ok": true, "items": 20, "duplicates": 0}, {"feed": "cloudflare_blog", "ok": true, "items": 20, "duplicates": 0}, {"feed": "docker_blog", "ok": true, "items": 10, "duplicates": 0}], "composed": ["c_9546275585c5de80", "c_df3c522be5a0ef90", "c_02fed44d6f7e1db4", "c_71a14badc4f1638d", "c_835791335af4e19c", "c_62df8c6a5ce396e8", "c_875005d8025ab56a", "c_b21c3efd5b59d791", "c_cc0c6b59ab13d35e", "c_9af2b2065a95692c", "c_04bed5ceee658771", "c_7701ac20b735ba12", "c_1bb44cddd00da4af", "c_2147934c211eb1b8", "c_24526cf7f2a3df0c", "c_8438d48975e9f6dd", "c_9d2ae8b422b63ebd", "c_7baa24b7a87ab037", "c_5611cfb319b64b4e", "c_f5d8cf96ddaae8df", "c_db58a33db8784ff6", "c_eb09c399da4c9d05", "c_9e47b655f05f1e7e", "c_680b103ff8f99bb8", "c_cd36b0ce5f71d473", "c_413e46b82d5d0350", "c_440b72f56db00daa", "c_69c433ac7877c86a", "c_f29bf33e5a54e088", "c_046a5e7963cacb74", "c_1dbfa6d2833d31f8", "c_479e98931bfd576f", "c_4c3408b29c65e5ac", "c_928fb21daaf50611", "c_cdaa65ba623d263c", "c_1d22dfdba1680e01", "c_c30b4145b86df5e8", "c_bee85cdedaef98e1", "c_da7b66339f2b333b", "c_b85a9977839f9607", "c_827d0953228d680d", "c_7be5e7ab1f8944e0", "c_885903bf9c2cbfa8", "c_6e57e5540644c724", "c_83a4d802390ec559", "c_b2b7d3adc2ba25ba", "c_739a289882a022e1", "c_4ee3bcd6a9156d67", "c_088eba45bf5894da", "c_44387a0b7df87913", "c_aeefab6ff11bbad4", "c_5258a16bbc09b062", "c_7241335f677e379d"]}
2026-10-01T23:27:42-10:00ENERGY  status=live  B2=1.0%  B1=97.7%  solar=0 W  ac=0 W  usbc=0 W  src=/home/rootrecord/RootRecord-Ecosystem/2 - RootRecord-Database/Energy  LAP=100%/Full/AC
2026-10-01T23:27:42-10:00job:sys_stats_cycle RUN  bash "/home/rootrecord/RootRecord-Ecosystem/1 - Servers/1 - RootRecord-Pacific-Solar-Server/System/scripts/sys-sample.sh"
2026-10-01T23:27:44-10:00job:sys_stats_cycle | SYSTEM  cpu=10%  load=0.96  mem=59%  src=sqlite
2026-10-01T23:27:44-10:00job:sys_stats_cycle | OK wrote /home/rootrecord/RootRecord-Ecosystem/2 - RootRecord-Database/System/samples/sys-20261001-232743.json
2026-10-01T23:29:00-10:00job:github_sync_all | ↑ [ecosystem] committed 220 local file(s)
2026-10-01T23:29:00-10:00job:github_sync_all | ↓ [ecosystem] fetching origin/main
2026-10-01T23:29:00-10:00job:github_sync_all | From github.com:RootRecord-Software-Solutions/RootRecord-Ecosystem
2026-10-01T23:29:00-10:00job:github_sync_all | * branch              main       -> FETCH_HEAD
2026-10-01T23:29:00-10:00job:github_sync_all | ↑ [ecosystem] local is ahead of GitHub
2026-10-01T23:29:00-10:00job:github_sync_all | To github.com:RootRecord-Software-Solutions/RootRecord-Ecosystem.git
2026-10-01T23:29:00-10:00job:github_sync_all | 2fd36301..8a39524f  HEAD -> main
2026-10-01T23:29:00-10:00job:github_sync_all | branch 'main' set up to track 'origin/main'.
2026-10-01T23:29:00-10:00job:github_sync_all | ↑ [ecosystem] 220 files → RootRecord-Software-Solutions/RootRecord-Ecosystem (main)
2026-10-01T23:29:00-10:00job:github_sync_all | ↑ [pacific] committed 1 local file(s)
2026-10-01T23:29:00-10:00job:github_sync_all | ↓ [pacific] fetching origin/main
2026-10-01T23:29:00-10:00job:github_sync_all | From github.com:RootRecord-Software-Solutions/RootRecord-Pacific-Solar-Server
2026-10-01T23:29:00-10:00job:github_sync_all | * branch            main       -> FETCH_HEAD
2026-10-01T23:29:00-10:00job:github_sync_all | ↑ [pacific] local is ahead of GitHub
2026-10-01T23:29:00-10:00job:github_sync_all | To github.com:RootRecord-Software-Solutions/RootRecord-Pacific-Solar-Server.git
2026-10-01T23:29:00-10:00job:github_sync_all | d025eb4..cfe0355  HEAD -> main
2026-10-01T23:29:00-10:00job:github_sync_all | branch 'main' set up to track 'origin/main'.
2026-10-01T23:29:00-10:00job:github_sync_all | ↑ [pacific] 1 files → RootRecord-Software-Solutions/RootRecord-Pacific-Solar-Server (main)
2026-10-01T23:29:00-10:00job:github_sync_all | ↑ [database] committed 209 local file(s)
2026-10-01T23:29:00-10:00job:github_sync_all | ↓ [database] fetching origin/main
2026-10-01T23:29:00-10:00job:github_sync_all | From github.com:RootRecord-Software-Solutions/RootRecord-Database
2026-10-01T23:29:00-10:00job:github_sync_all | * branch              main       -> FETCH_HEAD
2026-10-01T23:29:00-10:00job:github_sync_all | ↑ [database] local is ahead of GitHub
2026-10-01T23:29:00-10:00job:github_sync_all | To github.com:RootRecord-Software-Solutions/RootRecord-Database.git
2026-10-01T23:29:00-10:00job:github_sync_all | 63075626..a883f038  HEAD -> main
2026-10-01T23:29:00-10:00job:github_sync_all | branch 'main' set up to track 'origin/main'.
2026-10-01T23:29:00-10:00job:github_sync_all | ↑ [database] 209 files → RootRecord-Software-Solutions/RootRecord-Database (main)
2026-10-01T23:29:00-10:00job:github_sync_all | ↑ [library] committed 12 local file(s)
2026-10-01T23:29:00-10:00job:github_sync_all | ↓ [library] fetching origin/main
2026-10-01T23:29:00-10:00job:github_sync_all | From github.com:RootRecord-Software-Solutions/RootRecord-Library
2026-10-01T23:29:00-10:00job:github_sync_all | * branch            main       -> FETCH_HEAD
2026-10-01T23:29:00-10:00job:github_sync_all | ↑ [library] local is ahead of GitHub
2026-10-01T23:29:00-10:00job:github_sync_all | To github.com:RootRecord-Software-Solutions/RootRecord-Library.git
2026-10-01T23:29:00-10:00job:github_sync_all | d745675..509f7db  HEAD -> main
2026-10-01T23:29:00-10:00job:github_sync_all | branch 'main' set up to track 'origin/main'.
2026-10-01T23:29:00-10:00job:github_sync_all | ↑ [library] 12 files → RootRecord-Software-Solutions/RootRecord-Library (main)
2026-10-01T23:29:00-10:00job:github_sync_all | — [website] no local changes
2026-10-01T23:29:00-10:00job:github_sync_all | ↓ [website] fetching origin/main
2026-10-01T23:29:00-10:00job:github_sync_all | From github.com:RootRecord-Software-Solutions/RootRecord-Website
2026-10-01T23:29:00-10:00job:github_sync_all | * branch            main       -> FETCH_HEAD
2026-10-01T23:29:00-10:00job:worklog_scan RUN  bash "/home/rootrecord/RootRecord-Ecosystem/1 - Servers/1 - RootRecord-Pacific-Solar-Server/Reports/scripts/worklog_once.sh"
2026-10-01T23:32:00-10:00job:worklog_scan TIMEOUT after 180s
2026-10-01T23:32:00-10:00job:security_camera_frame_grab RUN  bash "/home/rootrecord/RootRecord-Ecosystem/1 - Servers/1 - RootRecord-Pacific-Solar-Server/Security/Cameras/grab_all.sh"
2026-10-01T23:32:18-10:00job:security_camera_frame_grab | 23:32:00  📷  a-eyes  ch1 → ch1-20261002T093200Z.jpg  (305.9 KB, 4.48s)
2026-10-01T23:32:18-10:00job:security_camera_frame_grab | 23:32:04  📷  a-eyes  ch2 → ch2-20261002T093204Z.jpg  (329.5 KB, 4.55s)
2026-10-01T23:32:18-10:00job:security_camera_frame_grab | 23:32:09  📷  a-eyes  ch3 → ch3-20261002T093209Z.jpg  (304.6 KB, 4.47s)
2026-10-01T23:32:18-10:00job:security_camera_frame_grab | 23:32:14  📷  a-eyes  ch4 → ch4-20261002T093214Z.jpg  (241.0 KB, 4.43s)
2026-10-01T23:32:18-10:00job:status_snapshot RUN  nice -n 10 python3 "/home/rootrecord/RootRecord-Ecosystem/1 - Servers/1 - RootRecord-Pacific-Solar-Server/Website/scripts/live_data_pages.py"
2026-10-01T23:32:18-10:00job:status_snapshot | live-data 6 pages
2026-10-01T23:32:18-10:00job:voice_nws_weather RUN  nice -n 10 python3 "/home/rootrecord/RootRecord-Ecosystem/1 - Servers/1 - RootRecord-Pacific-Solar-Server/Media/Voice/scripts/voice_reports.py" nws_weather
2026-10-01T23:32:22-10:00job:voice_nws_weather | {"ok": true, "report": "nws_weather", "md": "/home/rootrecord/RootRecord-Ecosystem/test-reports/Voice/nws_weather_current.md", "sentences": 9, "voice": {"rc": 1}}
2026-10-01T23:32:22-10:00job:voice_energy_report RUN  nice -n 10 python3 "/home/rootrecord/RootRecord-Ecosystem/1 - Servers/1 - RootRecord-Pacific-Solar-Server/Media/Voice/scripts/voice_reports.py" energy_report
2026-10-01T23:33:30-10:00job:voice_energy_report | {"ok": true, "report": "energy_report", "md": "/home/rootrecord/RootRecord-Ecosystem/test-reports/Voice/energy_report_current.md", "sentences": 5, "voice": {"rc": 1}, "deliver": {"ok": true, "skipped": true, "detail": "blended into the hourly solar desk; the radio file is refreshed"}}
2026-10-01T23:33:30-10:00job:voice_current_report RUN  nice -n 10 python3 "/home/rootrecord/RootRecord-Ecosystem/1 - Servers/1 - RootRecord-Pacific-Solar-Server/Media/Voice/scripts/voice_reports.py" current_report
2026-10-01T23:33:34-10:00job:voice_current_report | {"ok": true, "report": "current_report", "md": "/home/rootrecord/RootRecord-Ecosystem/2 - RootRecord-Database/Reports/current_report_current.md", "sentences": 22, "voice": {"rc": 1}}
2026-10-01T23:33:34-10:00ENERGY  status=live  B2=1.0%  B1=97.7%  solar=0 W  ac=0 W  usbc=0 W  src=/home/rootrecord/RootRecord-Ecosystem/2 - RootRecord-Database/Energy  LAP=100%/Full/AC
2026-10-01T23:33:34-10:00job:sys_stats_cycle RUN  bash "/home/rootrecord/RootRecord-Ecosystem/1 - Servers/1 - RootRecord-Pacific-Solar-Server/System/scripts/sys-sample.sh"
2026-10-01T23:33:36-10:00job:sys_stats_cycle | SYSTEM  cpu=3%  load=3.77  mem=48%  src=sqlite
2026-10-01T23:33:36-10:00job:sys_stats_cycle | OK wrote /home/rootrecord/RootRecord-Ecosystem/2 - RootRecord-Database/System/samples/sys-20261001-233335.json
2026-10-01T23:34:48-10:00job:github_sync_all | ↑ [ecosystem] committed 22 local file(s)
2026-10-01T23:34:48-10:00job:github_sync_all | ↓ [ecosystem] fetching origin/main
2026-10-01T23:34:48-10:00job:github_sync_all | From github.com:RootRecord-Software-Solutions/RootRecord-Ecosystem
2026-10-01T23:34:48-10:00job:github_sync_all | * branch              main       -> FETCH_HEAD
2026-10-01T23:34:48-10:00job:github_sync_all | ↑ [ecosystem] local is ahead of GitHub
2026-10-01T23:34:48-10:00job:github_sync_all | To github.com:RootRecord-Software-Solutions/RootRecord-Ecosystem.git
2026-10-01T23:34:48-10:00job:github_sync_all | 8a39524f..022812da  HEAD -> main
2026-10-01T23:34:48-10:00job:github_sync_all | branch 'main' set up to track 'origin/main'.
2026-10-01T23:34:48-10:00job:github_sync_all | ↑ [ecosystem] 22 files → RootRecord-Software-Solutions/RootRecord-Ecosystem (main)
2026-10-01T23:34:48-10:00job:github_sync_all | ↑ [pacific] committed 1 local file(s)
2026-10-01T23:34:48-10:00job:github_sync_all | ↓ [pacific] fetching origin/main
2026-10-01T23:34:48-10:00job:github_sync_all | From github.com:RootRecord-Software-Solutions/RootRecord-Pacific-Solar-Server
2026-10-01T23:34:48-10:00job:github_sync_all | * branch            main       -> FETCH_HEAD
2026-10-01T23:34:48-10:00job:github_sync_all | ↑ [pacific] local is ahead of GitHub
2026-10-01T23:34:48-10:00job:github_sync_all | To github.com:RootRecord-Software-Solutions/RootRecord-Pacific-Solar-Server.git
2026-10-01T23:34:48-10:00job:github_sync_all | cfe0355..33017ab  HEAD -> main
2026-10-01T23:34:48-10:00job:github_sync_all | branch 'main' set up to track 'origin/main'.
2026-10-01T23:34:48-10:00job:github_sync_all | ↑ [pacific] 1 files → RootRecord-Software-Solutions/RootRecord-Pacific-Solar-Server (main)
2026-10-01T23:34:48-10:00job:github_sync_all | ↑ [database] committed 20 local file(s)
2026-10-01T23:34:48-10:00job:github_sync_all | ↓ [database] fetching origin/main
2026-10-01T23:34:48-10:00job:github_sync_all | From github.com:RootRecord-Software-Solutions/RootRecord-Database
2026-10-01T23:34:48-10:00job:github_sync_all | * branch              main       -> FETCH_HEAD
2026-10-01T23:34:48-10:00job:github_sync_all | ↑ [database] local is ahead of GitHub
2026-10-01T23:34:48-10:00job:github_sync_all | To github.com:RootRecord-Software-Solutions/RootRecord-Database.git
2026-10-01T23:34:48-10:00job:github_sync_all | a883f038..3251d244  HEAD -> main
2026-10-01T23:34:48-10:00job:github_sync_all | branch 'main' set up to track 'origin/main'.
2026-10-01T23:34:48-10:00job:github_sync_all | ↑ [database] 20 files → RootRecord-Software-Solutions/RootRecord-Database (main)
2026-10-01T23:34:48-10:00job:github_sync_all | ↑ [library] committed 6 local file(s)
2026-10-01T23:34:48-10:00job:github_sync_all | ↓ [library] fetching origin/main
2026-10-01T23:34:48-10:00job:github_sync_all | From github.com:RootRecord-Software-Solutions/RootRecord-Library
2026-10-01T23:34:48-10:00job:github_sync_all | * branch            main       -> FETCH_HEAD
2026-10-01T23:34:48-10:00job:github_sync_all | ↑ [library] local is ahead of GitHub
2026-10-01T23:34:48-10:00job:github_sync_all | To github.com:RootRecord-Software-Solutions/RootRecord-Library.git
2026-10-01T23:34:48-10:00job:github_sync_all | 509f7db..837bb25  HEAD -> main
2026-10-01T23:34:48-10:00job:github_sync_all | branch 'main' set up to track 'origin/main'.
2026-10-01T23:34:48-10:00job:github_sync_all | ↑ [library] 6 files → RootRecord-Software-Solutions/RootRecord-Library (main)
2026-10-01T23:34:48-10:00job:github_sync_all | — [website] no local changes
2026-10-01T23:34:48-10:00job:github_sync_all | ↓ [website] fetching origin/main
2026-10-01T23:34:48-10:00job:github_sync_all | From github.com:RootRecord-Software-Solutions/RootRecord-Website
2026-10-01T23:34:48-10:00job:github_sync_all | * branch            main       -> FETCH_HEAD
2026-10-01T23:34:48-10:00job:worklog_scan RUN  bash "/home/rootrecord/RootRecord-Ecosystem/1 - Servers/1 - RootRecord-Pacific-Solar-Server/Reports/scripts/worklog_once.sh"
2026-10-01T23:37:48-10:00job:worklog_scan TIMEOUT after 180s
2026-10-01T23:37:48-10:00job:security_camera_frame_grab RUN  bash "/home/rootrecord/RootRecord-Ecosystem/1 - Servers/1 - RootRecord-Pacific-Solar-Server/Security/Cameras/grab_all.sh"
2026-10-01T23:38:06-10:00job:security_camera_frame_grab | 23:37:49  📷  a-eyes  ch1 → ch1-20261002T093749Z.jpg  (300.2 KB, 4.39s)
2026-10-01T23:38:06-10:00job:security_camera_frame_grab | 23:37:53  📷  a-eyes  ch2 → ch2-20261002T093753Z.jpg  (308.8 KB, 4.48s)
2026-10-01T23:38:06-10:00job:security_camera_frame_grab | 23:37:57  📷  a-eyes  ch3 → ch3-20261002T093757Z.jpg  (293.1 KB, 4.39s)
2026-10-01T23:38:06-10:00job:security_camera_frame_grab | 23:38:02  📷  a-eyes  ch4 → ch4-20261002T093802Z.jpg  (212.4 KB, 4.28s)
2026-10-01T23:38:06-10:00job:service_supervisor RUN  bash "/home/rootrecord/RootRecord-Ecosystem/1 - Servers/1 - RootRecord-Pacific-Solar-Server/Automations/scripts/supervise-services.sh"
2026-10-01T23:38:06-10:00job:service_supervisor | [supervisor] weather alive pid=5236 (act)
2026-10-01T23:38:06-10:00job:service_supervisor | [supervisor] relay alive pid=203304 (act)
2026-10-01T23:38:06-10:00job:geology_collect RUN  nice -n 10 python3 "/home/rootrecord/RootRecord-Ecosystem/1 - Servers/1 - RootRecord-Pacific-Solar-Server/Geology/scripts/geology_collect.py" all
2026-10-01T23:38:14-10:00job:geology_collect | {"ok": true, "at": "2026-10-01T23:38:06-10:00", "what": "all", "dry_run": false, "sources": {"hawaii": {"ok": true, "count": 46, "new": 0, "new_m2": 0, "ms": 445}, "global": {"ok": true, "count": 27, "new": 0, "ms": 295}, "hvo_notices": {"ok": true, "count": 47, "new": 0, "ms": 2963}, "hvo_status": {"ok": true, "volcanoes": 8, "kilauea": "WATCH", "mauna_loa": "NORMAL", "ms": 3651}}}
2026-10-01T23:38:14-10:00job:status_snapshot RUN  nice -n 10 python3 "/home/rootrecord/RootRecord-Ecosystem/1 - Servers/1 - RootRecord-Pacific-Solar-Server/Website/scripts/live_data_pages.py"
2026-10-01T23:38:14-10:00job:status_snapshot | live-data 6 pages
2026-10-01T23:38:14-10:00job:system_net_sample RUN  nice -n 10 python3 "/home/rootrecord/RootRecord-Ecosystem/1 - Servers/1 - RootRecord-Pacific-Solar-Server/System/scripts/host_desks.py" net-sample
2026-10-01T23:38:14-10:00job:system_net_sample | {"ok": true, "file": "/home/rootrecord/RootRecord-Ecosystem/2 - RootRecord-Database/System/network/Daily/net-20261001.jsonl", "iface": "wlo1", "hour": null, "day": null}
2026-10-01T23:38:14-10:00job:discord_report_relay RUN  nice -n 10 python3 "/home/rootrecord/RootRecord-Ecosystem/1 - Servers/1 - RootRecord-Pacific-Solar-Server/Communications/Discord/scripts/report_relay.py"
2026-10-01T23:38:15-10:00job:discord_report_relay | posted energy_report
2026-10-01T23:38:15-10:00job:radio_rss_poll RUN  nice -n 10 python3 "/home/rootrecord/RootRecord-Ecosystem/1 - Servers/1 - RootRecord-Pacific-Solar-Server/Media/RadioRss/scripts/rss_radio.py" poll
2026-10-01T23:38:33-10:00job:radio_rss_poll | {"ok": true, "polled": [{"feed": "bbc_business", "ok": true, "items": 20, "duplicates": 20}, {"feed": "bea_news", "ok": true, "items": 20, "duplicates": 20}, {"feed": "breaking_defense", "ok": true, "items": 0}, {"feed": "civil_beat", "ok": true, "items": 0}, {"feed": "defense_news", "ok": true, "items": 20, "duplicates": 20}, {"feed": "esa_human_spaceflight", "ok": true, "items": 15, "duplicates": 15}, {"feed": "esa_space_science", "ok": true, "items": 15, "duplicates": 15}, {"feed": "esa_top_news", "ok": true, "items": 9, "duplicates": 8}, {"feed": "fed_monetary", "ok": true, "items": 0}, {"feed": "github_changelog", "ok": true, "items": 0}, {"feed": "hawaii_governor", "ok": true, "items": 0}, {"feed": "jpl_news", "ok": false}], "composed": ["c_7b8878004f13e06a"]}
2026-10-01T23:38:33-10:00ENERGY  status=live  B2=1.0%  B1=97.7%  solar=0 W  ac=0 W  usbc=0 W  src=/home/rootrecord/RootRecord-Ecosystem/2 - RootRecord-Database/Energy  LAP=100%/Full/AC
2026-10-01T23:38:33-10:00job:sys_stats_cycle RUN  bash "/home/rootrecord/RootRecord-Ecosystem/1 - Servers/1 - RootRecord-Pacific-Solar-Server/System/scripts/sys-sample.sh"
2026-10-01T23:38:35-10:00job:sys_stats_cycle | SYSTEM  cpu=8%  load=1.81  mem=48%  src=sqlite
2026-10-01T23:38:35-10:00job:sys_stats_cycle | OK wrote /home/rootrecord/RootRecord-Ecosystem/2 - RootRecord-Database/System/samples/sys-20261001-233834.json
2026-10-01T23:39:39-10:00job:github_sync_all | ↑ [ecosystem] committed 29 local file(s)
2026-10-01T23:39:39-10:00job:github_sync_all | ↓ [ecosystem] fetching origin/main
2026-10-01T23:39:39-10:00job:github_sync_all | From github.com:RootRecord-Software-Solutions/RootRecord-Ecosystem
2026-10-01T23:39:39-10:00job:github_sync_all | * branch              main       -> FETCH_HEAD
2026-10-01T23:39:39-10:00job:github_sync_all | ↑ [ecosystem] local is ahead of GitHub
2026-10-01T23:39:39-10:00job:github_sync_all | To github.com:RootRecord-Software-Solutions/RootRecord-Ecosystem.git
2026-10-01T23:39:39-10:00job:github_sync_all | 022812da..dd6350ba  HEAD -> main
2026-10-01T23:39:39-10:00job:github_sync_all | branch 'main' set up to track 'origin/main'.
2026-10-01T23:39:39-10:00job:github_sync_all | ↑ [ecosystem] 29 files → RootRecord-Software-Solutions/RootRecord-Ecosystem (main)
2026-10-01T23:39:39-10:00job:github_sync_all | ↑ [pacific] committed 5 local file(s)
2026-10-01T23:39:39-10:00job:github_sync_all | ↓ [pacific] fetching origin/main
2026-10-01T23:39:39-10:00job:github_sync_all | From github.com:RootRecord-Software-Solutions/RootRecord-Pacific-Solar-Server
2026-10-01T23:39:39-10:00job:github_sync_all | * branch            main       -> FETCH_HEAD
2026-10-01T23:39:39-10:00job:github_sync_all | ↑ [pacific] local is ahead of GitHub
2026-10-01T23:39:39-10:00job:github_sync_all | To github.com:RootRecord-Software-Solutions/RootRecord-Pacific-Solar-Server.git
2026-10-01T23:39:39-10:00job:github_sync_all | 33017ab..283b7d5  HEAD -> main
2026-10-01T23:39:39-10:00job:github_sync_all | branch 'main' set up to track 'origin/main'.
2026-10-01T23:39:39-10:00job:github_sync_all | ↑ [pacific] 5 files → RootRecord-Software-Solutions/RootRecord-Pacific-Solar-Server (main)
2026-10-01T23:39:39-10:00job:github_sync_all | ↑ [database] committed 35 local file(s)
2026-10-01T23:39:39-10:00job:github_sync_all | ↓ [database] fetching origin/main
2026-10-01T23:39:39-10:00job:github_sync_all | From github.com:RootRecord-Software-Solutions/RootRecord-Database
2026-10-01T23:39:39-10:00job:github_sync_all | * branch              main       -> FETCH_HEAD
2026-10-01T23:39:39-10:00job:github_sync_all | ↑ [database] local is ahead of GitHub
2026-10-01T23:39:39-10:00job:github_sync_all | To github.com:RootRecord-Software-Solutions/RootRecord-Database.git
2026-10-01T23:39:39-10:00job:github_sync_all | 3251d244..aa4f8926  HEAD -> main
2026-10-01T23:39:39-10:00job:github_sync_all | branch 'main' set up to track 'origin/main'.
2026-10-01T23:39:39-10:00job:github_sync_all | ↑ [database] 35 files → RootRecord-Software-Solutions/RootRecord-Database (main)
2026-10-01T23:39:39-10:00job:github_sync_all | — [library] no local changes
2026-10-01T23:39:39-10:00job:github_sync_all | ↓ [library] fetching origin/main
2026-10-01T23:39:39-10:00job:github_sync_all | From github.com:RootRecord-Software-Solutions/RootRecord-Library
2026-10-01T23:39:39-10:00job:github_sync_all | * branch            main       -> FETCH_HEAD
2026-10-01T23:39:39-10:00job:github_sync_all | — [library] local and GitHub already match
2026-10-01T23:39:39-10:00job:github_sync_all | — [library] nothing to push
2026-10-01T23:39:39-10:00job:github_sync_all | ↑ [website] committed 4 local file(s)
2026-10-01T23:39:39-10:00job:github_sync_all | ↓ [website] fetching origin/main
2026-10-01T23:39:39-10:00job:github_sync_all | From github.com:RootRecord-Software-Solutions/RootRecord-Website
2026-10-01T23:39:39-10:00job:github_sync_all | * branch            main       -> FETCH_HEAD
2026-10-01T23:39:39-10:00job:github_sync_all | ↑ [website] local is ahead of GitHub
2026-10-01T23:39:39-10:00job:github_sync_all | To github.com:RootRecord-Software-Solutions/RootRecord-Website.git
2026-10-01T23:39:39-10:00job:github_sync_all | 2f8facb..479679a  HEAD -> main
2026-10-01T23:39:39-10:00job:security_camera_frame_grab RUN  bash "/home/rootrecord/RootRecord-Ecosystem/1 - Servers/1 - RootRecord-Pacific-Solar-Server/Security/Cameras/grab_all.sh"
2026-10-01T23:39:57-10:00job:security_camera_frame_grab | 23:39:39  📷  a-eyes  ch1 → ch1-20261002T093939Z.jpg  (302.9 KB, 4.41s)
2026-10-01T23:39:57-10:00job:security_camera_frame_grab | 23:39:44  📷  a-eyes  ch2 → ch2-20261002T093944Z.jpg  (309.3 KB, 4.63s)
2026-10-01T23:39:57-10:00job:security_camera_frame_grab | 23:39:48  📷  a-eyes  ch3 → ch3-20261002T093948Z.jpg  (285.5 KB, 4.44s)
2026-10-01T23:39:57-10:00job:security_camera_frame_grab | 23:39:53  📷  a-eyes  ch4 → ch4-20261002T093953Z.jpg  (206.8 KB, 4.37s)
2026-10-01T23:39:57-10:00ENERGY  status=live  B2=1.0%  B1=97.7%  solar=0 W  ac=0 W  usbc=0 W  src=/home/rootrecord/RootRecord-Ecosystem/2 - RootRecord-Database/Energy  LAP=100%/Full/AC
2026-10-01T23:39:57-10:00job:sys_stats_cycle RUN  bash "/home/rootrecord/RootRecord-Ecosystem/1 - Servers/1 - RootRecord-Pacific-Solar-Server/System/scripts/sys-sample.sh"
2026-10-01T23:39:59-10:00job:sys_stats_cycle | SYSTEM  cpu=6%  load=1.26  mem=48%  src=sqlite
2026-10-01T23:39:59-10:00job:sys_stats_cycle | OK wrote /home/rootrecord/RootRecord-Ecosystem/2 - RootRecord-Database/System/samples/sys-20261001-233958.json
2026-10-01T23:40:52-10:00job:github_sync_all | ↑ [ecosystem] committed 6 local file(s)
2026-10-01T23:40:52-10:00job:github_sync_all | ↓ [ecosystem] fetching origin/main
2026-10-01T23:40:52-10:00job:github_sync_all | From github.com:RootRecord-Software-Solutions/RootRecord-Ecosystem
2026-10-01T23:40:52-10:00job:github_sync_all | * branch              main       -> FETCH_HEAD
2026-10-01T23:40:52-10:00job:github_sync_all | ↑ [ecosystem] local is ahead of GitHub
2026-10-01T23:40:52-10:00job:github_sync_all | To github.com:RootRecord-Software-Solutions/RootRecord-Ecosystem.git
2026-10-01T23:40:52-10:00job:github_sync_all | dd6350ba..f2b6b5c9  HEAD -> main
2026-10-01T23:40:52-10:00job:github_sync_all | branch 'main' set up to track 'origin/main'.
2026-10-01T23:40:52-10:00job:github_sync_all | ↑ [ecosystem] 6 files → RootRecord-Software-Solutions/RootRecord-Ecosystem (main)
2026-10-01T23:40:52-10:00job:github_sync_all | ↑ [pacific] committed 1 local file(s)
2026-10-01T23:40:52-10:00job:github_sync_all | ↓ [pacific] fetching origin/main
2026-10-01T23:40:52-10:00job:github_sync_all | From github.com:RootRecord-Software-Solutions/RootRecord-Pacific-Solar-Server
2026-10-01T23:40:52-10:00job:github_sync_all | * branch            main       -> FETCH_HEAD
2026-10-01T23:40:52-10:00job:github_sync_all | ↑ [pacific] local is ahead of GitHub
2026-10-01T23:40:52-10:00job:github_sync_all | To github.com:RootRecord-Software-Solutions/RootRecord-Pacific-Solar-Server.git
2026-10-01T23:40:52-10:00job:github_sync_all | 283b7d5..d0efc16  HEAD -> main
2026-10-01T23:40:52-10:00job:github_sync_all | branch 'main' set up to track 'origin/main'.
2026-10-01T23:40:52-10:00job:github_sync_all | ↑ [pacific] 1 files → RootRecord-Software-Solutions/RootRecord-Pacific-Solar-Server (main)
2026-10-01T23:40:52-10:00job:github_sync_all | ↑ [database] committed 14 local file(s)
2026-10-01T23:40:52-10:00job:github_sync_all | ↓ [database] fetching origin/main
2026-10-01T23:40:52-10:00job:github_sync_all | From github.com:RootRecord-Software-Solutions/RootRecord-Database
2026-10-01T23:40:52-10:00job:github_sync_all | * branch              main       -> FETCH_HEAD
2026-10-01T23:40:52-10:00job:github_sync_all | ↑ [database] local is ahead of GitHub
2026-10-01T23:40:52-10:00job:github_sync_all | To github.com:RootRecord-Software-Solutions/RootRecord-Database.git
2026-10-01T23:40:52-10:00job:github_sync_all | aa4f8926..6759735f  HEAD -> main
2026-10-01T23:40:52-10:00job:github_sync_all | branch 'main' set up to track 'origin/main'.
2026-10-01T23:40:52-10:00job:github_sync_all | ↑ [database] 14 files → RootRecord-Software-Solutions/RootRecord-Database (main)
2026-10-01T23:40:52-10:00job:github_sync_all | — [library] no local changes
2026-10-01T23:40:52-10:00job:github_sync_all | ↓ [library] fetching origin/main
2026-10-01T23:40:52-10:00job:github_sync_all | From github.com:RootRecord-Software-Solutions/RootRecord-Library
2026-10-01T23:40:52-10:00job:github_sync_all | * branch            main       -> FETCH_HEAD
2026-10-01T23:40:52-10:00job:github_sync_all | — [library] local and GitHub already match
2026-10-01T23:40:52-10:00job:github_sync_all | — [library] nothing to push
2026-10-01T23:40:52-10:00job:github_sync_all | — [website] no local changes
2026-10-01T23:40:52-10:00job:github_sync_all | ↓ [website] fetching origin/main
2026-10-01T23:40:52-10:00job:github_sync_all | From github.com:RootRecord-Software-Solutions/RootRecord-Website
2026-10-01T23:40:52-10:00job:github_sync_all | * branch            main       -> FETCH_HEAD
2026-10-01T23:40:52-10:00job:github_sync_all | — [website] local and GitHub already match
2026-10-01T23:40:52-10:00job:github_sync_all | — [website] nothing to push
2026-10-01T23:40:52-10:00job:github_sync_all | — [website-personal] no local changes
2026-10-01T23:40:52-10:00job:worklog_scan RUN  bash "/home/rootrecord/RootRecord-Ecosystem/1 - Servers/1 - RootRecord-Pacific-Solar-Server/Reports/scripts/worklog_once.sh"
2026-10-01T23:43:52-10:00job:worklog_scan TIMEOUT after 180s
2026-10-01T23:43:52-10:00job:status_snapshot RUN  nice -n 10 python3 "/home/rootrecord/RootRecord-Ecosystem/1 - Servers/1 - RootRecord-Pacific-Solar-Server/Website/scripts/live_data_pages.py"
2026-10-01T23:43:52-10:00job:status_snapshot | live-data 6 pages
2026-10-01T23:43:53-10:00ENERGY  status=live  B2=1.0%  B1=97.7%  solar=0 W  ac=0 W  usbc=0 W  src=/home/rootrecord/RootRecord-Ecosystem/2 - RootRecord-Database/Energy  LAP=100%/Full/AC
2026-10-01T23:43:53-10:00job:sys_stats_cycle RUN  bash "/home/rootrecord/RootRecord-Ecosystem/1 - Servers/1 - RootRecord-Pacific-Solar-Server/System/scripts/sys-sample.sh"
2026-10-01T23:43:55-10:00job:sys_stats_cycle | SYSTEM  cpu=12%  load=1.57  mem=49%  src=sqlite
2026-10-01T23:43:55-10:00job:sys_stats_cycle | OK wrote /home/rootrecord/RootRecord-Ecosystem/2 - RootRecord-Database/System/samples/sys-20261001-234354.json
2026-10-01T23:44:57-10:00job:github_sync_all | ↑ [ecosystem] committed 6 local file(s)
2026-10-01T23:44:57-10:00job:github_sync_all | ↓ [ecosystem] fetching origin/main
2026-10-01T23:44:57-10:00job:github_sync_all | From github.com:RootRecord-Software-Solutions/RootRecord-Ecosystem
2026-10-01T23:44:57-10:00job:github_sync_all | * branch              main       -> FETCH_HEAD
2026-10-01T23:44:57-10:00job:github_sync_all | ↑ [ecosystem] local is ahead of GitHub
2026-10-01T23:44:57-10:00job:github_sync_all | To github.com:RootRecord-Software-Solutions/RootRecord-Ecosystem.git
2026-10-01T23:44:57-10:00job:github_sync_all | f2b6b5c9..353d41c8  HEAD -> main
2026-10-01T23:44:57-10:00job:github_sync_all | branch 'main' set up to track 'origin/main'.
2026-10-01T23:44:57-10:00job:github_sync_all | ↑ [ecosystem] 6 files → RootRecord-Software-Solutions/RootRecord-Ecosystem (main)
2026-10-01T23:44:57-10:00job:github_sync_all | ↑ [pacific] committed 1 local file(s)
2026-10-01T23:44:57-10:00job:github_sync_all | ↓ [pacific] fetching origin/main
2026-10-01T23:44:57-10:00job:github_sync_all | From github.com:RootRecord-Software-Solutions/RootRecord-Pacific-Solar-Server
2026-10-01T23:44:57-10:00job:github_sync_all | * branch            main       -> FETCH_HEAD
2026-10-01T23:44:57-10:00job:github_sync_all | ↑ [pacific] local is ahead of GitHub
2026-10-01T23:44:57-10:00job:github_sync_all | To github.com:RootRecord-Software-Solutions/RootRecord-Pacific-Solar-Server.git
2026-10-01T23:44:57-10:00job:github_sync_all | d0efc16..6621d19  HEAD -> main
2026-10-01T23:44:57-10:00job:github_sync_all | branch 'main' set up to track 'origin/main'.
2026-10-01T23:44:57-10:00job:github_sync_all | ↑ [pacific] 1 files → RootRecord-Software-Solutions/RootRecord-Pacific-Solar-Server (main)
2026-10-01T23:44:57-10:00job:github_sync_all | ↑ [database] committed 15 local file(s)
2026-10-01T23:44:57-10:00job:github_sync_all | ↓ [database] fetching origin/main
2026-10-01T23:44:57-10:00job:github_sync_all | From github.com:RootRecord-Software-Solutions/RootRecord-Database
2026-10-01T23:44:57-10:00job:github_sync_all | * branch              main       -> FETCH_HEAD
2026-10-01T23:44:57-10:00job:github_sync_all | ↑ [database] local is ahead of GitHub
2026-10-01T23:44:57-10:00job:github_sync_all | To github.com:RootRecord-Software-Solutions/RootRecord-Database.git
2026-10-01T23:44:57-10:00job:github_sync_all | 6759735f..7c372315  HEAD -> main
2026-10-01T23:44:57-10:00job:github_sync_all | branch 'main' set up to track 'origin/main'.
2026-10-01T23:44:57-10:00job:github_sync_all | ↑ [database] 15 files → RootRecord-Software-Solutions/RootRecord-Database (main)
2026-10-01T23:44:57-10:00job:github_sync_all | — [library] no local changes
2026-10-01T23:44:57-10:00job:github_sync_all | ↓ [library] fetching origin/main
2026-10-01T23:44:57-10:00job:github_sync_all | From github.com:RootRecord-Software-Solutions/RootRecord-Library
2026-10-01T23:44:57-10:00job:github_sync_all | * branch            main       -> FETCH_HEAD
2026-10-01T23:44:57-10:00job:github_sync_all | — [library] local and GitHub already match
2026-10-01T23:44:57-10:00job:github_sync_all | — [library] nothing to push
2026-10-01T23:44:57-10:00job:github_sync_all | ↑ [website] committed 1 local file(s)
2026-10-01T23:44:57-10:00job:github_sync_all | ↓ [website] fetching origin/main
2026-10-01T23:44:57-10:00job:github_sync_all | From github.com:RootRecord-Software-Solutions/RootRecord-Website
2026-10-01T23:44:57-10:00job:github_sync_all | * branch            main       -> FETCH_HEAD
2026-10-01T23:44:57-10:00job:github_sync_all | ↑ [website] local is ahead of GitHub
2026-10-01T23:44:57-10:00job:github_sync_all | To github.com:RootRecord-Software-Solutions/RootRecord-Website.git
2026-10-01T23:44:57-10:00job:github_sync_all | 479679a..3f7be4b  HEAD -> main
2026-10-01T23:44:57-10:00job:security_camera_frame_grab RUN  bash "/home/rootrecord/RootRecord-Ecosystem/1 - Servers/1 - RootRecord-Pacific-Solar-Server/Security/Cameras/grab_all.sh"
2026-10-01T23:45:15-10:00job:security_camera_frame_grab | 23:44:58  📷  a-eyes  ch1 → ch1-20261002T094458Z.jpg  (302.8 KB, 4.44s)
2026-10-01T23:45:15-10:00job:security_camera_frame_grab | 23:45:02  📷  a-eyes  ch2 → ch2-20261002T094502Z.jpg  (308.8 KB, 4.40s)
2026-10-01T23:45:15-10:00job:security_camera_frame_grab | 23:45:06  📷  a-eyes  ch3 → ch3-20261002T094506Z.jpg  (320.9 KB, 4.48s)
2026-10-01T23:45:15-10:00job:security_camera_frame_grab | 23:45:11  📷  a-eyes  ch4 → ch4-20261002T094511Z.jpg  (208.0 KB, 4.40s)
2026-10-01T23:45:15-10:00job:service_supervisor RUN  bash "/home/rootrecord/RootRecord-Ecosystem/1 - Servers/1 - RootRecord-Pacific-Solar-Server/Automations/scripts/supervise-services.sh"
2026-10-01T23:45:15-10:00job:service_supervisor | [supervisor] weather alive pid=5236 (act)
2026-10-01T23:45:15-10:00job:service_supervisor | [supervisor] relay alive pid=203304 (act)
2026-10-01T23:45:16-10:00job:geology_collect RUN  nice -n 10 python3 "/home/rootrecord/RootRecord-Ecosystem/1 - Servers/1 - RootRecord-Pacific-Solar-Server/Geology/scripts/geology_collect.py" all
2026-10-01T23:45:22-10:00job:geology_collect | {"ok": true, "at": "2026-10-01T23:45:16-10:00", "what": "all", "dry_run": false, "sources": {"hawaii": {"ok": true, "count": 42, "new": 0, "new_m2": 0, "ms": 853}, "global": {"ok": true, "count": 27, "new": 0, "ms": 296}, "hvo_notices": {"ok": true, "count": 47, "new": 0, "ms": 3053}, "hvo_status": {"ok": true, "volcanoes": 8, "kilauea": "WATCH", "mauna_loa": "NORMAL", "ms": 2681}}}
2026-10-01T23:45:22-10:00job:system_net_sample RUN  nice -n 10 python3 "/home/rootrecord/RootRecord-Ecosystem/1 - Servers/1 - RootRecord-Pacific-Solar-Server/System/scripts/host_desks.py" net-sample
2026-10-01T23:45:23-10:00job:system_net_sample | {"ok": true, "file": "/home/rootrecord/RootRecord-Ecosystem/2 - RootRecord-Database/System/network/Daily/net-20261001.jsonl", "iface": "wlo1", "hour": null, "day": null}
2026-10-01T23:45:23-10:00job:discord_report_relay RUN  nice -n 10 python3 "/home/rootrecord/RootRecord-Ecosystem/1 - Servers/1 - RootRecord-Pacific-Solar-Server/Communications/Discord/scripts/report_relay.py"
2026-10-01T23:45:23-10:00job:discord_report_relay | same
2026-10-01T23:45:23-10:00job:radio_rss_poll RUN  nice -n 10 python3 "/home/rootrecord/RootRecord-Ecosystem/1 - Servers/1 - RootRecord-Pacific-Solar-Server/Media/RadioRss/scripts/rss_radio.py" poll
2026-10-01T23:45:31-10:00job:radio_rss_poll | {"ok": true, "polled": [{"feed": "marketwatch_top", "ok": true, "items": 10, "duplicates": 9}, {"feed": "nasa_artemis", "ok": true, "items": 0}, {"feed": "nasa_jpl", "ok": true, "items": 0}, {"feed": "nasa_news", "ok": true, "items": 0}, {"feed": "nasa_recent", "ok": true, "items": 0}, {"feed": "nasa_station", "ok": true, "items": 0}, {"feed": "nasaspaceflight", "ok": true, "items": 0}, {"feed": "nist_cyber_insights", "ok": true, "items": 20, "duplicates": 20}, {"feed": "nist_cybersecurity", "ok": true, "items": 0, "duplicates": 0}, {"feed": "nist_news", "ok": true, "items": 20, "duplicates": 20}, {"feed": "nsf_news", "ok": true, "items": 0}, {"feed": "ntsb_investigations", "ok": true, "skipped": "robots"}], "composed": ["c_d01970c1f08e4a77"]}
2026-10-01T23:45:31-10:00job:voice_nws_weather RUN  nice -n 10 python3 "/home/rootrecord/RootRecord-Ecosystem/1 - Servers/1 - RootRecord-Pacific-Solar-Server/Media/Voice/scripts/voice_reports.py" nws_weather
2026-10-01T23:45:34-10:00job:voice_nws_weather | {"ok": true, "report": "nws_weather", "md": "/home/rootrecord/RootRecord-Ecosystem/test-reports/Voice/nws_weather_current.md", "sentences": 9, "voice": {"rc": 1}}
2026-10-01T23:45:35-10:00ENERGY  status=live  B2=1.0%  B1=97.7%  solar=0 W  ac=0 W  usbc=0 W  src=/home/rootrecord/RootRecord-Ecosystem/2 - RootRecord-Database/Energy  LAP=100%/Full/AC
2026-10-01T23:45:35-10:00job:sys_stats_cycle RUN  bash "/home/rootrecord/RootRecord-Ecosystem/1 - Servers/1 - RootRecord-Pacific-Solar-Server/System/scripts/sys-sample.sh"
2026-10-01T23:45:36-10:00job:sys_stats_cycle | SYSTEM  cpu=7%  load=1.23  mem=49%  src=sqlite
2026-10-01T23:45:36-10:00job:sys_stats_cycle | OK wrote /home/rootrecord/RootRecord-Ecosystem/2 - RootRecord-Database/System/samples/sys-20261001-234535.json
2026-10-01T23:46:30-10:00job:github_sync_all FAIL code=-15
2026-10-01T23:46:30-10:00job:github_sync_all ! ↑ [ecosystem] committed 28 local file(s)
2026-10-01T23:46:30-10:00job:github_sync_all ! ↓ [ecosystem] fetching origin/main
2026-10-01T23:46:30-10:00job:github_sync_all ! From github.com:RootRecord-Software-Solutions/RootRecord-Ecosystem
2026-10-01T23:46:30-10:00job:github_sync_all !  * branch              main       -> FETCH_HEAD
2026-10-01T23:46:30-10:00job:github_sync_all ! ↑ [ecosystem] local is ahead of GitHub
2026-10-01T23:46:30-10:00job:github_sync_all ! To github.com:RootRecord-Software-Solutions/RootRecord-Ecosystem.git
2026-10-01T23:46:30-10:00job:github_sync_all !    353d41c8..16fa441e  HEAD -> main
2026-10-01T23:46:30-10:00job:github_sync_all ! branch 'main' set up to track 'origin/main'.
2026-10-01T23:46:30-10:00job:github_sync_all ! ↑ [ecosystem] 28 files → RootRecord-Software-Solutions/RootRecord-Ecosystem (main)
2026-10-01T23:46:30-10:00job:github_sync_all ! ↑ [pacific] committed 3 local file(s)
2026-10-01T23:46:30-10:00job:github_sync_all ! ↓ [pacific] fetching origin/main
2026-10-01T23:46:30-10:00job:github_sync_all ! From github.com:RootRecord-Software-Solutions/RootRecord-Pacific-Solar-Server
2026-10-01T23:46:30-10:00job:github_sync_all !  * branch            main       -> FETCH_HEAD
2026-10-01T23:46:30-10:00job:github_sync_all ! ↑ [pacific] local is ahead of GitHub
2026-10-01T23:46:30-10:00job:github_sync_all ! To github.com:RootRecord-Software-Solutions/RootRecord-Pacific-Solar-Server.git
2026-10-01T23:46:30-10:00job:github_sync_all !    6621d19..90602e1  HEAD -> main
2026-10-01T23:46:30-10:00job:github_sync_all ! branch 'main' set up to track 'origin/main'.
2026-10-01T23:46:30-10:00job:github_sync_all ! ↑ [pacific] 3 files → RootRecord-Software-Solutions/RootRecord-Pacific-Solar-Server (main)
2026-10-01T23:46:30-10:00job:github_sync_all ! ↑ [database] committed 34 local file(s)
2026-10-01T23:46:30-10:00job:github_sync_all ! ↓ [database] fetching origin/main
2026-10-01T23:46:31-10:00HTTP listening on http://127.0.0.1:8799 (open access on bind)
2026-10-01T23:46:31-10:00boot:start  jobs=10
2026-10-01T23:46:31-10:00boot:run  priority=0  id=self_terminal
2026-10-01T23:46:31-10:00boot:p0 self_process pid=1129658
2026-10-01T23:46:31-10:00boot:run  priority=1  id=cloudflare_tunnel
2026-10-01T23:46:31-10:00boot:p1 cloudflare_tunnel host=rootserver.rootrecord.cloud
2026-10-01T23:46:31-10:00internet OK at boot — starting tunnel
2026-10-01T23:46:31-10:00Starting cloudflared mode=token public_host=rootserver.rootrecord.cloud
2026-10-01T23:46:31-10:00Waiting for tunnel register (timeout=45s)…
2026-10-01T23:46:31-10:00tunnel starting
2026-10-01T23:46:32-10:00tunnel connected  conn=0  edge=lax13
2026-10-01T23:46:32-10:00Tunnel READY — first connection registered.
2026-10-01T23:46:32-10:00boot:run  priority=2  id=github_setup_remotes
2026-10-01T23:46:32-10:00tunnel ingress  rootserver.rootrecord.cloud → 127.0.0.1:8799
2026-10-01T23:46:32-10:00boot:run  priority=3  id=ollama_warmup
2026-10-01T23:46:32-10:00job:ollama_warmup RUN  bash '/home/rootrecord/RootRecord-Ecosystem/1 - Servers/1 - RootRecord-Pacific-Solar-Server/System/scripts/plumbing/ollama-warmup.sh'
2026-10-01T23:46:32-10:00tunnel connected  conn=1  edge=lax08
2026-10-01T23:46:32-10:00job:ollama_warmup | [ok] ollama up
2026-10-01T23:46:32-10:00boot:run  priority=4  id=flm_npu_warmup
2026-10-01T23:46:32-10:00job:flm_npu_warmup RUN  bash '/home/rootrecord/RootRecord-Ecosystem/1 - Servers/1 - RootRecord-Pacific-Solar-Server/System/scripts/plumbing/flm-warmup.sh'
2026-10-01T23:46:32-10:00job:flm_npu_warmup | [skip] FLM warmup disabled (no resident model; set FLM_WARMUP_RESIDENT=1 to opt in)
2026-10-01T23:46:32-10:00boot:run  priority=5  id=council_relay
2026-10-01T23:46:32-10:00job:council_relay RUN  bash "/home/rootrecord/RootRecord-Ecosystem/1 - Servers/1 - RootRecord-Pacific-Solar-Server/Communications/telegram/scripts/ensure-relay.sh"
2026-10-01T23:46:33-10:00tunnel connected  conn=2  edge=lax05
2026-10-01T23:46:34-10:00tunnel connected  conn=3  edge=lax13
2026-10-01T23:46:35-10:00job:council_relay | [ok] council-relay started pid=1130045 → /home/rootrecord/RootRecord-Ecosystem/2 - RootRecord-Database/Logs/Communications/council-relay.log
2026-10-01T23:46:35-10:00boot:run  priority=6  id=security_camera_server
2026-10-01T23:46:35-10:00job:security_camera_server RUN  bash "/home/rootrecord/RootRecord-Ecosystem/1 - Servers/1 - RootRecord-Pacific-Solar-Server/Security/Cameras/ensure_cam_server.sh"
2026-10-01T23:46:35-10:00job:security_camera_server | security cam server started
2026-10-01T23:46:35-10:00boot:run  priority=7  id=security_timelapse_catchup
2026-10-01T23:46:35-10:00job:security_timelapse_catchup RUN  bash "/home/rootrecord/RootRecord-Ecosystem/1 - Servers/1 - RootRecord-Pacific-Solar-Server/Security/Cameras/timelapse_catchup.sh"
2026-10-01T23:46:35-10:00job:security_timelapse_catchup | 23:46:35  🎬  a-eyes-timelapse  catchup: checking 20261001, now=23:46 HST
2026-10-01T23:46:35-10:00job:security_timelapse_catchup | 23:46:35  🎬  a-eyes-timelapse  hour 05 has no frames yet, skipping
2026-10-01T23:46:35-10:00job:security_timelapse_catchup | 23:46:35  🎬  a-eyes-timelapse  hour 06 has no frames yet, skipping
2026-10-01T23:46:35-10:00job:security_timelapse_catchup | 23:46:35  🎬  a-eyes-timelapse  hour 07 has no frames yet, skipping
2026-10-01T23:46:35-10:00job:security_timelapse_catchup | 23:46:35  🎬  a-eyes-timelapse  hour 08 already compiled, skipping
2026-10-01T23:46:35-10:00job:security_timelapse_catchup | 23:46:35  🎬  a-eyes-timelapse  hour 09 already compiled, skipping
2026-10-01T23:46:35-10:00job:security_timelapse_catchup | 23:46:35  🎬  a-eyes-timelapse  hour 10 already compiled, skipping
2026-10-01T23:46:35-10:00job:security_timelapse_catchup | 23:46:35  🎬  a-eyes-timelapse  hour 11 already compiled, skipping
2026-10-01T23:46:35-10:00job:security_timelapse_catchup | 23:46:35  🎬  a-eyes-timelapse  hour 12 already compiled, skipping
2026-10-01T23:46:35-10:00job:security_timelapse_catchup | 23:46:35  🎬  a-eyes-timelapse  hour 13 already compiled, skipping
2026-10-01T23:46:35-10:00job:security_timelapse_catchup | 23:46:35  🎬  a-eyes-timelapse  hour 14 already compiled, skipping
2026-10-01T23:46:35-10:00job:security_timelapse_catchup | 23:46:35  🎬  a-eyes-timelapse  hour 15 already compiled, skipping
2026-10-01T23:46:35-10:00job:security_timelapse_catchup | 23:46:35  🎬  a-eyes-timelapse  hour 16 already compiled, skipping
2026-10-01T23:46:35-10:00job:security_timelapse_catchup | 23:46:35  🎬  a-eyes-timelapse  hour 17 already compiled, skipping
2026-10-01T23:46:35-10:00job:security_timelapse_catchup | 23:46:35  🎬  a-eyes-timelapse  hour 18 already compiled, skipping
2026-10-01T23:46:35-10:00job:security_timelapse_catchup | 23:46:35  🎬  a-eyes-timelapse  daily render already done, skipping
2026-10-01T23:46:35-10:00boot:run  priority=8  id=weather_poller
2026-10-01T23:46:35-10:00job:weather_poller RUN  bash "/home/rootrecord/RootRecord-Ecosystem/1 - Servers/1 - RootRecord-Pacific-Solar-Server/Weather/scripts/ensure-weather-poller.sh"
2026-10-01T23:46:37-10:00job:weather_poller | [ensure-weather-poller] starting -- entry=/home/rootrecord/RootRecord-Ecosystem/1 - Servers/1 - RootRecord-Pacific-Solar-Server/Weather/scripts/run_poller.py log=/home/rootrecord/RootRecord-Ecosystem/2 - RootRecord-Database/Weather/Hawai'i/logs/weather-poller.log
2026-10-01T23:46:37-10:00job:weather_poller | [ensure-weather-poller] verify: weather poller is running
2026-10-01T23:46:37-10:00boot:run  priority=9  id=network_globe_hawaii
2026-10-01T23:46:37-10:00job:network_globe_hawaii RUN  bash "/home/rootrecord/RootRecord-Ecosystem/1 - Servers/1 - RootRecord-Pacific-Solar-Server/Communications/network/scripts/ensure-network-globe-hawaii.sh"
2026-10-01T23:46:37-10:00job:network_globe_hawaii | [ensure-network-globe-hawaii] already running -- nothing to do
2026-10-01T23:46:37-10:00boot:done
2026-10-01T23:47:08-10:00  ▸  SUMMARY=river2pro soc=88.53% solar=0W ac_out=50W usbc=29W src=ble db=ok
2026-10-01T23:47:08-10:00scheduler  every_seconds=11  every_minute=12  every_hour=4  on_at=10
2026-10-01T23:47:08-10:00ENERGY  status=live  B2=off  B1=88.5%  solar=0 W  ac=0 W  usbc=0 W  src=/home/rootrecord/RootRecord-Ecosystem/2 - RootRecord-Database/Energy  LAP=100%/Full/AC
2026-10-01T23:47:08-10:00job:sys_stats_cycle RUN  bash "/home/rootrecord/RootRecord-Ecosystem/1 - Servers/1 - RootRecord-Pacific-Solar-Server/System/scripts/sys-sample.sh"
2026-10-01T23:47:09-10:00job:sys_stats_cycle | SYSTEM  cpu=7%  load=0.98  mem=51%  src=sqlite
2026-10-01T23:47:09-10:00job:sys_stats_cycle | OK wrote /home/rootrecord/RootRecord-Ecosystem/2 - RootRecord-Database/System/samples/sys-20261001-234708.json
2026-10-01T23:48:08-10:00job:github_sync_all | ↑ [ecosystem] committed 7 local file(s)
2026-10-01T23:48:08-10:00job:github_sync_all | ↓ [ecosystem] fetching origin/main
2026-10-01T23:48:08-10:00job:github_sync_all | From github.com:RootRecord-Software-Solutions/RootRecord-Ecosystem
2026-10-01T23:48:08-10:00job:github_sync_all | * branch              main       -> FETCH_HEAD
2026-10-01T23:48:08-10:00job:github_sync_all | * [new branch]        main       -> origin/main
2026-10-01T23:48:08-10:00job:github_sync_all | ↑ [ecosystem] local is ahead of GitHub
2026-10-01T23:48:08-10:00job:github_sync_all | To github.com:RootRecord-Software-Solutions/RootRecord-Ecosystem.git
2026-10-01T23:48:08-10:00job:github_sync_all | 16fa441e..10bc4c18  HEAD -> main
2026-10-01T23:48:08-10:00job:github_sync_all | branch 'main' set up to track 'origin/main'.
2026-10-01T23:48:08-10:00job:github_sync_all | ↑ [ecosystem] 7 files → RootRecord-Software-Solutions/RootRecord-Ecosystem (main)
2026-10-01T23:48:08-10:00job:github_sync_all | ↑ [pacific] committed 1 local file(s)
2026-10-01T23:48:08-10:00job:github_sync_all | ↓ [pacific] fetching origin/main
2026-10-01T23:48:08-10:00job:github_sync_all | From github.com:RootRecord-Software-Solutions/RootRecord-Pacific-Solar-Server
2026-10-01T23:48:08-10:00job:github_sync_all | * branch            main       -> FETCH_HEAD
2026-10-01T23:48:08-10:00job:github_sync_all | ↑ [pacific] local is ahead of GitHub
2026-10-01T23:48:08-10:00job:github_sync_all | To github.com:RootRecord-Software-Solutions/RootRecord-Pacific-Solar-Server.git
2026-10-01T23:48:08-10:00job:github_sync_all | 90602e1..9a1933c  HEAD -> main
2026-10-01T23:48:08-10:00job:github_sync_all | branch 'main' set up to track 'origin/main'.
2026-10-01T23:48:08-10:00job:github_sync_all | ↑ [pacific] 1 files → RootRecord-Software-Solutions/RootRecord-Pacific-Solar-Server (main)
2026-10-01T23:48:08-10:00job:github_sync_all | ↑ [database] committed 17 local file(s)
2026-10-01T23:48:08-10:00job:github_sync_all | ↓ [database] fetching origin/main
2026-10-01T23:48:08-10:00job:github_sync_all | From github.com:RootRecord-Software-Solutions/RootRecord-Database
2026-10-01T23:48:08-10:00job:github_sync_all | * branch              main       -> FETCH_HEAD
2026-10-01T23:48:08-10:00job:github_sync_all | ↑ [database] local is ahead of GitHub
2026-10-01T23:48:08-10:00job:github_sync_all | To github.com:RootRecord-Software-Solutions/RootRecord-Database.git
2026-10-01T23:48:08-10:00job:github_sync_all | f52a4de7..0d5e3920  HEAD -> main
2026-10-01T23:48:08-10:00job:github_sync_all | branch 'main' set up to track 'origin/main'.
2026-10-01T23:48:08-10:00job:github_sync_all | ↑ [database] 17 files → RootRecord-Software-Solutions/RootRecord-Database (main)
2026-10-01T23:48:08-10:00job:github_sync_all | — [library] no local changes
2026-10-01T23:48:08-10:00job:github_sync_all | ↓ [library] fetching origin/main
2026-10-01T23:48:08-10:00job:github_sync_all | From github.com:RootRecord-Software-Solutions/RootRecord-Library
2026-10-01T23:48:08-10:00job:github_sync_all | * branch            main       -> FETCH_HEAD
2026-10-01T23:48:08-10:00job:github_sync_all | — [library] local and GitHub already match
2026-10-01T23:48:08-10:00job:github_sync_all | — [library] nothing to push
2026-10-01T23:48:08-10:00job:github_sync_all | — [website] no local changes
2026-10-01T23:48:08-10:00job:github_sync_all | ↓ [website] fetching origin/main
2026-10-01T23:48:08-10:00job:github_sync_all | From github.com:RootRecord-Software-Solutions/RootRecord-Website
2026-10-01T23:48:08-10:00job:github_sync_all | * branch            main       -> FETCH_HEAD
2026-10-01T23:48:08-10:00job:github_sync_all | — [website] local and GitHub already match
2026-10-01T23:48:08-10:00job:github_sync_all | — [website] nothing to push
2026-10-01T23:48:08-10:00job:worklog_scan RUN  bash "/home/rootrecord/RootRecord-Ecosystem/1 - Servers/1 - RootRecord-Pacific-Solar-Server/Reports/scripts/worklog_once.sh"
2026-10-01T23:48:10-10:00tunnel timeout — reconnecting
2026-10-01T23:48:10-10:00tunnel timeout — reconnecting
2026-10-01T23:48:10-10:00tunnel timeout — reconnecting
2026-10-01T23:48:10-10:00tunnel timeout — reconnecting
2026-10-01T23:48:10-10:00tunnel connected  conn=0  edge=lax13
2026-10-01T23:48:11-10:00tunnel timeout — reconnecting
2026-10-01T23:48:11-10:00tunnel timeout — reconnecting
2026-10-01T23:48:12-10:00tunnel timeout — reconnecting
2026-10-01T23:48:27-10:00tunnel connected  conn=1  edge=lax05
2026-10-01T23:48:27-10:00tunnel connected  conn=3  edge=lax13
2026-10-01T23:48:27-10:00tunnel connected  conn=2  edge=lax11
2026-10-01T23:51:09-10:00job:worklog_scan TIMEOUT after 180s
2026-10-01T23:51:09-10:00job:security_camera_frame_grab RUN  bash "/home/rootrecord/RootRecord-Ecosystem/1 - Servers/1 - RootRecord-Pacific-Solar-Server/Security/Cameras/grab_all.sh"
2026-10-01T23:51:26-10:00job:security_camera_frame_grab | 23:51:09  📷  a-eyes  ch1 → ch1-20261002T095109Z.jpg  (299.1 KB, 4.37s)
2026-10-01T23:51:26-10:00job:security_camera_frame_grab | 23:51:13  📷  a-eyes  ch2 → ch2-20261002T095113Z.jpg  (307.4 KB, 4.37s)
2026-10-01T23:51:26-10:00job:security_camera_frame_grab | 23:51:17  📷  a-eyes  ch3 → ch3-20261002T095117Z.jpg  (332.2 KB, 4.58s)
2026-10-01T23:51:26-10:00job:security_camera_frame_grab | 23:51:22  📷  a-eyes  ch4 → ch4-20261002T095122Z.jpg  (208.6 KB, 4.40s)
2026-10-01T23:51:26-10:00job:service_supervisor RUN  bash "/home/rootrecord/RootRecord-Ecosystem/1 - Servers/1 - RootRecord-Pacific-Solar-Server/Automations/scripts/supervise-services.sh"
2026-10-01T23:51:26-10:00job:service_supervisor | [supervisor] weather alive pid=1130281 (act)
2026-10-01T23:51:26-10:00job:service_supervisor | [supervisor] relay alive pid=1130045 (act)
2026-10-01T23:51:27-10:00job:geology_collect RUN  nice -n 10 python3 "/home/rootrecord/RootRecord-Ecosystem/1 - Servers/1 - RootRecord-Pacific-Solar-Server/Geology/scripts/geology_collect.py" all
2026-10-01T23:51:29-10:00job:geology_collect | {"ok": true, "at": "2026-10-01T23:51:27-10:00", "what": "all", "dry_run": false, "sources": {"hawaii": {"ok": true, "count": 40, "new": 0, "new_m2": 0, "ms": 850}, "global": {"ok": true, "count": 27, "new": 0, "ms": 280}, "hvo_notices": {"ok": true, "count": 47, "new": 0, "ms": 636}, "hvo_status": {"ok": true, "volcanoes": 8, "kilauea": "WATCH", "mauna_loa": "NORMAL", "ms": 507}}}
2026-10-01T23:51:29-10:00job:status_snapshot RUN  nice -n 10 python3 "/home/rootrecord/RootRecord-Ecosystem/1 - Servers/1 - RootRecord-Pacific-Solar-Server/Website/scripts/live_data_pages.py"
2026-10-01T23:51:29-10:00job:status_snapshot | live-data 6 pages
2026-10-01T23:51:29-10:00job:system_net_sample RUN  nice -n 10 python3 "/home/rootrecord/RootRecord-Ecosystem/1 - Servers/1 - RootRecord-Pacific-Solar-Server/System/scripts/host_desks.py" net-sample
2026-10-01T23:51:29-10:00job:system_net_sample | {"ok": true, "file": "/home/rootrecord/RootRecord-Ecosystem/2 - RootRecord-Database/System/network/Daily/net-20261001.jsonl", "iface": "wlo1", "hour": null, "day": null}
2026-10-01T23:51:29-10:00job:discord_report_relay RUN  nice -n 10 python3 "/home/rootrecord/RootRecord-Ecosystem/1 - Servers/1 - RootRecord-Pacific-Solar-Server/Communications/Discord/scripts/report_relay.py"
2026-10-01T23:51:29-10:00job:discord_report_relay | same
2026-10-01T23:51:29-10:00job:radio_rss_poll RUN  nice -n 10 python3 "/home/rootrecord/RootRecord-Ecosystem/1 - Servers/1 - RootRecord-Pacific-Solar-Server/Media/RadioRss/scripts/rss_radio.py" poll
2026-10-01T23:51:47-10:00job:radio_rss_poll | {"ok": true, "polled": [{"feed": "bbc_business", "ok": true, "items": 20, "duplicates": 20}, {"feed": "bea_news", "ok": true, "items": 20, "duplicates": 20}, {"feed": "breaking_defense", "ok": true, "items": 0}, {"feed": "civil_beat", "ok": true, "items": 0}, {"feed": "defense_news", "ok": true, "items": 20, "duplicates": 20}, {"feed": "esa_human_spaceflight", "ok": true, "items": 15, "duplicates": 15}, {"feed": "esa_space_science", "ok": true, "items": 15, "duplicates": 15}, {"feed": "esa_top_news", "ok": true, "items": 9, "duplicates": 9}, {"feed": "fed_monetary", "ok": true, "items": 0}, {"feed": "github_changelog", "ok": true, "items": 0}, {"feed": "hawaii_governor", "ok": true, "items": 0}, {"feed": "jpl_news", "ok": false}], "composed": []}
2026-10-01T23:51:47-10:00ENERGY  status=live  B2=off  B1=88.5%  solar=0 W  ac=0 W  usbc=0 W  src=/home/rootrecord/RootRecord-Ecosystem/2 - RootRecord-Database/Energy  LAP=100%/Full/AC
2026-10-01T23:51:47-10:00job:sys_stats_cycle RUN  bash "/home/rootrecord/RootRecord-Ecosystem/1 - Servers/1 - RootRecord-Pacific-Solar-Server/System/scripts/sys-sample.sh"
2026-10-01T23:51:49-10:00job:sys_stats_cycle | SYSTEM  cpu=4%  load=1.06  mem=51%  src=sqlite
2026-10-01T23:51:49-10:00job:sys_stats_cycle | OK wrote /home/rootrecord/RootRecord-Ecosystem/2 - RootRecord-Database/System/samples/sys-20261001-235148.json
2026-10-01T23:53:07-10:00job:github_sync_all | ↑ [ecosystem] committed 26 local file(s)
2026-10-01T23:53:07-10:00job:github_sync_all | ↓ [ecosystem] fetching origin/main
2026-10-01T23:53:07-10:00job:github_sync_all | From github.com:RootRecord-Software-Solutions/RootRecord-Ecosystem
2026-10-01T23:53:07-10:00job:github_sync_all | * branch              main       -> FETCH_HEAD
2026-10-01T23:53:07-10:00job:github_sync_all | ↑ [ecosystem] local is ahead of GitHub
2026-10-01T23:53:07-10:00job:github_sync_all | To github.com:RootRecord-Software-Solutions/RootRecord-Ecosystem.git
2026-10-01T23:53:07-10:00job:github_sync_all | 10bc4c18..97eac125  HEAD -> main
2026-10-01T23:53:07-10:00job:github_sync_all | branch 'main' set up to track 'origin/main'.
2026-10-01T23:53:07-10:00job:github_sync_all | ↑ [ecosystem] 26 files → RootRecord-Software-Solutions/RootRecord-Ecosystem (main)
2026-10-01T23:53:07-10:00job:github_sync_all | ↑ [pacific] committed 3 local file(s)
2026-10-01T23:53:07-10:00job:github_sync_all | ↓ [pacific] fetching origin/main
2026-10-01T23:53:07-10:00job:github_sync_all | From github.com:RootRecord-Software-Solutions/RootRecord-Pacific-Solar-Server
2026-10-01T23:53:07-10:00job:github_sync_all | * branch            main       -> FETCH_HEAD
2026-10-01T23:53:07-10:00job:github_sync_all | ↑ [pacific] local is ahead of GitHub
2026-10-01T23:53:07-10:00job:github_sync_all | To github.com:RootRecord-Software-Solutions/RootRecord-Pacific-Solar-Server.git
2026-10-01T23:53:07-10:00job:github_sync_all | 9a1933c..72970f0  HEAD -> main
2026-10-01T23:53:07-10:00job:github_sync_all | branch 'main' set up to track 'origin/main'.
2026-10-01T23:53:07-10:00job:github_sync_all | ↑ [pacific] 3 files → RootRecord-Software-Solutions/RootRecord-Pacific-Solar-Server (main)
2026-10-01T23:53:07-10:00job:github_sync_all | ↑ [database] committed 31 local file(s)
2026-10-01T23:53:07-10:00job:github_sync_all | ↓ [database] fetching origin/main
2026-10-01T23:53:07-10:00job:github_sync_all | From github.com:RootRecord-Software-Solutions/RootRecord-Database
2026-10-01T23:53:07-10:00job:github_sync_all | * branch              main       -> FETCH_HEAD
2026-10-01T23:53:07-10:00job:github_sync_all | ↑ [database] local is ahead of GitHub
2026-10-01T23:53:07-10:00job:github_sync_all | To github.com:RootRecord-Software-Solutions/RootRecord-Database.git
2026-10-01T23:53:07-10:00job:github_sync_all | 0d5e3920..a1424662  HEAD -> main
2026-10-01T23:53:07-10:00job:github_sync_all | branch 'main' set up to track 'origin/main'.
2026-10-01T23:53:07-10:00job:github_sync_all | ↑ [database] 31 files → RootRecord-Software-Solutions/RootRecord-Database (main)
2026-10-01T23:53:07-10:00job:github_sync_all | ↑ [library] committed 3 local file(s)
2026-10-01T23:53:07-10:00job:github_sync_all | ↓ [library] fetching origin/main
2026-10-01T23:53:07-10:00job:github_sync_all | From github.com:RootRecord-Software-Solutions/RootRecord-Library
2026-10-01T23:53:07-10:00job:github_sync_all | * branch            main       -> FETCH_HEAD
2026-10-01T23:53:07-10:00job:github_sync_all | ↑ [library] local is ahead of GitHub
2026-10-01T23:53:07-10:00job:github_sync_all | To github.com:RootRecord-Software-Solutions/RootRecord-Library.git
2026-10-01T23:53:07-10:00job:github_sync_all | 42db640..582b43c  HEAD -> main
2026-10-01T23:53:07-10:00job:github_sync_all | branch 'main' set up to track 'origin/main'.
2026-10-01T23:53:07-10:00job:github_sync_all | ↑ [library] 3 files → RootRecord-Software-Solutions/RootRecord-Library (main)
2026-10-01T23:53:07-10:00job:github_sync_all | ↑ [website] committed 2 local file(s)
2026-10-01T23:53:07-10:00job:github_sync_all | ↓ [website] fetching origin/main
2026-10-01T23:53:07-10:00job:github_sync_all | From github.com:RootRecord-Software-Solutions/RootRecord-Website
2026-10-01T23:53:07-10:00job:github_sync_all | * branch            main       -> FETCH_HEAD
2026-10-01T23:53:07-10:00job:security_camera_frame_grab RUN  bash "/home/rootrecord/RootRecord-Ecosystem/1 - Servers/1 - RootRecord-Pacific-Solar-Server/Security/Cameras/grab_all.sh"
2026-10-01T23:53:25-10:00job:security_camera_frame_grab | 23:53:07  📷  a-eyes  ch1 → ch1-20261002T095307Z.jpg  (299.4 KB, 4.42s)
2026-10-01T23:53:25-10:00job:security_camera_frame_grab | 23:53:12  📷  a-eyes  ch2 → ch2-20261002T095312Z.jpg  (307.2 KB, 4.63s)
2026-10-01T23:53:25-10:00job:security_camera_frame_grab | 23:53:16  📷  a-eyes  ch3 → ch3-20261002T095316Z.jpg  (325.9 KB, 4.48s)
2026-10-01T23:53:25-10:00job:security_camera_frame_grab | 23:53:21  📷  a-eyes  ch4 → ch4-20261002T095321Z.jpg  (208.5 KB, 4.28s)
2026-10-01T23:53:25-10:00ENERGY  status=live  B2=off  B1=88.5%  solar=0 W  ac=0 W  usbc=0 W  src=/home/rootrecord/RootRecord-Ecosystem/2 - RootRecord-Database/Energy  LAP=100%/Full/AC
2026-10-01T23:53:25-10:00job:sys_stats_cycle RUN  bash "/home/rootrecord/RootRecord-Ecosystem/1 - Servers/1 - RootRecord-Pacific-Solar-Server/System/scripts/sys-sample.sh"
2026-10-01T23:53:27-10:00job:sys_stats_cycle | SYSTEM  cpu=14%  load=2.02  mem=52%  src=sqlite
2026-10-01T23:53:27-10:00job:sys_stats_cycle | OK wrote /home/rootrecord/RootRecord-Ecosystem/2 - RootRecord-Database/System/samples/sys-20261001-235326.json
2026-10-01T23:54:06-10:00job:github_sync_all FAIL code=-15
2026-10-01T23:54:06-10:00job:github_sync_all ! ↑ [ecosystem] committed 10 local file(s)
2026-10-01T23:54:06-10:00job:github_sync_all ! ↓ [ecosystem] fetching origin/main
2026-10-01T23:54:06-10:00job:github_sync_all ! From github.com:RootRecord-Software-Solutions/RootRecord-Ecosystem
2026-10-01T23:54:06-10:00job:github_sync_all !  * branch              main       -> FETCH_HEAD
2026-10-01T23:54:06-10:00job:github_sync_all ! ↑ [ecosystem] local is ahead of GitHub
2026-10-01T23:54:06-10:00job:github_sync_all ! To github.com:RootRecord-Software-Solutions/RootRecord-Ecosystem.git
2026-10-01T23:54:06-10:00job:github_sync_all !    97eac125..fd73d32d  HEAD -> main
2026-10-01T23:54:06-10:00job:github_sync_all ! branch 'main' set up to track 'origin/main'.
2026-10-01T23:54:06-10:00job:github_sync_all ! ↑ [ecosystem] 10 files → RootRecord-Software-Solutions/RootRecord-Ecosystem (main)
2026-10-01T23:54:06-10:00job:github_sync_all ! ↑ [pacific] committed 4 local file(s)
2026-10-01T23:54:06-10:00job:github_sync_all ! ↓ [pacific] fetching origin/main
2026-10-01T23:54:06-10:00job:github_sync_all ! From github.com:RootRecord-Software-Solutions/RootRecord-Pacific-Solar-Server
2026-10-01T23:54:06-10:00job:github_sync_all !  * branch            main       -> FETCH_HEAD
2026-10-01T23:54:06-10:00job:github_sync_all ! ↑ [pacific] local is ahead of GitHub
2026-10-01T23:54:06-10:00job:github_sync_all ! To github.com:RootRecord-Software-Solutions/RootRecord-Pacific-Solar-Server.git
2026-10-01T23:54:06-10:00job:github_sync_all !    72970f0..2e21fe3  HEAD -> main
2026-10-01T23:54:06-10:00job:github_sync_all ! branch 'main' set up to track 'origin/main'.
2026-10-01T23:54:06-10:00job:github_sync_all ! ↑ [pacific] 4 files → RootRecord-Software-Solutions/RootRecord-Pacific-Solar-Server (main)
2026-10-01T23:54:06-10:00job:github_sync_all ! ↑ [database] committed 14 local file(s)
2026-10-01T23:54:06-10:00job:github_sync_all ! ↓ [database] fetching origin/main
2026-10-01T23:54:07-10:00HTTP listening on http://127.0.0.1:8799 (open access on bind)
2026-10-01T23:54:07-10:00boot:start  jobs=10
2026-10-01T23:54:07-10:00boot:run  priority=0  id=self_terminal
2026-10-01T23:54:07-10:00boot:p0 self_process pid=1324756
2026-10-01T23:54:07-10:00boot:run  priority=1  id=cloudflare_tunnel
2026-10-01T23:54:07-10:00boot:p1 cloudflare_tunnel host=rootserver.rootrecord.cloud
2026-10-01T23:54:07-10:00internet OK at boot — starting tunnel
2026-10-01T23:54:07-10:00Starting cloudflared mode=token public_host=rootserver.rootrecord.cloud
2026-10-01T23:54:07-10:00Waiting for tunnel register (timeout=45s)…
2026-10-01T23:54:07-10:00tunnel starting
2026-10-01T23:54:08-10:00tunnel connected  conn=0  edge=lax13
2026-10-01T23:54:08-10:00Tunnel READY — first connection registered.
2026-10-01T23:54:08-10:00boot:run  priority=2  id=github_setup_remotes
2026-10-01T23:54:08-10:00tunnel ingress  rootserver.rootrecord.cloud → 127.0.0.1:8799
2026-10-01T23:54:08-10:00boot:run  priority=3  id=ollama_warmup
2026-10-01T23:54:08-10:00job:ollama_warmup RUN  bash '/home/rootrecord/RootRecord-Ecosystem/1 - Servers/1 - RootRecord-Pacific-Solar-Server/System/scripts/plumbing/ollama-warmup.sh'
2026-10-01T23:54:08-10:00job:ollama_warmup | [ok] ollama up
2026-10-01T23:54:08-10:00boot:run  priority=4  id=flm_npu_warmup
2026-10-01T23:54:08-10:00job:flm_npu_warmup RUN  bash '/home/rootrecord/RootRecord-Ecosystem/1 - Servers/1 - RootRecord-Pacific-Solar-Server/System/scripts/plumbing/flm-warmup.sh'
2026-10-01T23:54:08-10:00tunnel connected  conn=1  edge=lax08
2026-10-01T23:54:08-10:00job:flm_npu_warmup | [skip] FLM warmup disabled (no resident model; set FLM_WARMUP_RESIDENT=1 to opt in)
2026-10-01T23:54:08-10:00boot:run  priority=5  id=council_relay
2026-10-01T23:54:08-10:00job:council_relay RUN  bash "/home/rootrecord/RootRecord-Ecosystem/1 - Servers/1 - RootRecord-Pacific-Solar-Server/Communications/telegram/scripts/ensure-relay.sh"
2026-10-01T23:54:09-10:00tunnel connected  conn=2  edge=lax10
2026-10-01T23:54:10-10:00tunnel connected  conn=3  edge=lax13
2026-10-01T23:54:11-10:00job:council_relay | [ok] council-relay started pid=1325087 → /home/rootrecord/RootRecord-Ecosystem/2 - RootRecord-Database/Logs/Communications/council-relay.log
2026-10-01T23:54:11-10:00boot:run  priority=6  id=security_camera_server
2026-10-01T23:54:11-10:00job:security_camera_server RUN  bash "/home/rootrecord/RootRecord-Ecosystem/1 - Servers/1 - RootRecord-Pacific-Solar-Server/Security/Cameras/ensure_cam_server.sh"
2026-10-01T23:54:11-10:00job:security_camera_server | security cam server started
2026-10-01T23:54:11-10:00boot:run  priority=7  id=security_timelapse_catchup
2026-10-01T23:54:11-10:00job:security_timelapse_catchup RUN  bash "/home/rootrecord/RootRecord-Ecosystem/1 - Servers/1 - RootRecord-Pacific-Solar-Server/Security/Cameras/timelapse_catchup.sh"
2026-10-01T23:54:11-10:00job:security_timelapse_catchup | 23:54:11  🎬  a-eyes-timelapse  catchup: checking 20261001, now=23:54 HST
2026-10-01T23:54:11-10:00job:security_timelapse_catchup | 23:54:11  🎬  a-eyes-timelapse  hour 05 has no frames yet, skipping
2026-10-01T23:54:11-10:00job:security_timelapse_catchup | 23:54:11  🎬  a-eyes-timelapse  hour 06 has no frames yet, skipping
2026-10-01T23:54:11-10:00job:security_timelapse_catchup | 23:54:11  🎬  a-eyes-timelapse  hour 07 has no frames yet, skipping
2026-10-01T23:54:11-10:00job:security_timelapse_catchup | 23:54:11  🎬  a-eyes-timelapse  hour 08 already compiled, skipping
2026-10-01T23:54:11-10:00job:security_timelapse_catchup | 23:54:11  🎬  a-eyes-timelapse  hour 09 already compiled, skipping
2026-10-01T23:54:11-10:00job:security_timelapse_catchup | 23:54:11  🎬  a-eyes-timelapse  hour 10 already compiled, skipping
2026-10-01T23:54:11-10:00job:security_timelapse_catchup | 23:54:11  🎬  a-eyes-timelapse  hour 11 already compiled, skipping
2026-10-01T23:54:11-10:00job:security_timelapse_catchup | 23:54:11  🎬  a-eyes-timelapse  hour 12 already compiled, skipping
2026-10-01T23:54:11-10:00job:security_timelapse_catchup | 23:54:11  🎬  a-eyes-timelapse  hour 13 already compiled, skipping
2026-10-01T23:54:11-10:00job:security_timelapse_catchup | 23:54:11  🎬  a-eyes-timelapse  hour 14 already compiled, skipping
2026-10-01T23:54:11-10:00job:security_timelapse_catchup | 23:54:11  🎬  a-eyes-timelapse  hour 15 already compiled, skipping
2026-10-01T23:54:11-10:00job:security_timelapse_catchup | 23:54:11  🎬  a-eyes-timelapse  hour 16 already compiled, skipping
2026-10-01T23:54:11-10:00job:security_timelapse_catchup | 23:54:11  🎬  a-eyes-timelapse  hour 17 already compiled, skipping
2026-10-01T23:54:11-10:00job:security_timelapse_catchup | 23:54:11  🎬  a-eyes-timelapse  hour 18 already compiled, skipping
2026-10-01T23:54:11-10:00job:security_timelapse_catchup | 23:54:11  🎬  a-eyes-timelapse  daily render already done, skipping
2026-10-01T23:54:11-10:00boot:run  priority=8  id=weather_poller
2026-10-01T23:54:11-10:00job:weather_poller RUN  bash "/home/rootrecord/RootRecord-Ecosystem/1 - Servers/1 - RootRecord-Pacific-Solar-Server/Weather/scripts/ensure-weather-poller.sh"
2026-10-01T23:54:12-10:00job:weather_poller | [ensure-weather-poller] starting -- entry=/home/rootrecord/RootRecord-Ecosystem/1 - Servers/1 - RootRecord-Pacific-Solar-Server/Weather/scripts/run_poller.py log=/home/rootrecord/RootRecord-Ecosystem/2 - RootRecord-Database/Weather/Hawai'i/logs/weather-poller.log
2026-10-01T23:54:12-10:00job:weather_poller | [ensure-weather-poller] verify: weather poller is running
2026-10-01T23:54:12-10:00boot:run  priority=9  id=network_globe_hawaii
2026-10-01T23:54:12-10:00job:network_globe_hawaii RUN  bash "/home/rootrecord/RootRecord-Ecosystem/1 - Servers/1 - RootRecord-Pacific-Solar-Server/Communications/network/scripts/ensure-network-globe-hawaii.sh"
2026-10-01T23:54:12-10:00job:network_globe_hawaii | [ensure-network-globe-hawaii] already running -- nothing to do
2026-10-01T23:54:12-10:00boot:done
2026-10-01T23:54:39-10:00  ▸  SUMMARY=river2pro soc=86.52% solar=0W ac_out=56W usbc=23W src=ble db=ok
2026-10-01T23:54:39-10:00scheduler  every_seconds=11  every_minute=13  every_hour=4  on_at=10
2026-10-01T23:54:39-10:00ENERGY  status=live  B2=off  B1=86.5%  solar=0 W  ac=0 W  usbc=0 W  src=/home/rootrecord/RootRecord-Ecosystem/2 - RootRecord-Database/Energy  LAP=100%/Full/AC
2026-10-01T23:54:39-10:00job:sys_stats_cycle RUN  bash "/home/rootrecord/RootRecord-Ecosystem/1 - Servers/1 - RootRecord-Pacific-Solar-Server/System/scripts/sys-sample.sh"
2026-10-01T23:54:41-10:00job:sys_stats_cycle | SYSTEM  cpu=5%  load=1.17  mem=51%  src=sqlite
2026-10-01T23:54:41-10:00job:sys_stats_cycle | OK wrote /home/rootrecord/RootRecord-Ecosystem/2 - RootRecord-Database/System/samples/sys-20261001-235439.json
2026-10-01T23:55:39-10:00tunnel timeout — reconnecting
2026-10-01T23:55:39-10:00tunnel timeout — reconnecting
2026-10-01T23:55:40-10:00tunnel timeout — reconnecting
2026-10-01T23:55:40-10:00tunnel timeout — reconnecting
2026-10-01T23:55:41-10:00tunnel connected  conn=0  edge=lax13
2026-10-01T23:55:41-10:00tunnel timeout — reconnecting
2026-10-01T23:55:42-10:00tunnel timeout — reconnecting
2026-10-01T23:55:42-10:00tunnel timeout — reconnecting
2026-10-01T23:55:48-10:00job:github_sync_all | ↑ [ecosystem] committed 9 local file(s)
2026-10-01T23:55:48-10:00job:github_sync_all | ↓ [ecosystem] fetching origin/main
2026-10-01T23:55:48-10:00job:github_sync_all | From github.com:RootRecord-Software-Solutions/RootRecord-Ecosystem
2026-10-01T23:55:48-10:00job:github_sync_all | * branch              main       -> FETCH_HEAD
2026-10-01T23:55:48-10:00job:github_sync_all | * [new branch]        main       -> origin/main
2026-10-01T23:55:48-10:00job:github_sync_all | ↑ [ecosystem] local is ahead of GitHub
2026-10-01T23:55:48-10:00job:github_sync_all | To github.com:RootRecord-Software-Solutions/RootRecord-Ecosystem.git
2026-10-01T23:55:48-10:00job:github_sync_all | fd73d32d..4b44aa69  HEAD -> main
2026-10-01T23:55:48-10:00job:github_sync_all | branch 'main' set up to track 'origin/main'.
2026-10-01T23:55:48-10:00job:github_sync_all | ↑ [ecosystem] 9 files → RootRecord-Software-Solutions/RootRecord-Ecosystem (main)
2026-10-01T23:55:48-10:00job:github_sync_all | ↑ [pacific] committed 3 local file(s)
2026-10-01T23:55:48-10:00job:github_sync_all | ↓ [pacific] fetching origin/main
2026-10-01T23:55:48-10:00job:github_sync_all | From github.com:RootRecord-Software-Solutions/RootRecord-Pacific-Solar-Server
2026-10-01T23:55:48-10:00job:github_sync_all | * branch            main       -> FETCH_HEAD
2026-10-01T23:55:48-10:00job:github_sync_all | ↑ [pacific] local is ahead of GitHub
2026-10-01T23:55:48-10:00job:github_sync_all | To github.com:RootRecord-Software-Solutions/RootRecord-Pacific-Solar-Server.git
2026-10-01T23:55:48-10:00job:github_sync_all | 2e21fe3..6c1b226  HEAD -> main
2026-10-01T23:55:48-10:00job:github_sync_all | branch 'main' set up to track 'origin/main'.
2026-10-01T23:55:48-10:00job:github_sync_all | ↑ [pacific] 3 files → RootRecord-Software-Solutions/RootRecord-Pacific-Solar-Server (main)
2026-10-01T23:55:48-10:00job:github_sync_all | ↑ [database] committed 17 local file(s)
2026-10-01T23:55:48-10:00job:github_sync_all | ↓ [database] fetching origin/main
2026-10-01T23:55:48-10:00job:github_sync_all | From github.com:RootRecord-Software-Solutions/RootRecord-Database
2026-10-01T23:55:48-10:00job:github_sync_all | * branch              main       -> FETCH_HEAD
2026-10-01T23:55:48-10:00job:github_sync_all | ↑ [database] local is ahead of GitHub
2026-10-01T23:55:48-10:00job:github_sync_all | To github.com:RootRecord-Software-Solutions/RootRecord-Database.git
2026-10-01T23:55:48-10:00job:github_sync_all | 14289d66..9d0556bd  HEAD -> main
2026-10-01T23:55:48-10:00job:github_sync_all | branch 'main' set up to track 'origin/main'.
2026-10-01T23:55:48-10:00job:github_sync_all | ↑ [database] 17 files → RootRecord-Software-Solutions/RootRecord-Database (main)
2026-10-01T23:55:48-10:00job:github_sync_all | — [library] no local changes
2026-10-01T23:55:48-10:00job:github_sync_all | ↓ [library] fetching origin/main
2026-10-01T23:55:48-10:00job:github_sync_all | From github.com:RootRecord-Software-Solutions/RootRecord-Library
2026-10-01T23:55:48-10:00job:github_sync_all | * branch            main       -> FETCH_HEAD
2026-10-01T23:55:48-10:00job:github_sync_all | ↑ [library] local is ahead of GitHub
2026-10-01T23:55:48-10:00job:github_sync_all | To github.com:RootRecord-Software-Solutions/RootRecord-Library.git
2026-10-01T23:55:48-10:00job:github_sync_all | 582b43c..c5dd5ab  HEAD -> main
2026-10-01T23:55:48-10:00job:github_sync_all | branch 'main' set up to track 'origin/main'.
2026-10-01T23:55:48-10:00job:github_sync_all | ↑ [library] 0 files → RootRecord-Software-Solutions/RootRecord-Library (main)
2026-10-01T23:55:48-10:00job:github_sync_all | — [website] no local changes
2026-10-01T23:55:48-10:00job:github_sync_all | ↓ [website] fetching origin/main
2026-10-01T23:55:48-10:00job:github_sync_all | From github.com:RootRecord-Software-Solutions/RootRecord-Website
2026-10-01T23:55:48-10:00job:worklog_scan RUN  bash "/home/rootrecord/RootRecord-Ecosystem/1 - Servers/1 - RootRecord-Pacific-Solar-Server/Reports/scripts/worklog_once.sh"
2026-10-01T23:55:55-10:00tunnel connected  conn=1  edge=lax09
2026-10-01T23:55:55-10:00tunnel connected  conn=3  edge=lax01
2026-10-01T23:55:55-10:00tunnel connected  conn=2  edge=lax07
2026-10-01T23:58:48-10:00job:worklog_scan TIMEOUT after 180s
2026-10-01T23:58:48-10:00job:security_camera_frame_grab RUN  bash "/home/rootrecord/RootRecord-Ecosystem/1 - Servers/1 - RootRecord-Pacific-Solar-Server/Security/Cameras/grab_all.sh"
2026-10-01T23:59:06-10:00job:security_camera_frame_grab | 23:58:48  📷  a-eyes  ch1 → ch1-20261002T095848Z.jpg  (299.9 KB, 4.37s)
2026-10-01T23:59:06-10:00job:security_camera_frame_grab | 23:58:53  📷  a-eyes  ch2 → ch2-20261002T095853Z.jpg  (311.6 KB, 4.38s)
2026-10-01T23:59:06-10:00job:security_camera_frame_grab | 23:58:57  📷  a-eyes  ch3 → ch3-20261002T095857Z.jpg  (323.8 KB, 4.36s)
2026-10-01T23:59:06-10:00job:security_camera_frame_grab | 23:59:02  📷  a-eyes  ch4 → ch4-20261002T095902Z.jpg  (242.9 KB, 4.40s)
2026-10-01T23:59:06-10:00job:service_supervisor RUN  bash "/home/rootrecord/RootRecord-Ecosystem/1 - Servers/1 - RootRecord-Pacific-Solar-Server/Automations/scripts/supervise-services.sh"
2026-10-01T23:59:06-10:00job:service_supervisor | [supervisor] weather alive pid=1325344 (act)
2026-10-01T23:59:06-10:00job:service_supervisor | [supervisor] relay alive pid=1325087 (act)
2026-10-01T23:59:06-10:00job:geology_collect RUN  nice -n 10 python3 "/home/rootrecord/RootRecord-Ecosystem/1 - Servers/1 - RootRecord-Pacific-Solar-Server/Geology/scripts/geology_collect.py" all
2026-10-01T23:59:16-10:00job:geology_collect | {"ok": true, "at": "2026-10-01T23:59:06-10:00", "what": "all", "dry_run": false, "sources": {"hawaii": {"ok": true, "count": 37, "new": 0, "new_m2": 0, "ms": 452}, "global": {"ok": true, "count": 28, "new": 1, "ms": 272}, "hvo_notices": {"ok": true, "count": 47, "new": 0, "ms": 5142}, "hvo_status": {"ok": true, "volcanoes": 8, "kilauea": "WATCH", "mauna_loa": "NORMAL", "ms": 3789}}}
2026-10-01T23:59:16-10:00job:status_snapshot RUN  nice -n 10 python3 "/home/rootrecord/RootRecord-Ecosystem/1 - Servers/1 - RootRecord-Pacific-Solar-Server/Website/scripts/live_data_pages.py"
2026-10-01T23:59:16-10:00job:status_snapshot | live-data 6 pages
2026-10-01T23:59:16-10:00job:system_net_sample RUN  nice -n 10 python3 "/home/rootrecord/RootRecord-Ecosystem/1 - Servers/1 - RootRecord-Pacific-Solar-Server/System/scripts/host_desks.py" net-sample
2026-10-01T23:59:16-10:00job:system_net_sample | {"ok": true, "file": "/home/rootrecord/RootRecord-Ecosystem/2 - RootRecord-Database/System/network/Daily/net-20261001.jsonl", "iface": "wlo1", "hour": null, "day": null}
2026-10-01T23:59:16-10:00job:discord_report_relay RUN  nice -n 10 python3 "/home/rootrecord/RootRecord-Ecosystem/1 - Servers/1 - RootRecord-Pacific-Solar-Server/Communications/Discord/scripts/report_relay.py"
2026-10-01T23:59:16-10:00job:discord_report_relay | same
2026-10-01T23:59:17-10:00job:radio_rss_poll RUN  nice -n 10 python3 "/home/rootrecord/RootRecord-Ecosystem/1 - Servers/1 - RootRecord-Pacific-Solar-Server/Media/RadioRss/scripts/rss_radio.py" poll
2026-10-01T23:59:24-10:00job:radio_rss_poll | {"ok": true, "polled": [{"feed": "marketwatch_top", "ok": true, "items": 10, "duplicates": 10}, {"feed": "nasa_artemis", "ok": true, "items": 0}, {"feed": "nasa_jpl", "ok": true, "items": 0}, {"feed": "nasa_news", "ok": true, "items": 0}, {"feed": "nasa_recent", "ok": true, "items": 0}, {"feed": "nasa_station", "ok": true, "items": 0}, {"feed": "nasaspaceflight", "ok": true, "items": 0}, {"feed": "nist_cyber_insights", "ok": true, "items": 20, "duplicates": 20}, {"feed": "nist_cybersecurity", "ok": true, "items": 0, "duplicates": 0}, {"feed": "nist_news", "ok": true, "items": 20, "duplicates": 20}, {"feed": "nsf_news", "ok": true, "items": 0}, {"feed": "ntsb_investigations", "ok": true, "skipped": "robots"}], "composed": []}
2026-10-01T23:59:25-10:00ENERGY  status=live  B2=off  B1=86.5%  solar=0 W  ac=0 W  usbc=0 W  src=/home/rootrecord/RootRecord-Ecosystem/2 - RootRecord-Database/Energy  LAP=100%/Full/AC
2026-10-01T23:59:25-10:00job:sys_stats_cycle RUN  bash "/home/rootrecord/RootRecord-Ecosystem/1 - Servers/1 - RootRecord-Pacific-Solar-Server/System/scripts/sys-sample.sh"
2026-10-01T23:59:26-10:00job:sys_stats_cycle | SYSTEM  cpu=4%  load=0.96  mem=51%  src=sqlite
2026-10-01T23:59:26-10:00job:sys_stats_cycle | OK wrote /home/rootrecord/RootRecord-Ecosystem/2 - RootRecord-Database/System/samples/sys-20261001-235925.json
2026-10-02T00:00:22-10:00job:github_sync_all | ↑ [ecosystem] committed 20 local file(s)
2026-10-02T00:00:22-10:00job:github_sync_all | ↓ [ecosystem] fetching origin/main
2026-10-02T00:00:22-10:00job:github_sync_all | From github.com:RootRecord-Software-Solutions/RootRecord-Ecosystem
2026-10-02T00:00:22-10:00job:github_sync_all | * branch              main       -> FETCH_HEAD
2026-10-02T00:00:22-10:00job:github_sync_all | ↑ [ecosystem] local is ahead of GitHub
2026-10-02T00:00:22-10:00job:github_sync_all | To github.com:RootRecord-Software-Solutions/RootRecord-Ecosystem.git
2026-10-02T00:00:22-10:00job:github_sync_all | 4b44aa69..1f7d38c9  HEAD -> main
2026-10-02T00:00:22-10:00job:github_sync_all | branch 'main' set up to track 'origin/main'.
2026-10-02T00:00:22-10:00job:github_sync_all | ↑ [ecosystem] 20 files → RootRecord-Software-Solutions/RootRecord-Ecosystem (main)
2026-10-02T00:00:22-10:00job:github_sync_all | ↑ [pacific] committed 1 local file(s)
2026-10-02T00:00:22-10:00job:github_sync_all | ↓ [pacific] fetching origin/main
2026-10-02T00:00:22-10:00job:github_sync_all | From github.com:RootRecord-Software-Solutions/RootRecord-Pacific-Solar-Server
2026-10-02T00:00:22-10:00job:github_sync_all | * branch            main       -> FETCH_HEAD
2026-10-02T00:00:22-10:00job:github_sync_all | ↑ [pacific] local is ahead of GitHub
2026-10-02T00:00:22-10:00job:github_sync_all | To github.com:RootRecord-Software-Solutions/RootRecord-Pacific-Solar-Server.git
2026-10-02T00:00:22-10:00job:github_sync_all | 6c1b226..dcdfc7d  HEAD -> main
2026-10-02T00:00:22-10:00job:github_sync_all | branch 'main' set up to track 'origin/main'.
2026-10-02T00:00:22-10:00job:github_sync_all | ↑ [pacific] 1 files → RootRecord-Software-Solutions/RootRecord-Pacific-Solar-Server (main)
2026-10-02T00:00:22-10:00job:github_sync_all | ↑ [database] committed 30 local file(s)
2026-10-02T00:00:22-10:00job:github_sync_all | ↓ [database] fetching origin/main
2026-10-02T00:00:22-10:00job:github_sync_all | From github.com:RootRecord-Software-Solutions/RootRecord-Database
2026-10-02T00:00:22-10:00job:github_sync_all | * branch              main       -> FETCH_HEAD
2026-10-02T00:00:22-10:00job:github_sync_all | ↑ [database] local is ahead of GitHub
2026-10-02T00:00:22-10:00job:github_sync_all | To github.com:RootRecord-Software-Solutions/RootRecord-Database.git
2026-10-02T00:00:22-10:00job:github_sync_all | 9d0556bd..65ea99f3  HEAD -> main
2026-10-02T00:00:22-10:00job:github_sync_all | branch 'main' set up to track 'origin/main'.
2026-10-02T00:00:22-10:00job:github_sync_all | ↑ [database] 30 files → RootRecord-Software-Solutions/RootRecord-Database (main)
2026-10-02T00:00:22-10:00job:github_sync_all | — [library] no local changes
2026-10-02T00:00:22-10:00job:github_sync_all | ↓ [library] fetching origin/main
2026-10-02T00:00:22-10:00job:github_sync_all | From github.com:RootRecord-Software-Solutions/RootRecord-Library
2026-10-02T00:00:22-10:00job:github_sync_all | * branch            main       -> FETCH_HEAD
2026-10-02T00:00:22-10:00job:github_sync_all | — [library] local and GitHub already match
2026-10-02T00:00:22-10:00job:github_sync_all | — [library] nothing to push
2026-10-02T00:00:22-10:00job:github_sync_all | — [website] no local changes
2026-10-02T00:00:22-10:00job:github_sync_all | ↓ [website] fetching origin/main
2026-10-02T00:00:22-10:00job:github_sync_all | From github.com:RootRecord-Software-Solutions/RootRecord-Website
2026-10-02T00:00:22-10:00job:github_sync_all | * branch            main       -> FETCH_HEAD
2026-10-02T00:00:22-10:00job:github_sync_all | — [website] local and GitHub already match
2026-10-02T00:00:22-10:00job:github_sync_all | — [website] nothing to push
2026-10-02T00:00:22-10:00job:github_sync_all | — [website-personal] no local changes
2026-10-02T00:00:22-10:00job:security_camera_frame_grab RUN  bash "/home/rootrecord/RootRecord-Ecosystem/1 - Servers/1 - RootRecord-Pacific-Solar-Server/Security/Cameras/grab_all.sh"
2026-10-02T00:00:41-10:00job:security_camera_frame_grab | 00:00:22  📷  a-eyes  ch1 → ch1-20261002T100022Z.jpg  (299.1 KB, 5.74s)
2026-10-02T00:00:41-10:00job:security_camera_frame_grab | 00:00:28  📷  a-eyes  ch2 → ch2-20261002T100028Z.jpg  (307.8 KB, 4.18s)
2026-10-02T00:00:41-10:00job:security_camera_frame_grab | 00:00:32  📷  a-eyes  ch3 → ch3-20261002T100032Z.jpg  (320.1 KB, 4.37s)
2026-10-02T00:00:41-10:00job:security_camera_frame_grab | 00:00:36  📷  a-eyes  ch4 → ch4-20261002T100036Z.jpg  (212.6 KB, 4.52s)
2026-10-02T00:00:41-10:00job:discord_report_8h RUN  nice -n 10 python3 "/home/rootrecord/RootRecord-Ecosystem/1 - Servers/1 - RootRecord-Pacific-Solar-Server/Communications/Discord/scripts/report_rollups.py" 8h
2026-10-02T00:00:52-10:00tunnel timeout — reconnecting
2026-10-02T00:00:53-10:00tunnel timeout — reconnecting
2026-10-02T00:00:59-10:00job:discord_report_8h | posted nws_weather
2026-10-02T00:00:59-10:00job:discord_report_8h | posted energy_report
2026-10-02T00:00:59-10:00job:discord_report_8h | posted remaining_tasks
2026-10-02T00:00:59-10:00job:discord_report_8h | posted morning_report
2026-10-02T00:00:59-10:00job:discord_report_8h | posted midday_report
2026-10-02T00:00:59-10:00job:discord_report_8h | posted late_report
2026-10-02T00:00:59-10:00job:discord_report_8h | posted earthquake_report
2026-10-02T00:00:59-10:00job:discord_report_8h | posted hurricane_desk
2026-10-02T00:00:59-10:00job:discord_report_8h | posted kilauea_report
2026-10-02T00:00:59-10:00job:discord_report_8h | posted solar_desk
2026-10-02T00:00:59-10:00job:discord_report_8h | posted security_desk
2026-10-02T00:00:59-10:00job:discord_report_8h | posted bandwidth_desk
2026-10-02T00:00:59-10:00job:discord_report_8h | posted official_weather
2026-10-02T00:00:59-10:00job:discord_report_8h | posted boot_brief
2026-10-02T00:00:59-10:00job:discord_report_8h | posted system_perf
2026-10-02T00:00:59-10:00job:energy_sun_times RUN  python3 "/home/rootrecord/RootRecord-Ecosystem/1 - Servers/1 - RootRecord-Pacific-Solar-Server/Energy/scripts/sun_times.py"
2026-10-02T00:01:00-10:00job:energy_sun_times | {"ok": true, "date": "2026-10-02", "sunrise": "06:12", "sunset": "18:08", "sunrise_iso": "2026-10-02T06:12", "sunset_iso": "2026-10-02T18:08", "after_sunset": false, "before_sunrise": true, "source": "open-meteo", "now_hst": "00:01", "refreshed": true, "error": null}
2026-10-02T00:01:00-10:00job:energy_moon_phase RUN  python3 "/home/rootrecord/RootRecord-Ecosystem/1 - Servers/1 - RootRecord-Pacific-Solar-Server/Energy/scripts/moon_phase.py"
2026-10-02T00:01:01-10:00job:energy_moon_phase | {"ok": true, "date": "2026-10-02", "phase": 0.7057, "phase_name": "Waning Gibbous", "illumination": 64, "next_phase": "Last Quarter", "next_phase_date": "2026-10-03", "refreshed": true, "error": null}
2026-10-02T00:01:01-10:00job:automations_log_hourly_archive RUN  bash "/home/rootrecord/RootRecord-Ecosystem/1 - Servers/1 - RootRecord-Pacific-Solar-Server/Automations/scripts/archive_automations_log_hourly.sh"
