2026-10-01T00:06:08-10:00job:automations_log_hourly_archive OK
2026-10-01T00:06:08-10:00job:security_timelapse_hourly_compile RUN  bash "/home/rootrecord/RootRecord-Ecosystem/1 - Servers/1 - RootRecord-Pacific-Solar-Server/Security/Cameras/timelapse_hourly.sh"
2026-10-01T00:06:08-10:00job:security_timelapse_hourly_compile | 00:06:08  🎬  a-eyes-timelapse  hour 23 is outside the 05:00-19:00 window, skipping
2026-10-01T00:06:09-10:00ENERGY  status=live  B2=8.1%  B1=72.3%  solar=0 W  ac=45 W  usbc=0 W  src=/home/rootrecord/RootRecord-Ecosystem/2 - RootRecord-Database/Energy  LAP=100%/Full/AC
2026-10-01T00:06:26-10:00  ▸  SUMMARY=river2pro soc=71.59% solar=0W ac_out=0W usbc=20W src=ble+cloud db=ok
2026-10-01T00:06:26-10:00job:sys_stats_cycle RUN  bash "/home/rootrecord/RootRecord-Ecosystem/1 - Servers/1 - RootRecord-Pacific-Solar-Server/System/scripts/sys-sample.sh"
2026-10-01T00:06:28-10:00job:sys_stats_cycle | SYSTEM  cpu=5%  load=2.45  mem=52%  src=sqlite
2026-10-01T00:06:28-10:00job:sys_stats_cycle | OK wrote /home/rootrecord/RootRecord-Ecosystem/2 - RootRecord-Database/System/samples/sys-20261001-000626.json
2026-10-01T00:07:29-10:00job:github_sync_all | ↑ [ecosystem] committed 57 local file(s)
2026-10-01T00:07:29-10:00job:github_sync_all | ↓ [ecosystem] fetching origin/main
2026-10-01T00:07:29-10:00job:github_sync_all | From github.com:RootRecord-Software-Solutions/RootRecord-Ecosystem
2026-10-01T00:07:29-10:00job:github_sync_all | * branch              main       -> FETCH_HEAD
2026-10-01T00:07:29-10:00job:github_sync_all | ↑ [ecosystem] local is ahead of GitHub
2026-10-01T00:07:29-10:00job:github_sync_all | To github.com:RootRecord-Software-Solutions/RootRecord-Ecosystem.git
2026-10-01T00:07:29-10:00job:github_sync_all | 54a27934..e1402dc6  HEAD -> main
2026-10-01T00:07:29-10:00job:github_sync_all | branch 'main' set up to track 'origin/main'.
2026-10-01T00:07:29-10:00job:github_sync_all | ↑ [ecosystem] 57 files → RootRecord-Software-Solutions/RootRecord-Ecosystem (main)
2026-10-01T00:07:29-10:00job:github_sync_all | ↑ [pacific] committed 1 local file(s)
2026-10-01T00:07:29-10:00job:github_sync_all | ↓ [pacific] fetching origin/main
2026-10-01T00:07:29-10:00job:github_sync_all | From github.com:RootRecord-Software-Solutions/RootRecord-Pacific-Solar-Server
2026-10-01T00:07:29-10:00job:github_sync_all | * branch            main       -> FETCH_HEAD
2026-10-01T00:07:29-10:00job:github_sync_all | ↑ [pacific] local is ahead of GitHub
2026-10-01T00:07:29-10:00job:github_sync_all | To github.com:RootRecord-Software-Solutions/RootRecord-Pacific-Solar-Server.git
2026-10-01T00:07:29-10:00job:github_sync_all | 63e29c9..a60958d  HEAD -> main
2026-10-01T00:07:29-10:00job:github_sync_all | branch 'main' set up to track 'origin/main'.
2026-10-01T00:07:29-10:00job:github_sync_all | ↑ [pacific] 1 files → RootRecord-Software-Solutions/RootRecord-Pacific-Solar-Server (main)
2026-10-01T00:07:29-10:00job:github_sync_all | ↑ [database] committed 27 local file(s)
2026-10-01T00:07:29-10:00job:github_sync_all | ↓ [database] fetching origin/main
2026-10-01T00:07:29-10:00job:github_sync_all | From github.com:RootRecord-Software-Solutions/RootRecord-Database
2026-10-01T00:07:29-10:00job:github_sync_all | * branch              main       -> FETCH_HEAD
2026-10-01T00:07:29-10:00job:github_sync_all | ↑ [database] local is ahead of GitHub
2026-10-01T00:07:29-10:00job:github_sync_all | To github.com:RootRecord-Software-Solutions/RootRecord-Database.git
2026-10-01T00:07:29-10:00job:github_sync_all | 7e8ee7d3..0933e1ed  HEAD -> main
2026-10-01T00:07:29-10:00job:github_sync_all | branch 'main' set up to track 'origin/main'.
2026-10-01T00:07:29-10:00job:github_sync_all | ↑ [database] 27 files → RootRecord-Software-Solutions/RootRecord-Database (main)
2026-10-01T00:07:29-10:00job:github_sync_all | — [library] no local changes
2026-10-01T00:07:29-10:00job:github_sync_all | ↓ [library] fetching origin/main
2026-10-01T00:07:29-10:00job:github_sync_all | From github.com:RootRecord-Software-Solutions/RootRecord-Library
2026-10-01T00:07:29-10:00job:github_sync_all | * branch            main       -> FETCH_HEAD
2026-10-01T00:07:29-10:00job:github_sync_all | — [library] local and GitHub already match
2026-10-01T00:07:29-10:00job:github_sync_all | — [library] nothing to push
2026-10-01T00:07:29-10:00job:github_sync_all | ↑ [website] committed 1 local file(s)
2026-10-01T00:07:29-10:00job:github_sync_all | ↓ [website] fetching origin/main
2026-10-01T00:07:29-10:00job:github_sync_all | From github.com:RootRecord-Software-Solutions/RootRecord-Website
2026-10-01T00:07:29-10:00job:github_sync_all | * branch            main       -> FETCH_HEAD
2026-10-01T00:07:29-10:00job:github_sync_all | ↑ [website] local is ahead of GitHub
2026-10-01T00:07:29-10:00job:github_sync_all | To github.com:RootRecord-Software-Solutions/RootRecord-Website.git
2026-10-01T00:07:29-10:00job:github_sync_all | cd7505d..595711a  HEAD -> main
2026-10-01T00:07:29-10:00job:worklog_scan RUN  bash "/home/rootrecord/RootRecord-Ecosystem/1 - Servers/1 - RootRecord-Pacific-Solar-Server/Reports/scripts/worklog_once.sh"
2026-10-01T00:07:41-10:00job:worklog_scan | OK wrote/updated /home/rootrecord/RootRecord-Ecosystem/2 - RootRecord-Database/Worklog/worklog_current.md
2026-10-01T00:07:41-10:00job:security_camera_frame_grab RUN  bash "/home/rootrecord/RootRecord-Ecosystem/1 - Servers/1 - RootRecord-Pacific-Solar-Server/Security/Cameras/grab_all.sh"
2026-10-01T00:07:59-10:00job:security_camera_frame_grab | 00:07:41  📷  a-eyes  ch1 → ch1-20261001T100741Z.jpg  (279.5 KB, 4.45s)
2026-10-01T00:07:59-10:00job:security_camera_frame_grab | 00:07:45  📷  a-eyes  ch2 → ch2-20261001T100745Z.jpg  (121.6 KB, 4.38s)
2026-10-01T00:07:59-10:00job:security_camera_frame_grab | 00:07:50  📷  a-eyes  ch3 → ch3-20261001T100750Z.jpg  (376.2 KB, 4.71s)
2026-10-01T00:07:59-10:00job:security_camera_frame_grab | 00:07:54  📷  a-eyes  ch4 → ch4-20261001T100754Z.jpg  (243.9 KB, 4.54s)
2026-10-01T00:07:59-10:00job:service_supervisor RUN  bash "/home/rootrecord/RootRecord-Ecosystem/1 - Servers/1 - RootRecord-Pacific-Solar-Server/Automations/scripts/supervise-services.sh"
2026-10-01T00:07:59-10:00job:service_supervisor | [supervisor] weather alive pid=30098 (act)
2026-10-01T00:07:59-10:00job:service_supervisor | [supervisor] relay alive pid=44115 (act)
2026-10-01T00:07:59-10:00job:status_snapshot RUN  nice -n 10 python3 "/home/rootrecord/RootRecord-Ecosystem/1 - Servers/1 - RootRecord-Pacific-Solar-Server/Website/scripts/live_data_pages.py"
2026-10-01T00:07:59-10:00job:status_snapshot | live-data 5 pages
2026-10-01T00:08:00-10:00ENERGY  status=live  B2=8.1%  B1=71.6%  solar=0 W  ac=45 W  usbc=0 W  src=/home/rootrecord/RootRecord-Ecosystem/2 - RootRecord-Database/Energy  LAP=100%/Full/AC
2026-10-01T00:08:16-10:00  ▸  SUMMARY=delta2 soc=6.94% solar=0W ac_out=43W usbc=0W src=ble db=ok
2026-10-01T00:08:16-10:00job:sys_stats_cycle RUN  bash "/home/rootrecord/RootRecord-Ecosystem/1 - Servers/1 - RootRecord-Pacific-Solar-Server/System/scripts/sys-sample.sh"
2026-10-01T00:08:17-10:00job:sys_stats_cycle | SYSTEM  cpu=27%  load=1.65  mem=54%  src=sqlite
2026-10-01T00:08:17-10:00job:sys_stats_cycle | OK wrote /home/rootrecord/RootRecord-Ecosystem/2 - RootRecord-Database/System/samples/sys-20261001-000816.json
2026-10-01T00:09:19-10:00job:github_sync_all | ↑ [ecosystem] committed 5 local file(s)
2026-10-01T00:09:19-10:00job:github_sync_all | ↓ [ecosystem] fetching origin/main
2026-10-01T00:09:19-10:00job:github_sync_all | From github.com:RootRecord-Software-Solutions/RootRecord-Ecosystem
2026-10-01T00:09:19-10:00job:github_sync_all | * branch              main       -> FETCH_HEAD
2026-10-01T00:09:19-10:00job:github_sync_all | ↑ [ecosystem] local is ahead of GitHub
2026-10-01T00:09:19-10:00job:github_sync_all | To github.com:RootRecord-Software-Solutions/RootRecord-Ecosystem.git
2026-10-01T00:09:19-10:00job:github_sync_all | e1402dc6..93cd626b  HEAD -> main
2026-10-01T00:09:19-10:00job:github_sync_all | branch 'main' set up to track 'origin/main'.
2026-10-01T00:09:19-10:00job:github_sync_all | ↑ [ecosystem] 5 files → RootRecord-Software-Solutions/RootRecord-Ecosystem (main)
2026-10-01T00:09:19-10:00job:github_sync_all | ↑ [pacific] committed 1 local file(s)
2026-10-01T00:09:19-10:00job:github_sync_all | ↓ [pacific] fetching origin/main
2026-10-01T00:09:19-10:00job:github_sync_all | From github.com:RootRecord-Software-Solutions/RootRecord-Pacific-Solar-Server
2026-10-01T00:09:19-10:00job:github_sync_all | * branch            main       -> FETCH_HEAD
2026-10-01T00:09:19-10:00job:github_sync_all | ↑ [pacific] local is ahead of GitHub
2026-10-01T00:09:19-10:00job:github_sync_all | To github.com:RootRecord-Software-Solutions/RootRecord-Pacific-Solar-Server.git
2026-10-01T00:09:19-10:00job:github_sync_all | a60958d..3a3a56a  HEAD -> main
2026-10-01T00:09:19-10:00job:github_sync_all | branch 'main' set up to track 'origin/main'.
2026-10-01T00:09:19-10:00job:github_sync_all | ↑ [pacific] 1 files → RootRecord-Software-Solutions/RootRecord-Pacific-Solar-Server (main)
2026-10-01T00:09:19-10:00job:github_sync_all | ↑ [database] committed 23 local file(s)
2026-10-01T00:09:19-10:00job:github_sync_all | ↓ [database] fetching origin/main
2026-10-01T00:09:19-10:00job:github_sync_all | From github.com:RootRecord-Software-Solutions/RootRecord-Database
2026-10-01T00:09:19-10:00job:github_sync_all | * branch              main       -> FETCH_HEAD
2026-10-01T00:09:19-10:00job:github_sync_all | ↑ [database] local is ahead of GitHub
2026-10-01T00:09:19-10:00job:github_sync_all | To github.com:RootRecord-Software-Solutions/RootRecord-Database.git
2026-10-01T00:09:19-10:00job:github_sync_all | 0933e1ed..a9bf25e9  HEAD -> main
2026-10-01T00:09:19-10:00job:github_sync_all | branch 'main' set up to track 'origin/main'.
2026-10-01T00:09:19-10:00job:github_sync_all | ↑ [database] 23 files → RootRecord-Software-Solutions/RootRecord-Database (main)
2026-10-01T00:09:19-10:00job:github_sync_all | — [library] no local changes
2026-10-01T00:09:19-10:00job:github_sync_all | ↓ [library] fetching origin/main
2026-10-01T00:09:19-10:00job:github_sync_all | From github.com:RootRecord-Software-Solutions/RootRecord-Library
2026-10-01T00:09:19-10:00job:github_sync_all | * branch            main       -> FETCH_HEAD
2026-10-01T00:09:19-10:00job:github_sync_all | — [library] local and GitHub already match
2026-10-01T00:09:19-10:00job:github_sync_all | — [library] nothing to push
2026-10-01T00:09:19-10:00job:github_sync_all | — [website] no local changes
2026-10-01T00:09:19-10:00job:github_sync_all | ↓ [website] fetching origin/main
2026-10-01T00:09:19-10:00job:github_sync_all | From github.com:RootRecord-Software-Solutions/RootRecord-Website
2026-10-01T00:09:19-10:00job:github_sync_all | * branch            main       -> FETCH_HEAD
2026-10-01T00:09:19-10:00job:github_sync_all | — [website] local and GitHub already match
2026-10-01T00:09:19-10:00job:github_sync_all | — [website] nothing to push
2026-10-01T00:09:19-10:00job:github_sync_all | — [website-personal] no local changes
2026-10-01T00:09:19-10:00job:security_camera_frame_grab RUN  bash "/home/rootrecord/RootRecord-Ecosystem/1 - Servers/1 - RootRecord-Pacific-Solar-Server/Security/Cameras/grab_all.sh"
2026-10-01T00:09:37-10:00job:security_camera_frame_grab | 00:09:19  📷  a-eyes  ch1 → ch1-20261001T100919Z.jpg  (279.6 KB, 4.37s)
2026-10-01T00:09:37-10:00job:security_camera_frame_grab | 00:09:24  📷  a-eyes  ch2 → ch2-20261001T100924Z.jpg  (123.3 KB, 4.57s)
2026-10-01T00:09:37-10:00job:security_camera_frame_grab | 00:09:28  📷  a-eyes  ch3 → ch3-20261001T100928Z.jpg  (385.1 KB, 4.47s)
2026-10-01T00:09:37-10:00job:security_camera_frame_grab | 00:09:33  📷  a-eyes  ch4 → ch4-20261001T100933Z.jpg  (245.8 KB, 4.38s)
2026-10-01T00:09:37-10:00job:geology_collect RUN  nice -n 10 python3 "/home/rootrecord/RootRecord-Ecosystem/1 - Servers/1 - RootRecord-Pacific-Solar-Server/Geology/scripts/geology_collect.py" all
2026-10-01T00:09:41-10:00job:geology_collect | {"ok": true, "at": "2026-10-01T00:09:37-10:00", "what": "all", "dry_run": false, "sources": {"hawaii": {"ok": true, "count": 36, "new": 1, "new_m2": 1, "ms": 838}, "global": {"ok": true, "count": 37, "new": 0, "ms": 298}, "hvo_notices": {"ok": true, "count": 44, "new": 0, "ms": 2144}, "hvo_status": {"ok": true, "volcanoes": 8, "kilauea": "WATCH", "mauna_loa": "NORMAL", "ms": 513}}}
2026-10-01T00:09:41-10:00job:system_net_sample RUN  nice -n 10 python3 "/home/rootrecord/RootRecord-Ecosystem/1 - Servers/1 - RootRecord-Pacific-Solar-Server/System/scripts/host_desks.py" net-sample
2026-10-01T00:09:41-10:00job:system_net_sample | {"ok": true, "file": "/home/rootrecord/RootRecord-Ecosystem/2 - RootRecord-Database/System/network/Daily/net-20261001.jsonl", "iface": "wlo1", "hour": {"seconds": 3833, "rx": 1986898520, "tx": 94954497, "total": 2081853017, "iface": "wlo1", "link": "wireless"}, "day": null}
2026-10-01T00:09:41-10:00job:discord_report_relay RUN  nice -n 10 python3 "/home/rootrecord/RootRecord-Ecosystem/1 - Servers/1 - RootRecord-Pacific-Solar-Server/Communications/Discord/scripts/report_relay.py"
2026-10-01T00:09:50-10:00job:discord_report_relay | posted energy_report
2026-10-01T00:09:50-10:00job:discord_report_relay | posted remaining_tasks
2026-10-01T00:09:50-10:00job:discord_report_relay | posted earthquake_report
2026-10-01T00:09:50-10:00job:discord_report_relay | posted kilauea_report
2026-10-01T00:09:50-10:00job:discord_report_relay | posted solar_desk
2026-10-01T00:09:50-10:00job:discord_report_relay | posted security_desk
2026-10-01T00:09:50-10:00job:discord_report_relay | posted bandwidth_desk
2026-10-01T00:09:50-10:00job:discord_report_relay | posted system_perf
2026-10-01T00:09:51-10:00ENERGY  status=live  B2=6.9%  B1=71.6%  solar=0 W  ac=43 W  usbc=0 W  src=/home/rootrecord/RootRecord-Ecosystem/2 - RootRecord-Database/Energy  LAP=100%/Full/AC
2026-10-01T00:10:06-10:00  ▸  SUMMARY=delta2 soc=6.74% solar=0W ac_out=53W usbc=0W src=ble db=ok
2026-10-01T00:10:06-10:00job:sys_stats_cycle RUN  bash "/home/rootrecord/RootRecord-Ecosystem/1 - Servers/1 - RootRecord-Pacific-Solar-Server/System/scripts/sys-sample.sh"
2026-10-01T00:10:07-10:00job:sys_stats_cycle | SYSTEM  cpu=6%  load=1.18  mem=43%  src=sqlite
2026-10-01T00:10:07-10:00job:sys_stats_cycle | OK wrote /home/rootrecord/RootRecord-Ecosystem/2 - RootRecord-Database/System/samples/sys-20261001-001007.json
2026-10-01T00:11:13-10:00job:github_sync_all | ↑ [ecosystem] committed 8 local file(s)
2026-10-01T00:11:13-10:00job:github_sync_all | ↓ [ecosystem] fetching origin/main
2026-10-01T00:11:13-10:00job:github_sync_all | From github.com:RootRecord-Software-Solutions/RootRecord-Ecosystem
2026-10-01T00:11:13-10:00job:github_sync_all | * branch              main       -> FETCH_HEAD
2026-10-01T00:11:13-10:00job:github_sync_all | ↑ [ecosystem] local is ahead of GitHub
2026-10-01T00:11:13-10:00job:github_sync_all | To github.com:RootRecord-Software-Solutions/RootRecord-Ecosystem.git
2026-10-01T00:11:13-10:00job:github_sync_all | 93cd626b..8cea4b8a  HEAD -> main
2026-10-01T00:11:13-10:00job:github_sync_all | branch 'main' set up to track 'origin/main'.
2026-10-01T00:11:13-10:00job:github_sync_all | ↑ [ecosystem] 8 files → RootRecord-Software-Solutions/RootRecord-Ecosystem (main)
2026-10-01T00:11:13-10:00job:github_sync_all | — [pacific] no local changes
2026-10-01T00:11:13-10:00job:github_sync_all | ↓ [pacific] fetching origin/main
2026-10-01T00:11:13-10:00job:github_sync_all | From github.com:RootRecord-Software-Solutions/RootRecord-Pacific-Solar-Server
2026-10-01T00:11:13-10:00job:github_sync_all | * branch            main       -> FETCH_HEAD
2026-10-01T00:11:13-10:00job:github_sync_all | — [pacific] local and GitHub already match
2026-10-01T00:11:13-10:00job:github_sync_all | — [pacific] nothing to push
2026-10-01T00:11:13-10:00job:github_sync_all | ↑ [database] committed 21 local file(s)
2026-10-01T00:11:13-10:00job:github_sync_all | ↓ [database] fetching origin/main
2026-10-01T00:11:13-10:00job:github_sync_all | From github.com:RootRecord-Software-Solutions/RootRecord-Database
2026-10-01T00:11:13-10:00job:github_sync_all | * branch              main       -> FETCH_HEAD
2026-10-01T00:11:13-10:00job:github_sync_all | ↑ [database] local is ahead of GitHub
2026-10-01T00:11:13-10:00job:github_sync_all | To github.com:RootRecord-Software-Solutions/RootRecord-Database.git
2026-10-01T00:11:13-10:00job:github_sync_all | a9bf25e9..4a204c61  HEAD -> main
2026-10-01T00:11:13-10:00job:github_sync_all | branch 'main' set up to track 'origin/main'.
2026-10-01T00:11:13-10:00job:github_sync_all | ↑ [database] 21 files → RootRecord-Software-Solutions/RootRecord-Database (main)
2026-10-01T00:11:13-10:00job:github_sync_all | — [library] no local changes
2026-10-01T00:11:13-10:00job:github_sync_all | ↓ [library] fetching origin/main
2026-10-01T00:11:13-10:00job:github_sync_all | From github.com:RootRecord-Software-Solutions/RootRecord-Library
2026-10-01T00:11:13-10:00job:github_sync_all | * branch            main       -> FETCH_HEAD
2026-10-01T00:11:13-10:00job:github_sync_all | — [library] local and GitHub already match
2026-10-01T00:11:13-10:00job:github_sync_all | — [library] nothing to push
2026-10-01T00:11:13-10:00job:github_sync_all | — [website] no local changes
2026-10-01T00:11:13-10:00job:github_sync_all | ↓ [website] fetching origin/main
2026-10-01T00:11:13-10:00job:github_sync_all | From github.com:RootRecord-Software-Solutions/RootRecord-Website
2026-10-01T00:11:13-10:00job:github_sync_all | * branch            main       -> FETCH_HEAD
2026-10-01T00:11:13-10:00job:github_sync_all | — [website] local and GitHub already match
2026-10-01T00:11:13-10:00job:github_sync_all | — [website] nothing to push
2026-10-01T00:11:13-10:00job:github_sync_all | — [website-personal] no local changes
2026-10-01T00:11:13-10:00job:github_sync_all | ↓ [website-personal] fetching origin/main
2026-10-01T00:11:13-10:00job:github_sync_all | From github.com:rootrecordsoftwaresolutions/RootRecord-Website
2026-10-01T00:11:13-10:00job:github_sync_all | * branch            main       -> FETCH_HEAD
2026-10-01T00:11:13-10:00job:worklog_scan RUN  bash "/home/rootrecord/RootRecord-Ecosystem/1 - Servers/1 - RootRecord-Pacific-Solar-Server/Reports/scripts/worklog_once.sh"
2026-10-01T00:11:26-10:00job:worklog_scan | OK wrote/updated /home/rootrecord/RootRecord-Ecosystem/2 - RootRecord-Database/Worklog/worklog_current.md
2026-10-01T00:11:26-10:00job:security_camera_frame_grab RUN  bash "/home/rootrecord/RootRecord-Ecosystem/1 - Servers/1 - RootRecord-Pacific-Solar-Server/Security/Cameras/grab_all.sh"
2026-10-01T00:11:44-10:00job:security_camera_frame_grab | 00:11:26  📷  a-eyes  ch1 → ch1-20261001T101126Z.jpg  (279.6 KB, 4.39s)
2026-10-01T00:11:44-10:00job:security_camera_frame_grab | 00:11:31  📷  a-eyes  ch2 → ch2-20261001T101131Z.jpg  (130.6 KB, 4.38s)
2026-10-01T00:11:44-10:00job:security_camera_frame_grab | 00:11:35  📷  a-eyes  ch3 → ch3-20261001T101135Z.jpg  (332.9 KB, 4.55s)
2026-10-01T00:11:44-10:00job:security_camera_frame_grab | 00:11:40  📷  a-eyes  ch4 → ch4-20261001T101140Z.jpg  (246.8 KB, 4.39s)
2026-10-01T00:11:44-10:00job:status_snapshot RUN  nice -n 10 python3 "/home/rootrecord/RootRecord-Ecosystem/1 - Servers/1 - RootRecord-Pacific-Solar-Server/Website/scripts/live_data_pages.py"
2026-10-01T00:11:44-10:00job:status_snapshot | live-data 5 pages
2026-10-01T00:11:45-10:00ENERGY  status=live  B2=6.7%  B1=71.6%  solar=0 W  ac=53 W  usbc=0 W  src=/home/rootrecord/RootRecord-Ecosystem/2 - RootRecord-Database/Energy  LAP=100%/Full/AC
2026-10-01T00:12:02-10:00  ▸  SUMMARY=river2pro soc=71.2% solar=0W ac_out=0W usbc=26W src=ble+cloud db=ok
2026-10-01T00:12:02-10:00job:sys_stats_cycle RUN  bash "/home/rootrecord/RootRecord-Ecosystem/1 - Servers/1 - RootRecord-Pacific-Solar-Server/System/scripts/sys-sample.sh"
2026-10-01T00:12:03-10:00job:sys_stats_cycle | SYSTEM  cpu=12%  load=1.03  mem=44%  src=sqlite
2026-10-01T00:12:03-10:00job:sys_stats_cycle | OK wrote /home/rootrecord/RootRecord-Ecosystem/2 - RootRecord-Database/System/samples/sys-20261001-001202.json
2026-10-01T00:13:13-10:00job:github_sync_all | ↑ [ecosystem] committed 6 local file(s)
2026-10-01T00:13:13-10:00job:github_sync_all | ↓ [ecosystem] fetching origin/main
2026-10-01T00:13:13-10:00job:github_sync_all | From github.com:RootRecord-Software-Solutions/RootRecord-Ecosystem
2026-10-01T00:13:13-10:00job:github_sync_all | * branch              main       -> FETCH_HEAD
2026-10-01T00:13:13-10:00job:github_sync_all | ↑ [ecosystem] local is ahead of GitHub
2026-10-01T00:13:13-10:00job:github_sync_all | To github.com:RootRecord-Software-Solutions/RootRecord-Ecosystem.git
2026-10-01T00:13:13-10:00job:github_sync_all | 8cea4b8a..3a80452e  HEAD -> main
2026-10-01T00:13:13-10:00job:github_sync_all | branch 'main' set up to track 'origin/main'.
2026-10-01T00:13:13-10:00job:github_sync_all | ↑ [ecosystem] 6 files → RootRecord-Software-Solutions/RootRecord-Ecosystem (main)
2026-10-01T00:13:13-10:00job:github_sync_all | ↑ [pacific] committed 2 local file(s)
2026-10-01T00:13:13-10:00job:github_sync_all | ↓ [pacific] fetching origin/main
2026-10-01T00:13:13-10:00job:github_sync_all | From github.com:RootRecord-Software-Solutions/RootRecord-Pacific-Solar-Server
2026-10-01T00:13:13-10:00job:github_sync_all | * branch            main       -> FETCH_HEAD
2026-10-01T00:13:13-10:00job:github_sync_all | ↑ [pacific] local is ahead of GitHub
2026-10-01T00:13:13-10:00job:github_sync_all | To github.com:RootRecord-Software-Solutions/RootRecord-Pacific-Solar-Server.git
2026-10-01T00:13:13-10:00job:github_sync_all | 3a3a56a..0cd3976  HEAD -> main
2026-10-01T00:13:13-10:00job:github_sync_all | branch 'main' set up to track 'origin/main'.
2026-10-01T00:13:13-10:00job:github_sync_all | ↑ [pacific] 2 files → RootRecord-Software-Solutions/RootRecord-Pacific-Solar-Server (main)
2026-10-01T00:13:13-10:00job:github_sync_all | ↑ [database] committed 20 local file(s)
2026-10-01T00:13:13-10:00job:github_sync_all | ↓ [database] fetching origin/main
2026-10-01T00:13:13-10:00job:github_sync_all | From github.com:RootRecord-Software-Solutions/RootRecord-Database
2026-10-01T00:13:13-10:00job:github_sync_all | * branch              main       -> FETCH_HEAD
2026-10-01T00:13:13-10:00job:github_sync_all | ↑ [database] local is ahead of GitHub
2026-10-01T00:13:13-10:00job:github_sync_all | To github.com:RootRecord-Software-Solutions/RootRecord-Database.git
2026-10-01T00:13:13-10:00job:github_sync_all | 4a204c61..e4ef45dd  HEAD -> main
2026-10-01T00:13:13-10:00job:github_sync_all | branch 'main' set up to track 'origin/main'.
2026-10-01T00:13:13-10:00job:github_sync_all | ↑ [database] 20 files → RootRecord-Software-Solutions/RootRecord-Database (main)
2026-10-01T00:13:13-10:00job:github_sync_all | — [library] no local changes
2026-10-01T00:13:13-10:00job:github_sync_all | ↓ [library] fetching origin/main
2026-10-01T00:13:13-10:00job:github_sync_all | From github.com:RootRecord-Software-Solutions/RootRecord-Library
2026-10-01T00:13:13-10:00job:github_sync_all | * branch            main       -> FETCH_HEAD
2026-10-01T00:13:13-10:00job:github_sync_all | — [library] local and GitHub already match
2026-10-01T00:13:13-10:00job:github_sync_all | — [library] nothing to push
2026-10-01T00:13:13-10:00job:github_sync_all | ↑ [website] committed 1 local file(s)
2026-10-01T00:13:13-10:00job:github_sync_all | ↓ [website] fetching origin/main
2026-10-01T00:13:13-10:00job:github_sync_all | From github.com:RootRecord-Software-Solutions/RootRecord-Website
2026-10-01T00:13:13-10:00job:github_sync_all | * branch            main       -> FETCH_HEAD
2026-10-01T00:13:13-10:00job:github_sync_all | ↑ [website] local is ahead of GitHub
2026-10-01T00:13:13-10:00job:github_sync_all | To github.com:RootRecord-Software-Solutions/RootRecord-Website.git
2026-10-01T00:13:13-10:00job:github_sync_all | 595711a..4a109bb  HEAD -> main
2026-10-01T00:13:13-10:00ENERGY  status=live  B2=6.7%  B1=71.2%  solar=0 W  ac=53 W  usbc=0 W  src=/home/rootrecord/RootRecord-Ecosystem/2 - RootRecord-Database/Energy  LAP=100%/Full/AC
2026-10-01T00:13:29-10:00  ▸  SUMMARY=delta2 soc=6.34% solar=0W ac_out=42W usbc=0W src=ble db=ok
2026-10-01T00:13:29-10:00job:sys_stats_cycle RUN  bash "/home/rootrecord/RootRecord-Ecosystem/1 - Servers/1 - RootRecord-Pacific-Solar-Server/System/scripts/sys-sample.sh"
2026-10-01T00:13:30-10:00job:sys_stats_cycle | SYSTEM  cpu=5%  load=0.93  mem=42%  src=sqlite
2026-10-01T00:13:30-10:00job:sys_stats_cycle | OK wrote /home/rootrecord/RootRecord-Ecosystem/2 - RootRecord-Database/System/samples/sys-20261001-001330.json
2026-10-01T00:13:30-10:00job:worklog_scan RUN  bash "/home/rootrecord/RootRecord-Ecosystem/1 - Servers/1 - RootRecord-Pacific-Solar-Server/Reports/scripts/worklog_once.sh"
2026-10-01T00:13:33-10:00job:worklog_scan | OK wrote/updated /home/rootrecord/RootRecord-Ecosystem/2 - RootRecord-Database/Worklog/worklog_current.md
2026-10-01T00:13:33-10:00job:security_camera_frame_grab RUN  bash "/home/rootrecord/RootRecord-Ecosystem/1 - Servers/1 - RootRecord-Pacific-Solar-Server/Security/Cameras/grab_all.sh"
2026-10-01T00:13:51-10:00job:security_camera_frame_grab | 00:13:33  📷  a-eyes  ch1 → ch1-20261001T101333Z.jpg  (279.3 KB, 4.31s)
2026-10-01T00:13:51-10:00job:security_camera_frame_grab | 00:13:37  📷  a-eyes  ch2 → ch2-20261001T101337Z.jpg  (127.5 KB, 4.46s)
2026-10-01T00:13:51-10:00job:security_camera_frame_grab | 00:13:42  📷  a-eyes  ch3 → ch3-20261001T101342Z.jpg  (332.8 KB, 4.47s)
2026-10-01T00:13:51-10:00job:security_camera_frame_grab | 00:13:46  📷  a-eyes  ch4 → ch4-20261001T101346Z.jpg  (281.3 KB, 4.37s)
2026-10-01T00:13:51-10:00job:service_supervisor RUN  bash "/home/rootrecord/RootRecord-Ecosystem/1 - Servers/1 - RootRecord-Pacific-Solar-Server/Automations/scripts/supervise-services.sh"
2026-10-01T00:13:51-10:00job:service_supervisor | [supervisor] weather alive pid=30098 (act)
2026-10-01T00:13:51-10:00job:service_supervisor | [supervisor] relay alive pid=44115 (act)
2026-10-01T00:13:51-10:00job:status_snapshot RUN  nice -n 10 python3 "/home/rootrecord/RootRecord-Ecosystem/1 - Servers/1 - RootRecord-Pacific-Solar-Server/Website/scripts/live_data_pages.py"
2026-10-01T00:13:51-10:00job:status_snapshot | live-data 5 pages
2026-10-01T00:14:05-10:00  ▸  SUMMARY=delta2 soc=6.24% solar=0W ac_out=65W usbc=0W src=ble db=ok
2026-10-01T00:14:05-10:00job:sys_stats_cycle RUN  bash "/home/rootrecord/RootRecord-Ecosystem/1 - Servers/1 - RootRecord-Pacific-Solar-Server/System/scripts/sys-sample.sh"
2026-10-01T00:14:06-10:00job:sys_stats_cycle | SYSTEM  cpu=13%  load=0.86  mem=44%  src=sqlite
2026-10-01T00:14:06-10:00job:sys_stats_cycle | OK wrote /home/rootrecord/RootRecord-Ecosystem/2 - RootRecord-Database/System/samples/sys-20261001-001406.json
2026-10-01T00:15:14-10:00job:github_sync_all | ↑ [ecosystem] committed 6 local file(s)
2026-10-01T00:15:14-10:00job:github_sync_all | ↓ [ecosystem] fetching origin/main
2026-10-01T00:15:14-10:00job:github_sync_all | From github.com:RootRecord-Software-Solutions/RootRecord-Ecosystem
2026-10-01T00:15:14-10:00job:github_sync_all | * branch              main       -> FETCH_HEAD
2026-10-01T00:15:14-10:00job:github_sync_all | ↑ [ecosystem] local is ahead of GitHub
2026-10-01T00:15:14-10:00job:github_sync_all | To github.com:RootRecord-Software-Solutions/RootRecord-Ecosystem.git
2026-10-01T00:15:14-10:00job:github_sync_all | 3a80452e..b72dffde  HEAD -> main
2026-10-01T00:15:14-10:00job:github_sync_all | branch 'main' set up to track 'origin/main'.
2026-10-01T00:15:14-10:00job:github_sync_all | ↑ [ecosystem] 6 files → RootRecord-Software-Solutions/RootRecord-Ecosystem (main)
2026-10-01T00:15:14-10:00job:github_sync_all | ↑ [pacific] committed 2 local file(s)
2026-10-01T00:15:14-10:00job:github_sync_all | ↓ [pacific] fetching origin/main
2026-10-01T00:15:14-10:00job:github_sync_all | From github.com:RootRecord-Software-Solutions/RootRecord-Pacific-Solar-Server
2026-10-01T00:15:14-10:00job:github_sync_all | * branch            main       -> FETCH_HEAD
2026-10-01T00:15:14-10:00job:github_sync_all | ↑ [pacific] local is ahead of GitHub
2026-10-01T00:15:14-10:00job:github_sync_all | To github.com:RootRecord-Software-Solutions/RootRecord-Pacific-Solar-Server.git
2026-10-01T00:15:14-10:00job:github_sync_all | 0cd3976..ed0d5fd  HEAD -> main
2026-10-01T00:15:14-10:00job:github_sync_all | branch 'main' set up to track 'origin/main'.
2026-10-01T00:15:14-10:00job:github_sync_all | ↑ [pacific] 2 files → RootRecord-Software-Solutions/RootRecord-Pacific-Solar-Server (main)
2026-10-01T00:15:14-10:00job:github_sync_all | ↑ [database] committed 21 local file(s)
2026-10-01T00:15:14-10:00job:github_sync_all | ↓ [database] fetching origin/main
2026-10-01T00:15:14-10:00job:github_sync_all | From github.com:RootRecord-Software-Solutions/RootRecord-Database
2026-10-01T00:15:14-10:00job:github_sync_all | * branch              main       -> FETCH_HEAD
2026-10-01T00:15:14-10:00job:github_sync_all | ↑ [database] local is ahead of GitHub
2026-10-01T00:15:14-10:00job:github_sync_all | To github.com:RootRecord-Software-Solutions/RootRecord-Database.git
2026-10-01T00:15:14-10:00job:github_sync_all | e4ef45dd..b1fe5785  HEAD -> main
2026-10-01T00:15:14-10:00job:github_sync_all | branch 'main' set up to track 'origin/main'.
2026-10-01T00:15:14-10:00job:github_sync_all | ↑ [database] 21 files → RootRecord-Software-Solutions/RootRecord-Database (main)
2026-10-01T00:15:14-10:00job:github_sync_all | — [library] no local changes
2026-10-01T00:15:14-10:00job:github_sync_all | ↓ [library] fetching origin/main
2026-10-01T00:15:14-10:00job:github_sync_all | From github.com:RootRecord-Software-Solutions/RootRecord-Library
2026-10-01T00:15:14-10:00job:github_sync_all | * branch            main       -> FETCH_HEAD
2026-10-01T00:15:14-10:00job:github_sync_all | — [library] local and GitHub already match
2026-10-01T00:15:14-10:00job:github_sync_all | — [library] nothing to push
2026-10-01T00:15:14-10:00job:github_sync_all | ↑ [website] committed 1 local file(s)
2026-10-01T00:15:14-10:00job:github_sync_all | ↓ [website] fetching origin/main
2026-10-01T00:15:14-10:00job:github_sync_all | From github.com:RootRecord-Software-Solutions/RootRecord-Website
2026-10-01T00:15:14-10:00job:github_sync_all | * branch            main       -> FETCH_HEAD
2026-10-01T00:15:14-10:00job:github_sync_all | ↑ [website] local is ahead of GitHub
2026-10-01T00:15:14-10:00job:github_sync_all | To github.com:RootRecord-Software-Solutions/RootRecord-Website.git
2026-10-01T00:15:14-10:00job:github_sync_all | 4a109bb..706cef3  HEAD -> main
2026-10-01T00:15:14-10:00job:voice_nws_weather RUN  nice -n 10 python3 "/home/rootrecord/RootRecord-Ecosystem/1 - Servers/1 - RootRecord-Pacific-Solar-Server/Media/Voice/scripts/voice_reports.py" nws_weather
2026-10-01T00:15:28-10:00job:voice_nws_weather | {"ok": true, "report": "nws_weather", "md": "/home/rootrecord/RootRecord-Ecosystem/test-reports/Voice/nws_weather_current.md", "sentences": 4, "voice": {"ok": true, "mode": "stitch", "report": "nws_weather", "agent": "ava", "voice": "af_heart", "speed": 1.0, "wav": "/home/rootrecord/RootRecord-Ecosystem/2 - RootRecord-Database/Media/Audio/Voice/nws_weather_current.wav", "clips_used": 0, "live_sentences": 7, "model_loaded": true, "render_s": 11.79, "sample_rate": 24000, "channels": 1, "subtype": "PCM_16", "duration_s": 17.779, "peak_dbfs": -1.5, "rms_dbfs": -20.27, "lead_silence_ms": 113, "qc": "PASS", "wall_s": 11.87, "peak_rss_mb": 1488, "rc": 0}, "deliver": {"ok": true, "sent": false, "detail": "unchanged"}}
2026-10-01T00:15:28-10:00ENERGY  status=live  B2=6.2%  B1=71.2%  solar=0 W  ac=65 W  usbc=0 W  src=/home/rootrecord/RootRecord-Ecosystem/2 - RootRecord-Database/Energy  LAP=100%/Full/AC
2026-10-01T00:15:45-10:00  ▸  SUMMARY=river2pro soc=70.98% solar=0W ac_out=0W usbc=26W src=ble+cloud db=ok
2026-10-01T00:15:45-10:00job:sys_stats_cycle RUN  bash "/home/rootrecord/RootRecord-Ecosystem/1 - Servers/1 - RootRecord-Pacific-Solar-Server/System/scripts/sys-sample.sh"
2026-10-01T00:15:46-10:00job:sys_stats_cycle | SYSTEM  cpu=9%  load=1.80  mem=45%  src=sqlite
2026-10-01T00:15:46-10:00job:sys_stats_cycle | OK wrote /home/rootrecord/RootRecord-Ecosystem/2 - RootRecord-Database/System/samples/sys-20261001-001546.json
2026-10-01T00:16:55-10:00job:github_sync_all | ↑ [ecosystem] committed 5 local file(s)
2026-10-01T00:16:55-10:00job:github_sync_all | ↓ [ecosystem] fetching origin/main
2026-10-01T00:16:55-10:00job:github_sync_all | From github.com:RootRecord-Software-Solutions/RootRecord-Ecosystem
2026-10-01T00:16:55-10:00job:github_sync_all | * branch              main       -> FETCH_HEAD
2026-10-01T00:16:55-10:00job:github_sync_all | ↑ [ecosystem] local is ahead of GitHub
2026-10-01T00:16:55-10:00job:github_sync_all | To github.com:RootRecord-Software-Solutions/RootRecord-Ecosystem.git
2026-10-01T00:16:55-10:00job:github_sync_all | b72dffde..1e68738b  HEAD -> main
2026-10-01T00:16:55-10:00job:github_sync_all | branch 'main' set up to track 'origin/main'.
2026-10-01T00:16:55-10:00job:github_sync_all | ↑ [ecosystem] 5 files → RootRecord-Software-Solutions/RootRecord-Ecosystem (main)
2026-10-01T00:16:55-10:00job:github_sync_all | ↑ [pacific] committed 12 local file(s)
2026-10-01T00:16:55-10:00job:github_sync_all | ↓ [pacific] fetching origin/main
2026-10-01T00:16:55-10:00job:github_sync_all | From github.com:RootRecord-Software-Solutions/RootRecord-Pacific-Solar-Server
2026-10-01T00:16:55-10:00job:github_sync_all | * branch            main       -> FETCH_HEAD
2026-10-01T00:16:55-10:00job:github_sync_all | ↑ [pacific] local is ahead of GitHub
2026-10-01T00:16:55-10:00job:github_sync_all | To github.com:RootRecord-Software-Solutions/RootRecord-Pacific-Solar-Server.git
2026-10-01T00:16:55-10:00job:github_sync_all | ed0d5fd..4960188  HEAD -> main
2026-10-01T00:16:55-10:00job:github_sync_all | branch 'main' set up to track 'origin/main'.
2026-10-01T00:16:55-10:00job:github_sync_all | ↑ [pacific] 12 files → RootRecord-Software-Solutions/RootRecord-Pacific-Solar-Server (main)
2026-10-01T00:16:55-10:00job:github_sync_all | ↑ [database] committed 14 local file(s)
2026-10-01T00:16:55-10:00job:github_sync_all | ↓ [database] fetching origin/main
2026-10-01T00:16:55-10:00job:github_sync_all | From github.com:RootRecord-Software-Solutions/RootRecord-Database
2026-10-01T00:16:55-10:00job:github_sync_all | * branch              main       -> FETCH_HEAD
2026-10-01T00:16:55-10:00job:github_sync_all | ↑ [database] local is ahead of GitHub
2026-10-01T00:16:55-10:00job:github_sync_all | To github.com:RootRecord-Software-Solutions/RootRecord-Database.git
2026-10-01T00:16:55-10:00job:github_sync_all | b1fe5785..ff53932e  HEAD -> main
2026-10-01T00:16:55-10:00job:github_sync_all | branch 'main' set up to track 'origin/main'.
2026-10-01T00:16:55-10:00job:github_sync_all | ↑ [database] 14 files → RootRecord-Software-Solutions/RootRecord-Database (main)
2026-10-01T00:16:55-10:00job:github_sync_all | — [library] no local changes
2026-10-01T00:16:55-10:00job:github_sync_all | ↓ [library] fetching origin/main
2026-10-01T00:16:55-10:00job:github_sync_all | From github.com:RootRecord-Software-Solutions/RootRecord-Library
2026-10-01T00:16:55-10:00job:github_sync_all | * branch            main       -> FETCH_HEAD
2026-10-01T00:16:55-10:00job:github_sync_all | — [library] local and GitHub already match
2026-10-01T00:16:55-10:00job:github_sync_all | — [library] nothing to push
2026-10-01T00:16:55-10:00job:github_sync_all | ↑ [website] committed 12 local file(s)
2026-10-01T00:16:55-10:00job:github_sync_all | ↓ [website] fetching origin/main
2026-10-01T00:16:55-10:00job:github_sync_all | From github.com:RootRecord-Software-Solutions/RootRecord-Website
2026-10-01T00:16:55-10:00job:github_sync_all | * branch            main       -> FETCH_HEAD
2026-10-01T00:16:55-10:00job:github_sync_all | ↑ [website] local is ahead of GitHub
2026-10-01T00:16:55-10:00job:github_sync_all | To github.com:RootRecord-Software-Solutions/RootRecord-Website.git
2026-10-01T00:16:55-10:00job:github_sync_all | 706cef3..592c33c  HEAD -> main
2026-10-01T00:16:55-10:00job:worklog_scan RUN  bash "/home/rootrecord/RootRecord-Ecosystem/1 - Servers/1 - RootRecord-Pacific-Solar-Server/Reports/scripts/worklog_once.sh"
2026-10-01T00:17:03-10:00job:worklog_scan | OK wrote/updated /home/rootrecord/RootRecord-Ecosystem/2 - RootRecord-Database/Worklog/worklog_current.md
2026-10-01T00:17:03-10:00job:security_camera_frame_grab RUN  bash "/home/rootrecord/RootRecord-Ecosystem/1 - Servers/1 - RootRecord-Pacific-Solar-Server/Security/Cameras/grab_all.sh"
2026-10-01T00:17:21-10:00job:security_camera_frame_grab | 00:17:03  📷  a-eyes  ch1 → ch1-20261001T101703Z.jpg  (278.8 KB, 4.43s)
2026-10-01T00:17:21-10:00job:security_camera_frame_grab | 00:17:08  📷  a-eyes  ch2 → ch2-20261001T101708Z.jpg  (124.4 KB, 4.37s)
2026-10-01T00:17:21-10:00job:security_camera_frame_grab | 00:17:12  📷  a-eyes  ch3 → ch3-20261001T101712Z.jpg  (334.9 KB, 4.34s)
2026-10-01T00:17:21-10:00job:security_camera_frame_grab | 00:17:16  📷  a-eyes  ch4 → ch4-20261001T101716Z.jpg  (233.6 KB, 4.34s)
2026-10-01T00:17:21-10:00job:geology_collect RUN  nice -n 10 python3 "/home/rootrecord/RootRecord-Ecosystem/1 - Servers/1 - RootRecord-Pacific-Solar-Server/Geology/scripts/geology_collect.py" all
2026-10-01T00:17:38-10:00job:geology_collect | {"ok": true, "at": "2026-10-01T00:17:21-10:00", "what": "all", "dry_run": false, "sources": {"hawaii": {"ok": true, "count": 38, "new": 2, "new_m2": 0, "ms": 495}, "global": {"ok": true, "count": 37, "new": 0, "ms": 204}, "hvo_notices": {"ok": true, "count": 44, "new": 0, "ms": 10649}, "hvo_status": {"ok": true, "volcanoes": 8, "kilauea": "WATCH", "mauna_loa": "NORMAL", "ms": 5810}}}
2026-10-01T00:17:38-10:00job:status_snapshot RUN  nice -n 10 python3 "/home/rootrecord/RootRecord-Ecosystem/1 - Servers/1 - RootRecord-Pacific-Solar-Server/Website/scripts/live_data_pages.py"
2026-10-01T00:17:38-10:00job:status_snapshot | live-data 5 pages
2026-10-01T00:17:38-10:00job:system_net_sample RUN  nice -n 10 python3 "/home/rootrecord/RootRecord-Ecosystem/1 - Servers/1 - RootRecord-Pacific-Solar-Server/System/scripts/host_desks.py" net-sample
2026-10-01T00:17:38-10:00job:system_net_sample | {"ok": true, "file": "/home/rootrecord/RootRecord-Ecosystem/2 - RootRecord-Database/System/network/Daily/net-20261001.jsonl", "iface": "wlo1", "hour": {"seconds": 3912, "rx": 2016243630, "tx": 96589600, "total": 2112833230, "iface": "wlo1", "link": "wireless"}, "day": null}
2026-10-01T00:17:39-10:00job:discord_report_relay RUN  nice -n 10 python3 "/home/rootrecord/RootRecord-Ecosystem/1 - Servers/1 - RootRecord-Pacific-Solar-Server/Communications/Discord/scripts/report_relay.py"
2026-10-01T00:17:39-10:00job:discord_report_relay | same
2026-10-01T00:17:39-10:00ENERGY  status=live  B2=6.2%  B1=71.0%  solar=0 W  ac=65 W  usbc=0 W  src=/home/rootrecord/RootRecord-Ecosystem/2 - RootRecord-Database/Energy  LAP=100%/Full/AC
2026-10-01T00:17:56-10:00  ▸  SUMMARY=river2pro soc=70.84% solar=0W ac_out=0W usbc=26W src=ble+cloud db=ok
2026-10-01T00:17:56-10:00job:sys_stats_cycle RUN  bash "/home/rootrecord/RootRecord-Ecosystem/1 - Servers/1 - RootRecord-Pacific-Solar-Server/System/scripts/sys-sample.sh"
2026-10-01T00:17:57-10:00job:sys_stats_cycle | SYSTEM  cpu=22%  load=1.54  mem=48%  src=sqlite
2026-10-01T00:17:57-10:00job:sys_stats_cycle | OK wrote /home/rootrecord/RootRecord-Ecosystem/2 - RootRecord-Database/System/samples/sys-20261001-001756.json
2026-10-01T00:19:09-10:00job:github_sync_all | ↑ [ecosystem] committed 25 local file(s)
2026-10-01T00:19:09-10:00job:github_sync_all | ↓ [ecosystem] fetching origin/main
2026-10-01T00:19:09-10:00job:github_sync_all | From github.com:RootRecord-Software-Solutions/RootRecord-Ecosystem
2026-10-01T00:19:09-10:00job:github_sync_all | * branch              main       -> FETCH_HEAD
2026-10-01T00:19:09-10:00job:github_sync_all | ↑ [ecosystem] local is ahead of GitHub
2026-10-01T00:19:09-10:00job:github_sync_all | To github.com:RootRecord-Software-Solutions/RootRecord-Ecosystem.git
2026-10-01T00:19:09-10:00job:github_sync_all | 1e68738b..937be61e  HEAD -> main
2026-10-01T00:19:09-10:00job:github_sync_all | branch 'main' set up to track 'origin/main'.
2026-10-01T00:19:09-10:00job:github_sync_all | ↑ [ecosystem] 25 files → RootRecord-Software-Solutions/RootRecord-Ecosystem (main)
2026-10-01T00:19:09-10:00job:github_sync_all | ↑ [pacific] committed 2 local file(s)
2026-10-01T00:19:09-10:00job:github_sync_all | ↓ [pacific] fetching origin/main
2026-10-01T00:19:09-10:00job:github_sync_all | From github.com:RootRecord-Software-Solutions/RootRecord-Pacific-Solar-Server
2026-10-01T00:19:09-10:00job:github_sync_all | * branch            main       -> FETCH_HEAD
2026-10-01T00:19:09-10:00job:github_sync_all | ↑ [pacific] local is ahead of GitHub
2026-10-01T00:19:09-10:00job:github_sync_all | To github.com:RootRecord-Software-Solutions/RootRecord-Pacific-Solar-Server.git
2026-10-01T00:19:09-10:00job:github_sync_all | 4960188..bf8a17f  HEAD -> main
2026-10-01T00:19:09-10:00job:github_sync_all | branch 'main' set up to track 'origin/main'.
2026-10-01T00:19:09-10:00job:github_sync_all | ↑ [pacific] 2 files → RootRecord-Software-Solutions/RootRecord-Pacific-Solar-Server (main)
2026-10-01T00:19:09-10:00job:github_sync_all | ↑ [database] committed 28 local file(s)
2026-10-01T00:19:09-10:00job:github_sync_all | ↓ [database] fetching origin/main
2026-10-01T00:19:09-10:00job:github_sync_all | From github.com:RootRecord-Software-Solutions/RootRecord-Database
2026-10-01T00:19:09-10:00job:github_sync_all | * branch              main       -> FETCH_HEAD
2026-10-01T00:19:09-10:00job:github_sync_all | ↑ [database] local is ahead of GitHub
2026-10-01T00:19:09-10:00job:github_sync_all | To github.com:RootRecord-Software-Solutions/RootRecord-Database.git
2026-10-01T00:19:09-10:00job:github_sync_all | ff53932e..485f7baf  HEAD -> main
2026-10-01T00:19:09-10:00job:github_sync_all | branch 'main' set up to track 'origin/main'.
2026-10-01T00:19:09-10:00job:github_sync_all | ↑ [database] 28 files → RootRecord-Software-Solutions/RootRecord-Database (main)
2026-10-01T00:19:09-10:00job:github_sync_all | — [library] no local changes
2026-10-01T00:19:09-10:00job:github_sync_all | ↓ [library] fetching origin/main
2026-10-01T00:19:09-10:00job:github_sync_all | From github.com:RootRecord-Software-Solutions/RootRecord-Library
2026-10-01T00:19:09-10:00job:github_sync_all | * branch            main       -> FETCH_HEAD
2026-10-01T00:19:09-10:00job:github_sync_all | — [library] local and GitHub already match
2026-10-01T00:19:09-10:00job:github_sync_all | — [library] nothing to push
2026-10-01T00:19:09-10:00job:github_sync_all | ↑ [website] committed 8 local file(s)
2026-10-01T00:19:09-10:00job:github_sync_all | ↓ [website] fetching origin/main
2026-10-01T00:19:09-10:00job:github_sync_all | From github.com:RootRecord-Software-Solutions/RootRecord-Website
2026-10-01T00:19:09-10:00job:github_sync_all | * branch            main       -> FETCH_HEAD
2026-10-01T00:19:09-10:00job:github_sync_all | ↑ [website] local is ahead of GitHub
2026-10-01T00:19:09-10:00job:github_sync_all | To github.com:RootRecord-Software-Solutions/RootRecord-Website.git
2026-10-01T00:19:09-10:00job:github_sync_all | 592c33c..8848463  HEAD -> main
2026-10-01T00:19:09-10:00job:security_camera_frame_grab RUN  bash "/home/rootrecord/RootRecord-Ecosystem/1 - Servers/1 - RootRecord-Pacific-Solar-Server/Security/Cameras/grab_all.sh"
2026-10-01T00:19:27-10:00job:security_camera_frame_grab | 00:19:09  📷  a-eyes  ch1 → ch1-20261001T101909Z.jpg  (278.3 KB, 4.64s)
2026-10-01T00:19:27-10:00job:security_camera_frame_grab | 00:19:14  📷  a-eyes  ch2 → ch2-20261001T101914Z.jpg  (129.0 KB, 4.28s)
2026-10-01T00:19:27-10:00job:security_camera_frame_grab | 00:19:18  📷  a-eyes  ch3 → ch3-20261001T101918Z.jpg  (324.7 KB, 4.24s)
2026-10-01T00:19:27-10:00job:security_camera_frame_grab | 00:19:22  📷  a-eyes  ch4 → ch4-20261001T101922Z.jpg  (255.0 KB, 4.24s)
2026-10-01T00:19:27-10:00ENERGY  status=live  B2=6.2%  B1=70.8%  solar=0 W  ac=65 W  usbc=0 W  src=/home/rootrecord/RootRecord-Ecosystem/2 - RootRecord-Database/Energy  LAP=100%/Full/AC
2026-10-01T00:19:43-10:00  ▸  SUMMARY=river2pro soc=70.73% solar=0W ac_out=0W usbc=20W src=ble+cloud db=ok
2026-10-01T00:19:43-10:00job:sys_stats_cycle RUN  bash "/home/rootrecord/RootRecord-Ecosystem/1 - Servers/1 - RootRecord-Pacific-Solar-Server/System/scripts/sys-sample.sh"
2026-10-01T00:19:44-10:00job:sys_stats_cycle | SYSTEM  cpu=7%  load=0.98  mem=46%  src=sqlite
2026-10-01T00:19:44-10:00job:sys_stats_cycle | OK wrote /home/rootrecord/RootRecord-Ecosystem/2 - RootRecord-Database/System/samples/sys-20261001-001943.json
2026-10-01T00:20:44-10:00job:github_sync_all | ↑ [ecosystem] committed 16 local file(s)
2026-10-01T00:20:44-10:00job:github_sync_all | ↓ [ecosystem] fetching origin/main
2026-10-01T00:20:44-10:00job:github_sync_all | From github.com:RootRecord-Software-Solutions/RootRecord-Ecosystem
2026-10-01T00:20:44-10:00job:github_sync_all | * branch              main       -> FETCH_HEAD
2026-10-01T00:20:44-10:00job:github_sync_all | ↑ [ecosystem] local is ahead of GitHub
2026-10-01T00:20:44-10:00job:github_sync_all | To github.com:RootRecord-Software-Solutions/RootRecord-Ecosystem.git
2026-10-01T00:20:44-10:00job:github_sync_all | 937be61e..bd738b8b  HEAD -> main
2026-10-01T00:20:44-10:00job:github_sync_all | branch 'main' set up to track 'origin/main'.
2026-10-01T00:20:44-10:00job:github_sync_all | ↑ [ecosystem] 16 files → RootRecord-Software-Solutions/RootRecord-Ecosystem (main)
2026-10-01T00:20:44-10:00job:github_sync_all | ↑ [pacific] committed 32 local file(s)
2026-10-01T00:20:44-10:00job:github_sync_all | ↓ [pacific] fetching origin/main
2026-10-01T00:20:44-10:00job:github_sync_all | From github.com:RootRecord-Software-Solutions/RootRecord-Pacific-Solar-Server
2026-10-01T00:20:44-10:00job:github_sync_all | * branch            main       -> FETCH_HEAD
2026-10-01T00:20:44-10:00job:github_sync_all | ↑ [pacific] local is ahead of GitHub
2026-10-01T00:20:44-10:00job:github_sync_all | To github.com:RootRecord-Software-Solutions/RootRecord-Pacific-Solar-Server.git
2026-10-01T00:20:44-10:00job:github_sync_all | bf8a17f..af192fc  HEAD -> main
2026-10-01T00:20:44-10:00job:github_sync_all | branch 'main' set up to track 'origin/main'.
2026-10-01T00:20:44-10:00job:github_sync_all | ↑ [pacific] 32 files → RootRecord-Software-Solutions/RootRecord-Pacific-Solar-Server (main)
2026-10-01T00:20:44-10:00job:github_sync_all | ↑ [database] committed 12 local file(s)
2026-10-01T00:20:44-10:00job:github_sync_all | ↓ [database] fetching origin/main
2026-10-01T00:20:44-10:00job:github_sync_all | From github.com:RootRecord-Software-Solutions/RootRecord-Database
2026-10-01T00:20:44-10:00job:github_sync_all | * branch              main       -> FETCH_HEAD
2026-10-01T00:20:44-10:00job:github_sync_all | ↑ [database] local is ahead of GitHub
2026-10-01T00:20:44-10:00job:github_sync_all | To github.com:RootRecord-Software-Solutions/RootRecord-Database.git
2026-10-01T00:20:44-10:00job:github_sync_all | 485f7baf..81b30331  HEAD -> main
2026-10-01T00:20:44-10:00job:github_sync_all | branch 'main' set up to track 'origin/main'.
2026-10-01T00:20:44-10:00job:github_sync_all | ↑ [database] 12 files → RootRecord-Software-Solutions/RootRecord-Database (main)
2026-10-01T00:20:44-10:00job:github_sync_all | — [library] no local changes
2026-10-01T00:20:44-10:00job:github_sync_all | ↓ [library] fetching origin/main
2026-10-01T00:20:44-10:00job:github_sync_all | From github.com:RootRecord-Software-Solutions/RootRecord-Library
2026-10-01T00:20:44-10:00job:github_sync_all | * branch            main       -> FETCH_HEAD
2026-10-01T00:20:44-10:00job:github_sync_all | — [library] local and GitHub already match
2026-10-01T00:20:44-10:00job:github_sync_all | — [library] nothing to push
2026-10-01T00:20:44-10:00job:github_sync_all | ↑ [website] committed 28 local file(s)
2026-10-01T00:20:44-10:00job:github_sync_all | ↓ [website] fetching origin/main
2026-10-01T00:20:44-10:00job:github_sync_all | From github.com:RootRecord-Software-Solutions/RootRecord-Website
2026-10-01T00:20:44-10:00job:github_sync_all | * branch            main       -> FETCH_HEAD
2026-10-01T00:20:44-10:00job:github_sync_all | ↑ [website] local is ahead of GitHub
2026-10-01T00:20:44-10:00job:github_sync_all | To github.com:RootRecord-Software-Solutions/RootRecord-Website.git
2026-10-01T00:20:44-10:00job:github_sync_all | 8848463..54fb617  HEAD -> main
2026-10-01T00:20:44-10:00job:worklog_scan RUN  bash "/home/rootrecord/RootRecord-Ecosystem/1 - Servers/1 - RootRecord-Pacific-Solar-Server/Reports/scripts/worklog_once.sh"
2026-10-01T00:20:59-10:00job:worklog_scan | OK wrote/updated /home/rootrecord/RootRecord-Ecosystem/2 - RootRecord-Database/Worklog/worklog_current.md
2026-10-01T00:20:59-10:00job:service_supervisor RUN  bash "/home/rootrecord/RootRecord-Ecosystem/1 - Servers/1 - RootRecord-Pacific-Solar-Server/Automations/scripts/supervise-services.sh"
2026-10-01T00:20:59-10:00job:service_supervisor | [supervisor] weather alive pid=30098 (act)
2026-10-01T00:20:59-10:00job:service_supervisor | [supervisor] relay alive pid=44115 (act)
2026-10-01T00:20:59-10:00job:status_snapshot RUN  nice -n 10 python3 "/home/rootrecord/RootRecord-Ecosystem/1 - Servers/1 - RootRecord-Pacific-Solar-Server/Website/scripts/live_data_pages.py"
2026-10-01T00:20:59-10:00job:status_snapshot | live-data 5 pages
2026-10-01T00:21:00-10:00ENERGY  status=live  B2=6.2%  B1=70.7%  solar=0 W  ac=65 W  usbc=0 W  src=/home/rootrecord/RootRecord-Ecosystem/2 - RootRecord-Database/Energy  LAP=100%/Full/AC
2026-10-01T00:21:15-10:00  ▸  SUMMARY=delta2 soc=5.53% solar=0W ac_out=56W usbc=0W src=ble db=ok
2026-10-01T00:21:15-10:00job:sys_stats_cycle RUN  bash "/home/rootrecord/RootRecord-Ecosystem/1 - Servers/1 - RootRecord-Pacific-Solar-Server/System/scripts/sys-sample.sh"
2026-10-01T00:21:17-10:00job:sys_stats_cycle | SYSTEM  cpu=10%  load=2.50  mem=48%  src=sqlite
2026-10-01T00:21:17-10:00job:sys_stats_cycle | OK wrote /home/rootrecord/RootRecord-Ecosystem/2 - RootRecord-Database/System/samples/sys-20261001-002116.json
2026-10-01T00:22:19-10:00job:github_sync_all | ↑ [ecosystem] committed 22 local file(s)
2026-10-01T00:22:19-10:00job:github_sync_all | ↓ [ecosystem] fetching origin/main
2026-10-01T00:22:19-10:00job:github_sync_all | From github.com:RootRecord-Software-Solutions/RootRecord-Ecosystem
2026-10-01T00:22:19-10:00job:github_sync_all | * branch              main       -> FETCH_HEAD
2026-10-01T00:22:19-10:00job:github_sync_all | ↑ [ecosystem] local is ahead of GitHub
2026-10-01T00:22:19-10:00job:github_sync_all | To github.com:RootRecord-Software-Solutions/RootRecord-Ecosystem.git
2026-10-01T00:22:19-10:00job:github_sync_all | bd738b8b..25891ec2  HEAD -> main
2026-10-01T00:22:19-10:00job:github_sync_all | branch 'main' set up to track 'origin/main'.
2026-10-01T00:22:19-10:00job:github_sync_all | ↑ [ecosystem] 22 files → RootRecord-Software-Solutions/RootRecord-Ecosystem (main)
2026-10-01T00:22:19-10:00job:github_sync_all | ↑ [pacific] committed 3 local file(s)
2026-10-01T00:22:19-10:00job:github_sync_all | ↓ [pacific] fetching origin/main
2026-10-01T00:22:19-10:00job:github_sync_all | From github.com:RootRecord-Software-Solutions/RootRecord-Pacific-Solar-Server
2026-10-01T00:22:19-10:00job:github_sync_all | * branch            main       -> FETCH_HEAD
2026-10-01T00:22:19-10:00job:github_sync_all | ↑ [pacific] local is ahead of GitHub
2026-10-01T00:22:19-10:00job:github_sync_all | To github.com:RootRecord-Software-Solutions/RootRecord-Pacific-Solar-Server.git
2026-10-01T00:22:19-10:00job:github_sync_all | af192fc..b5b28b3  HEAD -> main
2026-10-01T00:22:19-10:00job:github_sync_all | branch 'main' set up to track 'origin/main'.
2026-10-01T00:22:19-10:00job:github_sync_all | ↑ [pacific] 3 files → RootRecord-Software-Solutions/RootRecord-Pacific-Solar-Server (main)
2026-10-01T00:22:19-10:00job:github_sync_all | ↑ [database] committed 21 local file(s)
2026-10-01T00:22:19-10:00job:github_sync_all | ↓ [database] fetching origin/main
2026-10-01T00:22:19-10:00job:github_sync_all | From github.com:RootRecord-Software-Solutions/RootRecord-Database
2026-10-01T00:22:19-10:00job:github_sync_all | * branch              main       -> FETCH_HEAD
2026-10-01T00:22:19-10:00job:github_sync_all | ↑ [database] local is ahead of GitHub
2026-10-01T00:22:19-10:00job:github_sync_all | To github.com:RootRecord-Software-Solutions/RootRecord-Database.git
2026-10-01T00:22:19-10:00job:github_sync_all | 81b30331..67044ff6  HEAD -> main
2026-10-01T00:22:19-10:00job:github_sync_all | branch 'main' set up to track 'origin/main'.
2026-10-01T00:22:19-10:00job:github_sync_all | ↑ [database] 21 files → RootRecord-Software-Solutions/RootRecord-Database (main)
2026-10-01T00:22:19-10:00job:github_sync_all | — [library] no local changes
2026-10-01T00:22:19-10:00job:github_sync_all | ↓ [library] fetching origin/main
2026-10-01T00:22:19-10:00job:github_sync_all | From github.com:RootRecord-Software-Solutions/RootRecord-Library
2026-10-01T00:22:19-10:00job:github_sync_all | * branch            main       -> FETCH_HEAD
2026-10-01T00:22:19-10:00job:github_sync_all | — [library] local and GitHub already match
2026-10-01T00:22:19-10:00job:github_sync_all | — [library] nothing to push
2026-10-01T00:22:19-10:00job:github_sync_all | ↑ [website] committed 27 local file(s)
2026-10-01T00:22:19-10:00job:github_sync_all | ↓ [website] fetching origin/main
2026-10-01T00:22:19-10:00job:github_sync_all | From github.com:RootRecord-Software-Solutions/RootRecord-Website
2026-10-01T00:22:19-10:00job:github_sync_all | * branch            main       -> FETCH_HEAD
2026-10-01T00:22:19-10:00job:github_sync_all | ↑ [website] local is ahead of GitHub
2026-10-01T00:22:19-10:00job:github_sync_all | To github.com:RootRecord-Software-Solutions/RootRecord-Website.git
2026-10-01T00:22:19-10:00job:github_sync_all | 54fb617..d044085  HEAD -> main
2026-10-01T00:22:19-10:00job:security_camera_frame_grab RUN  bash "/home/rootrecord/RootRecord-Ecosystem/1 - Servers/1 - RootRecord-Pacific-Solar-Server/Security/Cameras/grab_all.sh"
2026-10-01T00:22:37-10:00job:security_camera_frame_grab | 00:22:19  📷  a-eyes  ch1 → ch1-20261001T102219Z.jpg  (278.3 KB, 4.32s)
2026-10-01T00:22:37-10:00job:security_camera_frame_grab | 00:22:23  📷  a-eyes  ch2 → ch2-20261001T102223Z.jpg  (152.9 KB, 4.47s)
2026-10-01T00:22:37-10:00job:security_camera_frame_grab | 00:22:28  📷  a-eyes  ch3 → ch3-20261001T102228Z.jpg  (339.0 KB, 4.37s)
2026-10-01T00:22:37-10:00job:security_camera_frame_grab | 00:22:32  📷  a-eyes  ch4 → ch4-20261001T102232Z.jpg  (288.5 KB, 4.37s)
2026-10-01T00:22:37-10:00ENERGY  status=live  B2=5.5%  B1=70.7%  solar=0 W  ac=56 W  usbc=0 W  src=/home/rootrecord/RootRecord-Ecosystem/2 - RootRecord-Database/Energy  LAP=100%/Full/AC
2026-10-01T00:22:54-10:00  ▸  SUMMARY=river2pro soc=70.51% solar=0W ac_out=0W usbc=41W src=ble+cloud db=ok
2026-10-01T00:22:54-10:00job:sys_stats_cycle RUN  bash "/home/rootrecord/RootRecord-Ecosystem/1 - Servers/1 - RootRecord-Pacific-Solar-Server/System/scripts/sys-sample.sh"
2026-10-01T00:22:56-10:00job:sys_stats_cycle | SYSTEM  cpu=16%  load=2.20  mem=50%  src=sqlite
2026-10-01T00:22:56-10:00job:sys_stats_cycle | OK wrote /home/rootrecord/RootRecord-Ecosystem/2 - RootRecord-Database/System/samples/sys-20261001-002255.json
2026-10-01T00:24:01-10:00job:github_sync_all | ↑ [ecosystem] committed 27 local file(s)
2026-10-01T00:24:01-10:00job:github_sync_all | ↓ [ecosystem] fetching origin/main
2026-10-01T00:24:01-10:00job:github_sync_all | From github.com:RootRecord-Software-Solutions/RootRecord-Ecosystem
2026-10-01T00:24:01-10:00job:github_sync_all | * branch              main       -> FETCH_HEAD
2026-10-01T00:24:01-10:00job:github_sync_all | ↑ [ecosystem] local is ahead of GitHub
2026-10-01T00:24:01-10:00job:github_sync_all | To github.com:RootRecord-Software-Solutions/RootRecord-Ecosystem.git
2026-10-01T00:24:01-10:00job:github_sync_all | 25891ec2..848d0543  HEAD -> main
2026-10-01T00:24:01-10:00job:github_sync_all | branch 'main' set up to track 'origin/main'.
2026-10-01T00:24:01-10:00job:github_sync_all | ↑ [ecosystem] 27 files → RootRecord-Software-Solutions/RootRecord-Ecosystem (main)
2026-10-01T00:24:01-10:00job:github_sync_all | ↑ [pacific] committed 26 local file(s)
2026-10-01T00:24:01-10:00job:github_sync_all | ↓ [pacific] fetching origin/main
2026-10-01T00:24:01-10:00job:github_sync_all | From github.com:RootRecord-Software-Solutions/RootRecord-Pacific-Solar-Server
2026-10-01T00:24:01-10:00job:github_sync_all | * branch            main       -> FETCH_HEAD
2026-10-01T00:24:01-10:00job:github_sync_all | ↑ [pacific] local is ahead of GitHub
2026-10-01T00:24:01-10:00job:github_sync_all | To github.com:RootRecord-Software-Solutions/RootRecord-Pacific-Solar-Server.git
2026-10-01T00:24:01-10:00job:github_sync_all | b5b28b3..1d0fef3  HEAD -> main
2026-10-01T00:24:01-10:00job:github_sync_all | branch 'main' set up to track 'origin/main'.
2026-10-01T00:24:01-10:00job:github_sync_all | ↑ [pacific] 26 files → RootRecord-Software-Solutions/RootRecord-Pacific-Solar-Server (main)
2026-10-01T00:24:01-10:00job:github_sync_all | ↑ [database] committed 12 local file(s)
2026-10-01T00:24:01-10:00job:github_sync_all | ↓ [database] fetching origin/main
2026-10-01T00:24:01-10:00job:github_sync_all | From github.com:RootRecord-Software-Solutions/RootRecord-Database
2026-10-01T00:24:01-10:00job:github_sync_all | * branch              main       -> FETCH_HEAD
2026-10-01T00:24:01-10:00job:github_sync_all | ↑ [database] local is ahead of GitHub
2026-10-01T00:24:01-10:00job:github_sync_all | To github.com:RootRecord-Software-Solutions/RootRecord-Database.git
2026-10-01T00:24:01-10:00job:github_sync_all | 67044ff6..15539839  HEAD -> main
2026-10-01T00:24:01-10:00job:github_sync_all | branch 'main' set up to track 'origin/main'.
2026-10-01T00:24:01-10:00job:github_sync_all | ↑ [database] 12 files → RootRecord-Software-Solutions/RootRecord-Database (main)
2026-10-01T00:24:01-10:00job:github_sync_all | — [library] no local changes
2026-10-01T00:24:01-10:00job:github_sync_all | ↓ [library] fetching origin/main
2026-10-01T00:24:01-10:00job:github_sync_all | From github.com:RootRecord-Software-Solutions/RootRecord-Library
2026-10-01T00:24:01-10:00job:github_sync_all | * branch            main       -> FETCH_HEAD
2026-10-01T00:24:01-10:00job:github_sync_all | — [library] local and GitHub already match
2026-10-01T00:24:01-10:00job:github_sync_all | — [library] nothing to push
2026-10-01T00:24:01-10:00job:github_sync_all | — [website] no local changes
2026-10-01T00:24:01-10:00job:github_sync_all | ↓ [website] fetching origin/main
2026-10-01T00:24:01-10:00job:github_sync_all | From github.com:RootRecord-Software-Solutions/RootRecord-Website
2026-10-01T00:24:01-10:00job:github_sync_all | * branch            main       -> FETCH_HEAD
2026-10-01T00:24:01-10:00job:github_sync_all | — [website] local and GitHub already match
2026-10-01T00:24:01-10:00job:github_sync_all | — [website] nothing to push
2026-10-01T00:24:01-10:00job:github_sync_all | — [website-personal] no local changes
2026-10-01T00:24:01-10:00job:worklog_scan RUN  bash "/home/rootrecord/RootRecord-Ecosystem/1 - Servers/1 - RootRecord-Pacific-Solar-Server/Reports/scripts/worklog_once.sh"
2026-10-01T00:24:06-10:00job:worklog_scan | OK wrote/updated /home/rootrecord/RootRecord-Ecosystem/2 - RootRecord-Database/Worklog/worklog_current.md
2026-10-01T00:24:06-10:00job:status_snapshot RUN  nice -n 10 python3 "/home/rootrecord/RootRecord-Ecosystem/1 - Servers/1 - RootRecord-Pacific-Solar-Server/Website/scripts/live_data_pages.py"
2026-10-01T00:24:06-10:00job:status_snapshot | live-data 5 pages
2026-10-01T00:24:07-10:00ENERGY  status=live  B2=5.5%  B1=70.5%  solar=0 W  ac=56 W  usbc=0 W  src=/home/rootrecord/RootRecord-Ecosystem/2 - RootRecord-Database/Energy  LAP=100%/Full/AC
2026-10-01T00:24:22-10:00  ▸  SUMMARY=river2pro soc=70.4% solar=0W ac_out=0W usbc=23W src=ble+cloud db=ok
2026-10-01T00:24:22-10:00job:sys_stats_cycle RUN  bash "/home/rootrecord/RootRecord-Ecosystem/1 - Servers/1 - RootRecord-Pacific-Solar-Server/System/scripts/sys-sample.sh"
2026-10-01T00:24:23-10:00job:sys_stats_cycle | SYSTEM  cpu=6%  load=1.80  mem=51%  src=sqlite
2026-10-01T00:24:23-10:00job:sys_stats_cycle | OK wrote /home/rootrecord/RootRecord-Ecosystem/2 - RootRecord-Database/System/samples/sys-20261001-002423.json
2026-10-01T00:25:24-10:00job:github_sync_all | ↑ [ecosystem] committed 5 local file(s)
2026-10-01T00:25:24-10:00job:github_sync_all | ↓ [ecosystem] fetching origin/main
2026-10-01T00:25:24-10:00job:github_sync_all | From github.com:RootRecord-Software-Solutions/RootRecord-Ecosystem
2026-10-01T00:25:24-10:00job:github_sync_all | * branch              main       -> FETCH_HEAD
2026-10-01T00:25:24-10:00job:github_sync_all | ↑ [ecosystem] local is ahead of GitHub
2026-10-01T00:25:24-10:00job:github_sync_all | To github.com:RootRecord-Software-Solutions/RootRecord-Ecosystem.git
2026-10-01T00:25:24-10:00job:github_sync_all | 848d0543..6c0f313b  HEAD -> main
2026-10-01T00:25:24-10:00job:github_sync_all | branch 'main' set up to track 'origin/main'.
2026-10-01T00:25:24-10:00job:github_sync_all | ↑ [ecosystem] 5 files → RootRecord-Software-Solutions/RootRecord-Ecosystem (main)
2026-10-01T00:25:24-10:00job:github_sync_all | ↑ [pacific] committed 1 local file(s)
2026-10-01T00:25:24-10:00job:github_sync_all | ↓ [pacific] fetching origin/main
2026-10-01T00:25:24-10:00job:github_sync_all | From github.com:RootRecord-Software-Solutions/RootRecord-Pacific-Solar-Server
2026-10-01T00:25:24-10:00job:github_sync_all | * branch            main       -> FETCH_HEAD
2026-10-01T00:25:24-10:00job:github_sync_all | ↑ [pacific] local is ahead of GitHub
2026-10-01T00:25:24-10:00job:github_sync_all | To github.com:RootRecord-Software-Solutions/RootRecord-Pacific-Solar-Server.git
2026-10-01T00:25:24-10:00job:github_sync_all | 1d0fef3..0623793  HEAD -> main
2026-10-01T00:25:24-10:00job:github_sync_all | branch 'main' set up to track 'origin/main'.
2026-10-01T00:25:24-10:00job:github_sync_all | ↑ [pacific] 1 files → RootRecord-Software-Solutions/RootRecord-Pacific-Solar-Server (main)
2026-10-01T00:25:24-10:00job:github_sync_all | ↑ [database] committed 20 local file(s)
2026-10-01T00:25:24-10:00job:github_sync_all | ↓ [database] fetching origin/main
2026-10-01T00:25:24-10:00job:github_sync_all | From github.com:RootRecord-Software-Solutions/RootRecord-Database
2026-10-01T00:25:24-10:00job:github_sync_all | * branch              main       -> FETCH_HEAD
2026-10-01T00:25:24-10:00job:github_sync_all | ↑ [database] local is ahead of GitHub
2026-10-01T00:25:24-10:00job:github_sync_all | To github.com:RootRecord-Software-Solutions/RootRecord-Database.git
2026-10-01T00:25:24-10:00job:github_sync_all | 15539839..fed5853d  HEAD -> main
2026-10-01T00:25:24-10:00job:github_sync_all | branch 'main' set up to track 'origin/main'.
2026-10-01T00:25:24-10:00job:github_sync_all | ↑ [database] 20 files → RootRecord-Software-Solutions/RootRecord-Database (main)
2026-10-01T00:25:24-10:00job:github_sync_all | — [library] no local changes
2026-10-01T00:25:24-10:00job:github_sync_all | ↓ [library] fetching origin/main
2026-10-01T00:25:24-10:00job:github_sync_all | From github.com:RootRecord-Software-Solutions/RootRecord-Library
2026-10-01T00:25:24-10:00job:github_sync_all | * branch            main       -> FETCH_HEAD
2026-10-01T00:25:24-10:00job:github_sync_all | — [library] local and GitHub already match
2026-10-01T00:25:24-10:00job:github_sync_all | — [library] nothing to push
2026-10-01T00:25:24-10:00job:github_sync_all | — [website] no local changes
2026-10-01T00:25:24-10:00job:github_sync_all | ↓ [website] fetching origin/main
2026-10-01T00:25:24-10:00job:github_sync_all | From github.com:RootRecord-Software-Solutions/RootRecord-Website
2026-10-01T00:25:24-10:00job:github_sync_all | * branch            main       -> FETCH_HEAD
2026-10-01T00:25:24-10:00job:github_sync_all | — [website] local and GitHub already match
2026-10-01T00:25:24-10:00job:github_sync_all | — [website] nothing to push
2026-10-01T00:25:24-10:00job:github_sync_all | — [website-personal] no local changes
2026-10-01T00:25:24-10:00job:security_camera_frame_grab RUN  bash "/home/rootrecord/RootRecord-Ecosystem/1 - Servers/1 - RootRecord-Pacific-Solar-Server/Security/Cameras/grab_all.sh"
2026-10-01T00:25:42-10:00job:security_camera_frame_grab | 00:25:24  📷  a-eyes  ch1 → ch1-20261001T102524Z.jpg  (281.6 KB, 4.56s)
2026-10-01T00:25:42-10:00job:security_camera_frame_grab | 00:25:29  📷  a-eyes  ch2 → ch2-20261001T102529Z.jpg  (138.0 KB, 4.36s)
2026-10-01T00:25:42-10:00job:security_camera_frame_grab | 00:25:33  📷  a-eyes  ch3 → ch3-20261001T102533Z.jpg  (343.1 KB, 4.38s)
2026-10-01T00:25:42-10:00job:security_camera_frame_grab | 00:25:38  📷  a-eyes  ch4 → ch4-20261001T102538Z.jpg  (294.8 KB, 4.36s)
2026-10-01T00:25:42-10:00job:geology_collect RUN  nice -n 10 python3 "/home/rootrecord/RootRecord-Ecosystem/1 - Servers/1 - RootRecord-Pacific-Solar-Server/Geology/scripts/geology_collect.py" all
2026-10-01T00:25:55-10:00job:geology_collect | {"ok": true, "at": "2026-10-01T00:25:42-10:00", "what": "all", "dry_run": false, "sources": {"hawaii": {"ok": true, "count": 39, "new": 1, "new_m2": 1, "ms": 445}, "global": {"ok": true, "count": 38, "new": 1, "ms": 286}, "hvo_notices": {"ok": true, "count": 44, "new": 0, "ms": 11002}, "hvo_status": {"ok": true, "volcanoes": 8, "kilauea": "WATCH", "mauna_loa": "NORMAL", "ms": 742}}}
2026-10-01T00:25:55-10:00job:system_net_sample RUN  nice -n 10 python3 "/home/rootrecord/RootRecord-Ecosystem/1 - Servers/1 - RootRecord-Pacific-Solar-Server/System/scripts/host_desks.py" net-sample
2026-10-01T00:25:55-10:00job:system_net_sample | {"ok": true, "file": "/home/rootrecord/RootRecord-Ecosystem/2 - RootRecord-Database/System/network/Daily/net-20261001.jsonl", "iface": "wlo1", "hour": {"seconds": 3941, "rx": 2126019074, "tx": 97274354, "total": 2223293428, "iface": "wlo1", "link": "wireless"}, "day": null}
2026-10-01T00:25:55-10:00job:discord_report_relay RUN  nice -n 10 python3 "/home/rootrecord/RootRecord-Ecosystem/1 - Servers/1 - RootRecord-Pacific-Solar-Server/Communications/Discord/scripts/report_relay.py"
2026-10-01T00:26:11-10:00job:discord_report_relay | posted nws_weather
2026-10-01T00:26:11-10:00job:discord_report_relay | posted energy_report
2026-10-01T00:26:11-10:00job:discord_report_relay | posted remaining_tasks
2026-10-01T00:26:11-10:00job:discord_report_relay | posted morning_report
2026-10-01T00:26:11-10:00job:discord_report_relay | posted midday_report
2026-10-01T00:26:11-10:00job:discord_report_relay | posted late_report
2026-10-01T00:26:11-10:00job:discord_report_relay | posted earthquake_report
2026-10-01T00:26:11-10:00job:discord_report_relay | posted hurricane_desk
2026-10-01T00:26:11-10:00job:discord_report_relay | posted kilauea_report
2026-10-01T00:26:11-10:00job:discord_report_relay | posted solar_desk
2026-10-01T00:26:11-10:00job:discord_report_relay | posted security_desk
2026-10-01T00:26:11-10:00job:discord_report_relay | posted bandwidth_desk
2026-10-01T00:26:11-10:00job:discord_report_relay | posted boot_brief
2026-10-01T00:26:11-10:00job:discord_report_relay | posted system_perf
2026-10-01T00:26:12-10:00ENERGY  status=live  B2=5.5%  B1=70.4%  solar=0 W  ac=56 W  usbc=0 W  src=/home/rootrecord/RootRecord-Ecosystem/2 - RootRecord-Database/Energy  LAP=100%/Full/AC
2026-10-01T00:26:27-10:00  ▸  SUMMARY=delta2 soc=4.7% solar=0W ac_out=46W usbc=0W src=ble db=ok
2026-10-01T00:26:27-10:00job:sys_stats_cycle RUN  bash "/home/rootrecord/RootRecord-Ecosystem/1 - Servers/1 - RootRecord-Pacific-Solar-Server/System/scripts/sys-sample.sh"
2026-10-01T00:26:28-10:00job:sys_stats_cycle | SYSTEM  cpu=7%  load=0.57  mem=51%  src=sqlite
2026-10-01T00:26:28-10:00job:sys_stats_cycle | OK wrote /home/rootrecord/RootRecord-Ecosystem/2 - RootRecord-Database/System/samples/sys-20261001-002628.json
2026-10-01T00:27:38-10:00job:github_sync_all | ↑ [ecosystem] committed 25 local file(s)
2026-10-01T00:27:38-10:00job:github_sync_all | ↓ [ecosystem] fetching origin/main
2026-10-01T00:27:38-10:00job:github_sync_all | From github.com:RootRecord-Software-Solutions/RootRecord-Ecosystem
2026-10-01T00:27:38-10:00job:github_sync_all | * branch              main       -> FETCH_HEAD
2026-10-01T00:27:38-10:00job:github_sync_all | ↑ [ecosystem] local is ahead of GitHub
2026-10-01T00:27:38-10:00job:github_sync_all | To github.com:RootRecord-Software-Solutions/RootRecord-Ecosystem.git
2026-10-01T00:27:38-10:00job:github_sync_all | 6c0f313b..7a9e35f6  HEAD -> main
2026-10-01T00:27:38-10:00job:github_sync_all | branch 'main' set up to track 'origin/main'.
2026-10-01T00:27:38-10:00job:github_sync_all | ↑ [ecosystem] 25 files → RootRecord-Software-Solutions/RootRecord-Ecosystem (main)
2026-10-01T00:27:38-10:00job:github_sync_all | ↑ [pacific] committed 16 local file(s)
2026-10-01T00:27:38-10:00job:github_sync_all | ↓ [pacific] fetching origin/main
2026-10-01T00:27:38-10:00job:github_sync_all | From github.com:RootRecord-Software-Solutions/RootRecord-Pacific-Solar-Server
2026-10-01T00:27:38-10:00job:github_sync_all | * branch            main       -> FETCH_HEAD
2026-10-01T00:27:38-10:00job:github_sync_all | ↑ [pacific] local is ahead of GitHub
2026-10-01T00:27:38-10:00job:github_sync_all | To github.com:RootRecord-Software-Solutions/RootRecord-Pacific-Solar-Server.git
2026-10-01T00:27:38-10:00job:github_sync_all | 0623793..0bb067e  HEAD -> main
2026-10-01T00:27:38-10:00job:github_sync_all | branch 'main' set up to track 'origin/main'.
2026-10-01T00:27:38-10:00job:github_sync_all | ↑ [pacific] 16 files → RootRecord-Software-Solutions/RootRecord-Pacific-Solar-Server (main)
2026-10-01T00:27:38-10:00job:github_sync_all | ↑ [database] committed 22 local file(s)
2026-10-01T00:27:38-10:00job:github_sync_all | ↓ [database] fetching origin/main
2026-10-01T00:27:38-10:00job:github_sync_all | From github.com:RootRecord-Software-Solutions/RootRecord-Database
2026-10-01T00:27:38-10:00job:github_sync_all | * branch              main       -> FETCH_HEAD
2026-10-01T00:27:38-10:00job:github_sync_all | ↑ [database] local is ahead of GitHub
2026-10-01T00:27:38-10:00job:github_sync_all | To github.com:RootRecord-Software-Solutions/RootRecord-Database.git
2026-10-01T00:27:38-10:00job:github_sync_all | fed5853d..8bf29fa2  HEAD -> main
2026-10-01T00:27:38-10:00job:github_sync_all | branch 'main' set up to track 'origin/main'.
2026-10-01T00:27:38-10:00job:github_sync_all | ↑ [database] 22 files → RootRecord-Software-Solutions/RootRecord-Database (main)
2026-10-01T00:27:38-10:00job:github_sync_all | — [library] no local changes
2026-10-01T00:27:38-10:00job:github_sync_all | ↓ [library] fetching origin/main
2026-10-01T00:27:38-10:00job:github_sync_all | From github.com:RootRecord-Software-Solutions/RootRecord-Library
2026-10-01T00:27:38-10:00job:github_sync_all | * branch            main       -> FETCH_HEAD
2026-10-01T00:27:38-10:00job:github_sync_all | — [library] local and GitHub already match
2026-10-01T00:27:38-10:00job:github_sync_all | — [library] nothing to push
2026-10-01T00:27:38-10:00job:github_sync_all | ↑ [website] committed 16 local file(s)
2026-10-01T00:27:38-10:00job:github_sync_all | ↓ [website] fetching origin/main
2026-10-01T00:27:38-10:00job:github_sync_all | From github.com:RootRecord-Software-Solutions/RootRecord-Website
2026-10-01T00:27:38-10:00job:github_sync_all | * branch            main       -> FETCH_HEAD
2026-10-01T00:27:38-10:00job:github_sync_all | ↑ [website] local is ahead of GitHub
2026-10-01T00:27:38-10:00job:github_sync_all | To github.com:RootRecord-Software-Solutions/RootRecord-Website.git
2026-10-01T00:27:38-10:00job:github_sync_all | d044085..6ebc789  HEAD -> main
2026-10-01T00:27:38-10:00job:worklog_scan RUN  bash "/home/rootrecord/RootRecord-Ecosystem/1 - Servers/1 - RootRecord-Pacific-Solar-Server/Reports/scripts/worklog_once.sh"
2026-10-01T00:27:52-10:00job:worklog_scan | OK wrote/updated /home/rootrecord/RootRecord-Ecosystem/2 - RootRecord-Database/Worklog/worklog_current.md
2026-10-01T00:27:52-10:00job:security_camera_frame_grab RUN  bash "/home/rootrecord/RootRecord-Ecosystem/1 - Servers/1 - RootRecord-Pacific-Solar-Server/Security/Cameras/grab_all.sh"
2026-10-01T00:28:10-10:00job:security_camera_frame_grab | 00:27:53  📷  a-eyes  ch1 → ch1-20261001T102753Z.jpg  (281.7 KB, 4.38s)
2026-10-01T00:28:10-10:00job:security_camera_frame_grab | 00:27:57  📷  a-eyes  ch2 → ch2-20261001T102757Z.jpg  (139.6 KB, 4.37s)
2026-10-01T00:28:10-10:00job:security_camera_frame_grab | 00:28:01  📷  a-eyes  ch3 → ch3-20261001T102801Z.jpg  (335.2 KB, 4.07s)
2026-10-01T00:28:10-10:00job:security_camera_frame_grab | 00:28:06  📷  a-eyes  ch4 → ch4-20261001T102806Z.jpg  (265.6 KB, 4.42s)
2026-10-01T00:28:10-10:00job:service_supervisor RUN  bash "/home/rootrecord/RootRecord-Ecosystem/1 - Servers/1 - RootRecord-Pacific-Solar-Server/Automations/scripts/supervise-services.sh"
2026-10-01T00:28:10-10:00job:service_supervisor | [supervisor] weather alive pid=30098 (act)
2026-10-01T00:28:10-10:00job:service_supervisor | [supervisor] relay alive pid=44115 (act)
2026-10-01T00:28:10-10:00job:status_snapshot RUN  nice -n 10 python3 "/home/rootrecord/RootRecord-Ecosystem/1 - Servers/1 - RootRecord-Pacific-Solar-Server/Website/scripts/live_data_pages.py"
2026-10-01T00:28:10-10:00job:status_snapshot | live-data 5 pages
2026-10-01T00:28:11-10:00ENERGY  status=live  B2=4.7%  B1=70.4%  solar=0 W  ac=46 W  usbc=0 W  src=/home/rootrecord/RootRecord-Ecosystem/2 - RootRecord-Database/Energy  LAP=100%/Full/AC
2026-10-01T00:28:27-10:00  ▸  SUMMARY=delta2 soc=4.28% solar=0W ac_out=53W usbc=0W src=ble db=ok
2026-10-01T00:28:27-10:00job:sys_stats_cycle RUN  bash "/home/rootrecord/RootRecord-Ecosystem/1 - Servers/1 - RootRecord-Pacific-Solar-Server/System/scripts/sys-sample.sh"
2026-10-01T00:28:28-10:00job:sys_stats_cycle | SYSTEM  cpu=9%  load=1.47  mem=56%  src=sqlite
2026-10-01T00:28:28-10:00job:sys_stats_cycle | OK wrote /home/rootrecord/RootRecord-Ecosystem/2 - RootRecord-Database/System/samples/sys-20261001-002827.json
2026-10-01T00:29:30-10:00job:github_sync_all | ↑ [ecosystem] committed 8 local file(s)
2026-10-01T00:29:30-10:00job:github_sync_all | ↓ [ecosystem] fetching origin/main
2026-10-01T00:29:30-10:00job:github_sync_all | From github.com:RootRecord-Software-Solutions/RootRecord-Ecosystem
2026-10-01T00:29:30-10:00job:github_sync_all | * branch              main       -> FETCH_HEAD
2026-10-01T00:29:30-10:00job:github_sync_all | ↑ [ecosystem] local is ahead of GitHub
2026-10-01T00:29:30-10:00job:github_sync_all | To github.com:RootRecord-Software-Solutions/RootRecord-Ecosystem.git
2026-10-01T00:29:30-10:00job:github_sync_all | 7a9e35f6..675f450b  HEAD -> main
2026-10-01T00:29:30-10:00job:github_sync_all | branch 'main' set up to track 'origin/main'.
2026-10-01T00:29:30-10:00job:github_sync_all | ↑ [ecosystem] 8 files → RootRecord-Software-Solutions/RootRecord-Ecosystem (main)
2026-10-01T00:29:30-10:00job:github_sync_all | ↑ [pacific] committed 4 local file(s)
2026-10-01T00:29:30-10:00job:github_sync_all | ↓ [pacific] fetching origin/main
2026-10-01T00:29:30-10:00job:github_sync_all | From github.com:RootRecord-Software-Solutions/RootRecord-Pacific-Solar-Server
2026-10-01T00:29:30-10:00job:github_sync_all | * branch            main       -> FETCH_HEAD
2026-10-01T00:29:30-10:00job:github_sync_all | ↑ [pacific] local is ahead of GitHub
2026-10-01T00:29:30-10:00job:github_sync_all | To github.com:RootRecord-Software-Solutions/RootRecord-Pacific-Solar-Server.git
2026-10-01T00:29:30-10:00job:github_sync_all | 0bb067e..424a40d  HEAD -> main
2026-10-01T00:29:30-10:00job:github_sync_all | branch 'main' set up to track 'origin/main'.
2026-10-01T00:29:30-10:00job:github_sync_all | ↑ [pacific] 4 files → RootRecord-Software-Solutions/RootRecord-Pacific-Solar-Server (main)
2026-10-01T00:29:30-10:00job:github_sync_all | ↑ [database] committed 20 local file(s)
2026-10-01T00:29:30-10:00job:github_sync_all | ↓ [database] fetching origin/main
2026-10-01T00:29:30-10:00job:github_sync_all | From github.com:RootRecord-Software-Solutions/RootRecord-Database
2026-10-01T00:29:30-10:00job:github_sync_all | * branch              main       -> FETCH_HEAD
2026-10-01T00:29:30-10:00job:github_sync_all | ↑ [database] local is ahead of GitHub
2026-10-01T00:29:30-10:00job:github_sync_all | To github.com:RootRecord-Software-Solutions/RootRecord-Database.git
2026-10-01T00:29:30-10:00job:github_sync_all | 8bf29fa2..ce60e937  HEAD -> main
2026-10-01T00:29:30-10:00job:github_sync_all | branch 'main' set up to track 'origin/main'.
2026-10-01T00:29:30-10:00job:github_sync_all | ↑ [database] 20 files → RootRecord-Software-Solutions/RootRecord-Database (main)
2026-10-01T00:29:30-10:00job:github_sync_all | — [library] no local changes
2026-10-01T00:29:30-10:00job:github_sync_all | ↓ [library] fetching origin/main
2026-10-01T00:29:30-10:00job:github_sync_all | From github.com:RootRecord-Software-Solutions/RootRecord-Library
2026-10-01T00:29:30-10:00job:github_sync_all | * branch            main       -> FETCH_HEAD
2026-10-01T00:29:30-10:00job:github_sync_all | — [library] local and GitHub already match
2026-10-01T00:29:30-10:00job:github_sync_all | — [library] nothing to push
2026-10-01T00:29:30-10:00job:github_sync_all | ↑ [website] committed 5 local file(s)
2026-10-01T00:29:30-10:00job:github_sync_all | ↓ [website] fetching origin/main
2026-10-01T00:29:30-10:00job:github_sync_all | From github.com:RootRecord-Software-Solutions/RootRecord-Website
2026-10-01T00:29:30-10:00job:github_sync_all | * branch            main       -> FETCH_HEAD
2026-10-01T00:29:30-10:00job:github_sync_all | ↑ [website] local is ahead of GitHub
2026-10-01T00:29:30-10:00job:github_sync_all | To github.com:RootRecord-Software-Solutions/RootRecord-Website.git
2026-10-01T00:29:30-10:00job:github_sync_all | 6ebc789..7136de3  HEAD -> main
2026-10-01T00:29:30-10:00ENERGY  status=live  B2=4.3%  B1=70.4%  solar=0 W  ac=53 W  usbc=0 W  src=/home/rootrecord/RootRecord-Ecosystem/2 - RootRecord-Database/Energy  LAP=100%/Full/AC
2026-10-01T00:29:46-10:00  ▸  SUMMARY=delta2 soc=4.08% solar=0W ac_out=60W usbc=0W src=ble db=ok
2026-10-01T00:29:46-10:00job:sys_stats_cycle RUN  bash "/home/rootrecord/RootRecord-Ecosystem/1 - Servers/1 - RootRecord-Pacific-Solar-Server/System/scripts/sys-sample.sh"
2026-10-01T00:29:47-10:00job:sys_stats_cycle | SYSTEM  cpu=17%  load=1.33  mem=56%  src=sqlite
2026-10-01T00:29:47-10:00job:sys_stats_cycle | OK wrote /home/rootrecord/RootRecord-Ecosystem/2 - RootRecord-Database/System/samples/sys-20261001-002946.json
2026-10-01T00:29:47-10:00job:worklog_scan RUN  bash "/home/rootrecord/RootRecord-Ecosystem/1 - Servers/1 - RootRecord-Pacific-Solar-Server/Reports/scripts/worklog_once.sh"
2026-10-01T00:29:50-10:00job:worklog_scan | OK wrote/updated /home/rootrecord/RootRecord-Ecosystem/2 - RootRecord-Database/Worklog/worklog_current.md
2026-10-01T00:29:50-10:00job:security_camera_frame_grab RUN  bash "/home/rootrecord/RootRecord-Ecosystem/1 - Servers/1 - RootRecord-Pacific-Solar-Server/Security/Cameras/grab_all.sh"
2026-10-01T00:30:08-10:00job:security_camera_frame_grab | 00:29:50  📷  a-eyes  ch1 → ch1-20261001T102950Z.jpg  (280.0 KB, 4.45s)
2026-10-01T00:30:08-10:00job:security_camera_frame_grab | 00:29:55  📷  a-eyes  ch2 → ch2-20261001T102955Z.jpg  (134.7 KB, 4.57s)
2026-10-01T00:30:08-10:00job:security_camera_frame_grab | 00:29:59  📷  a-eyes  ch3 → ch3-20261001T102959Z.jpg  (342.5 KB, 4.28s)
2026-10-01T00:30:08-10:00job:security_camera_frame_grab | 00:30:04  📷  a-eyes  ch4 → ch4-20261001T103004Z.jpg  (259.6 KB, 4.75s)
2026-10-01T00:30:08-10:00job:status_snapshot RUN  nice -n 10 python3 "/home/rootrecord/RootRecord-Ecosystem/1 - Servers/1 - RootRecord-Pacific-Solar-Server/Website/scripts/live_data_pages.py"
2026-10-01T00:30:08-10:00job:status_snapshot | live-data 5 pages
2026-10-01T00:30:08-10:00job:voice_nws_weather RUN  nice -n 10 python3 "/home/rootrecord/RootRecord-Ecosystem/1 - Servers/1 - RootRecord-Pacific-Solar-Server/Media/Voice/scripts/voice_reports.py" nws_weather
2026-10-01T00:30:22-10:00job:voice_nws_weather | {"ok": true, "report": "nws_weather", "md": "/home/rootrecord/RootRecord-Ecosystem/test-reports/Voice/nws_weather_current.md", "sentences": 4, "voice": {"ok": true, "mode": "stitch", "report": "nws_weather", "agent": "ava", "voice": "af_heart", "speed": 1.0, "wav": "/home/rootrecord/RootRecord-Ecosystem/2 - RootRecord-Database/Media/Audio/Voice/nws_weather_current.wav", "clips_used": 0, "live_sentences": 7, "model_loaded": true, "render_s": 11.82, "sample_rate": 24000, "channels": 1, "subtype": "PCM_16", "duration_s": 17.785, "peak_dbfs": -1.5, "rms_dbfs": -20.22, "lead_silence_ms": 113, "qc": "PASS", "wall_s": 11.95, "peak_rss_mb": 1457, "rc": 0}, "deliver": {"ok": true, "sent": false, "detail": "unchanged"}}
2026-10-01T00:30:22-10:00job:voice_energy_report RUN  nice -n 10 python3 "/home/rootrecord/RootRecord-Ecosystem/1 - Servers/1 - RootRecord-Pacific-Solar-Server/Media/Voice/scripts/voice_reports.py" energy_report
2026-10-01T00:30:22-10:00job:voice_energy_report | {"ok": true, "report": "energy_report", "md": "/home/rootrecord/RootRecord-Ecosystem/test-reports/Voice/energy_report_current.md", "sentences": 4, "voice": {"ok": true, "skipped": true, "detail": "blended into the hourly solar desk; this run refreshes the camera look"}}
2026-10-01T00:30:38-10:00  ▸  SUMMARY=delta2 soc=3.85% solar=0W ac_out=42W usbc=0W src=ble db=ok
2026-10-01T00:30:38-10:00job:sys_stats_cycle RUN  bash "/home/rootrecord/RootRecord-Ecosystem/1 - Servers/1 - RootRecord-Pacific-Solar-Server/System/scripts/sys-sample.sh"
2026-10-01T00:30:40-10:00job:sys_stats_cycle | SYSTEM  cpu=13%  load=1.81  mem=55%  src=sqlite
2026-10-01T00:30:40-10:00job:sys_stats_cycle | OK wrote /home/rootrecord/RootRecord-Ecosystem/2 - RootRecord-Database/System/samples/sys-20261001-003039.json
2026-10-01T00:31:55-10:00job:github_sync_all | ↑ [ecosystem] committed 34 local file(s)
2026-10-01T00:31:55-10:00job:github_sync_all | ↓ [ecosystem] fetching origin/main
2026-10-01T00:31:55-10:00job:github_sync_all | From github.com:RootRecord-Software-Solutions/RootRecord-Ecosystem
2026-10-01T00:31:55-10:00job:github_sync_all | * branch              main       -> FETCH_HEAD
2026-10-01T00:31:55-10:00job:github_sync_all | ↑ [ecosystem] local is ahead of GitHub
2026-10-01T00:31:55-10:00job:github_sync_all | To github.com:RootRecord-Software-Solutions/RootRecord-Ecosystem.git
2026-10-01T00:31:55-10:00job:github_sync_all | 675f450b..ba84c047  HEAD -> main
2026-10-01T00:31:55-10:00job:github_sync_all | branch 'main' set up to track 'origin/main'.
2026-10-01T00:31:55-10:00job:github_sync_all | ↑ [ecosystem] 34 files → RootRecord-Software-Solutions/RootRecord-Ecosystem (main)
2026-10-01T00:31:55-10:00job:github_sync_all | ↑ [pacific] committed 24 local file(s)
2026-10-01T00:31:55-10:00job:github_sync_all | ↓ [pacific] fetching origin/main
2026-10-01T00:31:55-10:00job:github_sync_all | From github.com:RootRecord-Software-Solutions/RootRecord-Pacific-Solar-Server
2026-10-01T00:31:55-10:00job:github_sync_all | * branch            main       -> FETCH_HEAD
2026-10-01T00:31:55-10:00job:github_sync_all | ↑ [pacific] local is ahead of GitHub
2026-10-01T00:31:55-10:00job:github_sync_all | To github.com:RootRecord-Software-Solutions/RootRecord-Pacific-Solar-Server.git
2026-10-01T00:31:55-10:00job:github_sync_all | 424a40d..f3089ef  HEAD -> main
2026-10-01T00:31:55-10:00job:github_sync_all | branch 'main' set up to track 'origin/main'.
2026-10-01T00:31:55-10:00job:github_sync_all | ↑ [pacific] 24 files → RootRecord-Software-Solutions/RootRecord-Pacific-Solar-Server (main)
2026-10-01T00:31:55-10:00job:github_sync_all | ↑ [database] committed 24 local file(s)
2026-10-01T00:31:55-10:00job:github_sync_all | ↓ [database] fetching origin/main
2026-10-01T00:31:55-10:00job:github_sync_all | From github.com:RootRecord-Software-Solutions/RootRecord-Database
2026-10-01T00:31:55-10:00job:github_sync_all | * branch              main       -> FETCH_HEAD
2026-10-01T00:31:55-10:00job:github_sync_all | ↑ [database] local is ahead of GitHub
2026-10-01T00:31:55-10:00job:github_sync_all | To github.com:RootRecord-Software-Solutions/RootRecord-Database.git
2026-10-01T00:31:55-10:00job:github_sync_all | ce60e937..7702105c  HEAD -> main
2026-10-01T00:31:55-10:00job:github_sync_all | branch 'main' set up to track 'origin/main'.
2026-10-01T00:31:55-10:00job:github_sync_all | ↑ [database] 24 files → RootRecord-Software-Solutions/RootRecord-Database (main)
2026-10-01T00:31:55-10:00job:github_sync_all | — [library] no local changes
2026-10-01T00:31:55-10:00job:github_sync_all | ↓ [library] fetching origin/main
2026-10-01T00:31:55-10:00job:github_sync_all | From github.com:RootRecord-Software-Solutions/RootRecord-Library
2026-10-01T00:31:55-10:00job:github_sync_all | * branch            main       -> FETCH_HEAD
2026-10-01T00:31:55-10:00job:github_sync_all | — [library] local and GitHub already match
2026-10-01T00:31:55-10:00job:github_sync_all | — [library] nothing to push
2026-10-01T00:31:55-10:00job:github_sync_all | ↑ [website] committed 21 local file(s)
2026-10-01T00:31:55-10:00job:github_sync_all | ↓ [website] fetching origin/main
2026-10-01T00:31:55-10:00job:github_sync_all | From github.com:RootRecord-Software-Solutions/RootRecord-Website
2026-10-01T00:31:55-10:00job:github_sync_all | * branch            main       -> FETCH_HEAD
2026-10-01T00:31:55-10:00job:github_sync_all | ↑ [website] local is ahead of GitHub
2026-10-01T00:31:55-10:00job:github_sync_all | To github.com:RootRecord-Software-Solutions/RootRecord-Website.git
2026-10-01T00:31:55-10:00job:github_sync_all | 7136de3..6730abc  HEAD -> main
2026-10-01T00:31:55-10:00job:security_camera_frame_grab RUN  bash "/home/rootrecord/RootRecord-Ecosystem/1 - Servers/1 - RootRecord-Pacific-Solar-Server/Security/Cameras/grab_all.sh"
2026-10-01T00:32:13-10:00job:security_camera_frame_grab | 00:31:55  📷  a-eyes  ch1 → ch1-20261001T103155Z.jpg  (280.6 KB, 4.36s)
2026-10-01T00:32:13-10:00job:security_camera_frame_grab | 00:31:59  📷  a-eyes  ch2 → ch2-20261001T103159Z.jpg  (132.8 KB, 4.37s)
2026-10-01T00:32:13-10:00job:security_camera_frame_grab | 00:32:04  📷  a-eyes  ch3 → ch3-20261001T103204Z.jpg  (355.7 KB, 4.28s)
2026-10-01T00:32:13-10:00job:security_camera_frame_grab | 00:32:08  📷  a-eyes  ch4 → ch4-20261001T103208Z.jpg  (272.2 KB, 4.47s)
2026-10-01T00:32:13-10:00ENERGY  status=live  B2=3.9%  B1=70.4%  solar=0 W  ac=42 W  usbc=0 W  src=/home/rootrecord/RootRecord-Ecosystem/2 - RootRecord-Database/Energy  LAP=100%/Full/AC
2026-10-01T00:32:29-10:00  ▸  SUMMARY=delta2 soc=3.34% solar=0W ac_out=44W usbc=0W src=ble db=ok
2026-10-01T00:32:29-10:00job:sys_stats_cycle RUN  bash "/home/rootrecord/RootRecord-Ecosystem/1 - Servers/1 - RootRecord-Pacific-Solar-Server/System/scripts/sys-sample.sh"
2026-10-01T00:32:31-10:00job:sys_stats_cycle | SYSTEM  cpu=13%  load=1.12  mem=55%  src=sqlite
2026-10-01T00:32:31-10:00job:sys_stats_cycle | OK wrote /home/rootrecord/RootRecord-Ecosystem/2 - RootRecord-Database/System/samples/sys-20261001-003229.json
2026-10-01T00:33:27-10:00job:github_sync_all | — [ecosystem] no committable local changes
2026-10-01T00:33:27-10:00job:github_sync_all | ↓ [ecosystem] fetching origin/main
2026-10-01T00:33:27-10:00job:github_sync_all | From github.com:RootRecord-Software-Solutions/RootRecord-Ecosystem
2026-10-01T00:33:27-10:00job:github_sync_all | * branch              main       -> FETCH_HEAD
2026-10-01T00:33:27-10:00job:github_sync_all | — [ecosystem] local and GitHub already match
2026-10-01T00:33:27-10:00job:github_sync_all | — [ecosystem] nothing to push
2026-10-01T00:33:27-10:00job:github_sync_all | — [pacific] no local changes
2026-10-01T00:33:27-10:00job:github_sync_all | ↓ [pacific] fetching origin/main
2026-10-01T00:33:27-10:00job:github_sync_all | From github.com:RootRecord-Software-Solutions/RootRecord-Pacific-Solar-Server
2026-10-01T00:33:27-10:00job:github_sync_all | * branch            main       -> FETCH_HEAD
2026-10-01T00:33:27-10:00job:github_sync_all | — [pacific] local and GitHub already match
2026-10-01T00:33:27-10:00job:github_sync_all | — [pacific] nothing to push
2026-10-01T00:33:27-10:00job:github_sync_all | ↑ [database] committed 12 local file(s)
2026-10-01T00:33:27-10:00job:github_sync_all | ↓ [database] fetching origin/main
2026-10-01T00:33:27-10:00job:github_sync_all | From github.com:RootRecord-Software-Solutions/RootRecord-Database
2026-10-01T00:33:27-10:00job:github_sync_all | * branch              main       -> FETCH_HEAD
2026-10-01T00:33:27-10:00job:github_sync_all | ↑ [database] local is ahead of GitHub
2026-10-01T00:33:27-10:00job:github_sync_all | To github.com:RootRecord-Software-Solutions/RootRecord-Database.git
2026-10-01T00:33:27-10:00job:github_sync_all | 7702105c..3df8d26a  HEAD -> main
2026-10-01T00:33:27-10:00job:github_sync_all | branch 'main' set up to track 'origin/main'.
2026-10-01T00:33:27-10:00job:github_sync_all | ↑ [database] 12 files → RootRecord-Software-Solutions/RootRecord-Database (main)
2026-10-01T00:33:27-10:00job:github_sync_all | — [library] no local changes
2026-10-01T00:33:27-10:00job:github_sync_all | ↓ [library] fetching origin/main
2026-10-01T00:33:27-10:00job:github_sync_all | From github.com:RootRecord-Software-Solutions/RootRecord-Library
2026-10-01T00:33:27-10:00job:github_sync_all | * branch            main       -> FETCH_HEAD
2026-10-01T00:33:27-10:00job:github_sync_all | — [library] local and GitHub already match
2026-10-01T00:33:27-10:00job:github_sync_all | — [library] nothing to push
2026-10-01T00:33:27-10:00job:github_sync_all | — [website] no local changes
2026-10-01T00:33:27-10:00job:github_sync_all | ↓ [website] fetching origin/main
2026-10-01T00:33:27-10:00job:github_sync_all | From github.com:RootRecord-Software-Solutions/RootRecord-Website
2026-10-01T00:33:27-10:00job:github_sync_all | * branch            main       -> FETCH_HEAD
2026-10-01T00:33:27-10:00job:github_sync_all | — [website] local and GitHub already match
2026-10-01T00:33:27-10:00job:github_sync_all | — [website] nothing to push
2026-10-01T00:33:27-10:00job:github_sync_all | — [website-personal] no local changes
2026-10-01T00:33:27-10:00job:github_sync_all | ↓ [website-personal] fetching origin/main
2026-10-01T00:33:27-10:00job:github_sync_all | From github.com:rootrecordsoftwaresolutions/RootRecord-Website
2026-10-01T00:33:27-10:00job:github_sync_all | * branch            main       -> FETCH_HEAD
2026-10-01T00:33:27-10:00job:github_sync_all | — [website-personal] local and GitHub already match
2026-10-01T00:33:27-10:00job:github_sync_all | — [website-personal] nothing to push
2026-10-01T00:33:27-10:00job:github_sync_all | — [mainland] no local changes
2026-10-01T00:33:27-10:00job:worklog_scan RUN  bash "/home/rootrecord/RootRecord-Ecosystem/1 - Servers/1 - RootRecord-Pacific-Solar-Server/Reports/scripts/worklog_once.sh"
2026-10-01T00:33:35-10:00job:worklog_scan | OK wrote/updated /home/rootrecord/RootRecord-Ecosystem/2 - RootRecord-Database/Worklog/worklog_current.md
2026-10-01T00:33:35-10:00job:geology_collect RUN  nice -n 10 python3 "/home/rootrecord/RootRecord-Ecosystem/1 - Servers/1 - RootRecord-Pacific-Solar-Server/Geology/scripts/geology_collect.py" all
2026-10-01T00:33:38-10:00job:geology_collect | {"ok": true, "at": "2026-10-01T00:33:35-10:00", "what": "all", "dry_run": false, "sources": {"hawaii": {"ok": true, "count": 40, "new": 1, "new_m2": 1, "ms": 527}, "global": {"ok": true, "count": 36, "new": 0, "ms": 284}, "hvo_notices": {"ok": true, "count": 44, "new": 0, "ms": 1943}, "hvo_status": {"ok": true, "volcanoes": 8, "kilauea": "WATCH", "mauna_loa": "NORMAL", "ms": 610}}}
2026-10-01T00:33:38-10:00job:status_snapshot RUN  nice -n 10 python3 "/home/rootrecord/RootRecord-Ecosystem/1 - Servers/1 - RootRecord-Pacific-Solar-Server/Website/scripts/live_data_pages.py"
2026-10-01T00:33:38-10:00job:status_snapshot | live-data 5 pages
2026-10-01T00:33:38-10:00job:system_net_sample RUN  nice -n 10 python3 "/home/rootrecord/RootRecord-Ecosystem/1 - Servers/1 - RootRecord-Pacific-Solar-Server/System/scripts/host_desks.py" net-sample
2026-10-01T00:33:38-10:00job:system_net_sample | {"ok": true, "file": "/home/rootrecord/RootRecord-Ecosystem/2 - RootRecord-Database/System/network/Daily/net-20261001.jsonl", "iface": "wlo1", "hour": {"seconds": 3988, "rx": 2115954190, "tx": 70348167, "total": 2186302357, "iface": "wlo1", "link": "wireless"}, "day": null}
2026-10-01T00:33:38-10:00job:discord_report_relay RUN  nice -n 10 python3 "/home/rootrecord/RootRecord-Ecosystem/1 - Servers/1 - RootRecord-Pacific-Solar-Server/Communications/Discord/scripts/report_relay.py"
2026-10-01T00:33:39-10:00job:discord_report_relay | posted energy_report
2026-10-01T00:33:40-10:00ENERGY  status=live  B2=3.3%  B1=70.4%  solar=0 W  ac=44 W  usbc=0 W  src=/home/rootrecord/RootRecord-Ecosystem/2 - RootRecord-Database/Energy  LAP=100%/Full/AC
2026-10-01T00:33:55-10:00  ▸  SUMMARY=delta2 soc=2.94% solar=0W ac_out=43W usbc=0W src=ble db=ok
2026-10-01T00:33:55-10:00job:sys_stats_cycle RUN  bash "/home/rootrecord/RootRecord-Ecosystem/1 - Servers/1 - RootRecord-Pacific-Solar-Server/System/scripts/sys-sample.sh"
2026-10-01T00:33:56-10:00job:sys_stats_cycle | SYSTEM  cpu=4%  load=0.82  mem=55%  src=sqlite
2026-10-01T00:33:56-10:00job:sys_stats_cycle | OK wrote /home/rootrecord/RootRecord-Ecosystem/2 - RootRecord-Database/System/samples/sys-20261001-003355.json
2026-10-01T00:34:55-10:00job:github_sync_all | ↑ [ecosystem] committed 29 local file(s)
2026-10-01T00:34:55-10:00job:github_sync_all | ↓ [ecosystem] fetching origin/main
2026-10-01T00:34:55-10:00job:github_sync_all | From github.com:RootRecord-Software-Solutions/RootRecord-Ecosystem
2026-10-01T00:34:55-10:00job:github_sync_all | * branch              main       -> FETCH_HEAD
2026-10-01T00:34:55-10:00job:github_sync_all | ↑ [ecosystem] local is ahead of GitHub
2026-10-01T00:34:55-10:00job:github_sync_all | To github.com:RootRecord-Software-Solutions/RootRecord-Ecosystem.git
2026-10-01T00:34:55-10:00job:github_sync_all | ba84c047..a7359341  HEAD -> main
2026-10-01T00:34:55-10:00job:github_sync_all | branch 'main' set up to track 'origin/main'.
2026-10-01T00:34:55-10:00job:github_sync_all | ↑ [ecosystem] 29 files → RootRecord-Software-Solutions/RootRecord-Ecosystem (main)
2026-10-01T00:34:55-10:00job:github_sync_all | ↑ [pacific] committed 17 local file(s)
2026-10-01T00:34:55-10:00job:github_sync_all | ↓ [pacific] fetching origin/main
2026-10-01T00:34:55-10:00job:github_sync_all | From github.com:RootRecord-Software-Solutions/RootRecord-Pacific-Solar-Server
2026-10-01T00:34:55-10:00job:github_sync_all | * branch            main       -> FETCH_HEAD
2026-10-01T00:34:55-10:00job:github_sync_all | ↑ [pacific] local is ahead of GitHub
2026-10-01T00:34:55-10:00job:github_sync_all | To github.com:RootRecord-Software-Solutions/RootRecord-Pacific-Solar-Server.git
2026-10-01T00:34:55-10:00job:github_sync_all | f3089ef..da70997  HEAD -> main
2026-10-01T00:34:55-10:00job:github_sync_all | branch 'main' set up to track 'origin/main'.
2026-10-01T00:34:55-10:00job:github_sync_all | ↑ [pacific] 17 files → RootRecord-Software-Solutions/RootRecord-Pacific-Solar-Server (main)
2026-10-01T00:34:55-10:00job:github_sync_all | ↑ [database] committed 27 local file(s)
2026-10-01T00:34:55-10:00job:github_sync_all | ↓ [database] fetching origin/main
2026-10-01T00:34:55-10:00job:github_sync_all | From github.com:RootRecord-Software-Solutions/RootRecord-Database
2026-10-01T00:34:55-10:00job:github_sync_all | * branch              main       -> FETCH_HEAD
2026-10-01T00:34:55-10:00job:github_sync_all | ↑ [database] local is ahead of GitHub
2026-10-01T00:34:55-10:00job:github_sync_all | To github.com:RootRecord-Software-Solutions/RootRecord-Database.git
2026-10-01T00:34:55-10:00job:github_sync_all | 3df8d26a..3e620a25  HEAD -> main
2026-10-01T00:34:55-10:00job:github_sync_all | branch 'main' set up to track 'origin/main'.
2026-10-01T00:34:55-10:00job:github_sync_all | ↑ [database] 27 files → RootRecord-Software-Solutions/RootRecord-Database (main)
2026-10-01T00:34:55-10:00job:github_sync_all | — [library] no local changes
2026-10-01T00:34:55-10:00job:github_sync_all | ↓ [library] fetching origin/main
2026-10-01T00:34:55-10:00job:github_sync_all | From github.com:RootRecord-Software-Solutions/RootRecord-Library
2026-10-01T00:34:55-10:00job:github_sync_all | * branch            main       -> FETCH_HEAD
2026-10-01T00:34:55-10:00job:github_sync_all | — [library] local and GitHub already match
2026-10-01T00:34:55-10:00job:github_sync_all | — [library] nothing to push
2026-10-01T00:34:55-10:00job:github_sync_all | ↑ [website] committed 16 local file(s)
2026-10-01T00:34:55-10:00job:github_sync_all | ↓ [website] fetching origin/main
2026-10-01T00:34:55-10:00job:github_sync_all | From github.com:RootRecord-Software-Solutions/RootRecord-Website
2026-10-01T00:34:55-10:00job:github_sync_all | * branch            main       -> FETCH_HEAD
2026-10-01T00:34:55-10:00job:github_sync_all | ↑ [website] local is ahead of GitHub
2026-10-01T00:34:55-10:00job:github_sync_all | To github.com:RootRecord-Software-Solutions/RootRecord-Website.git
2026-10-01T00:34:55-10:00job:github_sync_all | 6730abc..739f3dd  HEAD -> main
2026-10-01T00:34:55-10:00job:security_camera_frame_grab RUN  bash "/home/rootrecord/RootRecord-Ecosystem/1 - Servers/1 - RootRecord-Pacific-Solar-Server/Security/Cameras/grab_all.sh"
2026-10-01T00:35:13-10:00job:security_camera_frame_grab | 00:34:55  📷  a-eyes  ch1 → ch1-20261001T103455Z.jpg  (281.8 KB, 4.53s)
2026-10-01T00:35:13-10:00job:security_camera_frame_grab | 00:35:00  📷  a-eyes  ch2 → ch2-20261001T103500Z.jpg  (128.9 KB, 4.29s)
2026-10-01T00:35:13-10:00job:security_camera_frame_grab | 00:35:04  📷  a-eyes  ch3 → ch3-20261001T103504Z.jpg  (327.0 KB, 4.41s)
2026-10-01T00:35:13-10:00job:security_camera_frame_grab | 00:35:09  📷  a-eyes  ch4 → ch4-20261001T103509Z.jpg  (262.2 KB, 4.43s)
2026-10-01T00:35:13-10:00job:service_supervisor RUN  bash "/home/rootrecord/RootRecord-Ecosystem/1 - Servers/1 - RootRecord-Pacific-Solar-Server/Automations/scripts/supervise-services.sh"
2026-10-01T00:35:13-10:00job:service_supervisor | [supervisor] weather alive pid=30098 (act)
2026-10-01T00:35:13-10:00job:service_supervisor | [supervisor] relay alive pid=44115 (act)
2026-10-01T00:35:14-10:00ENERGY  status=live  B2=2.9%  B1=70.4%  solar=0 W  ac=43 W  usbc=0 W  src=/home/rootrecord/RootRecord-Ecosystem/2 - RootRecord-Database/Energy  LAP=100%/Full/AC
2026-10-01T00:35:29-10:00  ▸  SUMMARY=delta2 soc=2.52% solar=0W ac_out=44W usbc=0W src=ble db=ok
2026-10-01T00:35:29-10:00job:sys_stats_cycle RUN  bash "/home/rootrecord/RootRecord-Ecosystem/1 - Servers/1 - RootRecord-Pacific-Solar-Server/System/scripts/sys-sample.sh"
2026-10-01T00:35:31-10:00job:sys_stats_cycle | SYSTEM  cpu=4%  load=0.57  mem=56%  src=sqlite
2026-10-01T00:35:31-10:00job:sys_stats_cycle | OK wrote /home/rootrecord/RootRecord-Ecosystem/2 - RootRecord-Database/System/samples/sys-20261001-003530.json
2026-10-01T00:36:27-10:00job:github_sync_all | — [ecosystem] no committable local changes
2026-10-01T00:36:27-10:00job:github_sync_all | ↓ [ecosystem] fetching origin/main
2026-10-01T00:36:27-10:00job:github_sync_all | From github.com:RootRecord-Software-Solutions/RootRecord-Ecosystem
2026-10-01T00:36:27-10:00job:github_sync_all | * branch              main       -> FETCH_HEAD
2026-10-01T00:36:27-10:00job:github_sync_all | — [ecosystem] local and GitHub already match
2026-10-01T00:36:27-10:00job:github_sync_all | — [ecosystem] nothing to push
2026-10-01T00:36:27-10:00job:github_sync_all | — [pacific] no local changes
2026-10-01T00:36:27-10:00job:github_sync_all | ↓ [pacific] fetching origin/main
2026-10-01T00:36:27-10:00job:github_sync_all | From github.com:RootRecord-Software-Solutions/RootRecord-Pacific-Solar-Server
2026-10-01T00:36:27-10:00job:github_sync_all | * branch            main       -> FETCH_HEAD
2026-10-01T00:36:27-10:00job:github_sync_all | — [pacific] local and GitHub already match
2026-10-01T00:36:27-10:00job:github_sync_all | — [pacific] nothing to push
2026-10-01T00:36:27-10:00job:github_sync_all | ↑ [database] committed 13 local file(s)
2026-10-01T00:36:27-10:00job:github_sync_all | ↓ [database] fetching origin/main
2026-10-01T00:36:27-10:00job:github_sync_all | From github.com:RootRecord-Software-Solutions/RootRecord-Database
2026-10-01T00:36:27-10:00job:github_sync_all | * branch              main       -> FETCH_HEAD
2026-10-01T00:36:27-10:00job:github_sync_all | ↑ [database] local is ahead of GitHub
2026-10-01T00:36:27-10:00job:github_sync_all | To github.com:RootRecord-Software-Solutions/RootRecord-Database.git
2026-10-01T00:36:27-10:00job:github_sync_all | 3e620a25..b7d9c570  HEAD -> main
2026-10-01T00:36:27-10:00job:github_sync_all | branch 'main' set up to track 'origin/main'.
2026-10-01T00:36:27-10:00job:github_sync_all | ↑ [database] 13 files → RootRecord-Software-Solutions/RootRecord-Database (main)
2026-10-01T00:36:27-10:00job:github_sync_all | — [library] no local changes
2026-10-01T00:36:27-10:00job:github_sync_all | ↓ [library] fetching origin/main
2026-10-01T00:36:27-10:00job:github_sync_all | From github.com:RootRecord-Software-Solutions/RootRecord-Library
2026-10-01T00:36:27-10:00job:github_sync_all | * branch            main       -> FETCH_HEAD
2026-10-01T00:36:27-10:00job:github_sync_all | — [library] local and GitHub already match
2026-10-01T00:36:27-10:00job:github_sync_all | — [library] nothing to push
2026-10-01T00:36:27-10:00job:github_sync_all | — [website] no local changes
2026-10-01T00:36:27-10:00job:github_sync_all | ↓ [website] fetching origin/main
2026-10-01T00:36:27-10:00job:github_sync_all | From github.com:RootRecord-Software-Solutions/RootRecord-Website
2026-10-01T00:36:27-10:00job:github_sync_all | * branch            main       -> FETCH_HEAD
2026-10-01T00:36:27-10:00job:github_sync_all | — [website] local and GitHub already match
2026-10-01T00:36:27-10:00job:github_sync_all | — [website] nothing to push
2026-10-01T00:36:27-10:00job:github_sync_all | — [website-personal] no local changes
2026-10-01T00:36:27-10:00job:github_sync_all | ↓ [website-personal] fetching origin/main
2026-10-01T00:36:27-10:00job:github_sync_all | From github.com:rootrecordsoftwaresolutions/RootRecord-Website
2026-10-01T00:36:27-10:00job:github_sync_all | * branch            main       -> FETCH_HEAD
2026-10-01T00:36:27-10:00job:github_sync_all | — [website-personal] local and GitHub already match
2026-10-01T00:36:27-10:00job:github_sync_all | — [website-personal] nothing to push
2026-10-01T00:36:27-10:00job:github_sync_all | — [mainland] no local changes
2026-10-01T00:36:27-10:00job:worklog_scan RUN  bash "/home/rootrecord/RootRecord-Ecosystem/1 - Servers/1 - RootRecord-Pacific-Solar-Server/Reports/scripts/worklog_once.sh"
2026-10-01T00:36:38-10:00job:worklog_scan | OK wrote/updated /home/rootrecord/RootRecord-Ecosystem/2 - RootRecord-Database/Worklog/worklog_current.md
2026-10-01T00:36:38-10:00job:status_snapshot RUN  nice -n 10 python3 "/home/rootrecord/RootRecord-Ecosystem/1 - Servers/1 - RootRecord-Pacific-Solar-Server/Website/scripts/live_data_pages.py"
2026-10-01T00:36:38-10:00job:status_snapshot | live-data 5 pages
2026-10-01T00:36:39-10:00ENERGY  status=live  B2=2.5%  B1=70.4%  solar=0 W  ac=44 W  usbc=0 W  src=/home/rootrecord/RootRecord-Ecosystem/2 - RootRecord-Database/Energy  LAP=100%/Full/AC
2026-10-01T00:36:56-10:00  ▸  SUMMARY=river2pro soc=69.62% solar=0W ac_out=0W usbc=17W src=ble+cloud db=ok
2026-10-01T00:36:56-10:00job:sys_stats_cycle RUN  bash "/home/rootrecord/RootRecord-Ecosystem/1 - Servers/1 - RootRecord-Pacific-Solar-Server/System/scripts/sys-sample.sh"
2026-10-01T00:36:57-10:00job:sys_stats_cycle | SYSTEM  cpu=15%  load=0.71  mem=56%  src=sqlite
2026-10-01T00:36:57-10:00job:sys_stats_cycle | OK wrote /home/rootrecord/RootRecord-Ecosystem/2 - RootRecord-Database/System/samples/sys-20261001-003656.json
2026-10-01T00:38:00-10:00job:github_sync_all | ↑ [ecosystem] committed 5 local file(s)
2026-10-01T00:38:00-10:00job:github_sync_all | ↓ [ecosystem] fetching origin/main
2026-10-01T00:38:00-10:00job:github_sync_all | From github.com:RootRecord-Software-Solutions/RootRecord-Ecosystem
2026-10-01T00:38:00-10:00job:github_sync_all | * branch              main       -> FETCH_HEAD
2026-10-01T00:38:00-10:00job:github_sync_all | ↑ [ecosystem] local is ahead of GitHub
2026-10-01T00:38:00-10:00job:github_sync_all | To github.com:RootRecord-Software-Solutions/RootRecord-Ecosystem.git
2026-10-01T00:38:00-10:00job:github_sync_all | a7359341..5e6348c7  HEAD -> main
2026-10-01T00:38:00-10:00job:github_sync_all | branch 'main' set up to track 'origin/main'.
2026-10-01T00:38:00-10:00job:github_sync_all | ↑ [ecosystem] 5 files → RootRecord-Software-Solutions/RootRecord-Ecosystem (main)
2026-10-01T00:38:00-10:00job:github_sync_all | ↑ [pacific] committed 1 local file(s)
2026-10-01T00:38:00-10:00job:github_sync_all | ↓ [pacific] fetching origin/main
2026-10-01T00:38:00-10:00job:github_sync_all | From github.com:RootRecord-Software-Solutions/RootRecord-Pacific-Solar-Server
2026-10-01T00:38:00-10:00job:github_sync_all | * branch            main       -> FETCH_HEAD
2026-10-01T00:38:00-10:00job:github_sync_all | ↑ [pacific] local is ahead of GitHub
2026-10-01T00:38:00-10:00job:github_sync_all | To github.com:RootRecord-Software-Solutions/RootRecord-Pacific-Solar-Server.git
2026-10-01T00:38:00-10:00job:github_sync_all | da70997..c708e52  HEAD -> main
2026-10-01T00:38:00-10:00job:github_sync_all | branch 'main' set up to track 'origin/main'.
2026-10-01T00:38:00-10:00job:github_sync_all | ↑ [pacific] 1 files → RootRecord-Software-Solutions/RootRecord-Pacific-Solar-Server (main)
2026-10-01T00:38:00-10:00job:github_sync_all | ↑ [database] committed 20 local file(s)
2026-10-01T00:38:00-10:00job:github_sync_all | ↓ [database] fetching origin/main
2026-10-01T00:38:00-10:00job:github_sync_all | From github.com:RootRecord-Software-Solutions/RootRecord-Database
2026-10-01T00:38:00-10:00job:github_sync_all | * branch              main       -> FETCH_HEAD
2026-10-01T00:38:00-10:00job:github_sync_all | ↑ [database] local is ahead of GitHub
2026-10-01T00:38:00-10:00job:github_sync_all | To github.com:RootRecord-Software-Solutions/RootRecord-Database.git
2026-10-01T00:38:00-10:00job:github_sync_all | b7d9c570..83e3f8c6  HEAD -> main
2026-10-01T00:38:00-10:00job:github_sync_all | branch 'main' set up to track 'origin/main'.
2026-10-01T00:38:00-10:00job:github_sync_all | ↑ [database] 20 files → RootRecord-Software-Solutions/RootRecord-Database (main)
2026-10-01T00:38:00-10:00job:github_sync_all | — [library] no local changes
2026-10-01T00:38:00-10:00job:github_sync_all | ↓ [library] fetching origin/main
2026-10-01T00:38:00-10:00job:github_sync_all | From github.com:RootRecord-Software-Solutions/RootRecord-Library
2026-10-01T00:38:00-10:00job:github_sync_all | * branch            main       -> FETCH_HEAD
2026-10-01T00:38:00-10:00job:github_sync_all | — [library] local and GitHub already match
2026-10-01T00:38:00-10:00job:github_sync_all | — [library] nothing to push
2026-10-01T00:38:00-10:00job:github_sync_all | — [website] no local changes
2026-10-01T00:38:00-10:00job:github_sync_all | ↓ [website] fetching origin/main
2026-10-01T00:38:00-10:00job:github_sync_all | From github.com:RootRecord-Software-Solutions/RootRecord-Website
2026-10-01T00:38:00-10:00job:github_sync_all | * branch            main       -> FETCH_HEAD
2026-10-01T00:38:00-10:00job:github_sync_all | — [website] local and GitHub already match
2026-10-01T00:38:00-10:00job:github_sync_all | — [website] nothing to push
2026-10-01T00:38:00-10:00job:github_sync_all | — [website-personal] no local changes
2026-10-01T00:38:00-10:00job:security_camera_frame_grab RUN  bash "/home/rootrecord/RootRecord-Ecosystem/1 - Servers/1 - RootRecord-Pacific-Solar-Server/Security/Cameras/grab_all.sh"
2026-10-01T00:38:17-10:00job:security_camera_frame_grab | 00:38:00  📷  a-eyes  ch1 → ch1-20261001T103800Z.jpg  (281.5 KB, 4.53s)
2026-10-01T00:38:17-10:00job:security_camera_frame_grab | 00:38:04  📷  a-eyes  ch2 → ch2-20261001T103804Z.jpg  (130.4 KB, 4.48s)
2026-10-01T00:38:17-10:00job:security_camera_frame_grab | 00:38:09  📷  a-eyes  ch3 → ch3-20261001T103809Z.jpg  (333.8 KB, 4.48s)
2026-10-01T00:38:17-10:00job:security_camera_frame_grab | 00:38:13  📷  a-eyes  ch4 → ch4-20261001T103813Z.jpg  (247.3 KB, 4.28s)
2026-10-01T00:38:18-10:00ENERGY  status=live  B2=2.5%  B1=69.6%  solar=0 W  ac=44 W  usbc=0 W  src=/home/rootrecord/RootRecord-Ecosystem/2 - RootRecord-Database/Energy  LAP=100%/Full/AC
2026-10-01T00:38:33-10:00  ▸  SUMMARY=river2pro soc=69.54% solar=0W ac_out=0W usbc=23W src=ble+cloud db=ok
2026-10-01T00:38:33-10:00job:sys_stats_cycle RUN  bash "/home/rootrecord/RootRecord-Ecosystem/1 - Servers/1 - RootRecord-Pacific-Solar-Server/System/scripts/sys-sample.sh"
2026-10-01T00:38:35-10:00job:sys_stats_cycle | SYSTEM  cpu=11%  load=0.66  mem=56%  src=sqlite
2026-10-01T00:38:35-10:00job:sys_stats_cycle | OK wrote /home/rootrecord/RootRecord-Ecosystem/2 - RootRecord-Database/System/samples/sys-20261001-003834.json
2026-10-01T00:39:46-10:00job:github_sync_all | ↑ [ecosystem] committed 1 local file(s)
2026-10-01T00:39:46-10:00job:github_sync_all | ↓ [ecosystem] fetching origin/main
2026-10-01T00:39:46-10:00job:github_sync_all | From github.com:RootRecord-Software-Solutions/RootRecord-Ecosystem
2026-10-01T00:39:46-10:00job:github_sync_all | * branch              main       -> FETCH_HEAD
2026-10-01T00:39:46-10:00job:github_sync_all | ↑ [ecosystem] local is ahead of GitHub
2026-10-01T00:39:46-10:00job:github_sync_all | To github.com:RootRecord-Software-Solutions/RootRecord-Ecosystem.git
2026-10-01T00:39:46-10:00job:github_sync_all | 5e6348c7..1092c54d  HEAD -> main
2026-10-01T00:39:46-10:00job:github_sync_all | branch 'main' set up to track 'origin/main'.
2026-10-01T00:39:46-10:00job:github_sync_all | ↑ [ecosystem] 1 files → RootRecord-Software-Solutions/RootRecord-Ecosystem (main)
2026-10-01T00:39:46-10:00job:github_sync_all | ↑ [pacific] committed 1 local file(s)
2026-10-01T00:39:46-10:00job:github_sync_all | ↓ [pacific] fetching origin/main
2026-10-01T00:39:46-10:00job:github_sync_all | From github.com:RootRecord-Software-Solutions/RootRecord-Pacific-Solar-Server
2026-10-01T00:39:46-10:00job:github_sync_all | * branch            main       -> FETCH_HEAD
2026-10-01T00:39:46-10:00job:github_sync_all | ↑ [pacific] local is ahead of GitHub
2026-10-01T00:39:46-10:00job:github_sync_all | To github.com:RootRecord-Software-Solutions/RootRecord-Pacific-Solar-Server.git
2026-10-01T00:39:46-10:00job:github_sync_all | c708e52..6e7bc06  HEAD -> main
2026-10-01T00:39:46-10:00job:github_sync_all | branch 'main' set up to track 'origin/main'.
2026-10-01T00:39:46-10:00job:github_sync_all | ↑ [pacific] 1 files → RootRecord-Software-Solutions/RootRecord-Pacific-Solar-Server (main)
2026-10-01T00:39:46-10:00job:github_sync_all | ↑ [database] committed 12 local file(s)
2026-10-01T00:39:46-10:00job:github_sync_all | ↓ [database] fetching origin/main
2026-10-01T00:39:46-10:00job:github_sync_all | From github.com:RootRecord-Software-Solutions/RootRecord-Database
2026-10-01T00:39:46-10:00job:github_sync_all | * branch              main       -> FETCH_HEAD
2026-10-01T00:39:46-10:00job:github_sync_all | ↑ [database] local is ahead of GitHub
2026-10-01T00:39:46-10:00job:github_sync_all | To github.com:RootRecord-Software-Solutions/RootRecord-Database.git
2026-10-01T00:39:46-10:00job:github_sync_all | 83e3f8c6..2adc2534  HEAD -> main
2026-10-01T00:39:46-10:00job:github_sync_all | branch 'main' set up to track 'origin/main'.
2026-10-01T00:39:46-10:00job:github_sync_all | ↑ [database] 12 files → RootRecord-Software-Solutions/RootRecord-Database (main)
2026-10-01T00:39:46-10:00job:github_sync_all | — [library] no local changes
2026-10-01T00:39:46-10:00job:github_sync_all | ↓ [library] fetching origin/main
2026-10-01T00:39:46-10:00job:github_sync_all | From github.com:RootRecord-Software-Solutions/RootRecord-Library
2026-10-01T00:39:46-10:00job:github_sync_all | * branch            main       -> FETCH_HEAD
2026-10-01T00:39:46-10:00job:github_sync_all | — [library] local and GitHub already match
2026-10-01T00:39:46-10:00job:github_sync_all | — [library] nothing to push
2026-10-01T00:39:46-10:00job:github_sync_all | ↑ [website] committed 1 local file(s)
2026-10-01T00:39:46-10:00job:github_sync_all | ↓ [website] fetching origin/main
2026-10-01T00:39:46-10:00job:github_sync_all | From github.com:RootRecord-Software-Solutions/RootRecord-Website
2026-10-01T00:39:46-10:00job:github_sync_all | * branch            main       -> FETCH_HEAD
2026-10-01T00:39:46-10:00job:github_sync_all | ↑ [website] local is ahead of GitHub
2026-10-01T00:39:46-10:00job:github_sync_all | To github.com:RootRecord-Software-Solutions/RootRecord-Website.git
2026-10-01T00:39:46-10:00job:github_sync_all | 739f3dd..f805c19  HEAD -> main
2026-10-01T00:39:46-10:00job:worklog_scan RUN  bash "/home/rootrecord/RootRecord-Ecosystem/1 - Servers/1 - RootRecord-Pacific-Solar-Server/Reports/scripts/worklog_once.sh"
2026-10-01T00:39:49-10:00job:worklog_scan | OK wrote/updated /home/rootrecord/RootRecord-Ecosystem/2 - RootRecord-Database/Worklog/worklog_current.md
2026-10-01T00:39:49-10:00job:status_snapshot RUN  nice -n 10 python3 "/home/rootrecord/RootRecord-Ecosystem/1 - Servers/1 - RootRecord-Pacific-Solar-Server/Website/scripts/live_data_pages.py"
2026-10-01T00:39:49-10:00job:status_snapshot | live-data 5 pages
2026-10-01T00:39:50-10:00ENERGY  status=live  B2=2.5%  B1=69.5%  solar=0 W  ac=44 W  usbc=0 W  src=/home/rootrecord/RootRecord-Ecosystem/2 - RootRecord-Database/Energy  LAP=100%/Full/AC
2026-10-01T00:40:05-10:00  ▸  SUMMARY=delta2 soc=1.03% solar=0W ac_out=61W usbc=0W src=ble db=ok
2026-10-01T00:40:05-10:00job:sys_stats_cycle RUN  bash "/home/rootrecord/RootRecord-Ecosystem/1 - Servers/1 - RootRecord-Pacific-Solar-Server/System/scripts/sys-sample.sh"
2026-10-01T00:40:06-10:00job:sys_stats_cycle | SYSTEM  cpu=3%  load=0.77  mem=58%  src=sqlite
2026-10-01T00:40:06-10:00job:sys_stats_cycle | OK wrote /home/rootrecord/RootRecord-Ecosystem/2 - RootRecord-Database/System/samples/sys-20261001-004005.json
2026-10-01T00:40:06-10:00job:security_camera_frame_grab RUN  bash "/home/rootrecord/RootRecord-Ecosystem/1 - Servers/1 - RootRecord-Pacific-Solar-Server/Security/Cameras/grab_all.sh"
2026-10-01T00:40:24-10:00job:security_camera_frame_grab | 00:40:06  📷  a-eyes  ch1 → ch1-20261001T104006Z.jpg  (281.5 KB, 4.44s)
2026-10-01T00:40:24-10:00job:security_camera_frame_grab | 00:40:10  📷  a-eyes  ch2 → ch2-20261001T104010Z.jpg  (136.3 KB, 4.36s)
2026-10-01T00:40:24-10:00job:security_camera_frame_grab | 00:40:15  📷  a-eyes  ch3 → ch3-20261001T104015Z.jpg  (342.4 KB, 4.49s)
2026-10-01T00:40:24-10:00job:security_camera_frame_grab | 00:40:19  📷  a-eyes  ch4 → ch4-20261001T104019Z.jpg  (261.8 KB, 4.37s)
2026-10-01T00:40:24-10:00job:geology_collect RUN  nice -n 10 python3 "/home/rootrecord/RootRecord-Ecosystem/1 - Servers/1 - RootRecord-Pacific-Solar-Server/Geology/scripts/geology_collect.py" all
2026-10-01T00:40:32-10:00job:geology_collect | {"ok": true, "at": "2026-10-01T00:40:24-10:00", "what": "all", "dry_run": false, "sources": {"hawaii": {"ok": true, "count": 40, "new": 0, "new_m2": 0, "ms": 827}, "global": {"ok": true, "count": 36, "new": 0, "ms": 367}, "hvo_notices": {"ok": true, "count": 44, "new": 0, "ms": 6133}, "hvo_status": {"ok": true, "volcanoes": 8, "kilauea": "WATCH", "mauna_loa": "NORMAL", "ms": 720}}}
2026-10-01T00:40:32-10:00job:system_net_sample RUN  nice -n 10 python3 "/home/rootrecord/RootRecord-Ecosystem/1 - Servers/1 - RootRecord-Pacific-Solar-Server/System/scripts/host_desks.py" net-sample
2026-10-01T00:40:32-10:00job:system_net_sample | {"ok": true, "file": "/home/rootrecord/RootRecord-Ecosystem/2 - RootRecord-Database/System/network/Daily/net-20261001.jsonl", "iface": "wlo1", "hour": {"seconds": 3611, "rx": 1929617208, "tx": 65787063, "total": 1995404271, "iface": "wlo1", "link": "wireless"}, "day": null}
2026-10-01T00:40:32-10:00job:discord_report_relay RUN  nice -n 10 python3 "/home/rootrecord/RootRecord-Ecosystem/1 - Servers/1 - RootRecord-Pacific-Solar-Server/Communications/Discord/scripts/report_relay.py"
2026-10-01T00:40:32-10:00job:discord_report_relay | same
2026-10-01T00:40:47-10:00  ▸  SUMMARY=delta2 soc=1.03% solar=0W ac_out=43W usbc=0W src=ble db=ok
2026-10-01T00:40:47-10:00job:sys_stats_cycle RUN  bash "/home/rootrecord/RootRecord-Ecosystem/1 - Servers/1 - RootRecord-Pacific-Solar-Server/System/scripts/sys-sample.sh"
2026-10-01T00:40:48-10:00job:sys_stats_cycle | SYSTEM  cpu=26%  load=1.53  mem=59%  src=sqlite
2026-10-01T00:40:48-10:00job:sys_stats_cycle | OK wrote /home/rootrecord/RootRecord-Ecosystem/2 - RootRecord-Database/System/samples/sys-20261001-004048.json
2026-10-01T00:41:47-10:00job:github_sync_all | ↑ [ecosystem] committed 12 local file(s)
2026-10-01T00:41:47-10:00job:github_sync_all | ↓ [ecosystem] fetching origin/main
2026-10-01T00:41:47-10:00job:github_sync_all | From github.com:RootRecord-Software-Solutions/RootRecord-Ecosystem
2026-10-01T00:41:47-10:00job:github_sync_all | * branch              main       -> FETCH_HEAD
2026-10-01T00:41:47-10:00job:github_sync_all | ↑ [ecosystem] local is ahead of GitHub
2026-10-01T00:41:47-10:00job:github_sync_all | To github.com:RootRecord-Software-Solutions/RootRecord-Ecosystem.git
2026-10-01T00:41:47-10:00job:github_sync_all | 1092c54d..4e306f81  HEAD -> main
2026-10-01T00:41:47-10:00job:github_sync_all | branch 'main' set up to track 'origin/main'.
2026-10-01T00:41:47-10:00job:github_sync_all | ↑ [ecosystem] 12 files → RootRecord-Software-Solutions/RootRecord-Ecosystem (main)
2026-10-01T00:41:47-10:00job:github_sync_all | ↑ [pacific] committed 1 local file(s)
2026-10-01T00:41:47-10:00job:github_sync_all | ↓ [pacific] fetching origin/main
2026-10-01T00:41:47-10:00job:github_sync_all | From github.com:RootRecord-Software-Solutions/RootRecord-Pacific-Solar-Server
2026-10-01T00:41:47-10:00job:github_sync_all | * branch            main       -> FETCH_HEAD
2026-10-01T00:41:47-10:00job:github_sync_all | ↑ [pacific] local is ahead of GitHub
2026-10-01T00:41:47-10:00job:github_sync_all | To github.com:RootRecord-Software-Solutions/RootRecord-Pacific-Solar-Server.git
2026-10-01T00:41:47-10:00job:github_sync_all | 6e7bc06..7d87f70  HEAD -> main
2026-10-01T00:41:47-10:00job:github_sync_all | branch 'main' set up to track 'origin/main'.
2026-10-01T00:41:47-10:00job:github_sync_all | ↑ [pacific] 1 files → RootRecord-Software-Solutions/RootRecord-Pacific-Solar-Server (main)
2026-10-01T00:41:47-10:00job:github_sync_all | ↑ [database] committed 29 local file(s)
2026-10-01T00:41:47-10:00job:github_sync_all | ↓ [database] fetching origin/main
2026-10-01T00:41:47-10:00job:github_sync_all | From github.com:RootRecord-Software-Solutions/RootRecord-Database
2026-10-01T00:41:47-10:00job:github_sync_all | * branch              main       -> FETCH_HEAD
2026-10-01T00:41:47-10:00job:github_sync_all | ↑ [database] local is ahead of GitHub
2026-10-01T00:41:47-10:00job:github_sync_all | To github.com:RootRecord-Software-Solutions/RootRecord-Database.git
2026-10-01T00:41:47-10:00job:github_sync_all | 2adc2534..aaff8d14  HEAD -> main
2026-10-01T00:41:47-10:00job:github_sync_all | branch 'main' set up to track 'origin/main'.
2026-10-01T00:41:47-10:00job:github_sync_all | ↑ [database] 29 files → RootRecord-Software-Solutions/RootRecord-Database (main)
2026-10-01T00:41:47-10:00job:github_sync_all | — [library] no local changes
2026-10-01T00:41:47-10:00job:github_sync_all | ↓ [library] fetching origin/main
2026-10-01T00:41:47-10:00job:github_sync_all | From github.com:RootRecord-Software-Solutions/RootRecord-Library
2026-10-01T00:41:47-10:00job:github_sync_all | * branch            main       -> FETCH_HEAD
2026-10-01T00:41:47-10:00job:github_sync_all | — [library] local and GitHub already match
2026-10-01T00:41:47-10:00job:github_sync_all | — [library] nothing to push
2026-10-01T00:41:47-10:00job:github_sync_all | — [website] no local changes
2026-10-01T00:41:47-10:00job:github_sync_all | ↓ [website] fetching origin/main
2026-10-01T00:41:47-10:00job:github_sync_all | From github.com:RootRecord-Software-Solutions/RootRecord-Website
2026-10-01T00:41:47-10:00job:github_sync_all | * branch            main       -> FETCH_HEAD
2026-10-01T00:41:47-10:00job:github_sync_all | — [website] local and GitHub already match
2026-10-01T00:41:47-10:00job:github_sync_all | — [website] nothing to push
2026-10-01T00:41:47-10:00job:github_sync_all | — [website-personal] no local changes
2026-10-01T00:41:47-10:00job:security_camera_frame_grab RUN  bash "/home/rootrecord/RootRecord-Ecosystem/1 - Servers/1 - RootRecord-Pacific-Solar-Server/Security/Cameras/grab_all.sh"
2026-10-01T00:42:05-10:00job:security_camera_frame_grab | 00:41:47  📷  a-eyes  ch1 → ch1-20261001T104147Z.jpg  (281.4 KB, 4.46s)
2026-10-01T00:42:05-10:00job:security_camera_frame_grab | 00:41:52  📷  a-eyes  ch2 → ch2-20261001T104152Z.jpg  (129.6 KB, 4.47s)
2026-10-01T00:42:05-10:00job:security_camera_frame_grab | 00:41:56  📷  a-eyes  ch3 → ch3-20261001T104156Z.jpg  (321.4 KB, 4.39s)
2026-10-01T00:42:05-10:00job:security_camera_frame_grab | 00:42:00  📷  a-eyes  ch4 → ch4-20261001T104200Z.jpg  (265.6 KB, 4.46s)
2026-10-01T00:42:05-10:00job:service_supervisor RUN  bash "/home/rootrecord/RootRecord-Ecosystem/1 - Servers/1 - RootRecord-Pacific-Solar-Server/Automations/scripts/supervise-services.sh"
2026-10-01T00:42:05-10:00job:service_supervisor | [supervisor] weather alive pid=30098 (act)
2026-10-01T00:42:05-10:00job:service_supervisor | [supervisor] relay alive pid=44115 (act)
2026-10-01T00:42:05-10:00ENERGY  status=live  B2=1.0%  B1=69.5%  solar=0 W  ac=43 W  usbc=0 W  src=/home/rootrecord/RootRecord-Ecosystem/2 - RootRecord-Database/Energy  LAP=100%/Full/AC
2026-10-01T00:42:22-10:00  ▸  SUMMARY=river2pro soc=69.31% solar=0W ac_out=0W usbc=26W src=ble+cloud db=ok
2026-10-01T00:42:22-10:00job:sys_stats_cycle RUN  bash "/home/rootrecord/RootRecord-Ecosystem/1 - Servers/1 - RootRecord-Pacific-Solar-Server/System/scripts/sys-sample.sh"
2026-10-01T00:42:24-10:00job:sys_stats_cycle | SYSTEM  cpu=18%  load=1.76  mem=60%  src=sqlite
2026-10-01T00:42:24-10:00job:sys_stats_cycle | OK wrote /home/rootrecord/RootRecord-Ecosystem/2 - RootRecord-Database/System/samples/sys-20261001-004223.json
2026-10-01T00:42:37-10:00tunnel timeout — reconnecting
2026-10-01T00:42:38-10:00tunnel timeout — reconnecting
2026-10-01T00:42:38-10:00tunnel timeout — reconnecting
2026-10-01T00:42:38-10:00tunnel timeout — reconnecting
2026-10-01T00:42:38-10:00tunnel timeout — reconnecting
2026-10-01T00:42:40-10:00tunnel timeout — reconnecting
2026-10-01T00:42:40-10:00tunnel timeout — reconnecting
2026-10-01T00:42:43-10:00tunnel timeout — reconnecting
2026-10-01T00:42:49-10:00tunnel timeout — reconnecting
2026-10-01T00:42:55-10:00cloudflared ERR: 2026-10-01T10:42:55Z ERR Failed to dial a quic connection error="failed to dial to edge with quic: write udp [::]:37268-
2026-10-01T00:42:56-10:00cloudflared ERR: 2026-10-01T10:42:56Z ERR Failed to dial a quic connection error="failed to dial to edge with quic: write udp [::]:60590-
2026-10-01T00:42:56-10:00cloudflared ERR: 2026-10-01T10:42:56Z ERR Failed to dial a quic connection error="failed to dial to edge with quic: write udp [::]:48476-
2026-10-01T00:42:56-10:00cloudflared ERR: 2026-10-01T10:42:56Z ERR Failed to dial a quic connection error="failed to dial to edge with quic: write udp [::]:60625-
2026-10-01T00:42:59-10:00tunnel connection terminated
2026-10-01T00:42:59-10:00tunnel connection terminated
2026-10-01T00:42:59-10:00tunnel connection terminated
2026-10-01T00:43:00-10:00cloudflared ERR: 2026-10-01T10:43:00Z ERR Failed to dial a quic connection error="failed to dial to edge with quic: write udp [::]:37268-
2026-10-01T00:43:06-10:00cloudflared ERR: 2026-10-01T10:43:06Z ERR Failed to dial a quic connection error="failed to dial to edge with quic: write udp [::]:48476-
2026-10-01T00:43:06-10:00cloudflared ERR: 2026-10-01T10:43:06Z ERR Failed to dial a quic connection error="failed to dial to edge with quic: write udp [::]:60625-
2026-10-01T00:43:06-10:00cloudflared ERR: 2026-10-01T10:43:06Z ERR Failed to dial a quic connection error="failed to dial to edge with quic: write udp [::]:60590-
2026-10-01T00:43:07-10:00tunnel connection terminated
2026-10-01T00:43:10-10:00cloudflared ERR: 2026-10-01T10:43:10Z ERR Failed to dial a quic connection error="failed to dial to edge with quic: write udp [::]:37268-
2026-10-01T00:43:10-10:00cloudflared ERR: 2026-10-01T10:43:10Z ERR Failed to dial a quic connection error="failed to dial to edge with quic: write udp [::]:37268-
2026-10-01T00:43:13-10:00tunnel connection terminated
2026-10-01T00:43:14-10:00tunnel connection terminated
2026-10-01T00:43:20-10:00job:github_sync_all | — [ecosystem] no committable local changes
2026-10-01T00:43:20-10:00job:github_sync_all | ↓ [ecosystem] fetching origin/main
2026-10-01T00:43:20-10:00job:github_sync_all | From github.com:RootRecord-Software-Solutions/RootRecord-Ecosystem
2026-10-01T00:43:20-10:00job:github_sync_all | * branch              main       -> FETCH_HEAD
2026-10-01T00:43:20-10:00job:github_sync_all | — [ecosystem] local and GitHub already match
2026-10-01T00:43:20-10:00job:github_sync_all | — [ecosystem] nothing to push
2026-10-01T00:43:20-10:00job:github_sync_all | — [pacific] no local changes
2026-10-01T00:43:20-10:00job:github_sync_all | ↑ [pacific] remote has no main; creating it
2026-10-01T00:43:20-10:00job:github_sync_all | ssh: Could not resolve hostname github.com: Temporary failure in name resolution
2026-10-01T00:43:20-10:00job:github_sync_all | fatal: Could not read from remote repository.
2026-10-01T00:43:20-10:00job:github_sync_all | Please make sure you have the correct access rights
2026-10-01T00:43:20-10:00job:github_sync_all | and the repository exists.
2026-10-01T00:43:20-10:00job:github_sync_all | ↻ [pacific] sync retry 1/3
2026-10-01T00:43:20-10:00job:github_sync_all | — [pacific] no local changes
2026-10-01T00:43:20-10:00job:github_sync_all | ↑ [pacific] remote has no main; creating it
2026-10-01T00:43:20-10:00job:github_sync_all | ssh: Could not resolve hostname github.com: Temporary failure in name resolution
2026-10-01T00:43:20-10:00job:github_sync_all | fatal: Could not read from remote repository.
2026-10-01T00:43:20-10:00job:github_sync_all | Please make sure you have the correct access rights
2026-10-01T00:43:20-10:00job:github_sync_all | and the repository exists.
2026-10-01T00:43:20-10:00job:github_sync_all | ↻ [pacific] sync retry 2/3
2026-10-01T00:43:20-10:00job:github_sync_all | — [pacific] no local changes
2026-10-01T00:43:20-10:00job:github_sync_all | ↑ [pacific] remote has no main; creating it
2026-10-01T00:43:20-10:00job:github_sync_all | ssh: Could not resolve hostname github.com: Temporary failure in name resolution
2026-10-01T00:43:20-10:00job:github_sync_all | fatal: Could not read from remote repository.
2026-10-01T00:43:20-10:00job:github_sync_all | Please make sure you have the correct access rights
2026-10-01T00:43:20-10:00job:github_sync_all | and the repository exists.
2026-10-01T00:43:20-10:00job:github_sync_all | ↻ [pacific] sync retry 3/3
2026-10-01T00:43:20-10:00job:github_sync_all | ✗ [pacific] sync failed after 3 attempts (continuing)
2026-10-01T00:43:20-10:00job:github_sync_all | ↑ [database] committed 12 local file(s)
2026-10-01T00:43:20-10:00job:github_sync_all | ↑ [database] remote has no main; creating it
2026-10-01T00:43:20-10:00job:github_sync_all | ssh: Could not resolve hostname github.com: Temporary failure in name resolution
2026-10-01T00:43:20-10:00job:github_sync_all | fatal: Could not read from remote repository.
2026-10-01T00:43:20-10:00job:github_sync_all | Please make sure you have the correct access rights
2026-10-01T00:43:20-10:00job:github_sync_all | and the repository exists.
2026-10-01T00:43:20-10:00job:github_sync_all | ↻ [database] sync retry 1/3
2026-10-01T00:43:20-10:00job:github_sync_all | — [database] no local changes
2026-10-01T00:43:20-10:00job:worklog_scan RUN  bash "/home/rootrecord/RootRecord-Ecosystem/1 - Servers/1 - RootRecord-Pacific-Solar-Server/Reports/scripts/worklog_once.sh"
2026-10-01T00:43:27-10:00job:worklog_scan | OK wrote/updated /home/rootrecord/RootRecord-Ecosystem/2 - RootRecord-Database/Worklog/worklog_current.md
2026-10-01T00:43:27-10:00job:status_snapshot RUN  nice -n 10 python3 "/home/rootrecord/RootRecord-Ecosystem/1 - Servers/1 - RootRecord-Pacific-Solar-Server/Website/scripts/live_data_pages.py"
2026-10-01T00:43:27-10:00job:status_snapshot | live-data 5 pages
2026-10-01T00:43:27-10:00internet DOWN — net services waiting (retry ~60s)
2026-10-01T00:43:27-10:00ENERGY  status=live  B2=1.0%  B1=69.3%  solar=0 W  ac=43 W  usbc=0 W  src=/home/rootrecord/RootRecord-Ecosystem/2 - RootRecord-Database/Energy  LAP=100%/Full/AC
2026-10-01T00:43:31-10:00cloudflared ERR: 2026-10-01T10:43:31Z ERR Failed to dial a quic connection error="failed to dial to edge with quic: write udp [::]:37268-
2026-10-01T00:43:32-10:00cloudflared ERR: 2026-10-01T10:43:32Z ERR Failed to dial a quic connection error="failed to dial to edge with quic: write udp [::]:37268-
2026-10-01T00:43:40-10:00cloudflared ERR: 2026-10-01T10:43:40Z ERR Failed to dial a quic connection error="failed to dial to edge with quic: write udp [::]:37268-
2026-10-01T00:43:43-10:00  ▸  SUMMARY=river2pro soc=69.15% solar=0W ac_out=100W usbc=20W src=ble db=ok
2026-10-01T00:43:43-10:00job:sys_stats_cycle RUN  bash "/home/rootrecord/RootRecord-Ecosystem/1 - Servers/1 - RootRecord-Pacific-Solar-Server/System/scripts/sys-sample.sh"
2026-10-01T00:43:43-10:00cloudflared ERR: 2026-10-01T10:43:43Z ERR Failed to dial a quic connection error="failed to dial to edge with quic: write udp [::]:60625-
2026-10-01T00:43:43-10:00cloudflared ERR: 2026-10-01T10:43:43Z ERR Failed to dial a quic connection error="failed to dial to edge with quic: write udp [::]:48476-
2026-10-01T00:43:43-10:00cloudflared ERR: 2026-10-01T10:43:43Z ERR Failed to dial a quic connection error="failed to dial to edge with quic: write udp [::]:60590-
2026-10-01T00:43:44-10:00job:sys_stats_cycle | SYSTEM  cpu=10%  load=1.71  mem=58%  src=sqlite
2026-10-01T00:43:44-10:00job:sys_stats_cycle | OK wrote /home/rootrecord/RootRecord-Ecosystem/2 - RootRecord-Database/System/samples/sys-20261001-004343.json
2026-10-01T00:43:46-10:00tunnel timeout — reconnecting
2026-10-01T00:43:51-10:00job:github_sync_all SKIP — offline (will retry when internet is up)
2026-10-01T00:43:51-10:00job:security_camera_frame_grab RUN  bash "/home/rootrecord/RootRecord-Ecosystem/1 - Servers/1 - RootRecord-Pacific-Solar-Server/Security/Cameras/grab_all.sh"
2026-10-01T00:43:56-10:00tunnel connection terminated
2026-10-01T00:43:58-10:00tunnel connection terminated
2026-10-01T00:43:58-10:00tunnel connection terminated
2026-10-01T00:44:00-10:00cloudflared ERR: 2026-10-01T10:44:00Z ERR Failed to dial a quic connection error="failed to dial to edge with quic: write udp [::]:37268-
2026-10-01T00:44:09-10:00job:security_camera_frame_grab | 00:43:51  📷  a-eyes  ch1 → ch1-20261001T104351Z.jpg  (280.7 KB, 4.64s)
2026-10-01T00:44:09-10:00job:security_camera_frame_grab | 00:43:56  📷  a-eyes  ch2 → ch2-20261001T104356Z.jpg  (148.7 KB, 4.38s)
2026-10-01T00:44:09-10:00job:security_camera_frame_grab | 00:44:00  📷  a-eyes  ch3 → ch3-20261001T104400Z.jpg  (353.8 KB, 4.23s)
2026-10-01T00:44:09-10:00job:security_camera_frame_grab | 00:44:05  📷  a-eyes  ch4 → ch4-20261001T104405Z.jpg  (286.9 KB, 4.50s)
2026-10-01T00:44:19-10:00tunnel timeout — reconnecting
2026-10-01T00:44:32-10:00  ▸  SUMMARY=river2pro soc=68.93% solar=0W ac_out=33W usbc=17W src=ble db=ok
2026-10-01T00:44:32-10:00job:sys_stats_cycle RUN  bash "/home/rootrecord/RootRecord-Ecosystem/1 - Servers/1 - RootRecord-Pacific-Solar-Server/System/scripts/sys-sample.sh"
2026-10-01T00:44:34-10:00job:sys_stats_cycle | SYSTEM  cpu=32%  load=0.94  mem=59%  src=sqlite
2026-10-01T00:44:34-10:00job:sys_stats_cycle | OK wrote /home/rootrecord/RootRecord-Ecosystem/2 - RootRecord-Database/System/samples/sys-20261001-004433.json
2026-10-01T00:44:45-10:00cloudflared ERR: 2026-10-01T10:44:45Z ERR Failed to dial a quic connection error="failed to dial to edge with quic: write udp [::]:37268-
2026-10-01T00:44:58-10:00tunnel connected  conn=0  edge=lax01
2026-10-01T00:45:11-10:00tunnel connected  conn=1  edge=lax11
2026-10-01T00:45:11-10:00tunnel connected  conn=3  edge=lax11
2026-10-01T00:45:11-10:00tunnel connected  conn=2  edge=lax01
2026-10-01T00:45:36-10:00job:github_sync_all | ↑ [ecosystem] committed 5 local file(s)
2026-10-01T00:45:36-10:00job:github_sync_all | ↓ [ecosystem] fetching origin/main
2026-10-01T00:45:36-10:00job:github_sync_all | From github.com:RootRecord-Software-Solutions/RootRecord-Ecosystem
2026-10-01T00:45:36-10:00job:github_sync_all | * branch              main       -> FETCH_HEAD
2026-10-01T00:45:36-10:00job:github_sync_all | ↑ [ecosystem] local is ahead of GitHub
2026-10-01T00:45:36-10:00job:github_sync_all | To github.com:RootRecord-Software-Solutions/RootRecord-Ecosystem.git
2026-10-01T00:45:36-10:00job:github_sync_all | 4e306f81..60dd81a3  HEAD -> main
2026-10-01T00:45:36-10:00job:github_sync_all | branch 'main' set up to track 'origin/main'.
2026-10-01T00:45:36-10:00job:github_sync_all | ↑ [ecosystem] 5 files → RootRecord-Software-Solutions/RootRecord-Ecosystem (main)
2026-10-01T00:45:36-10:00job:github_sync_all | ↑ [pacific] committed 1 local file(s)
2026-10-01T00:45:36-10:00job:github_sync_all | ↓ [pacific] fetching origin/main
2026-10-01T00:45:36-10:00job:github_sync_all | From github.com:RootRecord-Software-Solutions/RootRecord-Pacific-Solar-Server
2026-10-01T00:45:36-10:00job:github_sync_all | * branch            main       -> FETCH_HEAD
2026-10-01T00:45:36-10:00job:github_sync_all | ↑ [pacific] local is ahead of GitHub
2026-10-01T00:45:36-10:00job:github_sync_all | To github.com:RootRecord-Software-Solutions/RootRecord-Pacific-Solar-Server.git
2026-10-01T00:45:36-10:00job:github_sync_all | 7d87f70..8a40e7c  HEAD -> main
2026-10-01T00:45:36-10:00job:github_sync_all | branch 'main' set up to track 'origin/main'.
2026-10-01T00:45:36-10:00job:github_sync_all | ↑ [pacific] 1 files → RootRecord-Software-Solutions/RootRecord-Pacific-Solar-Server (main)
2026-10-01T00:45:36-10:00job:github_sync_all | ↑ [database] committed 22 local file(s)
2026-10-01T00:45:36-10:00job:github_sync_all | ↓ [database] fetching origin/main
2026-10-01T00:45:36-10:00job:github_sync_all | From github.com:RootRecord-Software-Solutions/RootRecord-Database
2026-10-01T00:45:36-10:00job:github_sync_all | * branch              main       -> FETCH_HEAD
2026-10-01T00:45:36-10:00job:github_sync_all | ↑ [database] local is ahead of GitHub
2026-10-01T00:45:36-10:00job:github_sync_all | To github.com:RootRecord-Software-Solutions/RootRecord-Database.git
2026-10-01T00:45:36-10:00job:github_sync_all | aaff8d14..49b1fc8b  HEAD -> main
2026-10-01T00:45:36-10:00job:github_sync_all | branch 'main' set up to track 'origin/main'.
2026-10-01T00:45:36-10:00job:github_sync_all | ↑ [database] 22 files → RootRecord-Software-Solutions/RootRecord-Database (main)
2026-10-01T00:45:36-10:00job:github_sync_all | — [library] no local changes
2026-10-01T00:45:36-10:00job:github_sync_all | ↓ [library] fetching origin/main
2026-10-01T00:45:36-10:00job:github_sync_all | From github.com:RootRecord-Software-Solutions/RootRecord-Library
2026-10-01T00:45:36-10:00job:github_sync_all | * branch            main       -> FETCH_HEAD
2026-10-01T00:45:36-10:00job:github_sync_all | — [library] local and GitHub already match
2026-10-01T00:45:36-10:00job:github_sync_all | — [library] nothing to push
2026-10-01T00:45:36-10:00job:github_sync_all | — [website] no local changes
2026-10-01T00:45:36-10:00job:github_sync_all | ↓ [website] fetching origin/main
2026-10-01T00:45:36-10:00job:github_sync_all | From github.com:RootRecord-Software-Solutions/RootRecord-Website
2026-10-01T00:45:36-10:00job:github_sync_all | * branch            main       -> FETCH_HEAD
2026-10-01T00:45:36-10:00job:github_sync_all | — [website] local and GitHub already match
2026-10-01T00:45:36-10:00job:github_sync_all | — [website] nothing to push
2026-10-01T00:45:36-10:00job:github_sync_all | — [website-personal] no local changes
2026-10-01T00:45:36-10:00job:security_camera_frame_grab RUN  bash "/home/rootrecord/RootRecord-Ecosystem/1 - Servers/1 - RootRecord-Pacific-Solar-Server/Security/Cameras/grab_all.sh"
2026-10-01T00:45:54-10:00job:security_camera_frame_grab | 00:45:36  📷  a-eyes  ch1 → ch1-20261001T104536Z.jpg  (281.8 KB, 4.52s)
2026-10-01T00:45:54-10:00job:security_camera_frame_grab | 00:45:40  📷  a-eyes  ch2 → ch2-20261001T104540Z.jpg  (153.2 KB, 4.68s)
2026-10-01T00:45:54-10:00job:security_camera_frame_grab | 00:45:45  📷  a-eyes  ch3 → ch3-20261001T104545Z.jpg  (323.0 KB, 4.58s)
2026-10-01T00:45:54-10:00job:security_camera_frame_grab | 00:45:50  📷  a-eyes  ch4 → ch4-20261001T104550Z.jpg  (319.8 KB, 4.37s)
2026-10-01T00:45:54-10:00job:voice_nws_weather RUN  nice -n 10 python3 "/home/rootrecord/RootRecord-Ecosystem/1 - Servers/1 - RootRecord-Pacific-Solar-Server/Media/Voice/scripts/voice_reports.py" nws_weather
2026-10-01T00:46:06-10:00job:voice_nws_weather | {"ok": true, "report": "nws_weather", "md": "/home/rootrecord/RootRecord-Ecosystem/test-reports/Voice/nws_weather_current.md", "sentences": 4, "voice": {"ok": true, "mode": "stitch", "report": "nws_weather", "agent": "ava", "voice": "af_heart", "speed": 1.0, "wav": "/home/rootrecord/RootRecord-Ecosystem/2 - RootRecord-Database/Media/Audio/Voice/nws_weather_current.wav", "clips_used": 0, "live_sentences": 7, "model_loaded": true, "render_s": 11.06, "sample_rate": 24000, "channels": 1, "subtype": "PCM_16", "duration_s": 17.784, "peak_dbfs": -1.5, "rms_dbfs": -20.32, "lead_silence_ms": 113, "qc": "PASS", "wall_s": 11.16, "peak_rss_mb": 1458, "rc": 0}, "deliver": {"ok": true, "sent": false, "detail": "unchanged"}}
2026-10-01T00:46:07-10:00ENERGY  status=live  B2=1.0%  B1=68.9%  solar=0 W  ac=43 W  usbc=0 W  src=/home/rootrecord/RootRecord-Ecosystem/2 - RootRecord-Database/Energy  LAP=100%/Full/AC
2026-10-01T00:46:22-10:00  ▸  SUMMARY=river2pro soc=68.53% solar=0W ac_out=57W usbc=26W src=ble db=ok
2026-10-01T00:46:22-10:00job:sys_stats_cycle RUN  bash "/home/rootrecord/RootRecord-Ecosystem/1 - Servers/1 - RootRecord-Pacific-Solar-Server/System/scripts/sys-sample.sh"
2026-10-01T00:46:24-10:00job:sys_stats_cycle | SYSTEM  cpu=13%  load=1.79  mem=60%  src=sqlite
2026-10-01T00:46:24-10:00job:sys_stats_cycle | OK wrote /home/rootrecord/RootRecord-Ecosystem/2 - RootRecord-Database/System/samples/sys-20261001-004623.json
2026-10-01T00:47:16-10:00job:github_sync_all | ↑ [ecosystem] committed 4 local file(s)
2026-10-01T00:47:16-10:00job:github_sync_all | ↓ [ecosystem] fetching origin/main
2026-10-01T00:47:16-10:00job:github_sync_all | From github.com:RootRecord-Software-Solutions/RootRecord-Ecosystem
2026-10-01T00:47:16-10:00job:github_sync_all | * branch              main       -> FETCH_HEAD
2026-10-01T00:47:16-10:00job:github_sync_all | ↑ [ecosystem] local is ahead of GitHub
2026-10-01T00:47:16-10:00job:github_sync_all | To github.com:RootRecord-Software-Solutions/RootRecord-Ecosystem.git
2026-10-01T00:47:16-10:00job:github_sync_all | 60dd81a3..9e45471f  HEAD -> main
2026-10-01T00:47:16-10:00job:github_sync_all | branch 'main' set up to track 'origin/main'.
2026-10-01T00:47:16-10:00job:github_sync_all | ↑ [ecosystem] 4 files → RootRecord-Software-Solutions/RootRecord-Ecosystem (main)
2026-10-01T00:47:16-10:00job:github_sync_all | — [pacific] no local changes
2026-10-01T00:47:16-10:00job:github_sync_all | ↓ [pacific] fetching origin/main
2026-10-01T00:47:16-10:00job:github_sync_all | From github.com:RootRecord-Software-Solutions/RootRecord-Pacific-Solar-Server
2026-10-01T00:47:16-10:00job:github_sync_all | * branch            main       -> FETCH_HEAD
2026-10-01T00:47:16-10:00job:github_sync_all | — [pacific] local and GitHub already match
2026-10-01T00:47:16-10:00job:github_sync_all | — [pacific] nothing to push
2026-10-01T00:47:16-10:00job:github_sync_all | ↑ [database] committed 14 local file(s)
2026-10-01T00:47:16-10:00job:github_sync_all | ↓ [database] fetching origin/main
2026-10-01T00:47:16-10:00job:github_sync_all | From github.com:RootRecord-Software-Solutions/RootRecord-Database
2026-10-01T00:47:16-10:00job:github_sync_all | * branch              main       -> FETCH_HEAD
2026-10-01T00:47:16-10:00job:github_sync_all | ↑ [database] local is ahead of GitHub
2026-10-01T00:47:16-10:00job:github_sync_all | To github.com:RootRecord-Software-Solutions/RootRecord-Database.git
2026-10-01T00:47:16-10:00job:github_sync_all | 49b1fc8b..22091c5c  HEAD -> main
2026-10-01T00:47:16-10:00job:github_sync_all | branch 'main' set up to track 'origin/main'.
2026-10-01T00:47:16-10:00job:github_sync_all | ↑ [database] 14 files → RootRecord-Software-Solutions/RootRecord-Database (main)
2026-10-01T00:47:16-10:00job:github_sync_all | — [library] no local changes
2026-10-01T00:47:16-10:00job:github_sync_all | ↓ [library] fetching origin/main
2026-10-01T00:47:16-10:00job:github_sync_all | From github.com:RootRecord-Software-Solutions/RootRecord-Library
2026-10-01T00:47:16-10:00job:github_sync_all | * branch            main       -> FETCH_HEAD
2026-10-01T00:47:16-10:00job:github_sync_all | — [library] local and GitHub already match
2026-10-01T00:47:16-10:00job:github_sync_all | — [library] nothing to push
2026-10-01T00:47:16-10:00job:github_sync_all | — [website] no local changes
2026-10-01T00:47:16-10:00job:github_sync_all | ↓ [website] fetching origin/main
2026-10-01T00:47:16-10:00job:github_sync_all | From github.com:RootRecord-Software-Solutions/RootRecord-Website
2026-10-01T00:47:16-10:00job:github_sync_all | * branch            main       -> FETCH_HEAD
2026-10-01T00:47:16-10:00job:github_sync_all | — [website] local and GitHub already match
2026-10-01T00:47:16-10:00job:github_sync_all | — [website] nothing to push
2026-10-01T00:47:16-10:00job:github_sync_all | — [website-personal] no local changes
2026-10-01T00:47:16-10:00job:github_sync_all | ↓ [website-personal] fetching origin/main
2026-10-01T00:47:16-10:00job:github_sync_all | From github.com:rootrecordsoftwaresolutions/RootRecord-Website
2026-10-01T00:47:16-10:00job:github_sync_all | * branch            main       -> FETCH_HEAD
2026-10-01T00:47:16-10:00job:worklog_scan RUN  bash "/home/rootrecord/RootRecord-Ecosystem/1 - Servers/1 - RootRecord-Pacific-Solar-Server/Reports/scripts/worklog_once.sh"
2026-10-01T00:47:24-10:00job:worklog_scan | OK wrote/updated /home/rootrecord/RootRecord-Ecosystem/2 - RootRecord-Database/Worklog/worklog_current.md
2026-10-01T00:47:24-10:00job:security_camera_frame_grab RUN  bash "/home/rootrecord/RootRecord-Ecosystem/1 - Servers/1 - RootRecord-Pacific-Solar-Server/Security/Cameras/grab_all.sh"
2026-10-01T00:47:41-10:00job:security_camera_frame_grab | 00:47:24  📷  a-eyes  ch1 → ch1-20261001T104724Z.jpg  (282.7 KB, 4.34s)
2026-10-01T00:47:41-10:00job:security_camera_frame_grab | 00:47:28  📷  a-eyes  ch2 → ch2-20261001T104728Z.jpg  (152.2 KB, 4.47s)
2026-10-01T00:47:41-10:00job:security_camera_frame_grab | 00:47:33  📷  a-eyes  ch3 → ch3-20261001T104733Z.jpg  (325.6 KB, 4.34s)
2026-10-01T00:47:41-10:00job:security_camera_frame_grab | 00:47:37  📷  a-eyes  ch4 → ch4-20261001T104737Z.jpg  (314.7 KB, 4.39s)
2026-10-01T00:47:41-10:00job:geology_collect RUN  nice -n 10 python3 "/home/rootrecord/RootRecord-Ecosystem/1 - Servers/1 - RootRecord-Pacific-Solar-Server/Geology/scripts/geology_collect.py" all
2026-10-01T00:47:54-10:00job:geology_collect | {"ok": true, "at": "2026-10-01T00:47:42-10:00", "what": "all", "dry_run": false, "sources": {"hawaii": {"ok": true, "count": 41, "new": 1, "new_m2": 1, "ms": 839}, "global": {"ok": true, "count": 36, "new": 0, "ms": 299}, "hvo_notices": {"ok": true, "count": 44, "new": 0, "ms": 806}, "hvo_status": {"ok": true, "volcanoes": 8, "kilauea": "WATCH", "mauna_loa": "NORMAL", "ms": 10645}}}
2026-10-01T00:47:54-10:00job:status_snapshot RUN  nice -n 10 python3 "/home/rootrecord/RootRecord-Ecosystem/1 - Servers/1 - RootRecord-Pacific-Solar-Server/Website/scripts/live_data_pages.py"
2026-10-01T00:47:54-10:00job:status_snapshot | live-data 5 pages
2026-10-01T00:47:54-10:00job:system_net_sample RUN  nice -n 10 python3 "/home/rootrecord/RootRecord-Ecosystem/1 - Servers/1 - RootRecord-Pacific-Solar-Server/System/scripts/host_desks.py" net-sample
2026-10-01T00:47:54-10:00job:system_net_sample | {"ok": true, "file": "/home/rootrecord/RootRecord-Ecosystem/2 - RootRecord-Database/System/network/Daily/net-20261001.jsonl", "iface": "wlo1", "hour": {"seconds": 3626, "rx": 1883254819, "tx": 63499367, "total": 1946754186, "iface": "wlo1", "link": "wireless"}, "day": null}
2026-10-01T00:47:55-10:00job:discord_report_relay RUN  nice -n 10 python3 "/home/rootrecord/RootRecord-Ecosystem/1 - Servers/1 - RootRecord-Pacific-Solar-Server/Communications/Discord/scripts/report_relay.py"
2026-10-01T00:47:55-10:00job:discord_report_relay | same
2026-10-01T00:47:55-10:00ENERGY  status=live  B2=1.0%  B1=68.5%  solar=0 W  ac=43 W  usbc=0 W  src=/home/rootrecord/RootRecord-Ecosystem/2 - RootRecord-Database/Energy  LAP=100%/Full/AC
2026-10-01T00:48:11-10:00  ▸  SUMMARY=river2pro soc=68.14% solar=0W ac_out=39W usbc=20W src=ble db=ok
2026-10-01T00:48:11-10:00job:sys_stats_cycle RUN  bash "/home/rootrecord/RootRecord-Ecosystem/1 - Servers/1 - RootRecord-Pacific-Solar-Server/System/scripts/sys-sample.sh"
2026-10-01T00:48:12-10:00job:sys_stats_cycle | SYSTEM  cpu=15%  load=1.31  mem=61%  src=sqlite
2026-10-01T00:48:12-10:00job:sys_stats_cycle | OK wrote /home/rootrecord/RootRecord-Ecosystem/2 - RootRecord-Database/System/samples/sys-20261001-004811.json
2026-10-01T00:49:11-10:00job:github_sync_all | ↑ [ecosystem] committed 14 local file(s)
2026-10-01T00:49:11-10:00job:github_sync_all | ↓ [ecosystem] fetching origin/main
2026-10-01T00:49:11-10:00job:github_sync_all | From github.com:RootRecord-Software-Solutions/RootRecord-Ecosystem
2026-10-01T00:49:11-10:00job:github_sync_all | * branch              main       -> FETCH_HEAD
2026-10-01T00:49:11-10:00job:github_sync_all | ↑ [ecosystem] local is ahead of GitHub
2026-10-01T00:49:11-10:00job:github_sync_all | To github.com:RootRecord-Software-Solutions/RootRecord-Ecosystem.git
2026-10-01T00:49:11-10:00job:github_sync_all | 9e45471f..45e79d5c  HEAD -> main
2026-10-01T00:49:11-10:00job:github_sync_all | branch 'main' set up to track 'origin/main'.
2026-10-01T00:49:11-10:00job:github_sync_all | ↑ [ecosystem] 14 files → RootRecord-Software-Solutions/RootRecord-Ecosystem (main)
2026-10-01T00:49:11-10:00job:github_sync_all | ↑ [pacific] committed 2 local file(s)
2026-10-01T00:49:11-10:00job:github_sync_all | ↓ [pacific] fetching origin/main
2026-10-01T00:49:11-10:00job:github_sync_all | From github.com:RootRecord-Software-Solutions/RootRecord-Pacific-Solar-Server
2026-10-01T00:49:11-10:00job:github_sync_all | * branch            main       -> FETCH_HEAD
2026-10-01T00:49:11-10:00job:github_sync_all | ↑ [pacific] local is ahead of GitHub
2026-10-01T00:49:11-10:00job:github_sync_all | To github.com:RootRecord-Software-Solutions/RootRecord-Pacific-Solar-Server.git
2026-10-01T00:49:11-10:00job:github_sync_all | 8a40e7c..f180b25  HEAD -> main
2026-10-01T00:49:11-10:00job:github_sync_all | branch 'main' set up to track 'origin/main'.
2026-10-01T00:49:11-10:00job:github_sync_all | ↑ [pacific] 2 files → RootRecord-Software-Solutions/RootRecord-Pacific-Solar-Server (main)
2026-10-01T00:49:11-10:00job:github_sync_all | ↑ [database] committed 28 local file(s)
2026-10-01T00:49:11-10:00job:github_sync_all | ↓ [database] fetching origin/main
2026-10-01T00:49:11-10:00job:github_sync_all | From github.com:RootRecord-Software-Solutions/RootRecord-Database
2026-10-01T00:49:11-10:00job:github_sync_all | * branch              main       -> FETCH_HEAD
2026-10-01T00:49:11-10:00job:github_sync_all | ↑ [database] local is ahead of GitHub
2026-10-01T00:49:11-10:00job:github_sync_all | To github.com:RootRecord-Software-Solutions/RootRecord-Database.git
2026-10-01T00:49:11-10:00job:github_sync_all | 22091c5c..35c8f711  HEAD -> main
2026-10-01T00:49:11-10:00job:github_sync_all | branch 'main' set up to track 'origin/main'.
2026-10-01T00:49:11-10:00job:github_sync_all | ↑ [database] 28 files → RootRecord-Software-Solutions/RootRecord-Database (main)
2026-10-01T00:49:11-10:00job:github_sync_all | — [library] no local changes
2026-10-01T00:49:11-10:00job:github_sync_all | ↓ [library] fetching origin/main
2026-10-01T00:49:11-10:00job:github_sync_all | From github.com:RootRecord-Software-Solutions/RootRecord-Library
2026-10-01T00:49:11-10:00job:github_sync_all | * branch            main       -> FETCH_HEAD
2026-10-01T00:49:11-10:00job:github_sync_all | — [library] local and GitHub already match
2026-10-01T00:49:11-10:00job:github_sync_all | — [library] nothing to push
2026-10-01T00:49:11-10:00job:github_sync_all | ↑ [website] committed 1 local file(s)
2026-10-01T00:49:11-10:00job:github_sync_all | ↓ [website] fetching origin/main
2026-10-01T00:49:11-10:00job:github_sync_all | From github.com:RootRecord-Software-Solutions/RootRecord-Website
2026-10-01T00:49:11-10:00job:github_sync_all | * branch            main       -> FETCH_HEAD
2026-10-01T00:49:11-10:00job:github_sync_all | ↑ [website] local is ahead of GitHub
2026-10-01T00:49:11-10:00job:github_sync_all | To github.com:RootRecord-Software-Solutions/RootRecord-Website.git
2026-10-01T00:49:11-10:00job:github_sync_all | f805c19..ff3dacb  HEAD -> main
2026-10-01T00:49:11-10:00job:security_camera_frame_grab RUN  bash "/home/rootrecord/RootRecord-Ecosystem/1 - Servers/1 - RootRecord-Pacific-Solar-Server/Security/Cameras/grab_all.sh"
2026-10-01T00:49:29-10:00job:security_camera_frame_grab | 00:49:11  📷  a-eyes  ch1 → ch1-20261001T104911Z.jpg  (282.1 KB, 4.47s)
2026-10-01T00:49:29-10:00job:security_camera_frame_grab | 00:49:15  📷  a-eyes  ch2 → ch2-20261001T104915Z.jpg  (150.5 KB, 4.47s)
2026-10-01T00:49:29-10:00job:security_camera_frame_grab | 00:49:20  📷  a-eyes  ch3 → ch3-20261001T104920Z.jpg  (329.9 KB, 4.53s)
2026-10-01T00:49:29-10:00job:security_camera_frame_grab | 00:49:24  📷  a-eyes  ch4 → ch4-20261001T104924Z.jpg  (308.8 KB, 4.41s)
2026-10-01T00:49:29-10:00job:service_supervisor RUN  bash "/home/rootrecord/RootRecord-Ecosystem/1 - Servers/1 - RootRecord-Pacific-Solar-Server/Automations/scripts/supervise-services.sh"
2026-10-01T00:49:29-10:00job:service_supervisor | [supervisor] weather alive pid=30098 (act)
2026-10-01T00:49:29-10:00job:service_supervisor | [supervisor] relay alive pid=44115 (act)
2026-10-01T00:49:29-10:00ENERGY  status=live  B2=1.0%  B1=68.1%  solar=0 W  ac=43 W  usbc=0 W  src=/home/rootrecord/RootRecord-Ecosystem/2 - RootRecord-Database/Energy  LAP=100%/Full/AC
2026-10-01T00:49:45-10:00  ▸  SUMMARY=river2pro soc=67.81% solar=0W ac_out=49W usbc=23W src=ble db=ok
2026-10-01T00:49:45-10:00job:sys_stats_cycle RUN  bash "/home/rootrecord/RootRecord-Ecosystem/1 - Servers/1 - RootRecord-Pacific-Solar-Server/System/scripts/sys-sample.sh"
2026-10-01T00:49:46-10:00job:sys_stats_cycle | SYSTEM  cpu=13%  load=2.47  mem=61%  src=sqlite
2026-10-01T00:49:46-10:00job:sys_stats_cycle | OK wrote /home/rootrecord/RootRecord-Ecosystem/2 - RootRecord-Database/System/samples/sys-20261001-004945.json
2026-10-01T00:50:47-10:00job:github_sync_all | ↑ [ecosystem] committed 2 local file(s)
2026-10-01T00:50:47-10:00job:github_sync_all | ↓ [ecosystem] fetching origin/main
2026-10-01T00:50:47-10:00job:github_sync_all | From github.com:RootRecord-Software-Solutions/RootRecord-Ecosystem
2026-10-01T00:50:47-10:00job:github_sync_all | * branch              main       -> FETCH_HEAD
2026-10-01T00:50:47-10:00job:github_sync_all | ↑ [ecosystem] local is ahead of GitHub
2026-10-01T00:50:47-10:00job:github_sync_all | To github.com:RootRecord-Software-Solutions/RootRecord-Ecosystem.git
2026-10-01T00:50:47-10:00job:github_sync_all | 45e79d5c..f7a17c2b  HEAD -> main
2026-10-01T00:50:47-10:00job:github_sync_all | branch 'main' set up to track 'origin/main'.
2026-10-01T00:50:47-10:00job:github_sync_all | ↑ [ecosystem] 2 files → RootRecord-Software-Solutions/RootRecord-Ecosystem (main)
2026-10-01T00:50:47-10:00job:github_sync_all | ↑ [pacific] committed 2 local file(s)
2026-10-01T00:50:47-10:00job:github_sync_all | ↓ [pacific] fetching origin/main
2026-10-01T00:50:47-10:00job:github_sync_all | From github.com:RootRecord-Software-Solutions/RootRecord-Pacific-Solar-Server
2026-10-01T00:50:47-10:00job:github_sync_all | * branch            main       -> FETCH_HEAD
2026-10-01T00:50:47-10:00job:github_sync_all | ↑ [pacific] local is ahead of GitHub
2026-10-01T00:50:47-10:00job:github_sync_all | To github.com:RootRecord-Software-Solutions/RootRecord-Pacific-Solar-Server.git
2026-10-01T00:50:47-10:00job:github_sync_all | f180b25..402c117  HEAD -> main
2026-10-01T00:50:47-10:00job:github_sync_all | branch 'main' set up to track 'origin/main'.
2026-10-01T00:50:47-10:00job:github_sync_all | ↑ [pacific] 2 files → RootRecord-Software-Solutions/RootRecord-Pacific-Solar-Server (main)
2026-10-01T00:50:47-10:00job:github_sync_all | ↑ [database] committed 12 local file(s)
2026-10-01T00:50:47-10:00job:github_sync_all | ↓ [database] fetching origin/main
2026-10-01T00:50:47-10:00job:github_sync_all | From github.com:RootRecord-Software-Solutions/RootRecord-Database
2026-10-01T00:50:47-10:00job:github_sync_all | * branch              main       -> FETCH_HEAD
2026-10-01T00:50:47-10:00job:github_sync_all | ↑ [database] local is ahead of GitHub
2026-10-01T00:50:47-10:00job:github_sync_all | To github.com:RootRecord-Software-Solutions/RootRecord-Database.git
2026-10-01T00:50:47-10:00job:github_sync_all | 35c8f711..fe3741da  HEAD -> main
2026-10-01T00:50:47-10:00job:github_sync_all | branch 'main' set up to track 'origin/main'.
2026-10-01T00:50:47-10:00job:github_sync_all | ↑ [database] 12 files → RootRecord-Software-Solutions/RootRecord-Database (main)
2026-10-01T00:50:47-10:00job:github_sync_all | — [library] no local changes
2026-10-01T00:50:47-10:00job:github_sync_all | ↓ [library] fetching origin/main
2026-10-01T00:50:47-10:00job:github_sync_all | From github.com:RootRecord-Software-Solutions/RootRecord-Library
2026-10-01T00:50:47-10:00job:github_sync_all | * branch            main       -> FETCH_HEAD
2026-10-01T00:50:47-10:00job:github_sync_all | — [library] local and GitHub already match
2026-10-01T00:50:47-10:00job:github_sync_all | — [library] nothing to push
2026-10-01T00:50:47-10:00job:github_sync_all | ↑ [website] committed 1 local file(s)
2026-10-01T00:50:47-10:00job:github_sync_all | ↓ [website] fetching origin/main
2026-10-01T00:50:47-10:00job:github_sync_all | From github.com:RootRecord-Software-Solutions/RootRecord-Website
2026-10-01T00:50:47-10:00job:github_sync_all | * branch            main       -> FETCH_HEAD
2026-10-01T00:50:47-10:00job:github_sync_all | ↑ [website] local is ahead of GitHub
2026-10-01T00:50:47-10:00job:github_sync_all | To github.com:RootRecord-Software-Solutions/RootRecord-Website.git
2026-10-01T00:50:47-10:00job:github_sync_all | ff3dacb..03d2a9d  HEAD -> main
2026-10-01T00:50:47-10:00job:worklog_scan RUN  bash "/home/rootrecord/RootRecord-Ecosystem/1 - Servers/1 - RootRecord-Pacific-Solar-Server/Reports/scripts/worklog_once.sh"
2026-10-01T00:50:55-10:00job:worklog_scan | OK wrote/updated /home/rootrecord/RootRecord-Ecosystem/2 - RootRecord-Database/Worklog/worklog_current.md
2026-10-01T00:50:55-10:00job:status_snapshot RUN  nice -n 10 python3 "/home/rootrecord/RootRecord-Ecosystem/1 - Servers/1 - RootRecord-Pacific-Solar-Server/Website/scripts/live_data_pages.py"
2026-10-01T00:50:55-10:00job:status_snapshot | live-data 5 pages
2026-10-01T00:50:55-10:00ENERGY  status=live  B2=1.0%  B1=67.8%  solar=0 W  ac=43 W  usbc=0 W  src=/home/rootrecord/RootRecord-Ecosystem/2 - RootRecord-Database/Energy  LAP=100%/Full/AC
2026-10-01T00:51:10-10:00  ▸  SUMMARY=river2pro soc=67.5% solar=0W ac_out=52W usbc=23W src=ble db=ok
2026-10-01T00:51:10-10:00job:sys_stats_cycle RUN  bash "/home/rootrecord/RootRecord-Ecosystem/1 - Servers/1 - RootRecord-Pacific-Solar-Server/System/scripts/sys-sample.sh"
2026-10-01T00:51:12-10:00job:sys_stats_cycle | SYSTEM  cpu=8%  load=1.36  mem=60%  src=sqlite
2026-10-01T00:51:12-10:00job:sys_stats_cycle | OK wrote /home/rootrecord/RootRecord-Ecosystem/2 - RootRecord-Database/System/samples/sys-20261001-005111.json
2026-10-01T00:52:26-10:00job:github_sync_all | ↑ [ecosystem] committed 23 local file(s)
2026-10-01T00:52:26-10:00job:github_sync_all | ↓ [ecosystem] fetching origin/main
2026-10-01T00:52:26-10:00job:github_sync_all | From github.com:RootRecord-Software-Solutions/RootRecord-Ecosystem
2026-10-01T00:52:26-10:00job:github_sync_all | * branch              main       -> FETCH_HEAD
2026-10-01T00:52:26-10:00job:github_sync_all | ↑ [ecosystem] local is ahead of GitHub
2026-10-01T00:52:26-10:00job:github_sync_all | To github.com:RootRecord-Software-Solutions/RootRecord-Ecosystem.git
2026-10-01T00:52:26-10:00job:github_sync_all | f7a17c2b..3e015460  HEAD -> main
2026-10-01T00:52:26-10:00job:github_sync_all | branch 'main' set up to track 'origin/main'.
2026-10-01T00:52:26-10:00job:github_sync_all | ↑ [ecosystem] 23 files → RootRecord-Software-Solutions/RootRecord-Ecosystem (main)
2026-10-01T00:52:26-10:00job:github_sync_all | ↑ [pacific] committed 19 local file(s)
2026-10-01T00:52:26-10:00job:github_sync_all | ↓ [pacific] fetching origin/main
2026-10-01T00:52:26-10:00job:github_sync_all | From github.com:RootRecord-Software-Solutions/RootRecord-Pacific-Solar-Server
2026-10-01T00:52:26-10:00job:github_sync_all | * branch            main       -> FETCH_HEAD
2026-10-01T00:52:26-10:00job:github_sync_all | ↑ [pacific] local is ahead of GitHub
2026-10-01T00:52:26-10:00job:github_sync_all | To github.com:RootRecord-Software-Solutions/RootRecord-Pacific-Solar-Server.git
2026-10-01T00:52:26-10:00job:github_sync_all | 402c117..05df17c  HEAD -> main
2026-10-01T00:52:26-10:00job:github_sync_all | branch 'main' set up to track 'origin/main'.
2026-10-01T00:52:26-10:00job:github_sync_all | ↑ [pacific] 19 files → RootRecord-Software-Solutions/RootRecord-Pacific-Solar-Server (main)
2026-10-01T00:52:26-10:00job:github_sync_all | ↑ [database] committed 21 local file(s)
2026-10-01T00:52:26-10:00job:github_sync_all | ↓ [database] fetching origin/main
2026-10-01T00:52:26-10:00job:github_sync_all | From github.com:RootRecord-Software-Solutions/RootRecord-Database
2026-10-01T00:52:26-10:00job:github_sync_all | * branch              main       -> FETCH_HEAD
2026-10-01T00:52:26-10:00job:github_sync_all | ↑ [database] local is ahead of GitHub
2026-10-01T00:52:26-10:00job:github_sync_all | To github.com:RootRecord-Software-Solutions/RootRecord-Database.git
2026-10-01T00:52:26-10:00job:github_sync_all | fe3741da..ad7def8f  HEAD -> main
2026-10-01T00:52:26-10:00job:github_sync_all | branch 'main' set up to track 'origin/main'.
2026-10-01T00:52:26-10:00job:github_sync_all | ↑ [database] 21 files → RootRecord-Software-Solutions/RootRecord-Database (main)
2026-10-01T00:52:26-10:00job:github_sync_all | — [library] no local changes
2026-10-01T00:52:26-10:00job:github_sync_all | ↓ [library] fetching origin/main
2026-10-01T00:52:26-10:00job:github_sync_all | From github.com:RootRecord-Software-Solutions/RootRecord-Library
2026-10-01T00:52:26-10:00job:github_sync_all | * branch            main       -> FETCH_HEAD
2026-10-01T00:52:26-10:00job:github_sync_all | — [library] local and GitHub already match
2026-10-01T00:52:26-10:00job:github_sync_all | — [library] nothing to push
2026-10-01T00:52:26-10:00job:github_sync_all | ↑ [website] committed 17 local file(s)
2026-10-01T00:52:26-10:00job:github_sync_all | ↓ [website] fetching origin/main
2026-10-01T00:52:26-10:00job:github_sync_all | From github.com:RootRecord-Software-Solutions/RootRecord-Website
2026-10-01T00:52:26-10:00job:github_sync_all | * branch            main       -> FETCH_HEAD
2026-10-01T00:52:26-10:00job:github_sync_all | ↑ [website] local is ahead of GitHub
2026-10-01T00:52:26-10:00job:github_sync_all | To github.com:RootRecord-Software-Solutions/RootRecord-Website.git
2026-10-01T00:52:26-10:00job:github_sync_all | 03d2a9d..89c891a  HEAD -> main
2026-10-01T00:52:26-10:00job:security_camera_frame_grab RUN  bash "/home/rootrecord/RootRecord-Ecosystem/1 - Servers/1 - RootRecord-Pacific-Solar-Server/Security/Cameras/grab_all.sh"
2026-10-01T00:52:44-10:00job:security_camera_frame_grab | 00:52:26  📷  a-eyes  ch1 → ch1-20261001T105226Z.jpg  (280.6 KB, 4.50s)
2026-10-01T00:52:44-10:00job:security_camera_frame_grab | 00:52:31  📷  a-eyes  ch2 → ch2-20261001T105231Z.jpg  (146.6 KB, 4.35s)
2026-10-01T00:52:44-10:00job:security_camera_frame_grab | 00:52:35  📷  a-eyes  ch3 → ch3-20261001T105235Z.jpg  (321.8 KB, 4.30s)
2026-10-01T00:52:44-10:00job:security_camera_frame_grab | 00:52:39  📷  a-eyes  ch4 → ch4-20261001T105239Z.jpg  (311.5 KB, 4.46s)
2026-10-01T00:52:44-10:00ENERGY  status=live  B2=1.0%  B1=67.5%  solar=0 W  ac=43 W  usbc=0 W  src=/home/rootrecord/RootRecord-Ecosystem/2 - RootRecord-Database/Energy  LAP=100%/Full/AC
2026-10-01T00:52:56-10:00  ✗  ecoflow_read_cycle  WAITING
2026-10-01T00:52:56-10:00job:sys_stats_cycle RUN  bash "/home/rootrecord/RootRecord-Ecosystem/1 - Servers/1 - RootRecord-Pacific-Solar-Server/System/scripts/sys-sample.sh"
2026-10-01T00:52:57-10:00job:sys_stats_cycle | SYSTEM  cpu=5%  load=0.50  mem=60%  src=sqlite
2026-10-01T00:52:57-10:00job:sys_stats_cycle | OK wrote /home/rootrecord/RootRecord-Ecosystem/2 - RootRecord-Database/System/samples/sys-20261001-005256.json
2026-10-01T00:53:57-10:00job:github_sync_all | — [ecosystem] no committable local changes
2026-10-01T00:53:57-10:00job:github_sync_all | ↓ [ecosystem] fetching origin/main
2026-10-01T00:53:57-10:00job:github_sync_all | From github.com:RootRecord-Software-Solutions/RootRecord-Ecosystem
2026-10-01T00:53:57-10:00job:github_sync_all | * branch              main       -> FETCH_HEAD
2026-10-01T00:53:57-10:00job:github_sync_all | — [ecosystem] local and GitHub already match
2026-10-01T00:53:57-10:00job:github_sync_all | — [ecosystem] nothing to push
2026-10-01T00:53:57-10:00job:github_sync_all | ↑ [pacific] committed 1 local file(s)
2026-10-01T00:53:57-10:00job:github_sync_all | ↓ [pacific] fetching origin/main
2026-10-01T00:53:57-10:00job:github_sync_all | From github.com:RootRecord-Software-Solutions/RootRecord-Pacific-Solar-Server
2026-10-01T00:53:57-10:00job:github_sync_all | * branch            main       -> FETCH_HEAD
2026-10-01T00:53:57-10:00job:github_sync_all | ↑ [pacific] local is ahead of GitHub
2026-10-01T00:53:57-10:00job:github_sync_all | To github.com:RootRecord-Software-Solutions/RootRecord-Pacific-Solar-Server.git
2026-10-01T00:53:57-10:00job:github_sync_all | 05df17c..da5ba3f  HEAD -> main
2026-10-01T00:53:57-10:00job:github_sync_all | branch 'main' set up to track 'origin/main'.
2026-10-01T00:53:57-10:00job:github_sync_all | ↑ [pacific] 1 files → RootRecord-Software-Solutions/RootRecord-Pacific-Solar-Server (main)
2026-10-01T00:53:57-10:00job:github_sync_all | ↑ [database] committed 9 local file(s)
2026-10-01T00:53:57-10:00job:github_sync_all | ↓ [database] fetching origin/main
2026-10-01T00:53:57-10:00job:github_sync_all | From github.com:RootRecord-Software-Solutions/RootRecord-Database
2026-10-01T00:53:57-10:00job:github_sync_all | * branch              main       -> FETCH_HEAD
2026-10-01T00:53:57-10:00job:github_sync_all | ↑ [database] local is ahead of GitHub
2026-10-01T00:53:57-10:00job:github_sync_all | To github.com:RootRecord-Software-Solutions/RootRecord-Database.git
2026-10-01T00:53:57-10:00job:github_sync_all | ad7def8f..09bbc48d  HEAD -> main
2026-10-01T00:53:57-10:00job:github_sync_all | branch 'main' set up to track 'origin/main'.
2026-10-01T00:53:57-10:00job:github_sync_all | ↑ [database] 9 files → RootRecord-Software-Solutions/RootRecord-Database (main)
2026-10-01T00:53:57-10:00job:github_sync_all | — [library] no local changes
2026-10-01T00:53:57-10:00job:github_sync_all | ↓ [library] fetching origin/main
2026-10-01T00:53:57-10:00job:github_sync_all | From github.com:RootRecord-Software-Solutions/RootRecord-Library
2026-10-01T00:53:57-10:00job:github_sync_all | * branch            main       -> FETCH_HEAD
2026-10-01T00:53:57-10:00job:github_sync_all | — [library] local and GitHub already match
2026-10-01T00:53:57-10:00job:github_sync_all | — [library] nothing to push
2026-10-01T00:53:57-10:00job:github_sync_all | ↑ [website] committed 3 local file(s)
2026-10-01T00:53:57-10:00job:github_sync_all | ↓ [website] fetching origin/main
2026-10-01T00:53:57-10:00job:github_sync_all | From github.com:RootRecord-Software-Solutions/RootRecord-Website
2026-10-01T00:53:57-10:00job:github_sync_all | * branch            main       -> FETCH_HEAD
2026-10-01T00:53:57-10:00job:github_sync_all | ↑ [website] local is ahead of GitHub
2026-10-01T00:53:57-10:00job:github_sync_all | To github.com:RootRecord-Software-Solutions/RootRecord-Website.git
2026-10-01T00:53:57-10:00job:github_sync_all | 89c891a..7067a22  HEAD -> main
2026-10-01T00:53:57-10:00job:github_sync_all | branch 'main' set up to track 'origin/main'.
2026-10-01T00:53:57-10:00job:github_sync_all | ↑ [website] 3 files → RootRecord-Software-Solutions/RootRecord-Website (main)
2026-10-01T00:53:57-10:00job:github_sync_all | ↑ [website-personal] committed 3 local file(s)
2026-10-01T00:53:57-10:00job:worklog_scan RUN  bash "/home/rootrecord/RootRecord-Ecosystem/1 - Servers/1 - RootRecord-Pacific-Solar-Server/Reports/scripts/worklog_once.sh"
2026-10-01T00:54:09-10:00job:worklog_scan | OK wrote/updated /home/rootrecord/RootRecord-Ecosystem/2 - RootRecord-Database/Worklog/worklog_current.md
2026-10-01T00:54:09-10:00job:status_snapshot RUN  nice -n 10 python3 "/home/rootrecord/RootRecord-Ecosystem/1 - Servers/1 - RootRecord-Pacific-Solar-Server/Website/scripts/live_data_pages.py"
2026-10-01T00:54:09-10:00job:status_snapshot | live-data 5 pages
2026-10-01T00:54:10-10:00ENERGY  status=live  B2=1.0%  B1=67.5%  solar=0 W  ac=43 W  usbc=0 W  src=/home/rootrecord/RootRecord-Ecosystem/2 - RootRecord-Database/Energy  LAP=100%/Full/AC
2026-10-01T00:54:20-10:00  ✗  ecoflow_read_cycle  WAITING
2026-10-01T00:54:20-10:00job:sys_stats_cycle RUN  bash "/home/rootrecord/RootRecord-Ecosystem/1 - Servers/1 - RootRecord-Pacific-Solar-Server/System/scripts/sys-sample.sh"
2026-10-01T00:54:22-10:00job:sys_stats_cycle | SYSTEM  cpu=16%  load=2.01  mem=60%  src=sqlite
2026-10-01T00:54:22-10:00job:sys_stats_cycle | OK wrote /home/rootrecord/RootRecord-Ecosystem/2 - RootRecord-Database/System/samples/sys-20261001-005421.json
2026-10-01T00:55:20-10:00job:github_sync_all | ↑ [ecosystem] committed 9 local file(s)
2026-10-01T00:55:20-10:00job:github_sync_all | ↓ [ecosystem] fetching origin/main
2026-10-01T00:55:20-10:00job:github_sync_all | From github.com:RootRecord-Software-Solutions/RootRecord-Ecosystem
2026-10-01T00:55:20-10:00job:github_sync_all | * branch              main       -> FETCH_HEAD
2026-10-01T00:55:20-10:00job:github_sync_all | ↑ [ecosystem] local is ahead of GitHub
2026-10-01T00:55:20-10:00job:github_sync_all | To github.com:RootRecord-Software-Solutions/RootRecord-Ecosystem.git
2026-10-01T00:55:20-10:00job:github_sync_all | 3e015460..ec0c83fc  HEAD -> main
2026-10-01T00:55:20-10:00job:github_sync_all | branch 'main' set up to track 'origin/main'.
2026-10-01T00:55:20-10:00job:github_sync_all | ↑ [ecosystem] 9 files → RootRecord-Software-Solutions/RootRecord-Ecosystem (main)
2026-10-01T00:55:20-10:00job:github_sync_all | ↑ [pacific] committed 5 local file(s)
2026-10-01T00:55:20-10:00job:github_sync_all | ↓ [pacific] fetching origin/main
2026-10-01T00:55:20-10:00job:github_sync_all | From github.com:RootRecord-Software-Solutions/RootRecord-Pacific-Solar-Server
2026-10-01T00:55:20-10:00job:github_sync_all | * branch            main       -> FETCH_HEAD
2026-10-01T00:55:20-10:00job:github_sync_all | ↑ [pacific] local is ahead of GitHub
2026-10-01T00:55:20-10:00job:github_sync_all | To github.com:RootRecord-Software-Solutions/RootRecord-Pacific-Solar-Server.git
2026-10-01T00:55:20-10:00job:github_sync_all | da5ba3f..53a82a2  HEAD -> main
2026-10-01T00:55:20-10:00job:github_sync_all | branch 'main' set up to track 'origin/main'.
2026-10-01T00:55:20-10:00job:github_sync_all | ↑ [pacific] 5 files → RootRecord-Software-Solutions/RootRecord-Pacific-Solar-Server (main)
2026-10-01T00:55:20-10:00job:github_sync_all | ↑ [database] committed 16 local file(s)
2026-10-01T00:55:20-10:00job:github_sync_all | ↓ [database] fetching origin/main
2026-10-01T00:55:20-10:00job:github_sync_all | From github.com:RootRecord-Software-Solutions/RootRecord-Database
2026-10-01T00:55:20-10:00job:github_sync_all | * branch              main       -> FETCH_HEAD
2026-10-01T00:55:20-10:00job:github_sync_all | ↑ [database] local is ahead of GitHub
2026-10-01T00:55:20-10:00job:github_sync_all | To github.com:RootRecord-Software-Solutions/RootRecord-Database.git
2026-10-01T00:55:20-10:00job:github_sync_all | 09bbc48d..39a0d26d  HEAD -> main
2026-10-01T00:55:20-10:00job:github_sync_all | branch 'main' set up to track 'origin/main'.
2026-10-01T00:55:20-10:00job:github_sync_all | ↑ [database] 16 files → RootRecord-Software-Solutions/RootRecord-Database (main)
2026-10-01T00:55:20-10:00job:github_sync_all | — [library] no local changes
2026-10-01T00:55:20-10:00job:github_sync_all | ↓ [library] fetching origin/main
2026-10-01T00:55:20-10:00job:github_sync_all | From github.com:RootRecord-Software-Solutions/RootRecord-Library
2026-10-01T00:55:20-10:00job:github_sync_all | * branch            main       -> FETCH_HEAD
2026-10-01T00:55:20-10:00job:github_sync_all | — [library] local and GitHub already match
2026-10-01T00:55:20-10:00job:github_sync_all | — [library] nothing to push
2026-10-01T00:55:20-10:00job:github_sync_all | — [website] no local changes
2026-10-01T00:55:20-10:00job:github_sync_all | ↓ [website] fetching origin/main
2026-10-01T00:55:20-10:00job:github_sync_all | From github.com:RootRecord-Software-Solutions/RootRecord-Website
2026-10-01T00:55:20-10:00job:github_sync_all | * branch            main       -> FETCH_HEAD
2026-10-01T00:55:20-10:00job:github_sync_all | — [website] local and GitHub already match
2026-10-01T00:55:20-10:00job:github_sync_all | — [website] nothing to push
2026-10-01T00:55:20-10:00job:github_sync_all | — [website-personal] no local changes
2026-10-01T00:55:20-10:00job:security_camera_frame_grab RUN  bash "/home/rootrecord/RootRecord-Ecosystem/1 - Servers/1 - RootRecord-Pacific-Solar-Server/Security/Cameras/grab_all.sh"
2026-10-01T00:55:38-10:00job:security_camera_frame_grab | 00:55:20  📷  a-eyes  ch1 → ch1-20261001T105520Z.jpg  (280.1 KB, 4.48s)
2026-10-01T00:55:38-10:00job:security_camera_frame_grab | 00:55:25  📷  a-eyes  ch2 → ch2-20261001T105525Z.jpg  (143.0 KB, 4.38s)
2026-10-01T00:55:38-10:00job:security_camera_frame_grab | 00:55:29  📷  a-eyes  ch3 → ch3-20261001T105529Z.jpg  (330.9 KB, 4.42s)
2026-10-01T00:55:38-10:00job:security_camera_frame_grab | 00:55:34  📷  a-eyes  ch4 → ch4-20261001T105534Z.jpg  (293.8 KB, 4.42s)
2026-10-01T00:55:38-10:00job:geology_collect RUN  nice -n 10 python3 "/home/rootrecord/RootRecord-Ecosystem/1 - Servers/1 - RootRecord-Pacific-Solar-Server/Geology/scripts/geology_collect.py" all
2026-10-01T00:55:47-10:00job:geology_collect | {"ok": true, "at": "2026-10-01T00:55:38-10:00", "what": "all", "dry_run": false, "sources": {"hawaii": {"ok": true, "count": 42, "new": 1, "new_m2": 0, "ms": 744}, "global": {"ok": true, "count": 36, "new": 0, "ms": 283}, "hvo_notices": {"ok": true, "count": 44, "new": 0, "ms": 5004}, "hvo_status": {"ok": true, "volcanoes": 8, "kilauea": "WATCH", "mauna_loa": "NORMAL", "ms": 2695}}}
2026-10-01T00:55:47-10:00job:system_net_sample RUN  nice -n 10 python3 "/home/rootrecord/RootRecord-Ecosystem/1 - Servers/1 - RootRecord-Pacific-Solar-Server/System/scripts/host_desks.py" net-sample
2026-10-01T00:55:47-10:00job:system_net_sample | {"ok": true, "file": "/home/rootrecord/RootRecord-Ecosystem/2 - RootRecord-Database/System/network/Daily/net-20261001.jsonl", "iface": "wlo1", "hour": {"seconds": 3695, "rx": 1904378003, "tx": 61920668, "total": 1966298671, "iface": "wlo1", "link": "wireless"}, "day": null}
2026-10-01T00:55:47-10:00job:discord_report_relay RUN  nice -n 10 python3 "/home/rootrecord/RootRecord-Ecosystem/1 - Servers/1 - RootRecord-Pacific-Solar-Server/Communications/Discord/scripts/report_relay.py"
2026-10-01T00:55:47-10:00job:discord_report_relay | same
2026-10-01T00:55:48-10:00ENERGY  status=live  B2=1.0%  B1=67.5%  solar=0 W  ac=43 W  usbc=0 W  src=/home/rootrecord/RootRecord-Ecosystem/2 - RootRecord-Database/Energy  LAP=100%/Full/AC
2026-10-01T00:56:03-10:00  ▸  SUMMARY=river2pro soc=66.46% solar=0W ac_out=47W usbc=23W src=ble db=ok
2026-10-01T00:56:03-10:00job:sys_stats_cycle RUN  bash "/home/rootrecord/RootRecord-Ecosystem/1 - Servers/1 - RootRecord-Pacific-Solar-Server/System/scripts/sys-sample.sh"
2026-10-01T00:56:05-10:00job:sys_stats_cycle | SYSTEM  cpu=11%  load=1.99  mem=60%  src=sqlite
2026-10-01T00:56:05-10:00job:sys_stats_cycle | OK wrote /home/rootrecord/RootRecord-Ecosystem/2 - RootRecord-Database/System/samples/sys-20261001-005604.json
2026-10-01T00:57:07-10:00job:github_sync_all | ↑ [ecosystem] committed 26 local file(s)
2026-10-01T00:57:07-10:00job:github_sync_all | ↓ [ecosystem] fetching origin/main
2026-10-01T00:57:07-10:00job:github_sync_all | From github.com:RootRecord-Software-Solutions/RootRecord-Ecosystem
2026-10-01T00:57:07-10:00job:github_sync_all | * branch              main       -> FETCH_HEAD
2026-10-01T00:57:07-10:00job:github_sync_all | ↑ [ecosystem] local is ahead of GitHub
2026-10-01T00:57:07-10:00job:github_sync_all | To github.com:RootRecord-Software-Solutions/RootRecord-Ecosystem.git
2026-10-01T00:57:07-10:00job:github_sync_all | ec0c83fc..9ea1876f  HEAD -> main
2026-10-01T00:57:07-10:00job:github_sync_all | branch 'main' set up to track 'origin/main'.
2026-10-01T00:57:07-10:00job:github_sync_all | ↑ [ecosystem] 26 files → RootRecord-Software-Solutions/RootRecord-Ecosystem (main)
2026-10-01T00:57:07-10:00job:github_sync_all | ↑ [pacific] committed 18 local file(s)
2026-10-01T00:57:07-10:00job:github_sync_all | ↓ [pacific] fetching origin/main
2026-10-01T00:57:07-10:00job:github_sync_all | From github.com:RootRecord-Software-Solutions/RootRecord-Pacific-Solar-Server
2026-10-01T00:57:07-10:00job:github_sync_all | * branch            main       -> FETCH_HEAD
2026-10-01T00:57:07-10:00job:github_sync_all | ↑ [pacific] local is ahead of GitHub
2026-10-01T00:57:07-10:00job:github_sync_all | To github.com:RootRecord-Software-Solutions/RootRecord-Pacific-Solar-Server.git
2026-10-01T00:57:07-10:00job:github_sync_all | 53a82a2..6679e07  HEAD -> main
2026-10-01T00:57:07-10:00job:github_sync_all | branch 'main' set up to track 'origin/main'.
2026-10-01T00:57:07-10:00job:github_sync_all | ↑ [pacific] 18 files → RootRecord-Software-Solutions/RootRecord-Pacific-Solar-Server (main)
2026-10-01T00:57:07-10:00job:github_sync_all | ↑ [database] committed 21 local file(s)
2026-10-01T00:57:07-10:00job:github_sync_all | ↓ [database] fetching origin/main
2026-10-01T00:57:07-10:00job:github_sync_all | From github.com:RootRecord-Software-Solutions/RootRecord-Database
2026-10-01T00:57:07-10:00job:github_sync_all | * branch              main       -> FETCH_HEAD
2026-10-01T00:57:07-10:00job:github_sync_all | ↑ [database] local is ahead of GitHub
2026-10-01T00:57:07-10:00job:github_sync_all | To github.com:RootRecord-Software-Solutions/RootRecord-Database.git
2026-10-01T00:57:07-10:00job:github_sync_all | 39a0d26d..f74cdf15  HEAD -> main
2026-10-01T00:57:07-10:00job:github_sync_all | branch 'main' set up to track 'origin/main'.
2026-10-01T00:57:07-10:00job:github_sync_all | ↑ [database] 21 files → RootRecord-Software-Solutions/RootRecord-Database (main)
2026-10-01T00:57:07-10:00job:github_sync_all | — [library] no local changes
2026-10-01T00:57:07-10:00job:github_sync_all | ↓ [library] fetching origin/main
2026-10-01T00:57:07-10:00job:github_sync_all | From github.com:RootRecord-Software-Solutions/RootRecord-Library
2026-10-01T00:57:07-10:00job:github_sync_all | * branch            main       -> FETCH_HEAD
2026-10-01T00:57:07-10:00job:github_sync_all | — [library] local and GitHub already match
2026-10-01T00:57:07-10:00job:github_sync_all | — [library] nothing to push
2026-10-01T00:57:07-10:00job:github_sync_all | ↑ [website] committed 17 local file(s)
2026-10-01T00:57:07-10:00job:github_sync_all | ↓ [website] fetching origin/main
2026-10-01T00:57:07-10:00job:github_sync_all | From github.com:RootRecord-Software-Solutions/RootRecord-Website
2026-10-01T00:57:07-10:00job:github_sync_all | * branch            main       -> FETCH_HEAD
2026-10-01T00:57:07-10:00job:github_sync_all | ↑ [website] local is ahead of GitHub
2026-10-01T00:57:07-10:00job:github_sync_all | To github.com:RootRecord-Software-Solutions/RootRecord-Website.git
2026-10-01T00:57:07-10:00job:github_sync_all | 7067a22..92d05d8  HEAD -> main
2026-10-01T00:57:07-10:00job:worklog_scan RUN  bash "/home/rootrecord/RootRecord-Ecosystem/1 - Servers/1 - RootRecord-Pacific-Solar-Server/Reports/scripts/worklog_once.sh"
2026-10-01T00:57:12-10:00job:worklog_scan | OK wrote/updated /home/rootrecord/RootRecord-Ecosystem/2 - RootRecord-Database/Worklog/worklog_current.md
2026-10-01T00:57:12-10:00job:security_camera_frame_grab RUN  bash "/home/rootrecord/RootRecord-Ecosystem/1 - Servers/1 - RootRecord-Pacific-Solar-Server/Security/Cameras/grab_all.sh"
2026-10-01T00:57:30-10:00job:security_camera_frame_grab | 00:57:12  📷  a-eyes  ch1 → ch1-20261001T105712Z.jpg  (278.2 KB, 4.46s)
2026-10-01T00:57:30-10:00job:security_camera_frame_grab | 00:57:17  📷  a-eyes  ch2 → ch2-20261001T105717Z.jpg  (147.8 KB, 4.38s)
2026-10-01T00:57:30-10:00job:security_camera_frame_grab | 00:57:21  📷  a-eyes  ch3 → ch3-20261001T105721Z.jpg  (330.4 KB, 4.35s)
2026-10-01T00:57:30-10:00job:security_camera_frame_grab | 00:57:25  📷  a-eyes  ch4 → ch4-20261001T105725Z.jpg  (323.2 KB, 4.56s)
2026-10-01T00:57:30-10:00job:service_supervisor RUN  bash "/home/rootrecord/RootRecord-Ecosystem/1 - Servers/1 - RootRecord-Pacific-Solar-Server/Automations/scripts/supervise-services.sh"
2026-10-01T00:57:30-10:00job:service_supervisor | [supervisor] weather alive pid=30098 (act)
2026-10-01T00:57:30-10:00job:service_supervisor | [supervisor] relay alive pid=44115 (act)
2026-10-01T00:57:30-10:00job:status_snapshot RUN  nice -n 10 python3 "/home/rootrecord/RootRecord-Ecosystem/1 - Servers/1 - RootRecord-Pacific-Solar-Server/Website/scripts/live_data_pages.py"
2026-10-01T00:57:30-10:00job:status_snapshot | live-data 5 pages
2026-10-01T00:57:31-10:00ENERGY  status=live  B2=1.0%  B1=66.5%  solar=0 W  ac=43 W  usbc=0 W  src=/home/rootrecord/RootRecord-Ecosystem/2 - RootRecord-Database/Energy  LAP=100%/Full/AC
2026-10-01T00:57:43-10:00  ✗  ecoflow_read_cycle  WAITING
2026-10-01T00:57:43-10:00job:sys_stats_cycle RUN  bash "/home/rootrecord/RootRecord-Ecosystem/1 - Servers/1 - RootRecord-Pacific-Solar-Server/System/scripts/sys-sample.sh"
2026-10-01T00:57:44-10:00job:sys_stats_cycle | SYSTEM  cpu=31%  load=1.93  mem=62%  src=sqlite
2026-10-01T00:57:44-10:00job:sys_stats_cycle | OK wrote /home/rootrecord/RootRecord-Ecosystem/2 - RootRecord-Database/System/samples/sys-20261001-005743.json
2026-10-01T00:58:37-10:00job:github_sync_all | ↑ [ecosystem] committed 6 local file(s)
2026-10-01T00:58:37-10:00job:github_sync_all | ↓ [ecosystem] fetching origin/main
2026-10-01T00:58:37-10:00job:github_sync_all | From github.com:RootRecord-Software-Solutions/RootRecord-Ecosystem
2026-10-01T00:58:37-10:00job:github_sync_all | * branch              main       -> FETCH_HEAD
2026-10-01T00:58:37-10:00job:github_sync_all | ↑ [ecosystem] local is ahead of GitHub
2026-10-01T00:58:37-10:00job:github_sync_all | To github.com:RootRecord-Software-Solutions/RootRecord-Ecosystem.git
2026-10-01T00:58:37-10:00job:github_sync_all | 9ea1876f..e2247a54  HEAD -> main
2026-10-01T00:58:37-10:00job:github_sync_all | branch 'main' set up to track 'origin/main'.
2026-10-01T00:58:37-10:00job:github_sync_all | ↑ [ecosystem] 6 files → RootRecord-Software-Solutions/RootRecord-Ecosystem (main)
2026-10-01T00:58:37-10:00job:github_sync_all | ↑ [pacific] committed 2 local file(s)
2026-10-01T00:58:37-10:00job:github_sync_all | ↓ [pacific] fetching origin/main
2026-10-01T00:58:37-10:00job:github_sync_all | From github.com:RootRecord-Software-Solutions/RootRecord-Pacific-Solar-Server
2026-10-01T00:58:37-10:00job:github_sync_all | * branch            main       -> FETCH_HEAD
2026-10-01T00:58:37-10:00job:github_sync_all | ↑ [pacific] local is ahead of GitHub
2026-10-01T00:58:37-10:00job:github_sync_all | To github.com:RootRecord-Software-Solutions/RootRecord-Pacific-Solar-Server.git
2026-10-01T00:58:37-10:00job:github_sync_all | 6679e07..1c88d0d  HEAD -> main
2026-10-01T00:58:37-10:00job:github_sync_all | branch 'main' set up to track 'origin/main'.
2026-10-01T00:58:37-10:00job:github_sync_all | ↑ [pacific] 2 files → RootRecord-Software-Solutions/RootRecord-Pacific-Solar-Server (main)
2026-10-01T00:58:37-10:00job:github_sync_all | ↑ [database] committed 16 local file(s)
2026-10-01T00:58:37-10:00job:github_sync_all | ↓ [database] fetching origin/main
2026-10-01T00:58:37-10:00job:github_sync_all | From github.com:RootRecord-Software-Solutions/RootRecord-Database
2026-10-01T00:58:37-10:00job:github_sync_all | * branch              main       -> FETCH_HEAD
2026-10-01T00:58:37-10:00job:github_sync_all | ↑ [database] local is ahead of GitHub
2026-10-01T00:58:37-10:00job:github_sync_all | To github.com:RootRecord-Software-Solutions/RootRecord-Database.git
2026-10-01T00:58:37-10:00job:github_sync_all | f74cdf15..12070bf0  HEAD -> main
2026-10-01T00:58:37-10:00job:github_sync_all | branch 'main' set up to track 'origin/main'.
2026-10-01T00:58:37-10:00job:github_sync_all | ↑ [database] 16 files → RootRecord-Software-Solutions/RootRecord-Database (main)
2026-10-01T00:58:37-10:00job:github_sync_all | — [library] no local changes
2026-10-01T00:58:37-10:00job:github_sync_all | ↓ [library] fetching origin/main
2026-10-01T00:58:37-10:00job:github_sync_all | From github.com:RootRecord-Software-Solutions/RootRecord-Library
2026-10-01T00:58:37-10:00job:github_sync_all | * branch            main       -> FETCH_HEAD
2026-10-01T00:58:37-10:00job:github_sync_all | — [library] local and GitHub already match
2026-10-01T00:58:37-10:00job:github_sync_all | — [library] nothing to push
2026-10-01T00:58:37-10:00job:github_sync_all | — [website] no local changes
2026-10-01T00:58:37-10:00job:github_sync_all | ↓ [website] fetching origin/main
2026-10-01T00:58:37-10:00job:github_sync_all | From github.com:RootRecord-Software-Solutions/RootRecord-Website
2026-10-01T00:58:37-10:00job:github_sync_all | * branch            main       -> FETCH_HEAD
2026-10-01T00:58:37-10:00job:github_sync_all | — [website] local and GitHub already match
2026-10-01T00:58:37-10:00job:github_sync_all | — [website] nothing to push
2026-10-01T00:58:37-10:00job:github_sync_all | — [website-personal] no local changes
2026-10-01T00:58:37-10:00ENERGY  status=live  B2=1.0%  B1=66.5%  solar=0 W  ac=43 W  usbc=0 W  src=/home/rootrecord/RootRecord-Ecosystem/2 - RootRecord-Database/Energy  LAP=100%/Full/AC
2026-10-01T00:58:53-10:00  ▸  SUMMARY=river2pro soc=65.86% solar=0W ac_out=41W usbc=26W src=ble db=ok
2026-10-01T00:58:53-10:00job:sys_stats_cycle RUN  bash "/home/rootrecord/RootRecord-Ecosystem/1 - Servers/1 - RootRecord-Pacific-Solar-Server/System/scripts/sys-sample.sh"
2026-10-01T00:58:54-10:00job:sys_stats_cycle | SYSTEM  cpu=22%  load=1.86  mem=63%  src=sqlite
2026-10-01T00:58:54-10:00job:sys_stats_cycle | OK wrote /home/rootrecord/RootRecord-Ecosystem/2 - RootRecord-Database/System/samples/sys-20261001-005853.json
2026-10-01T00:58:54-10:00job:security_camera_frame_grab RUN  bash "/home/rootrecord/RootRecord-Ecosystem/1 - Servers/1 - RootRecord-Pacific-Solar-Server/Security/Cameras/grab_all.sh"
2026-10-01T00:59:12-10:00job:security_camera_frame_grab | 00:58:54  📷  a-eyes  ch1 → ch1-20261001T105854Z.jpg  (282.2 KB, 4.39s)
2026-10-01T00:59:12-10:00job:security_camera_frame_grab | 00:58:59  📷  a-eyes  ch2 → ch2-20261001T105859Z.jpg  (145.1 KB, 4.27s)
2026-10-01T00:59:12-10:00job:security_camera_frame_grab | 00:59:03  📷  a-eyes  ch3 → ch3-20261001T105903Z.jpg  (323.4 KB, 4.47s)
2026-10-01T00:59:12-10:00job:security_camera_frame_grab | 00:59:07  📷  a-eyes  ch4 → ch4-20261001T105907Z.jpg  (301.0 KB, 4.57s)
2026-10-01T00:59:12-10:00job:status_snapshot RUN  nice -n 10 python3 "/home/rootrecord/RootRecord-Ecosystem/1 - Servers/1 - RootRecord-Pacific-Solar-Server/Website/scripts/live_data_pages.py"
2026-10-01T00:59:12-10:00job:status_snapshot | live-data 5 pages
2026-10-01T00:59:23-10:00  ✗  ecoflow_read_cycle  WAITING
2026-10-01T00:59:23-10:00job:sys_stats_cycle RUN  bash "/home/rootrecord/RootRecord-Ecosystem/1 - Servers/1 - RootRecord-Pacific-Solar-Server/System/scripts/sys-sample.sh"
2026-10-01T00:59:24-10:00job:sys_stats_cycle | SYSTEM  cpu=19%  load=2.42  mem=65%  src=sqlite
2026-10-01T00:59:24-10:00job:sys_stats_cycle | OK wrote /home/rootrecord/RootRecord-Ecosystem/2 - RootRecord-Database/System/samples/sys-20261001-005923.json
2026-10-01T01:00:24-10:00job:github_sync_all | ↑ [ecosystem] committed 24 local file(s)
2026-10-01T01:00:24-10:00job:github_sync_all | ↓ [ecosystem] fetching origin/main
2026-10-01T01:00:24-10:00job:github_sync_all | From github.com:RootRecord-Software-Solutions/RootRecord-Ecosystem
2026-10-01T01:00:24-10:00job:github_sync_all | * branch              main       -> FETCH_HEAD
2026-10-01T01:00:24-10:00job:github_sync_all | ↑ [ecosystem] local is ahead of GitHub
2026-10-01T01:00:24-10:00job:github_sync_all | To github.com:RootRecord-Software-Solutions/RootRecord-Ecosystem.git
2026-10-01T01:00:24-10:00job:github_sync_all | e2247a54..92d7d4b2  HEAD -> main
2026-10-01T01:00:24-10:00job:github_sync_all | branch 'main' set up to track 'origin/main'.
2026-10-01T01:00:24-10:00job:github_sync_all | ↑ [ecosystem] 24 files → RootRecord-Software-Solutions/RootRecord-Ecosystem (main)
2026-10-01T01:00:24-10:00job:github_sync_all | ↑ [pacific] committed 20 local file(s)
2026-10-01T01:00:24-10:00job:github_sync_all | ↓ [pacific] fetching origin/main
2026-10-01T01:00:24-10:00job:github_sync_all | From github.com:RootRecord-Software-Solutions/RootRecord-Pacific-Solar-Server
2026-10-01T01:00:24-10:00job:github_sync_all | * branch            main       -> FETCH_HEAD
2026-10-01T01:00:24-10:00job:github_sync_all | ↑ [pacific] local is ahead of GitHub
2026-10-01T01:00:24-10:00job:github_sync_all | To github.com:RootRecord-Software-Solutions/RootRecord-Pacific-Solar-Server.git
2026-10-01T01:00:24-10:00job:github_sync_all | 1c88d0d..e10ee60  HEAD -> main
2026-10-01T01:00:24-10:00job:github_sync_all | branch 'main' set up to track 'origin/main'.
2026-10-01T01:00:24-10:00job:github_sync_all | ↑ [pacific] 20 files → RootRecord-Software-Solutions/RootRecord-Pacific-Solar-Server (main)
2026-10-01T01:00:24-10:00job:github_sync_all | ↑ [database] committed 17 local file(s)
2026-10-01T01:00:24-10:00job:github_sync_all | ↓ [database] fetching origin/main
2026-10-01T01:00:24-10:00job:github_sync_all | From github.com:RootRecord-Software-Solutions/RootRecord-Database
2026-10-01T01:00:24-10:00job:github_sync_all | * branch              main       -> FETCH_HEAD
2026-10-01T01:00:24-10:00job:github_sync_all | ↑ [database] local is ahead of GitHub
2026-10-01T01:00:24-10:00job:github_sync_all | To github.com:RootRecord-Software-Solutions/RootRecord-Database.git
2026-10-01T01:00:24-10:00job:github_sync_all | 12070bf0..65790083  HEAD -> main
2026-10-01T01:00:24-10:00job:github_sync_all | branch 'main' set up to track 'origin/main'.
2026-10-01T01:00:24-10:00job:github_sync_all | ↑ [database] 17 files → RootRecord-Software-Solutions/RootRecord-Database (main)
2026-10-01T01:00:24-10:00job:github_sync_all | — [library] no local changes
2026-10-01T01:00:24-10:00job:github_sync_all | ↓ [library] fetching origin/main
2026-10-01T01:00:24-10:00job:github_sync_all | From github.com:RootRecord-Software-Solutions/RootRecord-Library
2026-10-01T01:00:24-10:00job:github_sync_all | * branch            main       -> FETCH_HEAD
2026-10-01T01:00:24-10:00job:github_sync_all | — [library] local and GitHub already match
2026-10-01T01:00:24-10:00job:github_sync_all | — [library] nothing to push
2026-10-01T01:00:24-10:00job:github_sync_all | ↑ [website] committed 16 local file(s)
2026-10-01T01:00:24-10:00job:github_sync_all | ↓ [website] fetching origin/main
2026-10-01T01:00:24-10:00job:github_sync_all | From github.com:RootRecord-Software-Solutions/RootRecord-Website
2026-10-01T01:00:24-10:00job:github_sync_all | * branch            main       -> FETCH_HEAD
2026-10-01T01:00:24-10:00job:github_sync_all | ↑ [website] local is ahead of GitHub
2026-10-01T01:00:24-10:00job:github_sync_all | To github.com:RootRecord-Software-Solutions/RootRecord-Website.git
2026-10-01T01:00:24-10:00job:github_sync_all | 92d05d8..ed241d0  HEAD -> main
2026-10-01T01:00:24-10:00job:worklog_scan RUN  bash "/home/rootrecord/RootRecord-Ecosystem/1 - Servers/1 - RootRecord-Pacific-Solar-Server/Reports/scripts/worklog_once.sh"
2026-10-01T01:00:32-10:00job:worklog_scan | OK wrote/updated /home/rootrecord/RootRecord-Ecosystem/2 - RootRecord-Database/Worklog/worklog_current.md
2026-10-01T01:00:32-10:00job:voice_system_perf RUN  nice -n 10 python3 "/home/rootrecord/RootRecord-Ecosystem/1 - Servers/1 - RootRecord-Pacific-Solar-Server/Media/Voice/scripts/system_perf.py"
2026-10-01T01:00:55-10:00job:voice_system_perf | {"ok": true, "report": "system_perf", "md": "/home/rootrecord/RootRecord-Ecosystem/test-reports/Voice/system_perf_current.md", "cpu_pct": 23.1, "mem_pct": 63.9, "voice_rc": 0, "voice": {"ok": true, "mode": "stitch", "report": "system_perf", "agent": "bruce", "voice": "am_echo", "speed": 1.0, "wav": "/home/rootrecord/RootRecord-Ecosystem/2 - RootRecord-Database/Media/Audio/Voice/system_perf_current.wav", "clips_used": 0, "live_sentences": 11, "model_loaded": true, "render_s": 16.5, "sample_rate": 24000, "channels": 1, "subtype": "PCM_16", "duration_s": 30.656, "peak_dbfs": -1.5, "rms_dbfs": -20.13, "lead_silence_ms": 114, "qc": "PASS", "wall_s": 16.55, "peak_rss_mb": 1511}, "deliver": {"ok": true, "sent": true, "persona": "bruce", "chat": "-1004367256267", "message_id": 2158, "transcript": false, "report": true, "photo": false, "plan": {"voice": true, "transcript": false, "report": true}}}
2026-10-01T01:00:55-10:00job:voice_energy_report RUN  nice -n 10 python3 "/home/rootrecord/RootRecord-Ecosystem/1 - Servers/1 - RootRecord-Pacific-Solar-Server/Media/Voice/scripts/voice_reports.py" energy_report
2026-10-01T01:02:07-10:00job:voice_energy_report | {"ok": true, "report": "energy_report", "md": "/home/rootrecord/RootRecord-Ecosystem/test-reports/Voice/energy_report_current.md", "sentences": 5, "voice": {"ok": true, "skipped": true, "detail": "blended into the hourly solar desk; this run refreshes the camera look"}}
2026-10-01T01:02:07-10:00job:voice_remaining_tasks RUN  nice -n 10 python3 "/home/rootrecord/RootRecord-Ecosystem/1 - Servers/1 - RootRecord-Pacific-Solar-Server/Media/Voice/scripts/voice_reports.py" remaining_tasks
2026-10-01T01:02:22-10:00job:voice_remaining_tasks | {"ok": true, "report": "remaining_tasks", "md": "/home/rootrecord/RootRecord-Ecosystem/test-reports/Voice/remaining_tasks_current.md", "sentences": 3, "voice": {"ok": true, "mode": "stitch", "report": "remaining_tasks", "agent": "bruce", "voice": "am_echo", "speed": 1.0, "wav": "/home/rootrecord/RootRecord-Ecosystem/2 - RootRecord-Database/Media/Audio/Voice/remaining_tasks_current.wav", "clips_used": 0, "live_sentences": 3, "model_loaded": true, "render_s": 11.02, "sample_rate": 24000, "channels": 1, "subtype": "PCM_16", "duration_s": 9.123, "peak_dbfs": -1.53, "rms_dbfs": -20.09, "lead_silence_ms": 111, "qc": "PASS", "wall_s": 11.2, "peak_rss_mb": 1294, "rc": 0}, "deliver": {"ok": true, "sent": true, "persona": "bruce", "chat": "-1004367256267", "message_id": 2160, "transcript": false, "report": true, "photo": false, "plan": {"voice": true, "transcript": false, "report": true}}}
2026-10-01T01:02:22-10:00job:voice_earthquake_report RUN  nice -n 10 python3 "/home/rootrecord/RootRecord-Ecosystem/1 - Servers/1 - RootRecord-Pacific-Solar-Server/Media/Voice/scripts/voice_reports.py" earthquake_report
2026-10-01T01:02:54-10:00job:voice_earthquake_report | {"ok": true, "report": "earthquake_report", "md": "/home/rootrecord/RootRecord-Ecosystem/test-reports/Voice/earthquake_report_current.md", "sentences": 12, "voice": {"ok": true, "mode": "stitch", "report": "earthquake_report", "agent": "carly", "voice": "af_nova", "speed": 1.0, "wav": "/home/rootrecord/RootRecord-Ecosystem/2 - RootRecord-Database/Media/Audio/Voice/earthquake_report_current.wav", "clips_used": 0, "live_sentences": 11, "model_loaded": true, "render_s": 25.8, "sample_rate": 24000, "channels": 1, "subtype": "PCM_16", "duration_s": 51.68, "peak_dbfs": -1.5, "rms_dbfs": -20.45, "lead_silence_ms": 111, "qc": "PASS", "wall_s": 25.92, "peak_rss_mb": 1625, "rc": 0}, "deliver": {"ok": true, "sent": true, "persona": "carly", "chat": "-1004367256267", "message_id": 2162, "transcript": false, "report": true, "photo": false, "plan": {"voice": true, "transcript": false, "report": true}}}
2026-10-01T01:02:54-10:00job:voice_kilauea_report RUN  nice -n 10 python3 "/home/rootrecord/RootRecord-Ecosystem/1 - Servers/1 - RootRecord-Pacific-Solar-Server/Media/Voice/scripts/voice_reports.py" kilauea_report
2026-10-01T01:03:17-10:00job:voice_kilauea_report | {"ok": true, "report": "kilauea_report", "md": "/home/rootrecord/RootRecord-Ecosystem/test-reports/Voice/kilauea_report_current.md", "sentences": 7, "voice": {"ok": true, "mode": "stitch", "report": "kilauea_report", "agent": "carly", "voice": "af_nova", "speed": 1.0, "wav": "/home/rootrecord/RootRecord-Ecosystem/2 - RootRecord-Database/Media/Audio/Voice/kilauea_report_current.wav", "clips_used": 0, "live_sentences": 8, "model_loaded": true, "render_s": 18.41, "sample_rate": 24000, "channels": 1, "subtype": "PCM_16", "duration_s": 33.386, "peak_dbfs": -1.5, "rms_dbfs": -20.36, "lead_silence_ms": 114, "qc": "PASS", "wall_s": 18.54, "peak_rss_mb": 1601, "rc": 0}, "deliver": {"ok": true, "sent": true, "persona": "carly", "chat": "-1004367256267", "message_id": 2164, "transcript": false, "report": true, "photo": false, "plan": {"voice": true, "transcript": false, "report": true}}}
2026-10-01T01:03:17-10:00job:voice_solar_desk RUN  nice -n 10 python3 "/home/rootrecord/RootRecord-Ecosystem/1 - Servers/1 - RootRecord-Pacific-Solar-Server/Media/Voice/scripts/voice_reports.py" solar_desk
2026-10-01T01:03:41-10:00job:voice_solar_desk | {"ok": true, "report": "solar_desk", "md": "/home/rootrecord/RootRecord-Ecosystem/test-reports/Voice/solar_desk_current.md", "sentences": 6, "voice": {"ok": true, "mode": "stitch", "report": "solar_desk", "agent": "bruce", "voice": "am_echo", "speed": 1.0, "wav": "/home/rootrecord/RootRecord-Ecosystem/2 - RootRecord-Database/Media/Audio/Voice/solar_desk_current.wav", "clips_used": 0, "live_sentences": 6, "model_loaded": true, "render_s": 15.89, "sample_rate": 24000, "channels": 1, "subtype": "PCM_16", "duration_s": 27.223, "peak_dbfs": -1.5, "rms_dbfs": -20.22, "lead_silence_ms": 111, "qc": "PASS", "wall_s": 15.96, "peak_rss_mb": 1583, "rc": 0}, "deliver": {"ok": true, "sent": true, "persona": "bruce", "chat": "-1004367256267", "message_id": 2166, "transcript": false, "report": true, "photo": true, "plan": {"voice": true, "transcript": false, "report": true}}}
2026-10-01T01:03:41-10:00job:voice_security_desk RUN  nice -n 10 python3 "/home/rootrecord/RootRecord-Ecosystem/1 - Servers/1 - RootRecord-Pacific-Solar-Server/Media/Voice/scripts/voice_reports.py" security_desk
2026-10-01T01:03:57-10:00job:voice_security_desk | {"ok": true, "report": "security_desk", "md": "/home/rootrecord/RootRecord-Ecosystem/test-reports/Voice/security_desk_current.md", "sentences": 6, "voice": {"ok": true, "mode": "stitch", "report": "security_desk", "agent": "carly", "voice": "af_nova", "speed": 1.0, "wav": "/home/rootrecord/RootRecord-Ecosystem/2 - RootRecord-Database/Media/Audio/Voice/security_desk_current.wav", "clips_used": 0, "live_sentences": 5, "model_loaded": true, "render_s": 10.97, "sample_rate": 24000, "channels": 1, "subtype": "PCM_16", "duration_s": 15.706, "peak_dbfs": -2.48, "rms_dbfs": -20.31, "lead_silence_ms": 111, "qc": "PASS", "wall_s": 11.08, "peak_rss_mb": 1365, "rc": 0}, "deliver": {"ok": true, "sent": true, "persona": "carly", "chat": "-1004367256267", "message_id": 2169, "transcript": false, "report": true, "photo": false, "plan": {"voice": true, "transcript": false, "report": true}}}
2026-10-01T01:03:57-10:00job:voice_bandwidth_desk RUN  nice -n 10 python3 "/home/rootrecord/RootRecord-Ecosystem/1 - Servers/1 - RootRecord-Pacific-Solar-Server/Media/Voice/scripts/voice_reports.py" bandwidth_desk
2026-10-01T01:04:11-10:00job:voice_bandwidth_desk | {"ok": true, "report": "bandwidth_desk", "md": "/home/rootrecord/RootRecord-Ecosystem/test-reports/Voice/bandwidth_desk_current.md", "sentences": 4, "voice": {"ok": true, "mode": "stitch", "report": "bandwidth_desk", "agent": "carly", "voice": "af_nova", "speed": 1.0, "wav": "/home/rootrecord/RootRecord-Ecosystem/2 - RootRecord-Database/Media/Audio/Voice/bandwidth_desk_current.wav", "clips_used": 0, "live_sentences": 3, "model_loaded": true, "render_s": 9.6, "sample_rate": 24000, "channels": 1, "subtype": "PCM_16", "duration_s": 12.832, "peak_dbfs": -1.5, "rms_dbfs": -20.86, "lead_silence_ms": 115, "qc": "PASS", "wall_s": 9.69, "peak_rss_mb": 1375, "rc": 0}, "deliver": {"ok": true, "sent": true, "persona": "carly", "chat": "-1004367256267", "message_id": 2171, "transcript": false, "report": true, "photo": false, "plan": {"voice": true, "transcript": false, "report": true}}}
2026-10-01T01:04:11-10:00job:automations_log_hourly_archive RUN  bash "/home/rootrecord/RootRecord-Ecosystem/1 - Servers/1 - RootRecord-Pacific-Solar-Server/Automations/scripts/archive_automations_log_hourly.sh"
