2026-10-01T09:07:09-10:00job:automations_log_hourly_archive OK
2026-10-01T09:07:09-10:00job:security_timelapse_hourly_compile RUN  bash "/home/rootrecord/RootRecord-Ecosystem/1 - Servers/1 - RootRecord-Pacific-Solar-Server/Security/Cameras/timelapse_hourly.sh"
2026-10-01T09:07:14-10:00job:security_timelapse_hourly_compile | 09:07:14  🎬  a-eyes-timelapse  hour 08 → hour_08.mp4  (1 frames, 12.86s)
2026-10-01T09:07:14-10:00job:security_timelapse_hourly_compile | 09:07:14  🎬  a-eyes-timelapse  hour 08 frames archived → /home/rootrecord/RootRecord-Ecosystem/2 - RootRecord-Database/Media/Timelapses/_archive/20261001/hour_08
2026-10-01T09:07:14-10:00ENERGY  status=live  B2=0.4%  B1=49.8%  solar=35 W  ac=94 W  usbc=0 W  src=/home/rootrecord/RootRecord-Ecosystem/2 - RootRecord-Database/Energy  LAP=100%/Discharging/batt
2026-10-01T09:07:32-10:00  ▸  SUMMARY=delta2 soc=1.61% solar=124W ac_out=94W usbc=0W src=ble+cloud db=ok
2026-10-01T09:07:32-10:00job:sys_stats_cycle RUN  bash "/home/rootrecord/RootRecord-Ecosystem/1 - Servers/1 - RootRecord-Pacific-Solar-Server/System/scripts/sys-sample.sh"
2026-10-01T09:07:34-10:00job:sys_stats_cycle | SYSTEM  cpu=13%  load=3.99  mem=49%  src=sqlite
2026-10-01T09:07:34-10:00job:sys_stats_cycle | OK wrote /home/rootrecord/RootRecord-Ecosystem/2 - RootRecord-Database/System/samples/sys-20261001-090733.json
2026-10-01T09:08:36-10:00job:github_sync_all | ↑ [ecosystem] committed 57 local file(s)
2026-10-01T09:08:36-10:00job:github_sync_all | ↓ [ecosystem] fetching origin/main
2026-10-01T09:08:36-10:00job:github_sync_all | From github.com:RootRecord-Software-Solutions/RootRecord-Ecosystem
2026-10-01T09:08:36-10:00job:github_sync_all | * branch              main       -> FETCH_HEAD
2026-10-01T09:08:36-10:00job:github_sync_all | ↑ [ecosystem] local is ahead of GitHub
2026-10-01T09:08:36-10:00job:github_sync_all | To github.com:RootRecord-Software-Solutions/RootRecord-Ecosystem.git
2026-10-01T09:08:36-10:00job:github_sync_all | 5392e607..e79e4e6e  HEAD -> main
2026-10-01T09:08:36-10:00job:github_sync_all | branch 'main' set up to track 'origin/main'.
2026-10-01T09:08:36-10:00job:github_sync_all | ↑ [ecosystem] 57 files → RootRecord-Software-Solutions/RootRecord-Ecosystem (main)
2026-10-01T09:08:36-10:00job:github_sync_all | ↑ [pacific] committed 1 local file(s)
2026-10-01T09:08:36-10:00job:github_sync_all | ↓ [pacific] fetching origin/main
2026-10-01T09:08:36-10:00job:github_sync_all | From github.com:RootRecord-Software-Solutions/RootRecord-Pacific-Solar-Server
2026-10-01T09:08:36-10:00job:github_sync_all | * branch            main       -> FETCH_HEAD
2026-10-01T09:08:36-10:00job:github_sync_all | ↑ [pacific] local is ahead of GitHub
2026-10-01T09:08:36-10:00job:github_sync_all | To github.com:RootRecord-Software-Solutions/RootRecord-Pacific-Solar-Server.git
2026-10-01T09:08:36-10:00job:github_sync_all | 824057f..65536af  HEAD -> main
2026-10-01T09:08:36-10:00job:github_sync_all | branch 'main' set up to track 'origin/main'.
2026-10-01T09:08:36-10:00job:github_sync_all | ↑ [pacific] 1 files → RootRecord-Software-Solutions/RootRecord-Pacific-Solar-Server (main)
2026-10-01T09:08:36-10:00job:github_sync_all | ↑ [database] committed 30 local file(s)
2026-10-01T09:08:36-10:00job:github_sync_all | ↓ [database] fetching origin/main
2026-10-01T09:08:36-10:00job:github_sync_all | From github.com:RootRecord-Software-Solutions/RootRecord-Database
2026-10-01T09:08:36-10:00job:github_sync_all | * branch              main       -> FETCH_HEAD
2026-10-01T09:08:36-10:00job:github_sync_all | ↑ [database] local is ahead of GitHub
2026-10-01T09:08:36-10:00job:github_sync_all | To github.com:RootRecord-Software-Solutions/RootRecord-Database.git
2026-10-01T09:08:36-10:00job:github_sync_all | 3c56a2bf..d76308b6  HEAD -> main
2026-10-01T09:08:36-10:00job:github_sync_all | branch 'main' set up to track 'origin/main'.
2026-10-01T09:08:36-10:00job:github_sync_all | ↑ [database] 30 files → RootRecord-Software-Solutions/RootRecord-Database (main)
2026-10-01T09:08:36-10:00job:github_sync_all | — [library] no local changes
2026-10-01T09:08:36-10:00job:github_sync_all | ↓ [library] fetching origin/main
2026-10-01T09:08:36-10:00job:github_sync_all | From github.com:RootRecord-Software-Solutions/RootRecord-Library
2026-10-01T09:08:36-10:00job:github_sync_all | * branch            main       -> FETCH_HEAD
2026-10-01T09:08:36-10:00job:github_sync_all | — [library] local and GitHub already match
2026-10-01T09:08:36-10:00job:github_sync_all | — [library] nothing to push
2026-10-01T09:08:36-10:00job:github_sync_all | — [website] no local changes
2026-10-01T09:08:36-10:00job:github_sync_all | ↓ [website] fetching origin/main
2026-10-01T09:08:36-10:00job:github_sync_all | From github.com:RootRecord-Software-Solutions/RootRecord-Website
2026-10-01T09:08:36-10:00job:github_sync_all | * branch            main       -> FETCH_HEAD
2026-10-01T09:08:36-10:00job:github_sync_all | — [website] local and GitHub already match
2026-10-01T09:08:36-10:00job:github_sync_all | — [website] nothing to push
2026-10-01T09:08:36-10:00job:github_sync_all | — [website-personal] no local changes
2026-10-01T09:08:36-10:00job:worklog_scan RUN  bash "/home/rootrecord/RootRecord-Ecosystem/1 - Servers/1 - RootRecord-Pacific-Solar-Server/Reports/scripts/worklog_once.sh"
2026-10-01T09:08:54-10:00job:worklog_scan | OK wrote/updated /home/rootrecord/RootRecord-Ecosystem/2 - RootRecord-Database/Worklog/worklog_current.md
2026-10-01T09:08:54-10:00job:security_camera_frame_grab RUN  bash "/home/rootrecord/RootRecord-Ecosystem/1 - Servers/1 - RootRecord-Pacific-Solar-Server/Security/Cameras/grab_all.sh"
2026-10-01T09:09:12-10:00job:security_camera_frame_grab | 09:08:54  📷  a-eyes  ch1 → ch1-20261001T190854Z.jpg  (523.2 KB, 4.40s)
2026-10-01T09:09:12-10:00job:security_camera_frame_grab | 09:08:59  📷  a-eyes  ch2 → ch2-20261001T190859Z.jpg  (96.4 KB, 4.37s)
2026-10-01T09:09:12-10:00job:security_camera_frame_grab | 09:09:03  📷  a-eyes  ch3 → ch3-20261001T190903Z.jpg  (172.1 KB, 4.46s)
2026-10-01T09:09:12-10:00job:security_camera_frame_grab | 09:09:07  📷  a-eyes  ch4 → ch4-20261001T190907Z.jpg  (117.1 KB, 4.46s)
2026-10-01T09:09:12-10:00job:service_supervisor RUN  bash "/home/rootrecord/RootRecord-Ecosystem/1 - Servers/1 - RootRecord-Pacific-Solar-Server/Automations/scripts/supervise-services.sh"
2026-10-01T09:09:12-10:00job:service_supervisor | [supervisor] weather alive pid=5410 (act)
2026-10-01T09:09:12-10:00job:service_supervisor | [supervisor] relay alive pid=4428 (act)
2026-10-01T09:09:12-10:00job:geology_collect RUN  nice -n 10 python3 "/home/rootrecord/RootRecord-Ecosystem/1 - Servers/1 - RootRecord-Pacific-Solar-Server/Geology/scripts/geology_collect.py" all
2026-10-01T09:09:21-10:00job:geology_collect | {"ok": true, "at": "2026-10-01T09:09:12-10:00", "what": "all", "dry_run": false, "sources": {"hawaii": {"ok": true, "count": 56, "new": 0, "new_m2": 0, "ms": 523}, "global": {"ok": true, "count": 41, "new": 0, "ms": 291}, "hvo_notices": {"ok": true, "count": 45, "new": 1, "ms": 2143}, "hvo_status": {"ok": true, "volcanoes": 8, "kilauea": "WATCH", "mauna_loa": "NORMAL", "ms": 5834}}}
2026-10-01T09:09:21-10:00job:status_snapshot RUN  nice -n 10 python3 "/home/rootrecord/RootRecord-Ecosystem/1 - Servers/1 - RootRecord-Pacific-Solar-Server/Website/scripts/live_data_pages.py"
2026-10-01T09:09:21-10:00job:status_snapshot | live-data 5 pages
2026-10-01T09:09:21-10:00job:system_net_sample RUN  nice -n 10 python3 "/home/rootrecord/RootRecord-Ecosystem/1 - Servers/1 - RootRecord-Pacific-Solar-Server/System/scripts/host_desks.py" net-sample
2026-10-01T09:09:21-10:00job:system_net_sample | {"ok": true, "file": "/home/rootrecord/RootRecord-Ecosystem/2 - RootRecord-Database/System/network/Daily/net-20261001.jsonl", "iface": "wlo1", "hour": {"seconds": 26375, "rx": 451289313, "tx": 14896416, "total": 466185729, "iface": "wlo1", "link": "wireless"}, "day": null}
2026-10-01T09:09:22-10:00job:discord_report_relay RUN  nice -n 10 python3 "/home/rootrecord/RootRecord-Ecosystem/1 - Servers/1 - RootRecord-Pacific-Solar-Server/Communications/Discord/scripts/report_relay.py"
2026-10-01T09:09:32-10:00job:discord_report_relay | posted energy_report
2026-10-01T09:09:32-10:00job:discord_report_relay | posted morning_report
2026-10-01T09:09:32-10:00job:discord_report_relay | posted earthquake_report
2026-10-01T09:09:32-10:00job:discord_report_relay | posted kilauea_report
2026-10-01T09:09:32-10:00job:discord_report_relay | posted solar_desk
2026-10-01T09:09:32-10:00job:discord_report_relay | posted security_desk
2026-10-01T09:09:32-10:00job:discord_report_relay | posted bandwidth_desk
2026-10-01T09:09:32-10:00job:discord_report_relay | posted system_perf
2026-10-01T09:09:33-10:00ENERGY  status=live  B2=1.6%  B1=49.8%  solar=124 W  ac=94 W  usbc=0 W  src=/home/rootrecord/RootRecord-Ecosystem/2 - RootRecord-Database/Energy  LAP=100%/Discharging/batt
2026-10-01T09:09:50-10:00  ▸  SUMMARY=delta2 soc=2.01% solar=123W ac_out=94W usbc=0W src=ble+cloud db=ok
2026-10-01T09:09:50-10:00job:sys_stats_cycle RUN  bash "/home/rootrecord/RootRecord-Ecosystem/1 - Servers/1 - RootRecord-Pacific-Solar-Server/System/scripts/sys-sample.sh"
2026-10-01T09:09:51-10:00job:sys_stats_cycle | SYSTEM  cpu=6%  load=1.44  mem=49%  src=sqlite
2026-10-01T09:09:51-10:00job:sys_stats_cycle | OK wrote /home/rootrecord/RootRecord-Ecosystem/2 - RootRecord-Database/System/samples/sys-20261001-090950.json
2026-10-01T09:11:03-10:00job:github_sync_all | ↑ [ecosystem] committed 23 local file(s)
2026-10-01T09:11:03-10:00job:github_sync_all | ↓ [ecosystem] fetching origin/main
2026-10-01T09:11:03-10:00job:github_sync_all | From github.com:RootRecord-Software-Solutions/RootRecord-Ecosystem
2026-10-01T09:11:03-10:00job:github_sync_all | * branch              main       -> FETCH_HEAD
2026-10-01T09:11:03-10:00job:github_sync_all | ↑ [ecosystem] local is ahead of GitHub
2026-10-01T09:11:03-10:00job:github_sync_all | To github.com:RootRecord-Software-Solutions/RootRecord-Ecosystem.git
2026-10-01T09:11:03-10:00job:github_sync_all | e79e4e6e..49aee325  HEAD -> main
2026-10-01T09:11:03-10:00job:github_sync_all | branch 'main' set up to track 'origin/main'.
2026-10-01T09:11:03-10:00job:github_sync_all | ↑ [ecosystem] 23 files → RootRecord-Software-Solutions/RootRecord-Ecosystem (main)
2026-10-01T09:11:03-10:00job:github_sync_all | ↑ [pacific] committed 11 local file(s)
2026-10-01T09:11:03-10:00job:github_sync_all | ↓ [pacific] fetching origin/main
2026-10-01T09:11:03-10:00job:github_sync_all | From github.com:RootRecord-Software-Solutions/RootRecord-Pacific-Solar-Server
2026-10-01T09:11:03-10:00job:github_sync_all | * branch            main       -> FETCH_HEAD
2026-10-01T09:11:03-10:00job:github_sync_all | ↑ [pacific] local is ahead of GitHub
2026-10-01T09:11:03-10:00job:github_sync_all | To github.com:RootRecord-Software-Solutions/RootRecord-Pacific-Solar-Server.git
2026-10-01T09:11:03-10:00job:github_sync_all | 65536af..52f7e85  HEAD -> main
2026-10-01T09:11:03-10:00job:github_sync_all | branch 'main' set up to track 'origin/main'.
2026-10-01T09:11:03-10:00job:github_sync_all | ↑ [pacific] 11 files → RootRecord-Software-Solutions/RootRecord-Pacific-Solar-Server (main)
2026-10-01T09:11:03-10:00job:github_sync_all | ↑ [database] committed 28 local file(s)
2026-10-01T09:11:03-10:00job:github_sync_all | ↓ [database] fetching origin/main
2026-10-01T09:11:03-10:00job:github_sync_all | From github.com:RootRecord-Software-Solutions/RootRecord-Database
2026-10-01T09:11:03-10:00job:github_sync_all | * branch              main       -> FETCH_HEAD
2026-10-01T09:11:03-10:00job:github_sync_all | ↑ [database] local is ahead of GitHub
2026-10-01T09:11:03-10:00job:github_sync_all | To github.com:RootRecord-Software-Solutions/RootRecord-Database.git
2026-10-01T09:11:03-10:00job:github_sync_all | d76308b6..de75fb8d  HEAD -> main
2026-10-01T09:11:03-10:00job:github_sync_all | branch 'main' set up to track 'origin/main'.
2026-10-01T09:11:03-10:00job:github_sync_all | ↑ [database] 28 files → RootRecord-Software-Solutions/RootRecord-Database (main)
2026-10-01T09:11:03-10:00job:github_sync_all | — [library] no local changes
2026-10-01T09:11:03-10:00job:github_sync_all | ↓ [library] fetching origin/main
2026-10-01T09:11:03-10:00job:github_sync_all | From github.com:RootRecord-Software-Solutions/RootRecord-Library
2026-10-01T09:11:03-10:00job:github_sync_all | * branch            main       -> FETCH_HEAD
2026-10-01T09:11:03-10:00job:github_sync_all | — [library] local and GitHub already match
2026-10-01T09:11:03-10:00job:github_sync_all | — [library] nothing to push
2026-10-01T09:11:03-10:00job:github_sync_all | ↑ [website] committed 10 local file(s)
2026-10-01T09:11:03-10:00job:github_sync_all | ↓ [website] fetching origin/main
2026-10-01T09:11:03-10:00job:github_sync_all | From github.com:RootRecord-Software-Solutions/RootRecord-Website
2026-10-01T09:11:03-10:00job:github_sync_all | * branch            main       -> FETCH_HEAD
2026-10-01T09:11:03-10:00job:github_sync_all | ↑ [website] local is ahead of GitHub
2026-10-01T09:11:03-10:00job:github_sync_all | To github.com:RootRecord-Software-Solutions/RootRecord-Website.git
2026-10-01T09:11:03-10:00job:github_sync_all | 5001b5f..e0b851e  HEAD -> main
2026-10-01T09:11:03-10:00job:security_camera_frame_grab RUN  bash "/home/rootrecord/RootRecord-Ecosystem/1 - Servers/1 - RootRecord-Pacific-Solar-Server/Security/Cameras/grab_all.sh"
2026-10-01T09:11:21-10:00job:security_camera_frame_grab | 09:11:04  📷  a-eyes  ch1 → ch1-20261001T191104Z.jpg  (514.4 KB, 4.33s)
2026-10-01T09:11:21-10:00job:security_camera_frame_grab | 09:11:08  📷  a-eyes  ch2 → ch2-20261001T191108Z.jpg  (96.6 KB, 4.45s)
2026-10-01T09:11:21-10:00job:security_camera_frame_grab | 09:11:12  📷  a-eyes  ch3 → ch3-20261001T191112Z.jpg  (172.3 KB, 4.30s)
2026-10-01T09:11:21-10:00job:security_camera_frame_grab | 09:11:17  📷  a-eyes  ch4 → ch4-20261001T191117Z.jpg  (118.5 KB, 4.34s)
2026-10-01T09:11:21-10:00ENERGY  status=live  B2=2.0%  B1=49.8%  solar=123 W  ac=94 W  usbc=0 W  src=/home/rootrecord/RootRecord-Ecosystem/2 - RootRecord-Database/Energy  LAP=94%/Discharging/batt
2026-10-01T09:11:37-10:00  ▸  SUMMARY=delta2 soc=2.32% solar=122W ac_out=94W usbc=0W src=ble+cloud db=ok
2026-10-01T09:11:37-10:00job:sys_stats_cycle RUN  bash "/home/rootrecord/RootRecord-Ecosystem/1 - Servers/1 - RootRecord-Pacific-Solar-Server/System/scripts/sys-sample.sh"
2026-10-01T09:11:38-10:00job:sys_stats_cycle | SYSTEM  cpu=3%  load=1.49  mem=53%  src=sqlite
2026-10-01T09:11:38-10:00job:sys_stats_cycle | OK wrote /home/rootrecord/RootRecord-Ecosystem/2 - RootRecord-Database/System/samples/sys-20261001-091137.json
2026-10-01T09:12:34-10:00job:github_sync_all | — [ecosystem] no committable local changes
2026-10-01T09:12:34-10:00job:github_sync_all | ↓ [ecosystem] fetching origin/main
2026-10-01T09:12:34-10:00job:github_sync_all | From github.com:RootRecord-Software-Solutions/RootRecord-Ecosystem
2026-10-01T09:12:34-10:00job:github_sync_all | * branch              main       -> FETCH_HEAD
2026-10-01T09:12:34-10:00job:github_sync_all | — [ecosystem] local and GitHub already match
2026-10-01T09:12:34-10:00job:github_sync_all | — [ecosystem] nothing to push
2026-10-01T09:12:34-10:00job:github_sync_all | — [pacific] no local changes
2026-10-01T09:12:34-10:00job:github_sync_all | ↓ [pacific] fetching origin/main
2026-10-01T09:12:34-10:00job:github_sync_all | From github.com:RootRecord-Software-Solutions/RootRecord-Pacific-Solar-Server
2026-10-01T09:12:34-10:00job:github_sync_all | * branch            main       -> FETCH_HEAD
2026-10-01T09:12:34-10:00job:github_sync_all | — [pacific] local and GitHub already match
2026-10-01T09:12:34-10:00job:github_sync_all | — [pacific] nothing to push
2026-10-01T09:12:34-10:00job:github_sync_all | ↑ [database] committed 13 local file(s)
2026-10-01T09:12:34-10:00job:github_sync_all | ↓ [database] fetching origin/main
2026-10-01T09:12:34-10:00job:github_sync_all | From github.com:RootRecord-Software-Solutions/RootRecord-Database
2026-10-01T09:12:34-10:00job:github_sync_all | * branch              main       -> FETCH_HEAD
2026-10-01T09:12:34-10:00job:github_sync_all | ↑ [database] local is ahead of GitHub
2026-10-01T09:12:34-10:00job:github_sync_all | To github.com:RootRecord-Software-Solutions/RootRecord-Database.git
2026-10-01T09:12:34-10:00job:github_sync_all | de75fb8d..fd37cf1a  HEAD -> main
2026-10-01T09:12:34-10:00job:github_sync_all | branch 'main' set up to track 'origin/main'.
2026-10-01T09:12:34-10:00job:github_sync_all | ↑ [database] 13 files → RootRecord-Software-Solutions/RootRecord-Database (main)
2026-10-01T09:12:34-10:00job:github_sync_all | — [library] no local changes
2026-10-01T09:12:34-10:00job:github_sync_all | ↓ [library] fetching origin/main
2026-10-01T09:12:34-10:00job:github_sync_all | From github.com:RootRecord-Software-Solutions/RootRecord-Library
2026-10-01T09:12:34-10:00job:github_sync_all | * branch            main       -> FETCH_HEAD
2026-10-01T09:12:34-10:00job:github_sync_all | — [library] local and GitHub already match
2026-10-01T09:12:34-10:00job:github_sync_all | — [library] nothing to push
2026-10-01T09:12:34-10:00job:github_sync_all | — [website] no local changes
2026-10-01T09:12:34-10:00job:github_sync_all | ↓ [website] fetching origin/main
2026-10-01T09:12:34-10:00job:github_sync_all | From github.com:RootRecord-Software-Solutions/RootRecord-Website
2026-10-01T09:12:34-10:00job:github_sync_all | * branch            main       -> FETCH_HEAD
2026-10-01T09:12:34-10:00job:github_sync_all | — [website] local and GitHub already match
2026-10-01T09:12:34-10:00job:github_sync_all | — [website] nothing to push
2026-10-01T09:12:34-10:00job:github_sync_all | — [website-personal] no local changes
2026-10-01T09:12:34-10:00job:github_sync_all | ↓ [website-personal] fetching origin/main
2026-10-01T09:12:34-10:00job:github_sync_all | From github.com:rootrecordsoftwaresolutions/RootRecord-Website
2026-10-01T09:12:34-10:00job:github_sync_all | * branch            main       -> FETCH_HEAD
2026-10-01T09:12:34-10:00job:github_sync_all | — [website-personal] local and GitHub already match
2026-10-01T09:12:34-10:00job:github_sync_all | — [website-personal] nothing to push
2026-10-01T09:12:34-10:00job:github_sync_all | — [mainland] no local changes
2026-10-01T09:12:34-10:00job:worklog_scan RUN  bash "/home/rootrecord/RootRecord-Ecosystem/1 - Servers/1 - RootRecord-Pacific-Solar-Server/Reports/scripts/worklog_once.sh"
2026-10-01T09:12:51-10:00job:worklog_scan | OK wrote/updated /home/rootrecord/RootRecord-Ecosystem/2 - RootRecord-Database/Worklog/worklog_current.md
2026-10-01T09:12:51-10:00job:status_snapshot RUN  nice -n 10 python3 "/home/rootrecord/RootRecord-Ecosystem/1 - Servers/1 - RootRecord-Pacific-Solar-Server/Website/scripts/live_data_pages.py"
2026-10-01T09:12:51-10:00job:status_snapshot | live-data 5 pages
2026-10-01T09:12:52-10:00ENERGY  status=live  B2=2.3%  B1=49.8%  solar=122 W  ac=94 W  usbc=0 W  src=/home/rootrecord/RootRecord-Ecosystem/2 - RootRecord-Database/Energy  LAP=94%/Discharging/batt
2026-10-01T09:13:08-10:00  ▸  SUMMARY=delta2 soc=2.52% solar=121W ac_out=94W usbc=0W src=ble+cloud db=ok
2026-10-01T09:13:08-10:00job:sys_stats_cycle RUN  bash "/home/rootrecord/RootRecord-Ecosystem/1 - Servers/1 - RootRecord-Pacific-Solar-Server/System/scripts/sys-sample.sh"
2026-10-01T09:13:10-10:00job:sys_stats_cycle | SYSTEM  cpu=12%  load=1.86  mem=53%  src=sqlite
2026-10-01T09:13:10-10:00job:sys_stats_cycle | OK wrote /home/rootrecord/RootRecord-Ecosystem/2 - RootRecord-Database/System/samples/sys-20261001-091309.json
2026-10-01T09:14:07-10:00job:github_sync_all | ↑ [ecosystem] committed 5 local file(s)
2026-10-01T09:14:07-10:00job:github_sync_all | ↓ [ecosystem] fetching origin/main
2026-10-01T09:14:07-10:00job:github_sync_all | From github.com:RootRecord-Software-Solutions/RootRecord-Ecosystem
2026-10-01T09:14:07-10:00job:github_sync_all | * branch              main       -> FETCH_HEAD
2026-10-01T09:14:07-10:00job:github_sync_all | ↑ [ecosystem] local is ahead of GitHub
2026-10-01T09:14:07-10:00job:github_sync_all | To github.com:RootRecord-Software-Solutions/RootRecord-Ecosystem.git
2026-10-01T09:14:07-10:00job:github_sync_all | 49aee325..98e41499  HEAD -> main
2026-10-01T09:14:07-10:00job:github_sync_all | branch 'main' set up to track 'origin/main'.
2026-10-01T09:14:07-10:00job:github_sync_all | ↑ [ecosystem] 5 files → RootRecord-Software-Solutions/RootRecord-Ecosystem (main)
2026-10-01T09:14:07-10:00job:github_sync_all | ↑ [pacific] committed 1 local file(s)
2026-10-01T09:14:07-10:00job:github_sync_all | ↓ [pacific] fetching origin/main
2026-10-01T09:14:07-10:00job:github_sync_all | From github.com:RootRecord-Software-Solutions/RootRecord-Pacific-Solar-Server
2026-10-01T09:14:07-10:00job:github_sync_all | * branch            main       -> FETCH_HEAD
2026-10-01T09:14:07-10:00job:github_sync_all | ↑ [pacific] local is ahead of GitHub
2026-10-01T09:14:07-10:00job:github_sync_all | To github.com:RootRecord-Software-Solutions/RootRecord-Pacific-Solar-Server.git
2026-10-01T09:14:07-10:00job:github_sync_all | 52f7e85..6b6d06e  HEAD -> main
2026-10-01T09:14:07-10:00job:github_sync_all | branch 'main' set up to track 'origin/main'.
2026-10-01T09:14:07-10:00job:github_sync_all | ↑ [pacific] 1 files → RootRecord-Software-Solutions/RootRecord-Pacific-Solar-Server (main)
2026-10-01T09:14:07-10:00job:github_sync_all | ↑ [database] committed 20 local file(s)
2026-10-01T09:14:07-10:00job:github_sync_all | ↓ [database] fetching origin/main
2026-10-01T09:14:07-10:00job:github_sync_all | From github.com:RootRecord-Software-Solutions/RootRecord-Database
2026-10-01T09:14:07-10:00job:github_sync_all | * branch              main       -> FETCH_HEAD
2026-10-01T09:14:07-10:00job:github_sync_all | ↑ [database] local is ahead of GitHub
2026-10-01T09:14:07-10:00job:github_sync_all | To github.com:RootRecord-Software-Solutions/RootRecord-Database.git
2026-10-01T09:14:07-10:00job:github_sync_all | fd37cf1a..2dc24950  HEAD -> main
2026-10-01T09:14:07-10:00job:github_sync_all | branch 'main' set up to track 'origin/main'.
2026-10-01T09:14:07-10:00job:github_sync_all | ↑ [database] 20 files → RootRecord-Software-Solutions/RootRecord-Database (main)
2026-10-01T09:14:07-10:00job:github_sync_all | — [library] no local changes
2026-10-01T09:14:07-10:00job:github_sync_all | ↓ [library] fetching origin/main
2026-10-01T09:14:07-10:00job:github_sync_all | From github.com:RootRecord-Software-Solutions/RootRecord-Library
2026-10-01T09:14:07-10:00job:github_sync_all | * branch            main       -> FETCH_HEAD
2026-10-01T09:14:07-10:00job:github_sync_all | — [library] local and GitHub already match
2026-10-01T09:14:07-10:00job:github_sync_all | — [library] nothing to push
2026-10-01T09:14:07-10:00job:github_sync_all | — [website] no local changes
2026-10-01T09:14:07-10:00job:github_sync_all | ↓ [website] fetching origin/main
2026-10-01T09:14:07-10:00job:github_sync_all | From github.com:RootRecord-Software-Solutions/RootRecord-Website
2026-10-01T09:14:07-10:00job:github_sync_all | * branch            main       -> FETCH_HEAD
2026-10-01T09:14:07-10:00job:github_sync_all | — [website] local and GitHub already match
2026-10-01T09:14:07-10:00job:github_sync_all | — [website] nothing to push
2026-10-01T09:14:07-10:00job:github_sync_all | — [website-personal] no local changes
2026-10-01T09:14:07-10:00job:security_camera_frame_grab RUN  bash "/home/rootrecord/RootRecord-Ecosystem/1 - Servers/1 - RootRecord-Pacific-Solar-Server/Security/Cameras/grab_all.sh"
2026-10-01T09:14:25-10:00job:security_camera_frame_grab | 09:14:08  📷  a-eyes  ch1 → ch1-20261001T191408Z.jpg  (509.2 KB, 4.31s)
2026-10-01T09:14:25-10:00job:security_camera_frame_grab | 09:14:12  📷  a-eyes  ch2 → ch2-20261001T191412Z.jpg  (97.7 KB, 4.36s)
2026-10-01T09:14:25-10:00job:security_camera_frame_grab | 09:14:16  📷  a-eyes  ch3 → ch3-20261001T191416Z.jpg  (169.6 KB, 4.48s)
2026-10-01T09:14:25-10:00job:security_camera_frame_grab | 09:14:21  📷  a-eyes  ch4 → ch4-20261001T191421Z.jpg  (125.8 KB, 4.25s)
2026-10-01T09:14:25-10:00ENERGY  status=live  B2=2.5%  B1=49.8%  solar=121 W  ac=94 W  usbc=0 W  src=/home/rootrecord/RootRecord-Ecosystem/2 - RootRecord-Database/Energy  LAP=93%/Discharging/batt
2026-10-01T09:14:41-10:00  ▸  SUMMARY=river2pro soc=43.65% solar=0W ac_out=110W usbc=17W src=ble db=ok
2026-10-01T09:14:41-10:00job:sys_stats_cycle RUN  bash "/home/rootrecord/RootRecord-Ecosystem/1 - Servers/1 - RootRecord-Pacific-Solar-Server/System/scripts/sys-sample.sh"
2026-10-01T09:14:42-10:00job:sys_stats_cycle | SYSTEM  cpu=5%  load=0.97  mem=53%  src=sqlite
2026-10-01T09:14:42-10:00job:sys_stats_cycle | OK wrote /home/rootrecord/RootRecord-Ecosystem/2 - RootRecord-Database/System/samples/sys-20261001-091442.json
2026-10-01T09:15:45-10:00job:github_sync_all | ↑ [ecosystem] committed 2 local file(s)
2026-10-01T09:15:45-10:00job:github_sync_all | ↓ [ecosystem] fetching origin/main
2026-10-01T09:15:45-10:00job:github_sync_all | From github.com:RootRecord-Software-Solutions/RootRecord-Ecosystem
2026-10-01T09:15:45-10:00job:github_sync_all | * branch              main       -> FETCH_HEAD
2026-10-01T09:15:45-10:00job:github_sync_all | ↑ [ecosystem] local is ahead of GitHub
2026-10-01T09:15:45-10:00job:github_sync_all | To github.com:RootRecord-Software-Solutions/RootRecord-Ecosystem.git
2026-10-01T09:15:45-10:00job:github_sync_all | 98e41499..28080257  HEAD -> main
2026-10-01T09:15:45-10:00job:github_sync_all | branch 'main' set up to track 'origin/main'.
2026-10-01T09:15:45-10:00job:github_sync_all | ↑ [ecosystem] 2 files → RootRecord-Software-Solutions/RootRecord-Ecosystem (main)
2026-10-01T09:15:45-10:00job:github_sync_all | ↑ [pacific] committed 2 local file(s)
2026-10-01T09:15:45-10:00job:github_sync_all | ↓ [pacific] fetching origin/main
2026-10-01T09:15:45-10:00job:github_sync_all | From github.com:RootRecord-Software-Solutions/RootRecord-Pacific-Solar-Server
2026-10-01T09:15:45-10:00job:github_sync_all | * branch            main       -> FETCH_HEAD
2026-10-01T09:15:45-10:00job:github_sync_all | ↑ [pacific] local is ahead of GitHub
2026-10-01T09:15:45-10:00job:github_sync_all | To github.com:RootRecord-Software-Solutions/RootRecord-Pacific-Solar-Server.git
2026-10-01T09:15:45-10:00job:github_sync_all | 6b6d06e..093dba7  HEAD -> main
2026-10-01T09:15:45-10:00job:github_sync_all | branch 'main' set up to track 'origin/main'.
2026-10-01T09:15:45-10:00job:github_sync_all | ↑ [pacific] 2 files → RootRecord-Software-Solutions/RootRecord-Pacific-Solar-Server (main)
2026-10-01T09:15:45-10:00job:github_sync_all | ↑ [database] committed 12 local file(s)
2026-10-01T09:15:45-10:00job:github_sync_all | ↓ [database] fetching origin/main
2026-10-01T09:15:45-10:00job:github_sync_all | From github.com:RootRecord-Software-Solutions/RootRecord-Database
2026-10-01T09:15:45-10:00job:github_sync_all | * branch              main       -> FETCH_HEAD
2026-10-01T09:15:45-10:00job:github_sync_all | ↑ [database] local is ahead of GitHub
2026-10-01T09:15:45-10:00job:github_sync_all | To github.com:RootRecord-Software-Solutions/RootRecord-Database.git
2026-10-01T09:15:45-10:00job:github_sync_all | 2dc24950..b8a55d3b  HEAD -> main
2026-10-01T09:15:45-10:00job:github_sync_all | branch 'main' set up to track 'origin/main'.
2026-10-01T09:15:45-10:00job:github_sync_all | ↑ [database] 12 files → RootRecord-Software-Solutions/RootRecord-Database (main)
2026-10-01T09:15:45-10:00job:github_sync_all | — [library] no local changes
2026-10-01T09:15:45-10:00job:github_sync_all | ↓ [library] fetching origin/main
2026-10-01T09:15:45-10:00job:github_sync_all | From github.com:RootRecord-Software-Solutions/RootRecord-Library
2026-10-01T09:15:45-10:00job:github_sync_all | * branch            main       -> FETCH_HEAD
2026-10-01T09:15:45-10:00job:github_sync_all | — [library] local and GitHub already match
2026-10-01T09:15:45-10:00job:github_sync_all | — [library] nothing to push
2026-10-01T09:15:45-10:00job:github_sync_all | ↑ [website] committed 1 local file(s)
2026-10-01T09:15:45-10:00job:github_sync_all | ↓ [website] fetching origin/main
2026-10-01T09:15:45-10:00job:github_sync_all | From github.com:RootRecord-Software-Solutions/RootRecord-Website
2026-10-01T09:15:45-10:00job:github_sync_all | * branch            main       -> FETCH_HEAD
2026-10-01T09:15:45-10:00job:github_sync_all | ↑ [website] local is ahead of GitHub
2026-10-01T09:15:45-10:00job:github_sync_all | To github.com:RootRecord-Software-Solutions/RootRecord-Website.git
2026-10-01T09:15:45-10:00job:github_sync_all | e0b851e..1dd862b  HEAD -> main
2026-10-01T09:15:45-10:00job:worklog_scan RUN  bash "/home/rootrecord/RootRecord-Ecosystem/1 - Servers/1 - RootRecord-Pacific-Solar-Server/Reports/scripts/worklog_once.sh"
2026-10-01T09:15:50-10:00job:worklog_scan | OK wrote/updated /home/rootrecord/RootRecord-Ecosystem/2 - RootRecord-Database/Worklog/worklog_current.md
2026-10-01T09:15:50-10:00job:service_supervisor RUN  bash "/home/rootrecord/RootRecord-Ecosystem/1 - Servers/1 - RootRecord-Pacific-Solar-Server/Automations/scripts/supervise-services.sh"
2026-10-01T09:15:50-10:00job:service_supervisor | [supervisor] weather alive pid=5410 (act)
2026-10-01T09:15:50-10:00job:service_supervisor | [supervisor] relay alive pid=4428 (act)
2026-10-01T09:15:51-10:00job:geology_collect RUN  nice -n 10 python3 "/home/rootrecord/RootRecord-Ecosystem/1 - Servers/1 - RootRecord-Pacific-Solar-Server/Geology/scripts/geology_collect.py" all
2026-10-01T09:15:58-10:00job:geology_collect | {"ok": true, "at": "2026-10-01T09:15:51-10:00", "what": "all", "dry_run": false, "sources": {"hawaii": {"ok": true, "count": 56, "new": 0, "new_m2": 0, "ms": 511}, "global": {"ok": true, "count": 40, "new": 1, "ms": 291}, "hvo_notices": {"ok": true, "count": 45, "new": 0, "ms": 1742}, "hvo_status": {"ok": true, "volcanoes": 8, "kilauea": "WATCH", "mauna_loa": "NORMAL", "ms": 4793}}}
2026-10-01T09:15:58-10:00job:status_snapshot RUN  nice -n 10 python3 "/home/rootrecord/RootRecord-Ecosystem/1 - Servers/1 - RootRecord-Pacific-Solar-Server/Website/scripts/live_data_pages.py"
2026-10-01T09:15:58-10:00job:status_snapshot | live-data 5 pages
2026-10-01T09:15:58-10:00job:system_net_sample RUN  nice -n 10 python3 "/home/rootrecord/RootRecord-Ecosystem/1 - Servers/1 - RootRecord-Pacific-Solar-Server/System/scripts/host_desks.py" net-sample
2026-10-01T09:15:58-10:00job:system_net_sample | {"ok": true, "file": "/home/rootrecord/RootRecord-Ecosystem/2 - RootRecord-Database/System/network/Daily/net-20261001.jsonl", "iface": "wlo1", "hour": {"seconds": 26772, "rx": 551506709, "tx": 20646906, "total": 572153615, "iface": "wlo1", "link": "wireless"}, "day": null}
2026-10-01T09:15:58-10:00job:voice_nws_weather RUN  nice -n 10 python3 "/home/rootrecord/RootRecord-Ecosystem/1 - Servers/1 - RootRecord-Pacific-Solar-Server/Media/Voice/scripts/voice_reports.py" nws_weather
2026-10-01T09:16:16-10:00job:voice_nws_weather | {"ok": true, "report": "nws_weather", "md": "/home/rootrecord/RootRecord-Ecosystem/test-reports/Voice/nws_weather_current.md", "sentences": 4, "voice": {"ok": true, "mode": "stitch", "report": "nws_weather", "agent": "ava", "voice": "af_heart", "speed": 1.0, "wav": "/home/rootrecord/RootRecord-Ecosystem/2 - RootRecord-Database/Media/Audio/Voice/nws_weather_current.wav", "clips_used": 0, "live_sentences": 8, "model_loaded": true, "render_s": 12.96, "sample_rate": 24000, "channels": 1, "subtype": "PCM_16", "duration_s": 16.826, "peak_dbfs": -1.5, "rms_dbfs": -20.25, "lead_silence_ms": 113, "qc": "PASS", "wall_s": 13.11, "peak_rss_mb": 1443, "rc": 0}, "deliver": {"ok": true, "sent": true, "persona": "ava", "chat": "-1004367256267", "message_id": 2190, "transcript": false, "report": true, "photo": false, "plan": {"voice": true, "transcript": false, "report": true}}}
2026-10-01T09:16:16-10:00ENERGY  status=live  B2=2.5%  B1=43.6%  solar=121 W  ac=94 W  usbc=0 W  src=/home/rootrecord/RootRecord-Ecosystem/2 - RootRecord-Database/Energy  LAP=93%/Discharging/batt
2026-10-01T09:16:33-10:00  ▸  SUMMARY=river2pro soc=42.99% solar=0W ac_out=89W usbc=17W src=ble db=ok
2026-10-01T09:16:33-10:00job:sys_stats_cycle RUN  bash "/home/rootrecord/RootRecord-Ecosystem/1 - Servers/1 - RootRecord-Pacific-Solar-Server/System/scripts/sys-sample.sh"
2026-10-01T09:16:35-10:00job:sys_stats_cycle | SYSTEM  cpu=67%  load=1.73  mem=78%  src=sqlite
2026-10-01T09:16:35-10:00job:sys_stats_cycle | OK wrote /home/rootrecord/RootRecord-Ecosystem/2 - RootRecord-Database/System/samples/sys-20261001-091634.json
2026-10-01T09:17:47-10:00job:github_sync_all | ↑ [ecosystem] committed 26 local file(s)
2026-10-01T09:17:47-10:00job:github_sync_all | ↓ [ecosystem] fetching origin/main
2026-10-01T09:17:47-10:00job:github_sync_all | From github.com:RootRecord-Software-Solutions/RootRecord-Ecosystem
2026-10-01T09:17:47-10:00job:github_sync_all | * branch              main       -> FETCH_HEAD
2026-10-01T09:17:47-10:00job:github_sync_all | ↑ [ecosystem] local is ahead of GitHub
2026-10-01T09:17:47-10:00job:github_sync_all | To github.com:RootRecord-Software-Solutions/RootRecord-Ecosystem.git
2026-10-01T09:17:47-10:00job:github_sync_all | 28080257..e537d213  HEAD -> main
2026-10-01T09:17:47-10:00job:github_sync_all | branch 'main' set up to track 'origin/main'.
2026-10-01T09:17:47-10:00job:github_sync_all | ↑ [ecosystem] 26 files → RootRecord-Software-Solutions/RootRecord-Ecosystem (main)
2026-10-01T09:17:47-10:00job:github_sync_all | ↑ [pacific] committed 8 local file(s)
2026-10-01T09:17:47-10:00job:github_sync_all | ↓ [pacific] fetching origin/main
2026-10-01T09:17:47-10:00job:github_sync_all | From github.com:RootRecord-Software-Solutions/RootRecord-Pacific-Solar-Server
2026-10-01T09:17:47-10:00job:github_sync_all | * branch            main       -> FETCH_HEAD
2026-10-01T09:17:47-10:00job:github_sync_all | ↑ [pacific] local is ahead of GitHub
2026-10-01T09:17:47-10:00job:github_sync_all | To github.com:RootRecord-Software-Solutions/RootRecord-Pacific-Solar-Server.git
2026-10-01T09:17:47-10:00job:github_sync_all | 093dba7..85f0b26  HEAD -> main
2026-10-01T09:17:47-10:00job:github_sync_all | branch 'main' set up to track 'origin/main'.
2026-10-01T09:17:47-10:00job:github_sync_all | ↑ [pacific] 8 files → RootRecord-Software-Solutions/RootRecord-Pacific-Solar-Server (main)
2026-10-01T09:17:47-10:00job:github_sync_all | ↑ [database] committed 32 local file(s)
2026-10-01T09:17:47-10:00job:github_sync_all | ↓ [database] fetching origin/main
2026-10-01T09:17:47-10:00job:github_sync_all | From github.com:RootRecord-Software-Solutions/RootRecord-Database
2026-10-01T09:17:47-10:00job:github_sync_all | * branch              main       -> FETCH_HEAD
2026-10-01T09:17:47-10:00job:github_sync_all | ↑ [database] local is ahead of GitHub
2026-10-01T09:17:47-10:00job:github_sync_all | To github.com:RootRecord-Software-Solutions/RootRecord-Database.git
2026-10-01T09:17:47-10:00job:github_sync_all | b8a55d3b..54f7c3f0  HEAD -> main
2026-10-01T09:17:47-10:00job:github_sync_all | branch 'main' set up to track 'origin/main'.
2026-10-01T09:17:47-10:00job:github_sync_all | ↑ [database] 32 files → RootRecord-Software-Solutions/RootRecord-Database (main)
2026-10-01T09:17:47-10:00job:github_sync_all | — [library] no local changes
2026-10-01T09:17:47-10:00job:github_sync_all | ↓ [library] fetching origin/main
2026-10-01T09:17:47-10:00job:github_sync_all | From github.com:RootRecord-Software-Solutions/RootRecord-Library
2026-10-01T09:17:47-10:00job:github_sync_all | * branch            main       -> FETCH_HEAD
2026-10-01T09:17:47-10:00job:github_sync_all | — [library] local and GitHub already match
2026-10-01T09:17:47-10:00job:github_sync_all | — [library] nothing to push
2026-10-01T09:17:47-10:00job:github_sync_all | ↑ [website] committed 37 local file(s)
2026-10-01T09:17:47-10:00job:github_sync_all | ↓ [website] fetching origin/main
2026-10-01T09:17:47-10:00job:github_sync_all | From github.com:RootRecord-Software-Solutions/RootRecord-Website
2026-10-01T09:17:47-10:00job:github_sync_all | * branch            main       -> FETCH_HEAD
2026-10-01T09:17:47-10:00job:github_sync_all | ↑ [website] local is ahead of GitHub
2026-10-01T09:17:47-10:00job:github_sync_all | To github.com:RootRecord-Software-Solutions/RootRecord-Website.git
2026-10-01T09:17:47-10:00job:github_sync_all | 1dd862b..84c7a34  HEAD -> main
2026-10-01T09:17:47-10:00job:security_camera_frame_grab RUN  bash "/home/rootrecord/RootRecord-Ecosystem/1 - Servers/1 - RootRecord-Pacific-Solar-Server/Security/Cameras/grab_all.sh"
2026-10-01T09:18:06-10:00job:security_camera_frame_grab | 09:17:48  📷  a-eyes  ch1 → ch1-20261001T191748Z.jpg  (498.9 KB, 4.30s)
2026-10-01T09:18:06-10:00job:security_camera_frame_grab | 09:17:52  📷  a-eyes  ch2 → ch2-20261001T191752Z.jpg  (100.2 KB, 4.68s)
2026-10-01T09:18:06-10:00job:security_camera_frame_grab | 09:17:57  📷  a-eyes  ch3 → ch3-20261001T191757Z.jpg  (178.1 KB, 4.40s)
2026-10-01T09:18:06-10:00job:security_camera_frame_grab | 09:18:01  📷  a-eyes  ch4 → ch4-20261001T191801Z.jpg  (131.3 KB, 4.44s)
2026-10-01T09:18:06-10:00job:discord_report_relay RUN  nice -n 10 python3 "/home/rootrecord/RootRecord-Ecosystem/1 - Servers/1 - RootRecord-Pacific-Solar-Server/Communications/Discord/scripts/report_relay.py"
2026-10-01T09:18:07-10:00job:discord_report_relay | posted nws_weather
2026-10-01T09:18:07-10:00ENERGY  status=live  B2=2.5%  B1=43.0%  solar=121 W  ac=94 W  usbc=0 W  src=/home/rootrecord/RootRecord-Ecosystem/2 - RootRecord-Database/Energy  LAP=92%/Discharging/batt
2026-10-01T09:18:23-10:00  ▸  SUMMARY=river2pro soc=42.37% solar=0W ac_out=99W usbc=17W src=ble db=ok
2026-10-01T09:18:23-10:00job:sys_stats_cycle RUN  bash "/home/rootrecord/RootRecord-Ecosystem/1 - Servers/1 - RootRecord-Pacific-Solar-Server/System/scripts/sys-sample.sh"
2026-10-01T09:18:24-10:00job:sys_stats_cycle | SYSTEM  cpu=13%  load=3.54  mem=46%  src=sqlite
2026-10-01T09:18:24-10:00job:sys_stats_cycle | OK wrote /home/rootrecord/RootRecord-Ecosystem/2 - RootRecord-Database/System/samples/sys-20261001-091823.json
2026-10-01T09:19:30-10:00job:github_sync_all | ↑ [ecosystem] committed 38 local file(s)
2026-10-01T09:19:30-10:00job:github_sync_all | ↓ [ecosystem] fetching origin/main
2026-10-01T09:19:30-10:00job:github_sync_all | From github.com:RootRecord-Software-Solutions/RootRecord-Ecosystem
2026-10-01T09:19:30-10:00job:github_sync_all | * branch              main       -> FETCH_HEAD
2026-10-01T09:19:30-10:00job:github_sync_all | ↑ [ecosystem] local is ahead of GitHub
2026-10-01T09:19:30-10:00job:github_sync_all | To github.com:RootRecord-Software-Solutions/RootRecord-Ecosystem.git
2026-10-01T09:19:30-10:00job:github_sync_all | e537d213..021cbca0  HEAD -> main
2026-10-01T09:19:30-10:00job:github_sync_all | branch 'main' set up to track 'origin/main'.
2026-10-01T09:19:30-10:00job:github_sync_all | ↑ [ecosystem] 38 files → RootRecord-Software-Solutions/RootRecord-Ecosystem (main)
2026-10-01T09:19:30-10:00job:github_sync_all | ↑ [pacific] committed 32 local file(s)
2026-10-01T09:19:30-10:00job:github_sync_all | ↓ [pacific] fetching origin/main
2026-10-01T09:19:30-10:00job:github_sync_all | From github.com:RootRecord-Software-Solutions/RootRecord-Pacific-Solar-Server
2026-10-01T09:19:30-10:00job:github_sync_all | * branch            main       -> FETCH_HEAD
2026-10-01T09:19:30-10:00job:github_sync_all | ↑ [pacific] local is ahead of GitHub
2026-10-01T09:19:30-10:00job:github_sync_all | To github.com:RootRecord-Software-Solutions/RootRecord-Pacific-Solar-Server.git
2026-10-01T09:19:30-10:00job:github_sync_all | 85f0b26..0b7bbac  HEAD -> main
2026-10-01T09:19:30-10:00job:github_sync_all | branch 'main' set up to track 'origin/main'.
2026-10-01T09:19:30-10:00job:github_sync_all | ↑ [pacific] 32 files → RootRecord-Software-Solutions/RootRecord-Pacific-Solar-Server (main)
2026-10-01T09:19:30-10:00job:github_sync_all | ↑ [database] committed 13 local file(s)
2026-10-01T09:19:30-10:00job:github_sync_all | ↓ [database] fetching origin/main
2026-10-01T09:19:30-10:00job:github_sync_all | From github.com:RootRecord-Software-Solutions/RootRecord-Database
2026-10-01T09:19:30-10:00job:github_sync_all | * branch              main       -> FETCH_HEAD
2026-10-01T09:19:30-10:00job:github_sync_all | ↑ [database] local is ahead of GitHub
2026-10-01T09:19:30-10:00job:github_sync_all | To github.com:RootRecord-Software-Solutions/RootRecord-Database.git
2026-10-01T09:19:30-10:00job:github_sync_all | 54f7c3f0..2bfcdef0  HEAD -> main
2026-10-01T09:19:30-10:00job:github_sync_all | branch 'main' set up to track 'origin/main'.
2026-10-01T09:19:30-10:00job:github_sync_all | ↑ [database] 13 files → RootRecord-Software-Solutions/RootRecord-Database (main)
2026-10-01T09:19:30-10:00job:github_sync_all | — [library] no local changes
2026-10-01T09:19:30-10:00job:github_sync_all | ↓ [library] fetching origin/main
2026-10-01T09:19:30-10:00job:github_sync_all | From github.com:RootRecord-Software-Solutions/RootRecord-Library
2026-10-01T09:19:30-10:00job:github_sync_all | * branch            main       -> FETCH_HEAD
2026-10-01T09:19:30-10:00job:github_sync_all | — [library] local and GitHub already match
2026-10-01T09:19:30-10:00job:github_sync_all | — [library] nothing to push
2026-10-01T09:19:30-10:00job:github_sync_all | ↑ [website] committed 3 local file(s)
2026-10-01T09:19:30-10:00job:github_sync_all | ↓ [website] fetching origin/main
2026-10-01T09:19:30-10:00job:github_sync_all | From github.com:RootRecord-Software-Solutions/RootRecord-Website
2026-10-01T09:19:30-10:00job:github_sync_all | * branch            main       -> FETCH_HEAD
2026-10-01T09:19:30-10:00job:github_sync_all | ↑ [website] local is ahead of GitHub
2026-10-01T09:19:30-10:00job:github_sync_all | To github.com:RootRecord-Software-Solutions/RootRecord-Website.git
2026-10-01T09:19:30-10:00job:github_sync_all | 84c7a34..0c83ec1  HEAD -> main
2026-10-01T09:19:30-10:00job:worklog_scan RUN  bash "/home/rootrecord/RootRecord-Ecosystem/1 - Servers/1 - RootRecord-Pacific-Solar-Server/Reports/scripts/worklog_once.sh"
2026-10-01T09:19:40-10:00job:worklog_scan | OK wrote/updated /home/rootrecord/RootRecord-Ecosystem/2 - RootRecord-Database/Worklog/worklog_current.md
2026-10-01T09:19:40-10:00job:security_camera_frame_grab RUN  bash "/home/rootrecord/RootRecord-Ecosystem/1 - Servers/1 - RootRecord-Pacific-Solar-Server/Security/Cameras/grab_all.sh"
2026-10-01T09:19:58-10:00job:security_camera_frame_grab | 09:19:41  📷  a-eyes  ch1 → ch1-20261001T191941Z.jpg  (492.9 KB, 4.47s)
2026-10-01T09:19:58-10:00job:security_camera_frame_grab | 09:19:45  📷  a-eyes  ch2 → ch2-20261001T191945Z.jpg  (101.4 KB, 4.53s)
2026-10-01T09:19:58-10:00job:security_camera_frame_grab | 09:19:50  📷  a-eyes  ch3 → ch3-20261001T191950Z.jpg  (183.2 KB, 4.37s)
2026-10-01T09:19:58-10:00job:security_camera_frame_grab | 09:19:54  📷  a-eyes  ch4 → ch4-20261001T191954Z.jpg  (143.6 KB, 4.47s)
2026-10-01T09:19:58-10:00job:status_snapshot RUN  nice -n 10 python3 "/home/rootrecord/RootRecord-Ecosystem/1 - Servers/1 - RootRecord-Pacific-Solar-Server/Website/scripts/live_data_pages.py"
2026-10-01T09:19:59-10:00job:status_snapshot | live-data 5 pages
2026-10-01T09:19:59-10:00ENERGY  status=live  B2=2.5%  B1=42.4%  solar=121 W  ac=94 W  usbc=0 W  src=/home/rootrecord/RootRecord-Ecosystem/2 - RootRecord-Database/Energy  LAP=91%/Discharging/batt
2026-10-01T09:20:15-10:00  ▸  SUMMARY=river2pro soc=41.78% solar=0W ac_out=94W usbc=17W src=ble db=ok
2026-10-01T09:20:15-10:00job:sys_stats_cycle RUN  bash "/home/rootrecord/RootRecord-Ecosystem/1 - Servers/1 - RootRecord-Pacific-Solar-Server/System/scripts/sys-sample.sh"
2026-10-01T09:20:16-10:00job:sys_stats_cycle | SYSTEM  cpu=16%  load=2.08  mem=49%  src=sqlite
2026-10-01T09:20:16-10:00job:sys_stats_cycle | OK wrote /home/rootrecord/RootRecord-Ecosystem/2 - RootRecord-Database/System/samples/sys-20261001-092015.json
2026-10-01T09:21:15-10:00job:github_sync_all | ↑ [ecosystem] committed 6 local file(s)
2026-10-01T09:21:15-10:00job:github_sync_all | ↓ [ecosystem] fetching origin/main
2026-10-01T09:21:15-10:00job:github_sync_all | From github.com:RootRecord-Software-Solutions/RootRecord-Ecosystem
2026-10-01T09:21:15-10:00job:github_sync_all | * branch              main       -> FETCH_HEAD
2026-10-01T09:21:15-10:00job:github_sync_all | ↑ [ecosystem] local is ahead of GitHub
2026-10-01T09:21:15-10:00job:github_sync_all | To github.com:RootRecord-Software-Solutions/RootRecord-Ecosystem.git
2026-10-01T09:21:15-10:00job:github_sync_all | 021cbca0..5a8d478d  HEAD -> main
2026-10-01T09:21:15-10:00job:github_sync_all | branch 'main' set up to track 'origin/main'.
2026-10-01T09:21:15-10:00job:github_sync_all | ↑ [ecosystem] 6 files → RootRecord-Software-Solutions/RootRecord-Ecosystem (main)
2026-10-01T09:21:15-10:00job:github_sync_all | ↑ [pacific] committed 2 local file(s)
2026-10-01T09:21:15-10:00job:github_sync_all | ↓ [pacific] fetching origin/main
2026-10-01T09:21:15-10:00job:github_sync_all | From github.com:RootRecord-Software-Solutions/RootRecord-Pacific-Solar-Server
2026-10-01T09:21:15-10:00job:github_sync_all | * branch            main       -> FETCH_HEAD
2026-10-01T09:21:15-10:00job:github_sync_all | ↑ [pacific] local is ahead of GitHub
2026-10-01T09:21:15-10:00job:github_sync_all | To github.com:RootRecord-Software-Solutions/RootRecord-Pacific-Solar-Server.git
2026-10-01T09:21:15-10:00job:github_sync_all | 0b7bbac..e88eca2  HEAD -> main
2026-10-01T09:21:15-10:00job:github_sync_all | branch 'main' set up to track 'origin/main'.
2026-10-01T09:21:15-10:00job:github_sync_all | ↑ [pacific] 2 files → RootRecord-Software-Solutions/RootRecord-Pacific-Solar-Server (main)
2026-10-01T09:21:15-10:00job:github_sync_all | ↑ [database] committed 21 local file(s)
2026-10-01T09:21:15-10:00job:github_sync_all | ↓ [database] fetching origin/main
2026-10-01T09:21:15-10:00job:github_sync_all | From github.com:RootRecord-Software-Solutions/RootRecord-Database
2026-10-01T09:21:15-10:00job:github_sync_all | * branch              main       -> FETCH_HEAD
2026-10-01T09:21:15-10:00job:github_sync_all | ↑ [database] local is ahead of GitHub
2026-10-01T09:21:15-10:00job:github_sync_all | To github.com:RootRecord-Software-Solutions/RootRecord-Database.git
2026-10-01T09:21:15-10:00job:github_sync_all | 2bfcdef0..4f5bc994  HEAD -> main
2026-10-01T09:21:15-10:00job:github_sync_all | branch 'main' set up to track 'origin/main'.
2026-10-01T09:21:15-10:00job:github_sync_all | ↑ [database] 21 files → RootRecord-Software-Solutions/RootRecord-Database (main)
2026-10-01T09:21:15-10:00job:github_sync_all | — [library] no local changes
2026-10-01T09:21:15-10:00job:github_sync_all | ↓ [library] fetching origin/main
2026-10-01T09:21:15-10:00job:github_sync_all | From github.com:RootRecord-Software-Solutions/RootRecord-Library
2026-10-01T09:21:15-10:00job:github_sync_all | * branch            main       -> FETCH_HEAD
2026-10-01T09:21:15-10:00job:github_sync_all | — [library] local and GitHub already match
2026-10-01T09:21:15-10:00job:github_sync_all | — [library] nothing to push
2026-10-01T09:21:15-10:00job:github_sync_all | — [website] no local changes
2026-10-01T09:21:15-10:00job:github_sync_all | ↓ [website] fetching origin/main
2026-10-01T09:21:15-10:00job:github_sync_all | From github.com:RootRecord-Software-Solutions/RootRecord-Website
2026-10-01T09:21:15-10:00job:github_sync_all | * branch            main       -> FETCH_HEAD
2026-10-01T09:21:15-10:00job:github_sync_all | — [website] local and GitHub already match
2026-10-01T09:21:15-10:00job:github_sync_all | — [website] nothing to push
2026-10-01T09:21:15-10:00job:github_sync_all | — [website-personal] no local changes
2026-10-01T09:21:16-10:00ENERGY  status=live  B2=2.5%  B1=41.8%  solar=121 W  ac=94 W  usbc=0 W  src=/home/rootrecord/RootRecord-Ecosystem/2 - RootRecord-Database/Energy  LAP=91%/Discharging/batt
2026-10-01T09:21:30-10:00  ▸  SUMMARY=river2pro soc=41.39% solar=0W ac_out=107W usbc=17W src=ble db=ok
2026-10-01T09:21:30-10:00job:sys_stats_cycle RUN  bash "/home/rootrecord/RootRecord-Ecosystem/1 - Servers/1 - RootRecord-Pacific-Solar-Server/System/scripts/sys-sample.sh"
2026-10-01T09:21:32-10:00job:sys_stats_cycle | SYSTEM  cpu=47%  load=3.52  mem=50%  src=sqlite
2026-10-01T09:21:32-10:00job:sys_stats_cycle | OK wrote /home/rootrecord/RootRecord-Ecosystem/2 - RootRecord-Database/System/samples/sys-20261001-092131.json
2026-10-01T09:21:32-10:00job:worklog_scan RUN  bash "/home/rootrecord/RootRecord-Ecosystem/1 - Servers/1 - RootRecord-Pacific-Solar-Server/Reports/scripts/worklog_once.sh"
2026-10-01T09:21:47-10:00job:worklog_scan | OK wrote/updated /home/rootrecord/RootRecord-Ecosystem/2 - RootRecord-Database/Worklog/worklog_current.md
2026-10-01T09:21:47-10:00job:security_camera_frame_grab RUN  bash "/home/rootrecord/RootRecord-Ecosystem/1 - Servers/1 - RootRecord-Pacific-Solar-Server/Security/Cameras/grab_all.sh"
2026-10-01T09:22:05-10:00job:security_camera_frame_grab | 09:21:47  📷  a-eyes  ch1 → ch1-20261001T192147Z.jpg  (491.3 KB, 4.40s)
2026-10-01T09:22:05-10:00job:security_camera_frame_grab | 09:21:52  📷  a-eyes  ch2 → ch2-20261001T192152Z.jpg  (102.1 KB, 4.37s)
2026-10-01T09:22:05-10:00job:security_camera_frame_grab | 09:21:56  📷  a-eyes  ch3 → ch3-20261001T192156Z.jpg  (189.6 KB, 4.35s)
2026-10-01T09:22:05-10:00job:security_camera_frame_grab | 09:22:00  📷  a-eyes  ch4 → ch4-20261001T192200Z.jpg  (142.7 KB, 4.40s)
2026-10-01T09:22:05-10:00job:service_supervisor RUN  bash "/home/rootrecord/RootRecord-Ecosystem/1 - Servers/1 - RootRecord-Pacific-Solar-Server/Automations/scripts/supervise-services.sh"
2026-10-01T09:22:05-10:00job:service_supervisor | [supervisor] weather alive pid=5410 (act)
2026-10-01T09:22:05-10:00job:service_supervisor | [supervisor] relay alive pid=4428 (act)
2026-10-01T09:22:05-10:00job:geology_collect RUN  nice -n 10 python3 "/home/rootrecord/RootRecord-Ecosystem/1 - Servers/1 - RootRecord-Pacific-Solar-Server/Geology/scripts/geology_collect.py" all
2026-10-01T09:22:17-10:00job:geology_collect | {"ok": true, "at": "2026-10-01T09:22:05-10:00", "what": "all", "dry_run": false, "sources": {"hawaii": {"ok": true, "count": 56, "new": 0, "new_m2": 0, "ms": 2959}, "global": {"ok": true, "count": 40, "new": 0, "ms": 300}, "hvo_notices": {"ok": true, "count": 45, "new": 0, "ms": 910}, "hvo_status": {"ok": true, "volcanoes": 8, "kilauea": "WATCH", "mauna_loa": "NORMAL", "ms": 7785}}}
2026-10-01T09:22:17-10:00job:status_snapshot RUN  nice -n 10 python3 "/home/rootrecord/RootRecord-Ecosystem/1 - Servers/1 - RootRecord-Pacific-Solar-Server/Website/scripts/live_data_pages.py"
2026-10-01T09:22:17-10:00job:status_snapshot | live-data 5 pages
2026-10-01T09:22:17-10:00job:system_net_sample RUN  nice -n 10 python3 "/home/rootrecord/RootRecord-Ecosystem/1 - Servers/1 - RootRecord-Pacific-Solar-Server/System/scripts/host_desks.py" net-sample
2026-10-01T09:22:17-10:00job:system_net_sample | {"ok": true, "file": "/home/rootrecord/RootRecord-Ecosystem/2 - RootRecord-Database/System/network/Daily/net-20261001.jsonl", "iface": "wlo1", "hour": {"seconds": 27151, "rx": 584994540, "tx": 27984955, "total": 612979495, "iface": "wlo1", "link": "wireless"}, "day": null}
2026-10-01T09:22:18-10:00ENERGY  status=live  B2=2.5%  B1=41.4%  solar=121 W  ac=94 W  usbc=0 W  src=/home/rootrecord/RootRecord-Ecosystem/2 - RootRecord-Database/Energy  LAP=91%/Discharging/batt
2026-10-01T09:22:34-10:00  ▸  SUMMARY=river2pro soc=41.07% solar=0W ac_out=107W usbc=17W src=ble+cloud db=ok
2026-10-01T09:22:34-10:00job:sys_stats_cycle RUN  bash "/home/rootrecord/RootRecord-Ecosystem/1 - Servers/1 - RootRecord-Pacific-Solar-Server/System/scripts/sys-sample.sh"
2026-10-01T09:22:35-10:00job:sys_stats_cycle | SYSTEM  cpu=11%  load=2.04  mem=50%  src=sqlite
2026-10-01T09:22:35-10:00job:sys_stats_cycle | OK wrote /home/rootrecord/RootRecord-Ecosystem/2 - RootRecord-Database/System/samples/sys-20261001-092234.json
2026-10-01T09:23:37-10:00job:github_sync_all | ↑ [ecosystem] committed 13 local file(s)
2026-10-01T09:23:37-10:00job:github_sync_all | ↓ [ecosystem] fetching origin/main
2026-10-01T09:23:37-10:00job:github_sync_all | From github.com:RootRecord-Software-Solutions/RootRecord-Ecosystem
2026-10-01T09:23:37-10:00job:github_sync_all | * branch              main       -> FETCH_HEAD
2026-10-01T09:23:37-10:00job:github_sync_all | ↑ [ecosystem] local is ahead of GitHub
2026-10-01T09:23:37-10:00job:github_sync_all | To github.com:RootRecord-Software-Solutions/RootRecord-Ecosystem.git
2026-10-01T09:23:37-10:00job:github_sync_all | 5a8d478d..fb363928  HEAD -> main
2026-10-01T09:23:37-10:00job:github_sync_all | branch 'main' set up to track 'origin/main'.
2026-10-01T09:23:37-10:00job:github_sync_all | ↑ [ecosystem] 13 files → RootRecord-Software-Solutions/RootRecord-Ecosystem (main)
2026-10-01T09:23:37-10:00job:github_sync_all | ↑ [pacific] committed 2 local file(s)
2026-10-01T09:23:37-10:00job:github_sync_all | ↓ [pacific] fetching origin/main
2026-10-01T09:23:37-10:00job:github_sync_all | From github.com:RootRecord-Software-Solutions/RootRecord-Pacific-Solar-Server
2026-10-01T09:23:37-10:00job:github_sync_all | * branch            main       -> FETCH_HEAD
2026-10-01T09:23:37-10:00job:github_sync_all | ↑ [pacific] local is ahead of GitHub
2026-10-01T09:23:37-10:00job:github_sync_all | To github.com:RootRecord-Software-Solutions/RootRecord-Pacific-Solar-Server.git
2026-10-01T09:23:37-10:00job:github_sync_all | e88eca2..a69cf5e  HEAD -> main
2026-10-01T09:23:37-10:00job:github_sync_all | branch 'main' set up to track 'origin/main'.
2026-10-01T09:23:37-10:00job:github_sync_all | ↑ [pacific] 2 files → RootRecord-Software-Solutions/RootRecord-Pacific-Solar-Server (main)
2026-10-01T09:23:37-10:00job:github_sync_all | ↑ [database] committed 28 local file(s)
2026-10-01T09:23:37-10:00job:github_sync_all | ↓ [database] fetching origin/main
2026-10-01T09:23:37-10:00job:github_sync_all | From github.com:RootRecord-Software-Solutions/RootRecord-Database
2026-10-01T09:23:37-10:00job:github_sync_all | * branch              main       -> FETCH_HEAD
2026-10-01T09:23:37-10:00job:github_sync_all | ↑ [database] local is ahead of GitHub
2026-10-01T09:23:37-10:00job:github_sync_all | To github.com:RootRecord-Software-Solutions/RootRecord-Database.git
2026-10-01T09:23:37-10:00job:github_sync_all | 4f5bc994..4683860f  HEAD -> main
2026-10-01T09:23:37-10:00job:github_sync_all | branch 'main' set up to track 'origin/main'.
2026-10-01T09:23:37-10:00job:github_sync_all | ↑ [database] 28 files → RootRecord-Software-Solutions/RootRecord-Database (main)
2026-10-01T09:23:37-10:00job:github_sync_all | — [library] no local changes
2026-10-01T09:23:37-10:00job:github_sync_all | ↓ [library] fetching origin/main
2026-10-01T09:23:37-10:00job:github_sync_all | From github.com:RootRecord-Software-Solutions/RootRecord-Library
2026-10-01T09:23:37-10:00job:github_sync_all | * branch            main       -> FETCH_HEAD
2026-10-01T09:23:37-10:00job:github_sync_all | — [library] local and GitHub already match
2026-10-01T09:23:37-10:00job:github_sync_all | — [library] nothing to push
2026-10-01T09:23:37-10:00job:github_sync_all | — [website] no local changes
2026-10-01T09:23:37-10:00job:github_sync_all | ↓ [website] fetching origin/main
2026-10-01T09:23:37-10:00job:github_sync_all | From github.com:RootRecord-Software-Solutions/RootRecord-Website
2026-10-01T09:23:37-10:00job:github_sync_all | * branch            main       -> FETCH_HEAD
2026-10-01T09:23:37-10:00job:github_sync_all | — [website] local and GitHub already match
2026-10-01T09:23:37-10:00job:github_sync_all | — [website] nothing to push
2026-10-01T09:23:37-10:00job:github_sync_all | — [website-personal] no local changes
2026-10-01T09:23:37-10:00job:security_camera_frame_grab RUN  bash "/home/rootrecord/RootRecord-Ecosystem/1 - Servers/1 - RootRecord-Pacific-Solar-Server/Security/Cameras/grab_all.sh"
2026-10-01T09:23:55-10:00job:security_camera_frame_grab | 09:23:37  📷  a-eyes  ch1 → ch1-20261001T192337Z.jpg  (487.1 KB, 4.31s)
2026-10-01T09:23:55-10:00job:security_camera_frame_grab | 09:23:42  📷  a-eyes  ch2 → ch2-20261001T192342Z.jpg  (103.3 KB, 4.34s)
2026-10-01T09:23:55-10:00job:security_camera_frame_grab | 09:23:46  📷  a-eyes  ch3 → ch3-20261001T192346Z.jpg  (201.6 KB, 4.37s)
2026-10-01T09:23:55-10:00job:security_camera_frame_grab | 09:23:50  📷  a-eyes  ch4 → ch4-20261001T192350Z.jpg  (155.3 KB, 4.39s)
2026-10-01T09:23:55-10:00ENERGY  status=live  B2=2.5%  B1=41.1%  solar=121 W  ac=94 W  usbc=0 W  src=/home/rootrecord/RootRecord-Ecosystem/2 - RootRecord-Database/Energy  LAP=90%/Discharging/batt
2026-10-01T09:24:11-10:00  ▸  SUMMARY=river2pro soc=40.54% solar=0W ac_out=85W usbc=8W src=ble db=ok
2026-10-01T09:24:11-10:00job:sys_stats_cycle RUN  bash "/home/rootrecord/RootRecord-Ecosystem/1 - Servers/1 - RootRecord-Pacific-Solar-Server/System/scripts/sys-sample.sh"
2026-10-01T09:24:12-10:00job:sys_stats_cycle | SYSTEM  cpu=1%  load=1.67  mem=50%  src=sqlite
2026-10-01T09:24:12-10:00job:sys_stats_cycle | OK wrote /home/rootrecord/RootRecord-Ecosystem/2 - RootRecord-Database/System/samples/sys-20261001-092411.json
2026-10-01T09:25:20-10:00job:github_sync_all | ↑ [ecosystem] committed 1 local file(s)
2026-10-01T09:25:20-10:00job:github_sync_all | ↓ [ecosystem] fetching origin/main
2026-10-01T09:25:20-10:00job:github_sync_all | From github.com:RootRecord-Software-Solutions/RootRecord-Ecosystem
2026-10-01T09:25:20-10:00job:github_sync_all | * branch              main       -> FETCH_HEAD
2026-10-01T09:25:20-10:00job:github_sync_all | ↑ [ecosystem] local is ahead of GitHub
2026-10-01T09:25:20-10:00job:github_sync_all | To github.com:RootRecord-Software-Solutions/RootRecord-Ecosystem.git
2026-10-01T09:25:20-10:00job:github_sync_all | fb363928..d6951cda  HEAD -> main
2026-10-01T09:25:20-10:00job:github_sync_all | branch 'main' set up to track 'origin/main'.
2026-10-01T09:25:20-10:00job:github_sync_all | ↑ [ecosystem] 1 files → RootRecord-Software-Solutions/RootRecord-Ecosystem (main)
2026-10-01T09:25:20-10:00job:github_sync_all | ↑ [pacific] committed 1 local file(s)
2026-10-01T09:25:20-10:00job:github_sync_all | ↓ [pacific] fetching origin/main
2026-10-01T09:25:20-10:00job:github_sync_all | From github.com:RootRecord-Software-Solutions/RootRecord-Pacific-Solar-Server
2026-10-01T09:25:20-10:00job:github_sync_all | * branch            main       -> FETCH_HEAD
2026-10-01T09:25:20-10:00job:github_sync_all | ↑ [pacific] local is ahead of GitHub
2026-10-01T09:25:20-10:00job:github_sync_all | To github.com:RootRecord-Software-Solutions/RootRecord-Pacific-Solar-Server.git
2026-10-01T09:25:20-10:00job:github_sync_all | a69cf5e..2b02e49  HEAD -> main
2026-10-01T09:25:20-10:00job:github_sync_all | branch 'main' set up to track 'origin/main'.
2026-10-01T09:25:20-10:00job:github_sync_all | ↑ [pacific] 1 files → RootRecord-Software-Solutions/RootRecord-Pacific-Solar-Server (main)
2026-10-01T09:25:20-10:00job:github_sync_all | ↑ [database] committed 12 local file(s)
2026-10-01T09:25:20-10:00job:github_sync_all | ↓ [database] fetching origin/main
2026-10-01T09:25:20-10:00job:github_sync_all | From github.com:RootRecord-Software-Solutions/RootRecord-Database
2026-10-01T09:25:20-10:00job:github_sync_all | * branch              main       -> FETCH_HEAD
2026-10-01T09:25:20-10:00job:github_sync_all | ↑ [database] local is ahead of GitHub
2026-10-01T09:25:20-10:00job:github_sync_all | To github.com:RootRecord-Software-Solutions/RootRecord-Database.git
2026-10-01T09:25:20-10:00job:github_sync_all | 4683860f..0ca1b202  HEAD -> main
2026-10-01T09:25:20-10:00job:github_sync_all | branch 'main' set up to track 'origin/main'.
2026-10-01T09:25:20-10:00job:github_sync_all | ↑ [database] 12 files → RootRecord-Software-Solutions/RootRecord-Database (main)
2026-10-01T09:25:20-10:00job:github_sync_all | — [library] no local changes
2026-10-01T09:25:20-10:00job:github_sync_all | ↓ [library] fetching origin/main
2026-10-01T09:25:20-10:00job:github_sync_all | From github.com:RootRecord-Software-Solutions/RootRecord-Library
2026-10-01T09:25:20-10:00job:github_sync_all | * branch            main       -> FETCH_HEAD
2026-10-01T09:25:20-10:00job:github_sync_all | — [library] local and GitHub already match
2026-10-01T09:25:20-10:00job:github_sync_all | — [library] nothing to push
2026-10-01T09:25:20-10:00job:github_sync_all | — [website] no local changes
2026-10-01T09:25:20-10:00job:github_sync_all | ↓ [website] fetching origin/main
2026-10-01T09:25:20-10:00job:github_sync_all | From github.com:RootRecord-Software-Solutions/RootRecord-Website
2026-10-01T09:25:20-10:00job:github_sync_all | * branch            main       -> FETCH_HEAD
2026-10-01T09:25:20-10:00job:github_sync_all | — [website] local and GitHub already match
2026-10-01T09:25:20-10:00job:github_sync_all | — [website] nothing to push
2026-10-01T09:25:20-10:00job:github_sync_all | — [website-personal] no local changes
2026-10-01T09:25:20-10:00job:worklog_scan RUN  bash "/home/rootrecord/RootRecord-Ecosystem/1 - Servers/1 - RootRecord-Pacific-Solar-Server/Reports/scripts/worklog_once.sh"
2026-10-01T09:25:24-10:00job:worklog_scan | OK wrote/updated /home/rootrecord/RootRecord-Ecosystem/2 - RootRecord-Database/Worklog/worklog_current.md
2026-10-01T09:25:24-10:00job:status_snapshot RUN  nice -n 10 python3 "/home/rootrecord/RootRecord-Ecosystem/1 - Servers/1 - RootRecord-Pacific-Solar-Server/Website/scripts/live_data_pages.py"
2026-10-01T09:25:24-10:00job:status_snapshot | live-data 5 pages
2026-10-01T09:25:25-10:00job:discord_report_relay RUN  nice -n 10 python3 "/home/rootrecord/RootRecord-Ecosystem/1 - Servers/1 - RootRecord-Pacific-Solar-Server/Communications/Discord/scripts/report_relay.py"
2026-10-01T09:25:26-10:00job:discord_report_relay | posted morning_report
2026-10-01T09:25:26-10:00ENERGY  status=live  B2=2.5%  B1=40.5%  solar=121 W  ac=94 W  usbc=0 W  src=/home/rootrecord/RootRecord-Ecosystem/2 - RootRecord-Database/Energy  LAP=90%/Discharging/batt
2026-10-01T09:25:41-10:00  ▸  SUMMARY=river2pro soc=40.09% solar=0W ac_out=99W usbc=8W src=ble db=ok
2026-10-01T09:25:41-10:00job:sys_stats_cycle RUN  bash "/home/rootrecord/RootRecord-Ecosystem/1 - Servers/1 - RootRecord-Pacific-Solar-Server/System/scripts/sys-sample.sh"
2026-10-01T09:25:43-10:00job:sys_stats_cycle | SYSTEM  cpu=3%  load=0.99  mem=49%  src=sqlite
2026-10-01T09:25:43-10:00job:sys_stats_cycle | OK wrote /home/rootrecord/RootRecord-Ecosystem/2 - RootRecord-Database/System/samples/sys-20261001-092542.json
2026-10-01T09:26:47-10:00job:github_sync_all | ↑ [ecosystem] committed 12 local file(s)
2026-10-01T09:26:47-10:00job:github_sync_all | ↓ [ecosystem] fetching origin/main
2026-10-01T09:26:47-10:00job:github_sync_all | From github.com:RootRecord-Software-Solutions/RootRecord-Ecosystem
2026-10-01T09:26:47-10:00job:github_sync_all | * branch              main       -> FETCH_HEAD
2026-10-01T09:26:47-10:00job:github_sync_all | ↑ [ecosystem] local is ahead of GitHub
2026-10-01T09:26:47-10:00job:github_sync_all | To github.com:RootRecord-Software-Solutions/RootRecord-Ecosystem.git
2026-10-01T09:26:47-10:00job:github_sync_all | d6951cda..7d11e7fd  HEAD -> main
2026-10-01T09:26:47-10:00job:github_sync_all | branch 'main' set up to track 'origin/main'.
2026-10-01T09:26:47-10:00job:github_sync_all | ↑ [ecosystem] 12 files → RootRecord-Software-Solutions/RootRecord-Ecosystem (main)
2026-10-01T09:26:47-10:00job:github_sync_all | ↑ [pacific] committed 4 local file(s)
2026-10-01T09:26:47-10:00job:github_sync_all | ↓ [pacific] fetching origin/main
2026-10-01T09:26:47-10:00job:github_sync_all | From github.com:RootRecord-Software-Solutions/RootRecord-Pacific-Solar-Server
2026-10-01T09:26:47-10:00job:github_sync_all | * branch            main       -> FETCH_HEAD
2026-10-01T09:26:47-10:00job:github_sync_all | ↑ [pacific] local is ahead of GitHub
2026-10-01T09:26:47-10:00job:github_sync_all | To github.com:RootRecord-Software-Solutions/RootRecord-Pacific-Solar-Server.git
2026-10-01T09:26:47-10:00job:github_sync_all | 2b02e49..2c8834d  HEAD -> main
2026-10-01T09:26:47-10:00job:github_sync_all | branch 'main' set up to track 'origin/main'.
2026-10-01T09:26:47-10:00job:github_sync_all | ↑ [pacific] 4 files → RootRecord-Software-Solutions/RootRecord-Pacific-Solar-Server (main)
2026-10-01T09:26:47-10:00job:github_sync_all | ↑ [database] committed 20 local file(s)
2026-10-01T09:26:47-10:00job:github_sync_all | ↓ [database] fetching origin/main
2026-10-01T09:26:47-10:00job:github_sync_all | From github.com:RootRecord-Software-Solutions/RootRecord-Database
2026-10-01T09:26:47-10:00job:github_sync_all | * branch              main       -> FETCH_HEAD
2026-10-01T09:26:47-10:00job:github_sync_all | ↑ [database] local is ahead of GitHub
2026-10-01T09:26:47-10:00job:github_sync_all | To github.com:RootRecord-Software-Solutions/RootRecord-Database.git
2026-10-01T09:26:47-10:00job:github_sync_all | 0ca1b202..c6a741da  HEAD -> main
2026-10-01T09:26:47-10:00job:github_sync_all | branch 'main' set up to track 'origin/main'.
2026-10-01T09:26:47-10:00job:github_sync_all | ↑ [database] 20 files → RootRecord-Software-Solutions/RootRecord-Database (main)
2026-10-01T09:26:47-10:00job:github_sync_all | — [library] no local changes
2026-10-01T09:26:47-10:00job:github_sync_all | ↓ [library] fetching origin/main
2026-10-01T09:26:47-10:00job:github_sync_all | From github.com:RootRecord-Software-Solutions/RootRecord-Library
2026-10-01T09:26:47-10:00job:github_sync_all | * branch            main       -> FETCH_HEAD
2026-10-01T09:26:47-10:00job:github_sync_all | — [library] local and GitHub already match
2026-10-01T09:26:47-10:00job:github_sync_all | — [library] nothing to push
2026-10-01T09:26:47-10:00job:github_sync_all | ↑ [website] committed 2 local file(s)
2026-10-01T09:26:47-10:00job:github_sync_all | ↓ [website] fetching origin/main
2026-10-01T09:26:47-10:00job:github_sync_all | From github.com:RootRecord-Software-Solutions/RootRecord-Website
2026-10-01T09:26:47-10:00job:github_sync_all | * branch            main       -> FETCH_HEAD
2026-10-01T09:26:47-10:00job:github_sync_all | ↑ [website] local is ahead of GitHub
2026-10-01T09:26:47-10:00job:github_sync_all | To github.com:RootRecord-Software-Solutions/RootRecord-Website.git
2026-10-01T09:26:47-10:00job:github_sync_all | 0c83ec1..9efbd30  HEAD -> main
2026-10-01T09:26:47-10:00job:security_camera_frame_grab RUN  bash "/home/rootrecord/RootRecord-Ecosystem/1 - Servers/1 - RootRecord-Pacific-Solar-Server/Security/Cameras/grab_all.sh"
2026-10-01T09:27:05-10:00job:security_camera_frame_grab | 09:26:47  📷  a-eyes  ch1 → ch1-20261001T192647Z.jpg  (482.6 KB, 4.50s)
2026-10-01T09:27:05-10:00job:security_camera_frame_grab | 09:26:52  📷  a-eyes  ch2 → ch2-20261001T192652Z.jpg  (104.7 KB, 4.49s)
2026-10-01T09:27:05-10:00job:security_camera_frame_grab | 09:26:56  📷  a-eyes  ch3 → ch3-20261001T192656Z.jpg  (211.0 KB, 4.36s)
2026-10-01T09:27:05-10:00job:security_camera_frame_grab | 09:27:01  📷  a-eyes  ch4 → ch4-20261001T192701Z.jpg  (160.7 KB, 4.37s)
2026-10-01T09:27:06-10:00ENERGY  status=live  B2=2.5%  B1=40.1%  solar=121 W  ac=94 W  usbc=0 W  src=/home/rootrecord/RootRecord-Ecosystem/2 - RootRecord-Database/Energy  LAP=90%/Discharging/batt
2026-10-01T09:27:22-10:00  ▸  SUMMARY=river2pro soc=39.57% solar=0W ac_out=104W usbc=7W src=ble db=ok
2026-10-01T09:27:22-10:00job:sys_stats_cycle RUN  bash "/home/rootrecord/RootRecord-Ecosystem/1 - Servers/1 - RootRecord-Pacific-Solar-Server/System/scripts/sys-sample.sh"
2026-10-01T09:27:23-10:00job:sys_stats_cycle | SYSTEM  cpu=9%  load=1.44  mem=50%  src=sqlite
2026-10-01T09:27:23-10:00job:sys_stats_cycle | OK wrote /home/rootrecord/RootRecord-Ecosystem/2 - RootRecord-Database/System/samples/sys-20261001-092722.json
2026-10-01T09:28:26-10:00job:github_sync_all | — [ecosystem] no committable local changes
2026-10-01T09:28:26-10:00job:github_sync_all | ↓ [ecosystem] fetching origin/main
2026-10-01T09:28:26-10:00job:github_sync_all | From github.com:RootRecord-Software-Solutions/RootRecord-Ecosystem
2026-10-01T09:28:26-10:00job:github_sync_all | * branch              main       -> FETCH_HEAD
2026-10-01T09:28:26-10:00job:github_sync_all | — [ecosystem] local and GitHub already match
2026-10-01T09:28:26-10:00job:github_sync_all | — [ecosystem] nothing to push
2026-10-01T09:28:26-10:00job:github_sync_all | — [pacific] no local changes
2026-10-01T09:28:26-10:00job:github_sync_all | ↓ [pacific] fetching origin/main
2026-10-01T09:28:26-10:00job:github_sync_all | From github.com:RootRecord-Software-Solutions/RootRecord-Pacific-Solar-Server
2026-10-01T09:28:26-10:00job:github_sync_all | * branch            main       -> FETCH_HEAD
2026-10-01T09:28:26-10:00job:github_sync_all | — [pacific] local and GitHub already match
2026-10-01T09:28:26-10:00job:github_sync_all | — [pacific] nothing to push
2026-10-01T09:28:26-10:00job:github_sync_all | ↑ [database] committed 12 local file(s)
2026-10-01T09:28:26-10:00job:github_sync_all | ↓ [database] fetching origin/main
2026-10-01T09:28:26-10:00job:github_sync_all | From github.com:RootRecord-Software-Solutions/RootRecord-Database
2026-10-01T09:28:26-10:00job:github_sync_all | * branch              main       -> FETCH_HEAD
2026-10-01T09:28:26-10:00job:github_sync_all | ↑ [database] local is ahead of GitHub
2026-10-01T09:28:26-10:00job:github_sync_all | To github.com:RootRecord-Software-Solutions/RootRecord-Database.git
2026-10-01T09:28:26-10:00job:github_sync_all | c6a741da..70398a39  HEAD -> main
2026-10-01T09:28:26-10:00job:github_sync_all | branch 'main' set up to track 'origin/main'.
2026-10-01T09:28:26-10:00job:github_sync_all | ↑ [database] 12 files → RootRecord-Software-Solutions/RootRecord-Database (main)
2026-10-01T09:28:26-10:00job:github_sync_all | — [library] no local changes
2026-10-01T09:28:26-10:00job:github_sync_all | ↓ [library] fetching origin/main
2026-10-01T09:28:26-10:00job:github_sync_all | From github.com:RootRecord-Software-Solutions/RootRecord-Library
2026-10-01T09:28:26-10:00job:github_sync_all | * branch            main       -> FETCH_HEAD
2026-10-01T09:28:26-10:00job:github_sync_all | — [library] local and GitHub already match
2026-10-01T09:28:26-10:00job:github_sync_all | — [library] nothing to push
2026-10-01T09:28:26-10:00job:github_sync_all | — [website] no local changes
2026-10-01T09:28:26-10:00job:github_sync_all | ↓ [website] fetching origin/main
2026-10-01T09:28:26-10:00job:github_sync_all | From github.com:RootRecord-Software-Solutions/RootRecord-Website
2026-10-01T09:28:26-10:00job:github_sync_all | * branch            main       -> FETCH_HEAD
2026-10-01T09:28:26-10:00job:github_sync_all | — [website] local and GitHub already match
2026-10-01T09:28:26-10:00job:github_sync_all | — [website] nothing to push
2026-10-01T09:28:26-10:00job:github_sync_all | — [website-personal] no local changes
2026-10-01T09:28:26-10:00job:github_sync_all | ↓ [website-personal] fetching origin/main
2026-10-01T09:28:26-10:00job:github_sync_all | From github.com:rootrecordsoftwaresolutions/RootRecord-Website
2026-10-01T09:28:26-10:00job:github_sync_all | * branch            main       -> FETCH_HEAD
2026-10-01T09:28:26-10:00job:github_sync_all | — [website-personal] local and GitHub already match
2026-10-01T09:28:26-10:00job:github_sync_all | — [website-personal] nothing to push
2026-10-01T09:28:26-10:00job:github_sync_all | — [mainland] no local changes
2026-10-01T09:28:26-10:00job:worklog_scan RUN  bash "/home/rootrecord/RootRecord-Ecosystem/1 - Servers/1 - RootRecord-Pacific-Solar-Server/Reports/scripts/worklog_once.sh"
2026-10-01T09:28:36-10:00job:worklog_scan | OK wrote/updated /home/rootrecord/RootRecord-Ecosystem/2 - RootRecord-Database/Worklog/worklog_current.md
2026-10-01T09:28:36-10:00job:service_supervisor RUN  bash "/home/rootrecord/RootRecord-Ecosystem/1 - Servers/1 - RootRecord-Pacific-Solar-Server/Automations/scripts/supervise-services.sh"
2026-10-01T09:28:36-10:00job:service_supervisor | [supervisor] weather alive pid=5410 (act)
2026-10-01T09:28:36-10:00job:service_supervisor | [supervisor] relay alive pid=4428 (act)
2026-10-01T09:28:36-10:00job:status_snapshot RUN  nice -n 10 python3 "/home/rootrecord/RootRecord-Ecosystem/1 - Servers/1 - RootRecord-Pacific-Solar-Server/Website/scripts/live_data_pages.py"
2026-10-01T09:28:36-10:00job:status_snapshot | live-data 5 pages
2026-10-01T09:28:37-10:00ENERGY  status=live  B2=2.5%  B1=39.6%  solar=121 W  ac=94 W  usbc=0 W  src=/home/rootrecord/RootRecord-Ecosystem/2 - RootRecord-Database/Energy  LAP=89%/Discharging/batt
2026-10-01T09:28:52-10:00  ▸  SUMMARY=river2pro soc=39.14% solar=0W ac_out=93W usbc=14W src=ble db=ok
2026-10-01T09:28:52-10:00job:sys_stats_cycle RUN  bash "/home/rootrecord/RootRecord-Ecosystem/1 - Servers/1 - RootRecord-Pacific-Solar-Server/System/scripts/sys-sample.sh"
2026-10-01T09:28:54-10:00job:sys_stats_cycle | SYSTEM  cpu=17%  load=1.07  mem=49%  src=sqlite
2026-10-01T09:28:54-10:00job:sys_stats_cycle | OK wrote /home/rootrecord/RootRecord-Ecosystem/2 - RootRecord-Database/System/samples/sys-20261001-092853.json
2026-10-01T09:29:53-10:00job:github_sync_all | ↑ [ecosystem] committed 26 local file(s)
2026-10-01T09:29:53-10:00job:github_sync_all | ↓ [ecosystem] fetching origin/main
2026-10-01T09:29:53-10:00job:github_sync_all | From github.com:RootRecord-Software-Solutions/RootRecord-Ecosystem
2026-10-01T09:29:53-10:00job:github_sync_all | * branch              main       -> FETCH_HEAD
2026-10-01T09:29:53-10:00job:github_sync_all | ↑ [ecosystem] local is ahead of GitHub
2026-10-01T09:29:53-10:00job:github_sync_all | To github.com:RootRecord-Software-Solutions/RootRecord-Ecosystem.git
2026-10-01T09:29:53-10:00job:github_sync_all | 7d11e7fd..86cce753  HEAD -> main
2026-10-01T09:29:53-10:00job:github_sync_all | branch 'main' set up to track 'origin/main'.
2026-10-01T09:29:53-10:00job:github_sync_all | ↑ [ecosystem] 26 files → RootRecord-Software-Solutions/RootRecord-Ecosystem (main)
2026-10-01T09:29:53-10:00job:github_sync_all | ↑ [pacific] committed 1 local file(s)
2026-10-01T09:29:53-10:00job:github_sync_all | ↓ [pacific] fetching origin/main
2026-10-01T09:29:53-10:00job:github_sync_all | From github.com:RootRecord-Software-Solutions/RootRecord-Pacific-Solar-Server
2026-10-01T09:29:53-10:00job:github_sync_all | * branch            main       -> FETCH_HEAD
2026-10-01T09:29:53-10:00job:github_sync_all | ↑ [pacific] local is ahead of GitHub
2026-10-01T09:29:53-10:00job:github_sync_all | To github.com:RootRecord-Software-Solutions/RootRecord-Pacific-Solar-Server.git
2026-10-01T09:29:53-10:00job:github_sync_all | 2c8834d..05105ea  HEAD -> main
2026-10-01T09:29:53-10:00job:github_sync_all | branch 'main' set up to track 'origin/main'.
2026-10-01T09:29:53-10:00job:github_sync_all | ↑ [pacific] 1 files → RootRecord-Software-Solutions/RootRecord-Pacific-Solar-Server (main)
2026-10-01T09:29:53-10:00job:github_sync_all | ↑ [database] committed 19 local file(s)
2026-10-01T09:29:53-10:00job:github_sync_all | ↓ [database] fetching origin/main
2026-10-01T09:29:53-10:00job:github_sync_all | From github.com:RootRecord-Software-Solutions/RootRecord-Database
2026-10-01T09:29:53-10:00job:github_sync_all | * branch              main       -> FETCH_HEAD
2026-10-01T09:29:53-10:00job:github_sync_all | ↑ [database] local is ahead of GitHub
2026-10-01T09:29:53-10:00job:github_sync_all | To github.com:RootRecord-Software-Solutions/RootRecord-Database.git
2026-10-01T09:29:53-10:00job:github_sync_all | 70398a39..57a68685  HEAD -> main
2026-10-01T09:29:53-10:00job:github_sync_all | branch 'main' set up to track 'origin/main'.
2026-10-01T09:29:53-10:00job:github_sync_all | ↑ [database] 19 files → RootRecord-Software-Solutions/RootRecord-Database (main)
2026-10-01T09:29:53-10:00job:github_sync_all | — [library] no local changes
2026-10-01T09:29:53-10:00job:github_sync_all | ↓ [library] fetching origin/main
2026-10-01T09:29:53-10:00job:github_sync_all | From github.com:RootRecord-Software-Solutions/RootRecord-Library
2026-10-01T09:29:53-10:00job:github_sync_all | * branch            main       -> FETCH_HEAD
2026-10-01T09:29:53-10:00job:github_sync_all | — [library] local and GitHub already match
2026-10-01T09:29:53-10:00job:github_sync_all | — [library] nothing to push
2026-10-01T09:29:53-10:00job:github_sync_all | — [website] no local changes
2026-10-01T09:29:53-10:00job:github_sync_all | ↓ [website] fetching origin/main
2026-10-01T09:29:53-10:00job:github_sync_all | From github.com:RootRecord-Software-Solutions/RootRecord-Website
2026-10-01T09:29:53-10:00job:github_sync_all | * branch            main       -> FETCH_HEAD
2026-10-01T09:29:53-10:00job:github_sync_all | — [website] local and GitHub already match
2026-10-01T09:29:53-10:00job:github_sync_all | — [website] nothing to push
2026-10-01T09:29:53-10:00job:github_sync_all | — [website-personal] no local changes
2026-10-01T09:29:53-10:00job:security_camera_frame_grab RUN  bash "/home/rootrecord/RootRecord-Ecosystem/1 - Servers/1 - RootRecord-Pacific-Solar-Server/Security/Cameras/grab_all.sh"
2026-10-01T09:30:11-10:00job:security_camera_frame_grab | 09:29:53  📷  a-eyes  ch1 → ch1-20261001T192953Z.jpg  (479.8 KB, 4.53s)
2026-10-01T09:30:11-10:00job:security_camera_frame_grab | 09:29:57  📷  a-eyes  ch2 → ch2-20261001T192957Z.jpg  (108.7 KB, 4.38s)
2026-10-01T09:30:11-10:00job:security_camera_frame_grab | 09:30:02  📷  a-eyes  ch3 → ch3-20261001T193002Z.jpg  (214.0 KB, 4.34s)
2026-10-01T09:30:11-10:00job:security_camera_frame_grab | 09:30:06  📷  a-eyes  ch4 → ch4-20261001T193006Z.jpg  (165.4 KB, 4.37s)
2026-10-01T09:30:11-10:00job:geology_collect RUN  nice -n 10 python3 "/home/rootrecord/RootRecord-Ecosystem/1 - Servers/1 - RootRecord-Pacific-Solar-Server/Geology/scripts/geology_collect.py" all
2026-10-01T09:30:21-10:00job:geology_collect | {"ok": true, "at": "2026-10-01T09:30:11-10:00", "what": "all", "dry_run": false, "sources": {"hawaii": {"ok": true, "count": 56, "new": 0, "new_m2": 0, "ms": 954}, "global": {"ok": true, "count": 40, "new": 0, "ms": 348}, "hvo_notices": {"ok": true, "count": 45, "new": 0, "ms": 3848}, "hvo_status": {"ok": true, "volcanoes": 8, "kilauea": "WATCH", "mauna_loa": "NORMAL", "ms": 4571}}}
2026-10-01T09:30:21-10:00job:system_net_sample RUN  nice -n 10 python3 "/home/rootrecord/RootRecord-Ecosystem/1 - Servers/1 - RootRecord-Pacific-Solar-Server/System/scripts/host_desks.py" net-sample
2026-10-01T09:30:21-10:00job:system_net_sample | {"ok": true, "file": "/home/rootrecord/RootRecord-Ecosystem/2 - RootRecord-Database/System/network/Daily/net-20261001.jsonl", "iface": "wlo1", "hour": {"seconds": 27635, "rx": 666464694, "tx": 34357792, "total": 700822486, "iface": "wlo1", "link": "wireless"}, "day": null}
2026-10-01T09:30:21-10:00job:voice_nws_weather RUN  nice -n 10 python3 "/home/rootrecord/RootRecord-Ecosystem/1 - Servers/1 - RootRecord-Pacific-Solar-Server/Media/Voice/scripts/voice_reports.py" nws_weather
2026-10-01T09:30:52-10:00job:voice_nws_weather | {"ok": true, "report": "nws_weather", "md": "/home/rootrecord/RootRecord-Ecosystem/test-reports/Voice/nws_weather_current.md", "sentences": 6, "voice": {"ok": true, "mode": "stitch", "report": "nws_weather", "agent": "ava", "voice": "af_heart", "speed": 1.0, "wav": "/home/rootrecord/RootRecord-Ecosystem/2 - RootRecord-Database/Media/Audio/Voice/nws_weather_current.wav", "clips_used": 0, "live_sentences": 17, "model_loaded": true, "render_s": 26.09, "sample_rate": 24000, "channels": 1, "subtype": "PCM_16", "duration_s": 49.438, "peak_dbfs": -1.5, "rms_dbfs": -20.28, "lead_silence_ms": 113, "qc": "PASS", "wall_s": 26.16, "peak_rss_mb": 1809, "rc": 0}, "deliver": {"ok": true, "sent": true, "persona": "ava", "chat": "-1004367256267", "message_id": 2192, "transcript": false, "report": true, "photo": false, "plan": {"voice": true, "transcript": false, "report": true}}}
2026-10-01T09:30:52-10:00job:voice_energy_report RUN  nice -n 10 python3 "/home/rootrecord/RootRecord-Ecosystem/1 - Servers/1 - RootRecord-Pacific-Solar-Server/Media/Voice/scripts/voice_reports.py" energy_report
2026-10-01T09:30:52-10:00job:voice_energy_report | {"ok": true, "report": "energy_report", "md": "/home/rootrecord/RootRecord-Ecosystem/test-reports/Voice/energy_report_current.md", "sentences": 4, "voice": {"ok": true, "skipped": true, "detail": "blended into the hourly solar desk; this run refreshes the camera look"}}
2026-10-01T09:30:53-10:00ENERGY  status=live  B2=2.5%  B1=39.1%  solar=121 W  ac=94 W  usbc=0 W  src=/home/rootrecord/RootRecord-Ecosystem/2 - RootRecord-Database/Energy  LAP=88%/Discharging/batt
2026-10-01T09:31:11-10:00  ▸  SUMMARY=delta2 soc=5.34% solar=112W ac_out=94W usbc=0W src=ble+cloud db=ok
2026-10-01T09:31:11-10:00job:sys_stats_cycle RUN  bash "/home/rootrecord/RootRecord-Ecosystem/1 - Servers/1 - RootRecord-Pacific-Solar-Server/System/scripts/sys-sample.sh"
2026-10-01T09:31:12-10:00job:sys_stats_cycle | SYSTEM  cpu=13%  load=2.10  mem=51%  src=sqlite
2026-10-01T09:31:12-10:00job:sys_stats_cycle | OK wrote /home/rootrecord/RootRecord-Ecosystem/2 - RootRecord-Database/System/samples/sys-20261001-093111.json
2026-10-01T09:32:13-10:00job:github_sync_all | ↑ [ecosystem] committed 16 local file(s)
2026-10-01T09:32:13-10:00job:github_sync_all | ↓ [ecosystem] fetching origin/main
2026-10-01T09:32:13-10:00job:github_sync_all | From github.com:RootRecord-Software-Solutions/RootRecord-Ecosystem
2026-10-01T09:32:13-10:00job:github_sync_all | * branch              main       -> FETCH_HEAD
2026-10-01T09:32:13-10:00job:github_sync_all | ↑ [ecosystem] local is ahead of GitHub
2026-10-01T09:32:13-10:00job:github_sync_all | To github.com:RootRecord-Software-Solutions/RootRecord-Ecosystem.git
2026-10-01T09:32:13-10:00job:github_sync_all | 86cce753..207c0e55  HEAD -> main
2026-10-01T09:32:13-10:00job:github_sync_all | branch 'main' set up to track 'origin/main'.
2026-10-01T09:32:13-10:00job:github_sync_all | ↑ [ecosystem] 16 files → RootRecord-Software-Solutions/RootRecord-Ecosystem (main)
2026-10-01T09:32:13-10:00job:github_sync_all | — [pacific] no local changes
2026-10-01T09:32:13-10:00job:github_sync_all | ↓ [pacific] fetching origin/main
2026-10-01T09:32:13-10:00job:github_sync_all | From github.com:RootRecord-Software-Solutions/RootRecord-Pacific-Solar-Server
2026-10-01T09:32:13-10:00job:github_sync_all | * branch            main       -> FETCH_HEAD
2026-10-01T09:32:13-10:00job:github_sync_all | — [pacific] local and GitHub already match
2026-10-01T09:32:13-10:00job:github_sync_all | — [pacific] nothing to push
2026-10-01T09:32:13-10:00job:github_sync_all | ↑ [database] committed 22 local file(s)
2026-10-01T09:32:13-10:00job:github_sync_all | ↓ [database] fetching origin/main
2026-10-01T09:32:13-10:00job:github_sync_all | From github.com:RootRecord-Software-Solutions/RootRecord-Database
2026-10-01T09:32:13-10:00job:github_sync_all | * branch              main       -> FETCH_HEAD
2026-10-01T09:32:13-10:00job:github_sync_all | ↑ [database] local is ahead of GitHub
2026-10-01T09:32:13-10:00job:github_sync_all | To github.com:RootRecord-Software-Solutions/RootRecord-Database.git
2026-10-01T09:32:13-10:00job:github_sync_all | 57a68685..da54e4eb  HEAD -> main
2026-10-01T09:32:13-10:00job:github_sync_all | branch 'main' set up to track 'origin/main'.
2026-10-01T09:32:13-10:00job:github_sync_all | ↑ [database] 22 files → RootRecord-Software-Solutions/RootRecord-Database (main)
2026-10-01T09:32:13-10:00job:github_sync_all | — [library] no local changes
2026-10-01T09:32:13-10:00job:github_sync_all | ↓ [library] fetching origin/main
2026-10-01T09:32:13-10:00job:github_sync_all | From github.com:RootRecord-Software-Solutions/RootRecord-Library
2026-10-01T09:32:13-10:00job:github_sync_all | * branch            main       -> FETCH_HEAD
2026-10-01T09:32:13-10:00job:github_sync_all | — [library] local and GitHub already match
2026-10-01T09:32:13-10:00job:github_sync_all | — [library] nothing to push
2026-10-01T09:32:13-10:00job:github_sync_all | — [website] no local changes
2026-10-01T09:32:13-10:00job:github_sync_all | ↓ [website] fetching origin/main
2026-10-01T09:32:13-10:00job:github_sync_all | From github.com:RootRecord-Software-Solutions/RootRecord-Website
2026-10-01T09:32:13-10:00job:github_sync_all | * branch            main       -> FETCH_HEAD
2026-10-01T09:32:13-10:00job:github_sync_all | — [website] local and GitHub already match
2026-10-01T09:32:13-10:00job:github_sync_all | — [website] nothing to push
2026-10-01T09:32:13-10:00job:github_sync_all | — [website-personal] no local changes
2026-10-01T09:32:13-10:00job:github_sync_all | ↓ [website-personal] fetching origin/main
2026-10-01T09:32:13-10:00job:github_sync_all | From github.com:rootrecordsoftwaresolutions/RootRecord-Website
2026-10-01T09:32:13-10:00job:github_sync_all | * branch            main       -> FETCH_HEAD
2026-10-01T09:32:13-10:00job:worklog_scan RUN  bash "/home/rootrecord/RootRecord-Ecosystem/1 - Servers/1 - RootRecord-Pacific-Solar-Server/Reports/scripts/worklog_once.sh"
2026-10-01T09:32:29-10:00job:worklog_scan | OK wrote/updated /home/rootrecord/RootRecord-Ecosystem/2 - RootRecord-Database/Worklog/worklog_current.md
2026-10-01T09:32:29-10:00job:security_camera_frame_grab RUN  bash "/home/rootrecord/RootRecord-Ecosystem/1 - Servers/1 - RootRecord-Pacific-Solar-Server/Security/Cameras/grab_all.sh"
2026-10-01T09:32:47-10:00job:security_camera_frame_grab | 09:32:29  📷  a-eyes  ch1 → ch1-20261001T193229Z.jpg  (478.0 KB, 4.35s)
2026-10-01T09:32:47-10:00job:security_camera_frame_grab | 09:32:33  📷  a-eyes  ch2 → ch2-20261001T193233Z.jpg  (134.4 KB, 4.42s)
2026-10-01T09:32:47-10:00job:security_camera_frame_grab | 09:32:38  📷  a-eyes  ch3 → ch3-20261001T193238Z.jpg  (217.2 KB, 4.38s)
2026-10-01T09:32:47-10:00job:security_camera_frame_grab | 09:32:42  📷  a-eyes  ch4 → ch4-20261001T193242Z.jpg  (167.3 KB, 4.37s)
2026-10-01T09:32:47-10:00job:status_snapshot RUN  nice -n 10 python3 "/home/rootrecord/RootRecord-Ecosystem/1 - Servers/1 - RootRecord-Pacific-Solar-Server/Website/scripts/live_data_pages.py"
2026-10-01T09:32:47-10:00job:status_snapshot | live-data 5 pages
2026-10-01T09:32:47-10:00job:discord_report_relay RUN  nice -n 10 python3 "/home/rootrecord/RootRecord-Ecosystem/1 - Servers/1 - RootRecord-Pacific-Solar-Server/Communications/Discord/scripts/report_relay.py"
2026-10-01T09:32:49-10:00job:discord_report_relay | posted nws_weather
2026-10-01T09:32:49-10:00job:discord_report_relay | posted energy_report
2026-10-01T09:32:49-10:00ENERGY  status=live  B2=5.3%  B1=39.1%  solar=112 W  ac=94 W  usbc=0 W  src=/home/rootrecord/RootRecord-Ecosystem/2 - RootRecord-Database/Energy  LAP=88%/Discharging/batt
2026-10-01T09:33:05-10:00  ▸  SUMMARY=river2pro soc=37.88% solar=0W ac_out=84W usbc=17W src=ble db=ok
2026-10-01T09:33:05-10:00job:sys_stats_cycle RUN  bash "/home/rootrecord/RootRecord-Ecosystem/1 - Servers/1 - RootRecord-Pacific-Solar-Server/System/scripts/sys-sample.sh"
2026-10-01T09:33:06-10:00job:sys_stats_cycle | SYSTEM  cpu=5%  load=1.00  mem=52%  src=sqlite
2026-10-01T09:33:06-10:00job:sys_stats_cycle | OK wrote /home/rootrecord/RootRecord-Ecosystem/2 - RootRecord-Database/System/samples/sys-20261001-093305.json
2026-10-01T09:34:04-10:00job:github_sync_all | ↑ [ecosystem] committed 8 local file(s)
2026-10-01T09:34:04-10:00job:github_sync_all | ↓ [ecosystem] fetching origin/main
2026-10-01T09:34:04-10:00job:github_sync_all | From github.com:RootRecord-Software-Solutions/RootRecord-Ecosystem
2026-10-01T09:34:04-10:00job:github_sync_all | * branch              main       -> FETCH_HEAD
2026-10-01T09:34:04-10:00job:github_sync_all | ↑ [ecosystem] local is ahead of GitHub
2026-10-01T09:34:04-10:00job:github_sync_all | To github.com:RootRecord-Software-Solutions/RootRecord-Ecosystem.git
2026-10-01T09:34:04-10:00job:github_sync_all | 207c0e55..8ff8c78c  HEAD -> main
2026-10-01T09:34:04-10:00job:github_sync_all | branch 'main' set up to track 'origin/main'.
2026-10-01T09:34:04-10:00job:github_sync_all | ↑ [ecosystem] 8 files → RootRecord-Software-Solutions/RootRecord-Ecosystem (main)
2026-10-01T09:34:04-10:00job:github_sync_all | ↑ [pacific] committed 4 local file(s)
2026-10-01T09:34:04-10:00job:github_sync_all | ↓ [pacific] fetching origin/main
2026-10-01T09:34:04-10:00job:github_sync_all | From github.com:RootRecord-Software-Solutions/RootRecord-Pacific-Solar-Server
2026-10-01T09:34:04-10:00job:github_sync_all | * branch            main       -> FETCH_HEAD
2026-10-01T09:34:04-10:00job:github_sync_all | ↑ [pacific] local is ahead of GitHub
2026-10-01T09:34:04-10:00job:github_sync_all | To github.com:RootRecord-Software-Solutions/RootRecord-Pacific-Solar-Server.git
2026-10-01T09:34:04-10:00job:github_sync_all | 05105ea..80dec0a  HEAD -> main
2026-10-01T09:34:04-10:00job:github_sync_all | branch 'main' set up to track 'origin/main'.
2026-10-01T09:34:04-10:00job:github_sync_all | ↑ [pacific] 4 files → RootRecord-Software-Solutions/RootRecord-Pacific-Solar-Server (main)
2026-10-01T09:34:04-10:00job:github_sync_all | ↑ [database] committed 20 local file(s)
2026-10-01T09:34:04-10:00job:github_sync_all | ↓ [database] fetching origin/main
2026-10-01T09:34:04-10:00job:github_sync_all | From github.com:RootRecord-Software-Solutions/RootRecord-Database
2026-10-01T09:34:04-10:00job:github_sync_all | * branch              main       -> FETCH_HEAD
2026-10-01T09:34:04-10:00job:github_sync_all | ↑ [database] local is ahead of GitHub
2026-10-01T09:34:04-10:00job:github_sync_all | To github.com:RootRecord-Software-Solutions/RootRecord-Database.git
2026-10-01T09:34:04-10:00job:github_sync_all | da54e4eb..5f6f9b76  HEAD -> main
2026-10-01T09:34:04-10:00job:github_sync_all | branch 'main' set up to track 'origin/main'.
2026-10-01T09:34:04-10:00job:github_sync_all | ↑ [database] 20 files → RootRecord-Software-Solutions/RootRecord-Database (main)
2026-10-01T09:34:04-10:00job:github_sync_all | — [library] no local changes
2026-10-01T09:34:04-10:00job:github_sync_all | ↓ [library] fetching origin/main
2026-10-01T09:34:04-10:00job:github_sync_all | From github.com:RootRecord-Software-Solutions/RootRecord-Library
2026-10-01T09:34:04-10:00job:github_sync_all | * branch            main       -> FETCH_HEAD
2026-10-01T09:34:04-10:00job:github_sync_all | — [library] local and GitHub already match
2026-10-01T09:34:04-10:00job:github_sync_all | — [library] nothing to push
2026-10-01T09:34:04-10:00job:github_sync_all | ↑ [website] committed 3 local file(s)
2026-10-01T09:34:04-10:00job:github_sync_all | ↓ [website] fetching origin/main
2026-10-01T09:34:04-10:00job:github_sync_all | From github.com:RootRecord-Software-Solutions/RootRecord-Website
2026-10-01T09:34:04-10:00job:github_sync_all | * branch            main       -> FETCH_HEAD
2026-10-01T09:34:04-10:00job:github_sync_all | ↑ [website] local is ahead of GitHub
2026-10-01T09:34:04-10:00job:github_sync_all | To github.com:RootRecord-Software-Solutions/RootRecord-Website.git
2026-10-01T09:34:04-10:00job:github_sync_all | 9efbd30..9316278  HEAD -> main
2026-10-01T09:34:04-10:00job:security_camera_frame_grab RUN  bash "/home/rootrecord/RootRecord-Ecosystem/1 - Servers/1 - RootRecord-Pacific-Solar-Server/Security/Cameras/grab_all.sh"
2026-10-01T09:34:21-10:00job:security_camera_frame_grab | 09:34:04  📷  a-eyes  ch1 → ch1-20261001T193404Z.jpg  (474.6 KB, 4.29s)
2026-10-01T09:34:21-10:00job:security_camera_frame_grab | 09:34:08  📷  a-eyes  ch2 → ch2-20261001T193408Z.jpg  (132.2 KB, 4.55s)
2026-10-01T09:34:21-10:00job:security_camera_frame_grab | 09:34:13  📷  a-eyes  ch3 → ch3-20261001T193413Z.jpg  (216.3 KB, 4.26s)
2026-10-01T09:34:21-10:00job:security_camera_frame_grab | 09:34:17  📷  a-eyes  ch4 → ch4-20261001T193417Z.jpg  (166.9 KB, 4.32s)
2026-10-01T09:34:22-10:00ENERGY  status=live  B2=5.3%  B1=37.9%  solar=112 W  ac=94 W  usbc=0 W  src=/home/rootrecord/RootRecord-Ecosystem/2 - RootRecord-Database/Energy  LAP=88%/Discharging/batt
2026-10-01T09:34:38-10:00  ▸  SUMMARY=delta2 soc=5.84% solar=107W ac_out=94W usbc=0W src=ble+cloud db=ok
2026-10-01T09:34:38-10:00job:sys_stats_cycle RUN  bash "/home/rootrecord/RootRecord-Ecosystem/1 - Servers/1 - RootRecord-Pacific-Solar-Server/System/scripts/sys-sample.sh"
2026-10-01T09:34:39-10:00job:sys_stats_cycle | SYSTEM  cpu=6%  load=1.41  mem=53%  src=sqlite
2026-10-01T09:34:39-10:00job:sys_stats_cycle | OK wrote /home/rootrecord/RootRecord-Ecosystem/2 - RootRecord-Database/System/samples/sys-20261001-093438.json
2026-10-01T09:35:41-10:00job:github_sync_all | — [ecosystem] no committable local changes
2026-10-01T09:35:41-10:00job:github_sync_all | ↓ [ecosystem] fetching origin/main
2026-10-01T09:35:41-10:00job:github_sync_all | From github.com:RootRecord-Software-Solutions/RootRecord-Ecosystem
2026-10-01T09:35:41-10:00job:github_sync_all | * branch              main       -> FETCH_HEAD
2026-10-01T09:35:41-10:00job:github_sync_all | — [ecosystem] local and GitHub already match
2026-10-01T09:35:41-10:00job:github_sync_all | — [ecosystem] nothing to push
2026-10-01T09:35:41-10:00job:github_sync_all | — [pacific] no local changes
2026-10-01T09:35:41-10:00job:github_sync_all | ↓ [pacific] fetching origin/main
2026-10-01T09:35:41-10:00job:github_sync_all | From github.com:RootRecord-Software-Solutions/RootRecord-Pacific-Solar-Server
2026-10-01T09:35:41-10:00job:github_sync_all | * branch            main       -> FETCH_HEAD
2026-10-01T09:35:41-10:00job:github_sync_all | — [pacific] local and GitHub already match
2026-10-01T09:35:41-10:00job:github_sync_all | — [pacific] nothing to push
2026-10-01T09:35:41-10:00job:github_sync_all | ↑ [database] committed 12 local file(s)
2026-10-01T09:35:41-10:00job:github_sync_all | ↓ [database] fetching origin/main
2026-10-01T09:35:41-10:00job:github_sync_all | From github.com:RootRecord-Software-Solutions/RootRecord-Database
2026-10-01T09:35:41-10:00job:github_sync_all | * branch              main       -> FETCH_HEAD
2026-10-01T09:35:41-10:00job:github_sync_all | ↑ [database] local is ahead of GitHub
2026-10-01T09:35:41-10:00job:github_sync_all | To github.com:RootRecord-Software-Solutions/RootRecord-Database.git
2026-10-01T09:35:41-10:00job:github_sync_all | 5f6f9b76..4f4318e2  HEAD -> main
2026-10-01T09:35:41-10:00job:github_sync_all | branch 'main' set up to track 'origin/main'.
2026-10-01T09:35:41-10:00job:github_sync_all | ↑ [database] 12 files → RootRecord-Software-Solutions/RootRecord-Database (main)
2026-10-01T09:35:41-10:00job:github_sync_all | — [library] no local changes
2026-10-01T09:35:41-10:00job:github_sync_all | ↓ [library] fetching origin/main
2026-10-01T09:35:41-10:00job:github_sync_all | From github.com:RootRecord-Software-Solutions/RootRecord-Library
2026-10-01T09:35:41-10:00job:github_sync_all | * branch            main       -> FETCH_HEAD
2026-10-01T09:35:41-10:00job:github_sync_all | — [library] local and GitHub already match
2026-10-01T09:35:41-10:00job:github_sync_all | — [library] nothing to push
2026-10-01T09:35:41-10:00job:github_sync_all | — [website] no local changes
2026-10-01T09:35:41-10:00job:github_sync_all | ↓ [website] fetching origin/main
2026-10-01T09:35:41-10:00job:github_sync_all | From github.com:RootRecord-Software-Solutions/RootRecord-Website
2026-10-01T09:35:41-10:00job:github_sync_all | * branch            main       -> FETCH_HEAD
2026-10-01T09:35:41-10:00job:github_sync_all | — [website] local and GitHub already match
2026-10-01T09:35:41-10:00job:github_sync_all | — [website] nothing to push
2026-10-01T09:35:41-10:00job:github_sync_all | — [website-personal] no local changes
2026-10-01T09:35:41-10:00job:github_sync_all | ↓ [website-personal] fetching origin/main
2026-10-01T09:35:41-10:00job:github_sync_all | From github.com:rootrecordsoftwaresolutions/RootRecord-Website
2026-10-01T09:35:41-10:00job:github_sync_all | * branch            main       -> FETCH_HEAD
2026-10-01T09:35:41-10:00job:github_sync_all | — [website-personal] local and GitHub already match
2026-10-01T09:35:41-10:00job:github_sync_all | — [website-personal] nothing to push
2026-10-01T09:35:41-10:00job:github_sync_all | — [mainland] no local changes
2026-10-01T09:35:41-10:00job:worklog_scan RUN  bash "/home/rootrecord/RootRecord-Ecosystem/1 - Servers/1 - RootRecord-Pacific-Solar-Server/Reports/scripts/worklog_once.sh"
2026-10-01T09:35:50-10:00job:worklog_scan | OK wrote/updated /home/rootrecord/RootRecord-Ecosystem/2 - RootRecord-Database/Worklog/worklog_current.md
2026-10-01T09:35:50-10:00job:service_supervisor RUN  bash "/home/rootrecord/RootRecord-Ecosystem/1 - Servers/1 - RootRecord-Pacific-Solar-Server/Automations/scripts/supervise-services.sh"
2026-10-01T09:35:50-10:00job:service_supervisor | [supervisor] weather alive pid=5410 (act)
2026-10-01T09:35:50-10:00job:service_supervisor | [supervisor] relay alive pid=4428 (act)
2026-10-01T09:35:50-10:00job:status_snapshot RUN  nice -n 10 python3 "/home/rootrecord/RootRecord-Ecosystem/1 - Servers/1 - RootRecord-Pacific-Solar-Server/Website/scripts/live_data_pages.py"
2026-10-01T09:35:50-10:00job:status_snapshot | live-data 5 pages
2026-10-01T09:35:51-10:00ENERGY  status=live  B2=5.8%  B1=37.9%  solar=107 W  ac=94 W  usbc=0 W  src=/home/rootrecord/RootRecord-Ecosystem/2 - RootRecord-Database/Energy  LAP=87%/Discharging/batt
2026-10-01T09:36:06-10:00  ▸  SUMMARY=delta2 soc=6.04% solar=104W ac_out=94W usbc=0W src=ble+cloud db=ok
2026-10-01T09:36:06-10:00job:sys_stats_cycle RUN  bash "/home/rootrecord/RootRecord-Ecosystem/1 - Servers/1 - RootRecord-Pacific-Solar-Server/System/scripts/sys-sample.sh"
2026-10-01T09:36:08-10:00job:sys_stats_cycle | SYSTEM  cpu=30%  load=1.80  mem=56%  src=sqlite
2026-10-01T09:36:08-10:00job:sys_stats_cycle | OK wrote /home/rootrecord/RootRecord-Ecosystem/2 - RootRecord-Database/System/samples/sys-20261001-093607.json
2026-10-01T09:37:15-10:00job:github_sync_all | ↑ [ecosystem] committed 5 local file(s)
2026-10-01T09:37:15-10:00job:github_sync_all | ↓ [ecosystem] fetching origin/main
2026-10-01T09:37:15-10:00job:github_sync_all | From github.com:RootRecord-Software-Solutions/RootRecord-Ecosystem
2026-10-01T09:37:15-10:00job:github_sync_all | * branch              main       -> FETCH_HEAD
2026-10-01T09:37:15-10:00job:github_sync_all | ↑ [ecosystem] local is ahead of GitHub
2026-10-01T09:37:15-10:00job:github_sync_all | To github.com:RootRecord-Software-Solutions/RootRecord-Ecosystem.git
2026-10-01T09:37:15-10:00job:github_sync_all | 8ff8c78c..d11f26b0  HEAD -> main
2026-10-01T09:37:15-10:00job:github_sync_all | branch 'main' set up to track 'origin/main'.
2026-10-01T09:37:15-10:00job:github_sync_all | ↑ [ecosystem] 5 files → RootRecord-Software-Solutions/RootRecord-Ecosystem (main)
2026-10-01T09:37:15-10:00job:github_sync_all | ↑ [pacific] committed 1 local file(s)
2026-10-01T09:37:15-10:00job:github_sync_all | ↓ [pacific] fetching origin/main
2026-10-01T09:37:15-10:00job:github_sync_all | From github.com:RootRecord-Software-Solutions/RootRecord-Pacific-Solar-Server
2026-10-01T09:37:15-10:00job:github_sync_all | * branch            main       -> FETCH_HEAD
2026-10-01T09:37:15-10:00job:github_sync_all | ↑ [pacific] local is ahead of GitHub
2026-10-01T09:37:15-10:00job:github_sync_all | To github.com:RootRecord-Software-Solutions/RootRecord-Pacific-Solar-Server.git
2026-10-01T09:37:15-10:00job:github_sync_all | 80dec0a..f99e806  HEAD -> main
2026-10-01T09:37:15-10:00job:github_sync_all | branch 'main' set up to track 'origin/main'.
2026-10-01T09:37:15-10:00job:github_sync_all | ↑ [pacific] 1 files → RootRecord-Software-Solutions/RootRecord-Pacific-Solar-Server (main)
2026-10-01T09:37:15-10:00job:github_sync_all | ↑ [database] committed 21 local file(s)
2026-10-01T09:37:15-10:00job:github_sync_all | ↓ [database] fetching origin/main
2026-10-01T09:37:15-10:00job:github_sync_all | From github.com:RootRecord-Software-Solutions/RootRecord-Database
2026-10-01T09:37:15-10:00job:github_sync_all | * branch              main       -> FETCH_HEAD
2026-10-01T09:37:15-10:00job:github_sync_all | ↑ [database] local is ahead of GitHub
2026-10-01T09:37:15-10:00job:github_sync_all | To github.com:RootRecord-Software-Solutions/RootRecord-Database.git
2026-10-01T09:37:15-10:00job:github_sync_all | 4f4318e2..1b93ee5a  HEAD -> main
2026-10-01T09:37:15-10:00job:github_sync_all | branch 'main' set up to track 'origin/main'.
2026-10-01T09:37:15-10:00job:github_sync_all | ↑ [database] 21 files → RootRecord-Software-Solutions/RootRecord-Database (main)
2026-10-01T09:37:15-10:00job:github_sync_all | — [library] no local changes
2026-10-01T09:37:15-10:00job:github_sync_all | ↓ [library] fetching origin/main
2026-10-01T09:37:15-10:00job:github_sync_all | From github.com:RootRecord-Software-Solutions/RootRecord-Library
2026-10-01T09:37:15-10:00job:github_sync_all | * branch            main       -> FETCH_HEAD
2026-10-01T09:37:15-10:00job:github_sync_all | — [library] local and GitHub already match
2026-10-01T09:37:15-10:00job:github_sync_all | — [library] nothing to push
2026-10-01T09:37:15-10:00job:github_sync_all | — [website] no local changes
2026-10-01T09:37:15-10:00job:github_sync_all | ↓ [website] fetching origin/main
2026-10-01T09:37:15-10:00job:github_sync_all | From github.com:RootRecord-Software-Solutions/RootRecord-Website
2026-10-01T09:37:15-10:00job:github_sync_all | * branch            main       -> FETCH_HEAD
2026-10-01T09:37:15-10:00job:github_sync_all | — [website] local and GitHub already match
2026-10-01T09:37:15-10:00job:github_sync_all | — [website] nothing to push
2026-10-01T09:37:15-10:00job:github_sync_all | — [website-personal] no local changes
2026-10-01T09:37:15-10:00job:security_camera_frame_grab RUN  bash "/home/rootrecord/RootRecord-Ecosystem/1 - Servers/1 - RootRecord-Pacific-Solar-Server/Security/Cameras/grab_all.sh"
2026-10-01T09:37:32-10:00job:security_camera_frame_grab | 09:37:15  📷  a-eyes  ch1 → ch1-20261001T193715Z.jpg  (469.6 KB, 4.57s)
2026-10-01T09:37:32-10:00job:security_camera_frame_grab | 09:37:19  📷  a-eyes  ch2 → ch2-20261001T193719Z.jpg  (128.5 KB, 4.46s)
2026-10-01T09:37:32-10:00job:security_camera_frame_grab | 09:37:24  📷  a-eyes  ch3 → ch3-20261001T193724Z.jpg  (213.6 KB, 4.25s)
2026-10-01T09:37:32-10:00job:security_camera_frame_grab | 09:37:28  📷  a-eyes  ch4 → ch4-20261001T193728Z.jpg  (167.1 KB, 4.30s)
2026-10-01T09:37:32-10:00job:geology_collect RUN  nice -n 10 python3 "/home/rootrecord/RootRecord-Ecosystem/1 - Servers/1 - RootRecord-Pacific-Solar-Server/Geology/scripts/geology_collect.py" all
2026-10-01T09:37:44-10:00job:geology_collect | {"ok": true, "at": "2026-10-01T09:37:33-10:00", "what": "all", "dry_run": false, "sources": {"hawaii": {"ok": true, "count": 56, "new": 0, "new_m2": 0, "ms": 377}, "global": {"ok": true, "count": 41, "new": 1, "ms": 256}, "hvo_notices": {"ok": true, "count": 45, "new": 0, "ms": 7823}, "hvo_status": {"ok": true, "volcanoes": 8, "kilauea": "WATCH", "mauna_loa": "NORMAL", "ms": 2504}}}
2026-10-01T09:37:44-10:00job:system_net_sample RUN  nice -n 10 python3 "/home/rootrecord/RootRecord-Ecosystem/1 - Servers/1 - RootRecord-Pacific-Solar-Server/System/scripts/host_desks.py" net-sample
2026-10-01T09:37:44-10:00job:system_net_sample | {"ok": true, "file": "/home/rootrecord/RootRecord-Ecosystem/2 - RootRecord-Database/System/network/Daily/net-20261001.jsonl", "iface": "wlo1", "hour": {"seconds": 28078, "rx": 1412781455, "tx": 46351312, "total": 1459132767, "iface": "wlo1", "link": "wireless"}, "day": {"seconds": 65850, "rx": 1013696034, "tx": 2968565, "total": 1016664599, "iface": "wlo1", "link": "wireless"}}
2026-10-01T09:37:44-10:00ENERGY  status=live  B2=6.0%  B1=37.9%  solar=104 W  ac=94 W  usbc=0 W  src=/home/rootrecord/RootRecord-Ecosystem/2 - RootRecord-Database/Energy  LAP=86%/Discharging/batt
2026-10-01T09:38:01-10:00  ▸  SUMMARY=delta2 soc=6.24% solar=103W ac_out=94W usbc=0W src=ble+cloud db=ok
2026-10-01T09:38:01-10:00job:sys_stats_cycle RUN  bash "/home/rootrecord/RootRecord-Ecosystem/1 - Servers/1 - RootRecord-Pacific-Solar-Server/System/scripts/sys-sample.sh"
2026-10-01T09:38:03-10:00job:sys_stats_cycle | SYSTEM  cpu=36%  load=1.57  mem=54%  src=sqlite
2026-10-01T09:38:03-10:00job:sys_stats_cycle | OK wrote /home/rootrecord/RootRecord-Ecosystem/2 - RootRecord-Database/System/samples/sys-20261001-093802.json
2026-10-01T09:39:05-10:00job:github_sync_all | ↑ [ecosystem] committed 8 local file(s)
2026-10-01T09:39:05-10:00job:github_sync_all | ↓ [ecosystem] fetching origin/main
2026-10-01T09:39:05-10:00job:github_sync_all | From github.com:RootRecord-Software-Solutions/RootRecord-Ecosystem
2026-10-01T09:39:05-10:00job:github_sync_all | * branch              main       -> FETCH_HEAD
2026-10-01T09:39:05-10:00job:github_sync_all | ↑ [ecosystem] local is ahead of GitHub
2026-10-01T09:39:05-10:00job:github_sync_all | To github.com:RootRecord-Software-Solutions/RootRecord-Ecosystem.git
2026-10-01T09:39:05-10:00job:github_sync_all | d11f26b0..5a373ee1  HEAD -> main
2026-10-01T09:39:05-10:00job:github_sync_all | branch 'main' set up to track 'origin/main'.
2026-10-01T09:39:05-10:00job:github_sync_all | ↑ [ecosystem] 8 files → RootRecord-Software-Solutions/RootRecord-Ecosystem (main)
2026-10-01T09:39:05-10:00job:github_sync_all | — [pacific] no local changes
2026-10-01T09:39:05-10:00job:github_sync_all | ↓ [pacific] fetching origin/main
2026-10-01T09:39:05-10:00job:github_sync_all | From github.com:RootRecord-Software-Solutions/RootRecord-Pacific-Solar-Server
2026-10-01T09:39:05-10:00job:github_sync_all | * branch            main       -> FETCH_HEAD
2026-10-01T09:39:05-10:00job:github_sync_all | — [pacific] local and GitHub already match
2026-10-01T09:39:05-10:00job:github_sync_all | — [pacific] nothing to push
2026-10-01T09:39:05-10:00job:github_sync_all | ↑ [database] committed 20 local file(s)
2026-10-01T09:39:05-10:00job:github_sync_all | ↓ [database] fetching origin/main
2026-10-01T09:39:05-10:00job:github_sync_all | From github.com:RootRecord-Software-Solutions/RootRecord-Database
2026-10-01T09:39:05-10:00job:github_sync_all | * branch              main       -> FETCH_HEAD
2026-10-01T09:39:05-10:00job:github_sync_all | ↑ [database] local is ahead of GitHub
2026-10-01T09:39:05-10:00job:github_sync_all | To github.com:RootRecord-Software-Solutions/RootRecord-Database.git
2026-10-01T09:39:05-10:00job:github_sync_all | 1b93ee5a..4eb8d6ae  HEAD -> main
2026-10-01T09:39:05-10:00job:github_sync_all | branch 'main' set up to track 'origin/main'.
2026-10-01T09:39:05-10:00job:github_sync_all | ↑ [database] 20 files → RootRecord-Software-Solutions/RootRecord-Database (main)
2026-10-01T09:39:05-10:00job:github_sync_all | — [library] no local changes
2026-10-01T09:39:05-10:00job:github_sync_all | ↓ [library] fetching origin/main
2026-10-01T09:39:05-10:00job:github_sync_all | From github.com:RootRecord-Software-Solutions/RootRecord-Library
2026-10-01T09:39:05-10:00job:github_sync_all | * branch            main       -> FETCH_HEAD
2026-10-01T09:39:05-10:00job:github_sync_all | — [library] local and GitHub already match
2026-10-01T09:39:05-10:00job:github_sync_all | — [library] nothing to push
2026-10-01T09:39:05-10:00job:github_sync_all | — [website] no local changes
2026-10-01T09:39:05-10:00job:github_sync_all | ↓ [website] fetching origin/main
2026-10-01T09:39:05-10:00job:github_sync_all | From github.com:RootRecord-Software-Solutions/RootRecord-Website
2026-10-01T09:39:05-10:00job:github_sync_all | * branch            main       -> FETCH_HEAD
2026-10-01T09:39:05-10:00job:github_sync_all | — [website] local and GitHub already match
2026-10-01T09:39:05-10:00job:github_sync_all | — [website] nothing to push
2026-10-01T09:39:05-10:00job:github_sync_all | — [website-personal] no local changes
2026-10-01T09:39:05-10:00job:github_sync_all | ↓ [website-personal] fetching origin/main
2026-10-01T09:39:05-10:00job:github_sync_all | From github.com:rootrecordsoftwaresolutions/RootRecord-Website
2026-10-01T09:39:05-10:00job:github_sync_all | * branch            main       -> FETCH_HEAD
2026-10-01T09:39:05-10:00job:worklog_scan RUN  bash "/home/rootrecord/RootRecord-Ecosystem/1 - Servers/1 - RootRecord-Pacific-Solar-Server/Reports/scripts/worklog_once.sh"
2026-10-01T09:42:05-10:00job:worklog_scan TIMEOUT after 180s
2026-10-01T09:42:05-10:00job:security_camera_frame_grab RUN  bash "/home/rootrecord/RootRecord-Ecosystem/1 - Servers/1 - RootRecord-Pacific-Solar-Server/Security/Cameras/grab_all.sh"
2026-10-01T09:42:23-10:00job:security_camera_frame_grab | 09:42:05  📷  a-eyes  ch1 → ch1-20261001T194205Z.jpg  (489.1 KB, 4.26s)
2026-10-01T09:42:23-10:00job:security_camera_frame_grab | 09:42:10  📷  a-eyes  ch2 → ch2-20261001T194210Z.jpg  (129.3 KB, 4.58s)
2026-10-01T09:42:23-10:00job:security_camera_frame_grab | 09:42:14  📷  a-eyes  ch3 → ch3-20261001T194214Z.jpg  (225.8 KB, 4.45s)
2026-10-01T09:42:23-10:00job:security_camera_frame_grab | 09:42:19  📷  a-eyes  ch4 → ch4-20261001T194219Z.jpg  (187.3 KB, 4.47s)
2026-10-01T09:42:23-10:00job:status_snapshot RUN  nice -n 10 python3 "/home/rootrecord/RootRecord-Ecosystem/1 - Servers/1 - RootRecord-Pacific-Solar-Server/Website/scripts/live_data_pages.py"
2026-10-01T09:42:23-10:00job:status_snapshot | live-data 5 pages
2026-10-01T09:42:24-10:00ENERGY  status=live  B2=6.2%  B1=37.9%  solar=103 W  ac=94 W  usbc=0 W  src=/home/rootrecord/RootRecord-Ecosystem/2 - RootRecord-Database/Energy  LAP=84%/Discharging/batt
2026-10-01T09:42:41-10:00  ▸  SUMMARY=delta2 soc=6.95% solar=109W ac_out=94W usbc=0W src=ble+cloud db=ok
2026-10-01T09:42:41-10:00job:sys_stats_cycle RUN  bash "/home/rootrecord/RootRecord-Ecosystem/1 - Servers/1 - RootRecord-Pacific-Solar-Server/System/scripts/sys-sample.sh"
2026-10-01T09:42:43-10:00job:sys_stats_cycle | SYSTEM  cpu=7%  load=6.03  mem=59%  src=sqlite
2026-10-01T09:42:43-10:00job:sys_stats_cycle | OK wrote /home/rootrecord/RootRecord-Ecosystem/2 - RootRecord-Database/System/samples/sys-20261001-094242.json
2026-10-01T09:43:55-10:00job:github_sync_all | ↑ [ecosystem] committed 49 local file(s)
2026-10-01T09:43:55-10:00job:github_sync_all | ↓ [ecosystem] fetching origin/main
2026-10-01T09:43:55-10:00job:github_sync_all | From github.com:RootRecord-Software-Solutions/RootRecord-Ecosystem
2026-10-01T09:43:55-10:00job:github_sync_all | * branch              main       -> FETCH_HEAD
2026-10-01T09:43:55-10:00job:github_sync_all | ↑ [ecosystem] local is ahead of GitHub
2026-10-01T09:43:55-10:00job:github_sync_all | To github.com:RootRecord-Software-Solutions/RootRecord-Ecosystem.git
2026-10-01T09:43:55-10:00job:github_sync_all | 5a373ee1..3161972f  HEAD -> main
2026-10-01T09:43:55-10:00job:github_sync_all | branch 'main' set up to track 'origin/main'.
2026-10-01T09:43:55-10:00job:github_sync_all | ↑ [ecosystem] 49 files → RootRecord-Software-Solutions/RootRecord-Ecosystem (main)
2026-10-01T09:43:55-10:00job:github_sync_all | ↑ [pacific] committed 37 local file(s)
2026-10-01T09:43:55-10:00job:github_sync_all | ↓ [pacific] fetching origin/main
2026-10-01T09:43:55-10:00job:github_sync_all | From github.com:RootRecord-Software-Solutions/RootRecord-Pacific-Solar-Server
2026-10-01T09:43:55-10:00job:github_sync_all | * branch            main       -> FETCH_HEAD
2026-10-01T09:43:55-10:00job:github_sync_all | ↑ [pacific] local is ahead of GitHub
2026-10-01T09:43:55-10:00job:github_sync_all | To github.com:RootRecord-Software-Solutions/RootRecord-Pacific-Solar-Server.git
2026-10-01T09:43:55-10:00job:github_sync_all | f99e806..8adc162  HEAD -> main
2026-10-01T09:43:55-10:00job:github_sync_all | branch 'main' set up to track 'origin/main'.
2026-10-01T09:43:55-10:00job:github_sync_all | ↑ [pacific] 37 files → RootRecord-Software-Solutions/RootRecord-Pacific-Solar-Server (main)
2026-10-01T09:43:55-10:00job:github_sync_all | ↑ [database] committed 17 local file(s)
2026-10-01T09:43:55-10:00job:github_sync_all | ↓ [database] fetching origin/main
2026-10-01T09:43:55-10:00job:github_sync_all | From github.com:RootRecord-Software-Solutions/RootRecord-Database
2026-10-01T09:43:55-10:00job:github_sync_all | * branch              main       -> FETCH_HEAD
2026-10-01T09:43:55-10:00job:github_sync_all | ↑ [database] local is ahead of GitHub
2026-10-01T09:43:55-10:00job:github_sync_all | To github.com:RootRecord-Software-Solutions/RootRecord-Database.git
2026-10-01T09:43:55-10:00job:github_sync_all | 4eb8d6ae..742b48c9  HEAD -> main
2026-10-01T09:43:55-10:00job:github_sync_all | branch 'main' set up to track 'origin/main'.
2026-10-01T09:43:55-10:00job:github_sync_all | ↑ [database] 17 files → RootRecord-Software-Solutions/RootRecord-Database (main)
2026-10-01T09:43:55-10:00job:github_sync_all | — [library] no local changes
2026-10-01T09:43:55-10:00job:github_sync_all | ↓ [library] fetching origin/main
2026-10-01T09:43:55-10:00job:github_sync_all | From github.com:RootRecord-Software-Solutions/RootRecord-Library
2026-10-01T09:43:55-10:00job:github_sync_all | * branch            main       -> FETCH_HEAD
2026-10-01T09:43:55-10:00job:github_sync_all | — [library] local and GitHub already match
2026-10-01T09:43:55-10:00job:github_sync_all | — [library] nothing to push
2026-10-01T09:43:55-10:00job:github_sync_all | ↑ [website] committed 34 local file(s)
2026-10-01T09:43:55-10:00job:github_sync_all | ↓ [website] fetching origin/main
2026-10-01T09:43:55-10:00job:github_sync_all | From github.com:RootRecord-Software-Solutions/RootRecord-Website
2026-10-01T09:43:55-10:00job:github_sync_all | * branch            main       -> FETCH_HEAD
2026-10-01T09:43:55-10:00job:github_sync_all | ↑ [website] local is ahead of GitHub
2026-10-01T09:43:55-10:00job:github_sync_all | To github.com:RootRecord-Software-Solutions/RootRecord-Website.git
2026-10-01T09:43:55-10:00job:github_sync_all | 9316278..22baa23  HEAD -> main
2026-10-01T09:43:55-10:00job:service_supervisor RUN  bash "/home/rootrecord/RootRecord-Ecosystem/1 - Servers/1 - RootRecord-Pacific-Solar-Server/Automations/scripts/supervise-services.sh"
2026-10-01T09:43:55-10:00job:service_supervisor | [supervisor] weather alive pid=5410 (act)
2026-10-01T09:43:55-10:00job:service_supervisor | [supervisor] relay alive pid=4428 (act)
2026-10-01T09:43:56-10:00job:discord_report_relay RUN  nice -n 10 python3 "/home/rootrecord/RootRecord-Ecosystem/1 - Servers/1 - RootRecord-Pacific-Solar-Server/Communications/Discord/scripts/report_relay.py"
2026-10-01T09:43:56-10:00job:discord_report_relay | same
2026-10-01T09:43:56-10:00ENERGY  status=live  B2=7.0%  B1=37.9%  solar=109 W  ac=94 W  usbc=0 W  src=/home/rootrecord/RootRecord-Ecosystem/2 - RootRecord-Database/Energy  LAP=83%/Discharging/batt
2026-10-01T09:44:12-10:00  ▸  SUMMARY=river2pro soc=33.98% solar=0W ac_out=101W usbc=14W src=ble db=ok
2026-10-01T09:44:12-10:00job:sys_stats_cycle RUN  bash "/home/rootrecord/RootRecord-Ecosystem/1 - Servers/1 - RootRecord-Pacific-Solar-Server/System/scripts/sys-sample.sh"
2026-10-01T09:44:14-10:00job:sys_stats_cycle | SYSTEM  cpu=16%  load=2.21  mem=60%  src=sqlite
2026-10-01T09:44:14-10:00job:sys_stats_cycle | OK wrote /home/rootrecord/RootRecord-Ecosystem/2 - RootRecord-Database/System/samples/sys-20261001-094413.json
2026-10-01T09:44:14-10:00job:worklog_scan RUN  bash "/home/rootrecord/RootRecord-Ecosystem/1 - Servers/1 - RootRecord-Pacific-Solar-Server/Reports/scripts/worklog_once.sh"
2026-10-01T09:47:14-10:00job:worklog_scan TIMEOUT after 180s
2026-10-01T09:47:14-10:00job:security_camera_frame_grab RUN  bash "/home/rootrecord/RootRecord-Ecosystem/1 - Servers/1 - RootRecord-Pacific-Solar-Server/Security/Cameras/grab_all.sh"
2026-10-01T09:47:32-10:00job:security_camera_frame_grab | 09:47:14  📷  a-eyes  ch1 → ch1-20261001T194714Z.jpg  (499.4 KB, 4.53s)
2026-10-01T09:47:32-10:00job:security_camera_frame_grab | 09:47:19  📷  a-eyes  ch2 → ch2-20261001T194719Z.jpg  (128.6 KB, 4.48s)
2026-10-01T09:47:32-10:00job:security_camera_frame_grab | 09:47:23  📷  a-eyes  ch3 → ch3-20261001T194723Z.jpg  (225.0 KB, 4.57s)
2026-10-01T09:47:32-10:00job:security_camera_frame_grab | 09:47:28  📷  a-eyes  ch4 → ch4-20261001T194728Z.jpg  (192.8 KB, 4.46s)
2026-10-01T09:47:32-10:00job:geology_collect RUN  nice -n 10 python3 "/home/rootrecord/RootRecord-Ecosystem/1 - Servers/1 - RootRecord-Pacific-Solar-Server/Geology/scripts/geology_collect.py" all
2026-10-01T09:47:35-10:00job:geology_collect | {"ok": true, "at": "2026-10-01T09:47:32-10:00", "what": "all", "dry_run": false, "sources": {"hawaii": {"ok": true, "count": 56, "new": 0, "new_m2": 0, "ms": 1040}, "global": {"ok": true, "count": 41, "new": 1, "ms": 287}, "hvo_notices": {"ok": true, "count": 45, "new": 0, "ms": 698}, "hvo_status": {"ok": true, "volcanoes": 8, "kilauea": "WATCH", "mauna_loa": "NORMAL", "ms": 613}}}
2026-10-01T09:47:35-10:00job:status_snapshot RUN  nice -n 10 python3 "/home/rootrecord/RootRecord-Ecosystem/1 - Servers/1 - RootRecord-Pacific-Solar-Server/Website/scripts/live_data_pages.py"
2026-10-01T09:47:35-10:00job:status_snapshot | live-data 5 pages
2026-10-01T09:47:35-10:00job:system_net_sample RUN  nice -n 10 python3 "/home/rootrecord/RootRecord-Ecosystem/1 - Servers/1 - RootRecord-Pacific-Solar-Server/System/scripts/host_desks.py" net-sample
2026-10-01T09:47:35-10:00job:system_net_sample | {"ok": true, "file": "/home/rootrecord/RootRecord-Ecosystem/2 - RootRecord-Database/System/network/Daily/net-20261001.jsonl", "iface": "wlo1", "hour": {"seconds": 28669, "rx": 1850141287, "tx": 59363071, "total": 1909504358, "iface": "wlo1", "link": "wireless"}, "day": {"seconds": 66442, "rx": 1451055866, "tx": 15980324, "total": 1467036190, "iface": "wlo1", "link": "wireless"}}
2026-10-01T09:47:35-10:00job:voice_nws_weather RUN  nice -n 10 python3 "/home/rootrecord/RootRecord-Ecosystem/1 - Servers/1 - RootRecord-Pacific-Solar-Server/Media/Voice/scripts/voice_reports.py" nws_weather
2026-10-01T09:48:04-10:00job:voice_nws_weather | {"ok": true, "report": "nws_weather", "md": "/home/rootrecord/RootRecord-Ecosystem/test-reports/Voice/nws_weather_current.md", "sentences": 6, "voice": {"ok": true, "mode": "stitch", "report": "nws_weather", "agent": "ava", "voice": "af_heart", "speed": 1.0, "wav": "/home/rootrecord/RootRecord-Ecosystem/2 - RootRecord-Database/Media/Audio/Voice/nws_weather_current.wav", "clips_used": 0, "live_sentences": 17, "model_loaded": true, "render_s": 27.1, "sample_rate": 24000, "channels": 1, "subtype": "PCM_16", "duration_s": 49.394, "peak_dbfs": -1.5, "rms_dbfs": -20.29, "lead_silence_ms": 113, "qc": "PASS", "wall_s": 27.18, "peak_rss_mb": 1859, "rc": 0}, "deliver": {"ok": true, "sent": false, "detail": "unchanged"}}
2026-10-01T09:48:05-10:00ENERGY  status=live  B2=7.0%  B1=34.0%  solar=109 W  ac=94 W  usbc=0 W  src=/home/rootrecord/RootRecord-Ecosystem/2 - RootRecord-Database/Energy  LAP=82%/Discharging/batt
2026-10-01T09:48:20-10:00  ▸  SUMMARY=river2pro soc=32.53% solar=0W ac_out=94W usbc=14W src=ble db=ok
2026-10-01T09:48:20-10:00job:sys_stats_cycle RUN  bash "/home/rootrecord/RootRecord-Ecosystem/1 - Servers/1 - RootRecord-Pacific-Solar-Server/System/scripts/sys-sample.sh"
2026-10-01T09:48:22-10:00job:sys_stats_cycle | SYSTEM  cpu=3%  load=2.34  mem=60%  src=sqlite
2026-10-01T09:48:22-10:00job:sys_stats_cycle | OK wrote /home/rootrecord/RootRecord-Ecosystem/2 - RootRecord-Database/System/samples/sys-20261001-094821.json
2026-10-01T09:49:21-10:00job:github_sync_all | ↑ [ecosystem] committed 19 local file(s)
2026-10-01T09:49:21-10:00job:github_sync_all | ↓ [ecosystem] fetching origin/main
2026-10-01T09:49:21-10:00job:github_sync_all | From github.com:RootRecord-Software-Solutions/RootRecord-Ecosystem
2026-10-01T09:49:21-10:00job:github_sync_all | * branch              main       -> FETCH_HEAD
2026-10-01T09:49:21-10:00job:github_sync_all | ↑ [ecosystem] local is ahead of GitHub
2026-10-01T09:49:21-10:00job:github_sync_all | To github.com:RootRecord-Software-Solutions/RootRecord-Ecosystem.git
2026-10-01T09:49:21-10:00job:github_sync_all | 3161972f..854e3072  HEAD -> main
2026-10-01T09:49:21-10:00job:github_sync_all | branch 'main' set up to track 'origin/main'.
2026-10-01T09:49:21-10:00job:github_sync_all | ↑ [ecosystem] 19 files → RootRecord-Software-Solutions/RootRecord-Ecosystem (main)
2026-10-01T09:49:21-10:00job:github_sync_all | ↑ [pacific] committed 3 local file(s)
2026-10-01T09:49:21-10:00job:github_sync_all | ↓ [pacific] fetching origin/main
2026-10-01T09:49:21-10:00job:github_sync_all | From github.com:RootRecord-Software-Solutions/RootRecord-Pacific-Solar-Server
2026-10-01T09:49:21-10:00job:github_sync_all | * branch            main       -> FETCH_HEAD
2026-10-01T09:49:21-10:00job:github_sync_all | ↑ [pacific] local is ahead of GitHub
2026-10-01T09:49:21-10:00job:github_sync_all | To github.com:RootRecord-Software-Solutions/RootRecord-Pacific-Solar-Server.git
2026-10-01T09:49:21-10:00job:github_sync_all | 8adc162..3013764  HEAD -> main
2026-10-01T09:49:21-10:00job:github_sync_all | branch 'main' set up to track 'origin/main'.
2026-10-01T09:49:21-10:00job:github_sync_all | ↑ [pacific] 3 files → RootRecord-Software-Solutions/RootRecord-Pacific-Solar-Server (main)
2026-10-01T09:49:21-10:00job:github_sync_all | ↑ [database] committed 28 local file(s)
2026-10-01T09:49:21-10:00job:github_sync_all | ↓ [database] fetching origin/main
2026-10-01T09:49:21-10:00job:github_sync_all | From github.com:RootRecord-Software-Solutions/RootRecord-Database
2026-10-01T09:49:21-10:00job:github_sync_all | * branch              main       -> FETCH_HEAD
2026-10-01T09:49:21-10:00job:github_sync_all | ↑ [database] local is ahead of GitHub
2026-10-01T09:49:21-10:00job:github_sync_all | To github.com:RootRecord-Software-Solutions/RootRecord-Database.git
2026-10-01T09:49:21-10:00job:github_sync_all | 742b48c9..7a757270  HEAD -> main
2026-10-01T09:49:21-10:00job:github_sync_all | branch 'main' set up to track 'origin/main'.
2026-10-01T09:49:21-10:00job:github_sync_all | ↑ [database] 28 files → RootRecord-Software-Solutions/RootRecord-Database (main)
2026-10-01T09:49:21-10:00job:github_sync_all | — [library] no local changes
2026-10-01T09:49:21-10:00job:github_sync_all | ↓ [library] fetching origin/main
2026-10-01T09:49:21-10:00job:github_sync_all | From github.com:RootRecord-Software-Solutions/RootRecord-Library
2026-10-01T09:49:21-10:00job:github_sync_all | * branch            main       -> FETCH_HEAD
2026-10-01T09:49:21-10:00job:github_sync_all | — [library] local and GitHub already match
2026-10-01T09:49:21-10:00job:github_sync_all | — [library] nothing to push
2026-10-01T09:49:21-10:00job:github_sync_all | — [website] no local changes
2026-10-01T09:49:21-10:00job:github_sync_all | ↓ [website] fetching origin/main
2026-10-01T09:49:21-10:00job:github_sync_all | From github.com:RootRecord-Software-Solutions/RootRecord-Website
2026-10-01T09:49:21-10:00job:github_sync_all | * branch            main       -> FETCH_HEAD
2026-10-01T09:49:21-10:00job:github_sync_all | — [website] local and GitHub already match
2026-10-01T09:49:21-10:00job:github_sync_all | — [website] nothing to push
2026-10-01T09:49:21-10:00job:github_sync_all | — [website-personal] no local changes
2026-10-01T09:49:21-10:00job:security_camera_frame_grab RUN  bash "/home/rootrecord/RootRecord-Ecosystem/1 - Servers/1 - RootRecord-Pacific-Solar-Server/Security/Cameras/grab_all.sh"
2026-10-01T09:49:39-10:00job:security_camera_frame_grab | 09:49:21  📷  a-eyes  ch1 → ch1-20261001T194921Z.jpg  (500.7 KB, 4.53s)
2026-10-01T09:49:39-10:00job:security_camera_frame_grab | 09:49:25  📷  a-eyes  ch2 → ch2-20261001T194925Z.jpg  (130.0 KB, 4.53s)
2026-10-01T09:49:39-10:00job:security_camera_frame_grab | 09:49:30  📷  a-eyes  ch3 → ch3-20261001T194930Z.jpg  (224.8 KB, 4.36s)
2026-10-01T09:49:39-10:00job:security_camera_frame_grab | 09:49:34  📷  a-eyes  ch4 → ch4-20261001T194934Z.jpg  (203.9 KB, 4.48s)
2026-10-01T09:49:39-10:00ENERGY  status=live  B2=7.0%  B1=32.5%  solar=109 W  ac=94 W  usbc=0 W  src=/home/rootrecord/RootRecord-Ecosystem/2 - RootRecord-Database/Energy  LAP=82%/Discharging/batt
2026-10-01T09:49:55-10:00  ▸  SUMMARY=river2pro soc=31.99% solar=0W ac_out=92W usbc=8W src=ble db=ok
2026-10-01T09:49:55-10:00job:sys_stats_cycle RUN  bash "/home/rootrecord/RootRecord-Ecosystem/1 - Servers/1 - RootRecord-Pacific-Solar-Server/System/scripts/sys-sample.sh"
2026-10-01T09:49:56-10:00job:sys_stats_cycle | SYSTEM  cpu=8%  load=1.20  mem=60%  src=sqlite
2026-10-01T09:49:56-10:00job:sys_stats_cycle | OK wrote /home/rootrecord/RootRecord-Ecosystem/2 - RootRecord-Database/System/samples/sys-20261001-094955.json
2026-10-01T09:51:06-10:00job:github_sync_all | ↑ [ecosystem] committed 42 local file(s)
2026-10-01T09:51:06-10:00job:github_sync_all | ↓ [ecosystem] fetching origin/main
2026-10-01T09:51:06-10:00job:github_sync_all | From github.com:RootRecord-Software-Solutions/RootRecord-Ecosystem
2026-10-01T09:51:06-10:00job:github_sync_all | * branch              main       -> FETCH_HEAD
2026-10-01T09:51:06-10:00job:github_sync_all | ↑ [ecosystem] local is ahead of GitHub
2026-10-01T09:51:06-10:00job:github_sync_all | To github.com:RootRecord-Software-Solutions/RootRecord-Ecosystem.git
2026-10-01T09:51:06-10:00job:github_sync_all | 854e3072..a8c86659  HEAD -> main
2026-10-01T09:51:06-10:00job:github_sync_all | branch 'main' set up to track 'origin/main'.
2026-10-01T09:51:06-10:00job:github_sync_all | ↑ [ecosystem] 42 files → RootRecord-Software-Solutions/RootRecord-Ecosystem (main)
2026-10-01T09:51:06-10:00job:github_sync_all | ↑ [pacific] committed 1 local file(s)
2026-10-01T09:51:06-10:00job:github_sync_all | ↓ [pacific] fetching origin/main
2026-10-01T09:51:06-10:00job:github_sync_all | From github.com:RootRecord-Software-Solutions/RootRecord-Pacific-Solar-Server
2026-10-01T09:51:06-10:00job:github_sync_all | * branch            main       -> FETCH_HEAD
2026-10-01T09:51:06-10:00job:github_sync_all | ↑ [pacific] local is ahead of GitHub
2026-10-01T09:51:06-10:00job:github_sync_all | To github.com:RootRecord-Software-Solutions/RootRecord-Pacific-Solar-Server.git
2026-10-01T09:51:06-10:00job:github_sync_all | 3013764..a4ddfba  HEAD -> main
2026-10-01T09:51:06-10:00job:github_sync_all | branch 'main' set up to track 'origin/main'.
2026-10-01T09:51:06-10:00job:github_sync_all | ↑ [pacific] 1 files → RootRecord-Software-Solutions/RootRecord-Pacific-Solar-Server (main)
2026-10-01T09:51:06-10:00job:github_sync_all | ↑ [database] committed 12 local file(s)
2026-10-01T09:51:06-10:00job:github_sync_all | ↓ [database] fetching origin/main
2026-10-01T09:51:06-10:00job:github_sync_all | From github.com:RootRecord-Software-Solutions/RootRecord-Database
2026-10-01T09:51:06-10:00job:github_sync_all | * branch              main       -> FETCH_HEAD
2026-10-01T09:51:06-10:00job:github_sync_all | ↑ [database] local is ahead of GitHub
2026-10-01T09:51:06-10:00job:github_sync_all | To github.com:RootRecord-Software-Solutions/RootRecord-Database.git
2026-10-01T09:51:06-10:00job:github_sync_all | 7a757270..d632f3b3  HEAD -> main
2026-10-01T09:51:06-10:00job:github_sync_all | branch 'main' set up to track 'origin/main'.
2026-10-01T09:51:06-10:00job:github_sync_all | ↑ [database] 12 files → RootRecord-Software-Solutions/RootRecord-Database (main)
2026-10-01T09:51:06-10:00job:github_sync_all | — [library] no local changes
2026-10-01T09:51:06-10:00job:github_sync_all | ↓ [library] fetching origin/main
2026-10-01T09:51:06-10:00job:github_sync_all | From github.com:RootRecord-Software-Solutions/RootRecord-Library
2026-10-01T09:51:06-10:00job:github_sync_all | * branch            main       -> FETCH_HEAD
2026-10-01T09:51:06-10:00job:github_sync_all | — [library] local and GitHub already match
2026-10-01T09:51:06-10:00job:github_sync_all | — [library] nothing to push
2026-10-01T09:51:06-10:00job:github_sync_all | — [website] no local changes
2026-10-01T09:51:06-10:00job:github_sync_all | ↓ [website] fetching origin/main
2026-10-01T09:51:06-10:00job:github_sync_all | From github.com:RootRecord-Software-Solutions/RootRecord-Website
2026-10-01T09:51:06-10:00job:github_sync_all | * branch            main       -> FETCH_HEAD
2026-10-01T09:51:06-10:00job:github_sync_all | — [website] local and GitHub already match
2026-10-01T09:51:06-10:00job:github_sync_all | — [website] nothing to push
2026-10-01T09:51:06-10:00job:github_sync_all | — [website-personal] no local changes
2026-10-01T09:51:06-10:00job:worklog_scan RUN  bash "/home/rootrecord/RootRecord-Ecosystem/1 - Servers/1 - RootRecord-Pacific-Solar-Server/Reports/scripts/worklog_once.sh"
2026-10-01T09:54:06-10:00job:worklog_scan TIMEOUT after 180s
2026-10-01T09:54:06-10:00job:service_supervisor RUN  bash "/home/rootrecord/RootRecord-Ecosystem/1 - Servers/1 - RootRecord-Pacific-Solar-Server/Automations/scripts/supervise-services.sh"
2026-10-01T09:54:06-10:00job:service_supervisor | [supervisor] weather alive pid=5410 (act)
2026-10-01T09:54:06-10:00job:service_supervisor | [supervisor] relay alive pid=4428 (act)
2026-10-01T09:54:06-10:00job:status_snapshot RUN  nice -n 10 python3 "/home/rootrecord/RootRecord-Ecosystem/1 - Servers/1 - RootRecord-Pacific-Solar-Server/Website/scripts/live_data_pages.py"
2026-10-01T09:54:06-10:00job:status_snapshot | live-data 5 pages
2026-10-01T09:54:07-10:00job:discord_report_relay RUN  nice -n 10 python3 "/home/rootrecord/RootRecord-Ecosystem/1 - Servers/1 - RootRecord-Pacific-Solar-Server/Communications/Discord/scripts/report_relay.py"
2026-10-01T09:54:07-10:00job:discord_report_relay | same
2026-10-01T09:54:08-10:00ENERGY  status=live  B2=7.0%  B1=32.0%  solar=109 W  ac=94 W  usbc=0 W  src=/home/rootrecord/RootRecord-Ecosystem/2 - RootRecord-Database/Energy  LAP=81%/Discharging/batt
2026-10-01T09:54:23-10:00  ▸  SUMMARY=river2pro soc=30.52% solar=0W ac_out=107W usbc=14W src=ble db=ok
2026-10-01T09:54:23-10:00job:sys_stats_cycle RUN  bash "/home/rootrecord/RootRecord-Ecosystem/1 - Servers/1 - RootRecord-Pacific-Solar-Server/System/scripts/sys-sample.sh"
2026-10-01T09:54:25-10:00job:sys_stats_cycle | SYSTEM  cpu=4%  load=1.08  mem=62%  src=sqlite
2026-10-01T09:54:25-10:00job:sys_stats_cycle | OK wrote /home/rootrecord/RootRecord-Ecosystem/2 - RootRecord-Database/System/samples/sys-20261001-095424.json
2026-10-01T09:55:32-10:00job:github_sync_all | ↑ [ecosystem] committed 20 local file(s)
2026-10-01T09:55:32-10:00job:github_sync_all | ↓ [ecosystem] fetching origin/main
2026-10-01T09:55:32-10:00job:github_sync_all | From github.com:RootRecord-Software-Solutions/RootRecord-Ecosystem
2026-10-01T09:55:32-10:00job:github_sync_all | * branch              main       -> FETCH_HEAD
2026-10-01T09:55:32-10:00job:github_sync_all | ↑ [ecosystem] local is ahead of GitHub
2026-10-01T09:55:32-10:00job:github_sync_all | To github.com:RootRecord-Software-Solutions/RootRecord-Ecosystem.git
2026-10-01T09:55:32-10:00job:github_sync_all | a8c86659..4dc5cff6  HEAD -> main
2026-10-01T09:55:32-10:00job:github_sync_all | branch 'main' set up to track 'origin/main'.
2026-10-01T09:55:32-10:00job:github_sync_all | ↑ [ecosystem] 20 files → RootRecord-Software-Solutions/RootRecord-Ecosystem (main)
2026-10-01T09:55:32-10:00job:github_sync_all | ↑ [pacific] committed 3 local file(s)
2026-10-01T09:55:32-10:00job:github_sync_all | ↓ [pacific] fetching origin/main
2026-10-01T09:55:32-10:00job:github_sync_all | From github.com:RootRecord-Software-Solutions/RootRecord-Pacific-Solar-Server
2026-10-01T09:55:32-10:00job:github_sync_all | * branch            main       -> FETCH_HEAD
2026-10-01T09:55:32-10:00job:github_sync_all | ↑ [pacific] local is ahead of GitHub
2026-10-01T09:55:32-10:00job:github_sync_all | To github.com:RootRecord-Software-Solutions/RootRecord-Pacific-Solar-Server.git
2026-10-01T09:55:32-10:00job:github_sync_all | a4ddfba..31274c9  HEAD -> main
2026-10-01T09:55:32-10:00job:github_sync_all | branch 'main' set up to track 'origin/main'.
2026-10-01T09:55:32-10:00job:github_sync_all | ↑ [pacific] 3 files → RootRecord-Software-Solutions/RootRecord-Pacific-Solar-Server (main)
2026-10-01T09:55:32-10:00job:github_sync_all | ↑ [database] committed 19 local file(s)
2026-10-01T09:55:32-10:00job:github_sync_all | ↓ [database] fetching origin/main
2026-10-01T09:55:32-10:00job:github_sync_all | From github.com:RootRecord-Software-Solutions/RootRecord-Database
2026-10-01T09:55:32-10:00job:github_sync_all | * branch              main       -> FETCH_HEAD
2026-10-01T09:55:32-10:00job:github_sync_all | ↑ [database] local is ahead of GitHub
2026-10-01T09:55:32-10:00job:github_sync_all | To github.com:RootRecord-Software-Solutions/RootRecord-Database.git
2026-10-01T09:55:32-10:00job:github_sync_all | d632f3b3..3d68798b  HEAD -> main
2026-10-01T09:55:32-10:00job:github_sync_all | branch 'main' set up to track 'origin/main'.
2026-10-01T09:55:32-10:00job:github_sync_all | ↑ [database] 19 files → RootRecord-Software-Solutions/RootRecord-Database (main)
2026-10-01T09:55:32-10:00job:github_sync_all | — [library] no local changes
2026-10-01T09:55:32-10:00job:github_sync_all | ↓ [library] fetching origin/main
2026-10-01T09:55:32-10:00job:github_sync_all | From github.com:RootRecord-Software-Solutions/RootRecord-Library
2026-10-01T09:55:32-10:00job:github_sync_all | * branch            main       -> FETCH_HEAD
2026-10-01T09:55:32-10:00job:github_sync_all | — [library] local and GitHub already match
2026-10-01T09:55:32-10:00job:github_sync_all | — [library] nothing to push
2026-10-01T09:55:32-10:00job:github_sync_all | ↑ [website] committed 2 local file(s)
2026-10-01T09:55:32-10:00job:github_sync_all | ↓ [website] fetching origin/main
2026-10-01T09:55:32-10:00job:github_sync_all | From github.com:RootRecord-Software-Solutions/RootRecord-Website
2026-10-01T09:55:32-10:00job:github_sync_all | * branch            main       -> FETCH_HEAD
2026-10-01T09:55:32-10:00job:github_sync_all | ↑ [website] local is ahead of GitHub
2026-10-01T09:55:32-10:00job:github_sync_all | To github.com:RootRecord-Software-Solutions/RootRecord-Website.git
2026-10-01T09:55:32-10:00job:github_sync_all | 22baa23..1df8300  HEAD -> main
2026-10-01T09:55:32-10:00job:security_camera_frame_grab RUN  bash "/home/rootrecord/RootRecord-Ecosystem/1 - Servers/1 - RootRecord-Pacific-Solar-Server/Security/Cameras/grab_all.sh"
2026-10-01T09:55:49-10:00job:security_camera_frame_grab | 09:55:32  📷  a-eyes  ch1 → ch1-20261001T195532Z.jpg  (517.5 KB, 4.51s)
2026-10-01T09:55:49-10:00job:security_camera_frame_grab | 09:55:36  📷  a-eyes  ch2 → ch2-20261001T195536Z.jpg  (139.2 KB, 4.39s)
2026-10-01T09:55:49-10:00job:security_camera_frame_grab | 09:55:41  📷  a-eyes  ch3 → ch3-20261001T195541Z.jpg  (246.6 KB, 4.27s)
2026-10-01T09:55:49-10:00job:security_camera_frame_grab | 09:55:45  📷  a-eyes  ch4 → ch4-20261001T195545Z.jpg  (232.4 KB, 4.45s)
2026-10-01T09:55:49-10:00job:geology_collect RUN  nice -n 10 python3 "/home/rootrecord/RootRecord-Ecosystem/1 - Servers/1 - RootRecord-Pacific-Solar-Server/Geology/scripts/geology_collect.py" all
2026-10-01T09:55:56-10:00job:geology_collect | {"ok": true, "at": "2026-10-01T09:55:50-10:00", "what": "all", "dry_run": false, "sources": {"hawaii": {"ok": true, "count": 56, "new": 0, "new_m2": 0, "ms": 923}, "global": {"ok": true, "count": 41, "new": 0, "ms": 314}, "hvo_notices": {"ok": true, "count": 45, "new": 0, "ms": 908}, "hvo_status": {"ok": true, "volcanoes": 8, "kilauea": "WATCH", "mauna_loa": "NORMAL", "ms": 3783}}}
2026-10-01T09:55:56-10:00job:system_net_sample RUN  nice -n 10 python3 "/home/rootrecord/RootRecord-Ecosystem/1 - Servers/1 - RootRecord-Pacific-Solar-Server/System/scripts/host_desks.py" net-sample
2026-10-01T09:55:56-10:00job:system_net_sample | {"ok": true, "file": "/home/rootrecord/RootRecord-Ecosystem/2 - RootRecord-Database/System/network/Daily/net-20261001.jsonl", "iface": "wlo1", "hour": {"seconds": 29169, "rx": 1903542545, "tx": 64600181, "total": 1968142726, "iface": "wlo1", "link": "wireless"}, "day": {"seconds": 66942, "rx": 1504457124, "tx": 21217434, "total": 1525674558, "iface": "wlo1", "link": "wireless"}}
2026-10-01T09:55:56-10:00ENERGY  status=live  B2=7.0%  B1=30.5%  solar=109 W  ac=94 W  usbc=0 W  src=/home/rootrecord/RootRecord-Ecosystem/2 - RootRecord-Database/Energy  LAP=81%/Discharging/batt
2026-10-01T09:56:11-10:00  ▸  SUMMARY=river2pro soc=29.92% solar=0W ac_out=96W usbc=7W src=ble db=ok
2026-10-01T09:56:11-10:00job:sys_stats_cycle RUN  bash "/home/rootrecord/RootRecord-Ecosystem/1 - Servers/1 - RootRecord-Pacific-Solar-Server/System/scripts/sys-sample.sh"
2026-10-01T09:56:13-10:00job:sys_stats_cycle | SYSTEM  cpu=8%  load=1.59  mem=62%  src=sqlite
2026-10-01T09:56:13-10:00job:sys_stats_cycle | OK wrote /home/rootrecord/RootRecord-Ecosystem/2 - RootRecord-Database/System/samples/sys-20261001-095612.json
2026-10-01T09:57:10-10:00job:github_sync_all | ↑ [ecosystem] committed 10 local file(s)
2026-10-01T09:57:10-10:00job:github_sync_all | ↓ [ecosystem] fetching origin/main
2026-10-01T09:57:10-10:00job:github_sync_all | From github.com:RootRecord-Software-Solutions/RootRecord-Ecosystem
2026-10-01T09:57:10-10:00job:github_sync_all | * branch              main       -> FETCH_HEAD
2026-10-01T09:57:10-10:00job:github_sync_all | ↑ [ecosystem] local is ahead of GitHub
2026-10-01T09:57:10-10:00job:github_sync_all | To github.com:RootRecord-Software-Solutions/RootRecord-Ecosystem.git
2026-10-01T09:57:10-10:00job:github_sync_all | 4dc5cff6..9d080052  HEAD -> main
2026-10-01T09:57:10-10:00job:github_sync_all | branch 'main' set up to track 'origin/main'.
2026-10-01T09:57:10-10:00job:github_sync_all | ↑ [ecosystem] 10 files → RootRecord-Software-Solutions/RootRecord-Ecosystem (main)
2026-10-01T09:57:10-10:00job:github_sync_all | — [pacific] no local changes
2026-10-01T09:57:10-10:00job:github_sync_all | ↓ [pacific] fetching origin/main
2026-10-01T09:57:10-10:00job:github_sync_all | From github.com:RootRecord-Software-Solutions/RootRecord-Pacific-Solar-Server
2026-10-01T09:57:10-10:00job:github_sync_all | * branch            main       -> FETCH_HEAD
2026-10-01T09:57:10-10:00job:github_sync_all | — [pacific] local and GitHub already match
2026-10-01T09:57:10-10:00job:github_sync_all | — [pacific] nothing to push
2026-10-01T09:57:10-10:00job:github_sync_all | ↑ [database] committed 20 local file(s)
2026-10-01T09:57:10-10:00job:github_sync_all | ↓ [database] fetching origin/main
2026-10-01T09:57:10-10:00job:github_sync_all | From github.com:RootRecord-Software-Solutions/RootRecord-Database
2026-10-01T09:57:10-10:00job:github_sync_all | * branch              main       -> FETCH_HEAD
2026-10-01T09:57:10-10:00job:github_sync_all | ↑ [database] local is ahead of GitHub
2026-10-01T09:57:10-10:00job:github_sync_all | To github.com:RootRecord-Software-Solutions/RootRecord-Database.git
2026-10-01T09:57:10-10:00job:github_sync_all | 3d68798b..f1918f66  HEAD -> main
2026-10-01T09:57:10-10:00job:github_sync_all | branch 'main' set up to track 'origin/main'.
2026-10-01T09:57:10-10:00job:github_sync_all | ↑ [database] 20 files → RootRecord-Software-Solutions/RootRecord-Database (main)
2026-10-01T09:57:10-10:00job:github_sync_all | — [library] no local changes
2026-10-01T09:57:10-10:00job:github_sync_all | ↓ [library] fetching origin/main
2026-10-01T09:57:10-10:00job:github_sync_all | From github.com:RootRecord-Software-Solutions/RootRecord-Library
2026-10-01T09:57:10-10:00job:github_sync_all | * branch            main       -> FETCH_HEAD
2026-10-01T09:57:10-10:00job:github_sync_all | — [library] local and GitHub already match
2026-10-01T09:57:10-10:00job:github_sync_all | — [library] nothing to push
2026-10-01T09:57:10-10:00job:github_sync_all | — [website] no local changes
2026-10-01T09:57:10-10:00job:github_sync_all | ↓ [website] fetching origin/main
2026-10-01T09:57:10-10:00job:github_sync_all | From github.com:RootRecord-Software-Solutions/RootRecord-Website
2026-10-01T09:57:10-10:00job:github_sync_all | * branch            main       -> FETCH_HEAD
2026-10-01T09:57:10-10:00job:github_sync_all | — [website] local and GitHub already match
2026-10-01T09:57:10-10:00job:github_sync_all | — [website] nothing to push
2026-10-01T09:57:10-10:00job:github_sync_all | — [website-personal] no local changes
2026-10-01T09:57:10-10:00job:github_sync_all | ↓ [website-personal] fetching origin/main
2026-10-01T09:57:10-10:00job:github_sync_all | From github.com:rootrecordsoftwaresolutions/RootRecord-Website
2026-10-01T09:57:10-10:00job:github_sync_all | * branch            main       -> FETCH_HEAD
2026-10-01T09:57:10-10:00job:worklog_scan RUN  bash "/home/rootrecord/RootRecord-Ecosystem/1 - Servers/1 - RootRecord-Pacific-Solar-Server/Reports/scripts/worklog_once.sh"
2026-10-01T10:00:10-10:00job:worklog_scan TIMEOUT after 180s
2026-10-01T10:00:10-10:00job:security_camera_frame_grab RUN  bash "/home/rootrecord/RootRecord-Ecosystem/1 - Servers/1 - RootRecord-Pacific-Solar-Server/Security/Cameras/grab_all.sh"
2026-10-01T10:00:28-10:00job:security_camera_frame_grab | 10:00:10  📷  a-eyes  ch1 → ch1-20261001T200010Z.jpg  (505.4 KB, 4.42s)
2026-10-01T10:00:28-10:00job:security_camera_frame_grab | 10:00:14  📷  a-eyes  ch2 → ch2-20261001T200014Z.jpg  (148.2 KB, 4.56s)
2026-10-01T10:00:28-10:00job:security_camera_frame_grab | 10:00:19  📷  a-eyes  ch3 → ch3-20261001T200019Z.jpg  (256.1 KB, 4.57s)
2026-10-01T10:00:28-10:00job:security_camera_frame_grab | 10:00:24  📷  a-eyes  ch4 → ch4-20261001T200024Z.jpg  (235.0 KB, 4.28s)
2026-10-01T10:00:28-10:00job:status_snapshot RUN  nice -n 10 python3 "/home/rootrecord/RootRecord-Ecosystem/1 - Servers/1 - RootRecord-Pacific-Solar-Server/Website/scripts/live_data_pages.py"
2026-10-01T10:00:28-10:00job:status_snapshot | live-data 5 pages
2026-10-01T10:00:29-10:00job:voice_system_perf RUN  nice -n 10 python3 "/home/rootrecord/RootRecord-Ecosystem/1 - Servers/1 - RootRecord-Pacific-Solar-Server/Media/Voice/scripts/system_perf.py"
2026-10-01T10:00:54-10:00job:voice_system_perf | {"ok": true, "report": "system_perf", "md": "/home/rootrecord/RootRecord-Ecosystem/test-reports/Voice/system_perf_current.md", "cpu_pct": 6.5, "mem_pct": 60.9, "voice_rc": 0, "voice": {"ok": true, "mode": "stitch", "report": "system_perf", "agent": "bruce", "voice": "am_echo", "speed": 1.0, "wav": "/home/rootrecord/RootRecord-Ecosystem/2 - RootRecord-Database/Media/Audio/Voice/system_perf_current.wav", "clips_used": 0, "live_sentences": 11, "model_loaded": true, "render_s": 19.15, "sample_rate": 24000, "channels": 1, "subtype": "PCM_16", "duration_s": 29.806, "peak_dbfs": -1.5, "rms_dbfs": -20.24, "lead_silence_ms": 113, "qc": "PASS", "wall_s": 19.22, "peak_rss_mb": 1552}, "deliver": {"ok": true, "sent": true, "persona": "bruce", "chat": "-1004367256267", "message_id": 2194, "transcript": false, "report": true, "photo": false, "plan": {"voice": true, "transcript": false, "report": true}}}
2026-10-01T10:00:54-10:00job:voice_energy_report RUN  nice -n 10 python3 "/home/rootrecord/RootRecord-Ecosystem/1 - Servers/1 - RootRecord-Pacific-Solar-Server/Media/Voice/scripts/voice_reports.py" energy_report
2026-10-01T10:02:14-10:00job:voice_energy_report | {"ok": true, "report": "energy_report", "md": "/home/rootrecord/RootRecord-Ecosystem/test-reports/Voice/energy_report_current.md", "sentences": 4, "voice": {"ok": true, "skipped": true, "detail": "blended into the hourly solar desk; this run refreshes the camera look"}}
2026-10-01T10:02:14-10:00job:voice_remaining_tasks RUN  nice -n 10 python3 "/home/rootrecord/RootRecord-Ecosystem/1 - Servers/1 - RootRecord-Pacific-Solar-Server/Media/Voice/scripts/voice_reports.py" remaining_tasks
2026-10-01T10:02:32-10:00job:voice_remaining_tasks | {"ok": true, "report": "remaining_tasks", "md": "/home/rootrecord/RootRecord-Ecosystem/test-reports/Voice/remaining_tasks_current.md", "sentences": 3, "voice": {"ok": true, "mode": "stitch", "report": "remaining_tasks", "agent": "bruce", "voice": "am_echo", "speed": 1.0, "wav": "/home/rootrecord/RootRecord-Ecosystem/2 - RootRecord-Database/Media/Audio/Voice/remaining_tasks_current.wav", "clips_used": 0, "live_sentences": 3, "model_loaded": true, "render_s": 13.31, "sample_rate": 24000, "channels": 1, "subtype": "PCM_16", "duration_s": 9.136, "peak_dbfs": -1.93, "rms_dbfs": -20.09, "lead_silence_ms": 113, "qc": "PASS", "wall_s": 13.47, "peak_rss_mb": 1291, "rc": 0}, "deliver": {"ok": true, "sent": true, "persona": "bruce", "chat": "-1004367256267", "message_id": 2196, "transcript": false, "report": true, "photo": false, "plan": {"voice": true, "transcript": false, "report": true}}}
2026-10-01T10:02:32-10:00job:voice_earthquake_report RUN  nice -n 10 python3 "/home/rootrecord/RootRecord-Ecosystem/1 - Servers/1 - RootRecord-Pacific-Solar-Server/Media/Voice/scripts/voice_reports.py" earthquake_report
2026-10-01T10:02:50-10:00job:voice_earthquake_report FAIL code=-15
2026-10-01T10:02:50-10:00HTTP listening on http://127.0.0.1:8799 (open access on bind)
2026-10-01T10:02:50-10:00boot:start  jobs=10
2026-10-01T10:02:50-10:00boot:run  priority=0  id=self_terminal
2026-10-01T10:02:50-10:00boot:p0 self_process pid=498191
2026-10-01T10:02:50-10:00boot:run  priority=1  id=cloudflare_tunnel
2026-10-01T10:02:50-10:00boot:p1 cloudflare_tunnel host=rootserver.rootrecord.cloud
2026-10-01T10:02:51-10:00internet OK at boot — starting tunnel
2026-10-01T10:02:51-10:00Starting cloudflared mode=token public_host=rootserver.rootrecord.cloud
2026-10-01T10:02:51-10:00Waiting for tunnel register (timeout=45s)…
2026-10-01T10:02:51-10:00tunnel starting
2026-10-01T10:02:51-10:00tunnel connected  conn=0  edge=lax05
2026-10-01T10:02:51-10:00Tunnel READY — first connection registered.
2026-10-01T10:02:51-10:00boot:run  priority=2  id=github_setup_remotes
2026-10-01T10:02:51-10:00tunnel ingress  rootserver.rootrecord.cloud → 127.0.0.1:8799
2026-10-01T10:02:52-10:00tunnel connected  conn=1  edge=lax13
2026-10-01T10:02:52-10:00boot:run  priority=3  id=ollama_warmup
2026-10-01T10:02:52-10:00job:ollama_warmup RUN  bash '/home/rootrecord/RootRecord-Ecosystem/1 - Servers/1 - RootRecord-Pacific-Solar-Server/System/scripts/plumbing/ollama-warmup.sh'
2026-10-01T10:02:52-10:00job:ollama_warmup | [ok] ollama up
2026-10-01T10:02:52-10:00boot:run  priority=4  id=flm_npu_warmup
2026-10-01T10:02:52-10:00job:flm_npu_warmup RUN  bash '/home/rootrecord/RootRecord-Ecosystem/1 - Servers/1 - RootRecord-Pacific-Solar-Server/System/scripts/plumbing/flm-warmup.sh'
2026-10-01T10:02:52-10:00job:flm_npu_warmup | [skip] FLM warmup disabled (no resident model; set FLM_WARMUP_RESIDENT=1 to opt in)
2026-10-01T10:02:52-10:00boot:run  priority=5  id=council_relay
2026-10-01T10:02:52-10:00job:council_relay RUN  bash "/home/rootrecord/RootRecord-Ecosystem/1 - Servers/1 - RootRecord-Pacific-Solar-Server/Communications/telegram/scripts/ensure-relay.sh"
2026-10-01T10:02:53-10:00tunnel connected  conn=2  edge=lax10
2026-10-01T10:02:54-10:00tunnel connected  conn=3  edge=lax13
2026-10-01T10:02:55-10:00job:council_relay | [ok] council-relay started pid=498526 → /home/rootrecord/RootRecord-Ecosystem/2 - RootRecord-Database/Logs/Communications/council-relay.log
2026-10-01T10:02:55-10:00boot:run  priority=6  id=security_camera_server
2026-10-01T10:02:55-10:00job:security_camera_server RUN  bash "/home/rootrecord/RootRecord-Ecosystem/1 - Servers/1 - RootRecord-Pacific-Solar-Server/Security/Cameras/ensure_cam_server.sh"
2026-10-01T10:02:55-10:00job:security_camera_server | security cam server started
2026-10-01T10:02:55-10:00boot:run  priority=7  id=security_timelapse_catchup
2026-10-01T10:02:55-10:00job:security_timelapse_catchup RUN  bash "/home/rootrecord/RootRecord-Ecosystem/1 - Servers/1 - RootRecord-Pacific-Solar-Server/Security/Cameras/timelapse_catchup.sh"
2026-10-01T10:03:09-10:00job:security_timelapse_catchup | 10:02:55  🎬  a-eyes-timelapse  catchup: checking 20261001, now=10:02 HST
2026-10-01T10:03:09-10:00job:security_timelapse_catchup | 10:02:56  🎬  a-eyes-timelapse  hour 05 has no frames yet, skipping
2026-10-01T10:03:09-10:00job:security_timelapse_catchup | 10:02:56  🎬  a-eyes-timelapse  hour 06 has no frames yet, skipping
2026-10-01T10:03:09-10:00job:security_timelapse_catchup | 10:02:56  🎬  a-eyes-timelapse  hour 07 has no frames yet, skipping
2026-10-01T10:03:09-10:00job:security_timelapse_catchup | 10:02:56  🎬  a-eyes-timelapse  hour 08 already compiled, skipping
2026-10-01T10:03:09-10:00job:security_timelapse_catchup | 10:03:09  🎬  a-eyes-timelapse  hour 09 → hour_09.mp4  (16 frames, 12.86s)
2026-10-01T10:03:09-10:00job:security_timelapse_catchup | 10:03:09  🎬  a-eyes-timelapse  hour 09 frames archived → /home/rootrecord/RootRecord-Ecosystem/2 - RootRecord-Database/Media/Timelapses/_archive/20261001/hour_09
2026-10-01T10:03:09-10:00job:security_timelapse_catchup | 10:03:09  🎬  a-eyes-timelapse  catchup: window still open today, skipping daily render
2026-10-01T10:03:09-10:00boot:run  priority=8  id=weather_poller
2026-10-01T10:03:09-10:00job:weather_poller RUN  bash "/home/rootrecord/RootRecord-Ecosystem/1 - Servers/1 - RootRecord-Pacific-Solar-Server/Weather/scripts/ensure-weather-poller.sh"
2026-10-01T10:03:11-10:00job:weather_poller | [ensure-weather-poller] starting -- entry=/home/rootrecord/RootRecord-Ecosystem/1 - Servers/1 - RootRecord-Pacific-Solar-Server/Weather/scripts/run_poller.py log=/home/rootrecord/RootRecord-Ecosystem/2 - RootRecord-Database/Weather/Hawai'i/logs/weather-poller.log
2026-10-01T10:03:11-10:00job:weather_poller | [ensure-weather-poller] verify: weather poller is running
2026-10-01T10:03:11-10:00boot:run  priority=9  id=network_globe_hawaii
2026-10-01T10:03:11-10:00job:network_globe_hawaii RUN  bash "/home/rootrecord/RootRecord-Ecosystem/1 - Servers/1 - RootRecord-Pacific-Solar-Server/Communications/network/scripts/ensure-network-globe-hawaii.sh"
2026-10-01T10:03:11-10:00job:network_globe_hawaii | [ensure-network-globe-hawaii] already running -- nothing to do
2026-10-01T10:03:11-10:00boot:done
2026-10-01T10:03:27-10:00tunnel timeout — reconnecting
2026-10-01T10:03:28-10:00tunnel timeout — reconnecting
2026-10-01T10:03:29-10:00tunnel timeout — reconnecting
2026-10-01T10:03:29-10:00tunnel connected  conn=0  edge=lax05
2026-10-01T10:03:29-10:00tunnel timeout — reconnecting
2026-10-01T10:03:29-10:00tunnel timeout — reconnecting
2026-10-01T10:03:30-10:00tunnel timeout — reconnecting
2026-10-01T10:03:32-10:00tunnel timeout — reconnecting
2026-10-01T10:03:46-10:00  ▸  SUMMARY=delta2 soc=9.97% solar=112W ac_out=94W usbc=0W src=ble+cloud db=ok
2026-10-01T10:03:46-10:00scheduler  every_seconds=11  every_minute=10  every_hour=2  on_at=10
2026-10-01T10:03:46-10:00ENERGY  status=live  B2=10.0%  B1=27.5%  solar=112 W  ac=94 W  usbc=0 W  src=/home/rootrecord/RootRecord-Ecosystem/2 - RootRecord-Database/Energy  LAP=76%/Discharging/batt
2026-10-01T10:03:48-10:00tunnel connected  conn=1  edge=lax13
2026-10-01T10:03:48-10:00tunnel connected  conn=2  edge=lax05
2026-10-01T10:03:48-10:00tunnel connected  conn=3  edge=lax13
2026-10-01T10:04:01-10:00  ▸  SUMMARY=river2pro soc=27.39% solar=0W ac_out=100W usbc=8W src=ble db=ok
2026-10-01T10:04:01-10:00job:sys_stats_cycle RUN  bash "/home/rootrecord/RootRecord-Ecosystem/1 - Servers/1 - RootRecord-Pacific-Solar-Server/System/scripts/sys-sample.sh"
2026-10-01T10:04:04-10:00job:sys_stats_cycle | SYSTEM  cpu=14%  load=4.81  mem=58%  src=sqlite
2026-10-01T10:04:04-10:00job:sys_stats_cycle | OK wrote /home/rootrecord/RootRecord-Ecosystem/2 - RootRecord-Database/System/samples/sys-20261001-100402.json
2026-10-01T10:05:15-10:00job:github_sync_all | ↑ [ecosystem] committed 28 local file(s)
2026-10-01T10:05:15-10:00job:github_sync_all | ↓ [ecosystem] fetching origin/main
2026-10-01T10:05:15-10:00job:github_sync_all | From github.com:RootRecord-Software-Solutions/RootRecord-Ecosystem
2026-10-01T10:05:15-10:00job:github_sync_all | * branch              main       -> FETCH_HEAD
2026-10-01T10:05:15-10:00job:github_sync_all | * [new branch]        main       -> origin/main
2026-10-01T10:05:15-10:00job:github_sync_all | ↑ [ecosystem] local is ahead of GitHub
2026-10-01T10:05:15-10:00job:github_sync_all | To github.com:RootRecord-Software-Solutions/RootRecord-Ecosystem.git
2026-10-01T10:05:15-10:00job:github_sync_all | 9d080052..313c9500  HEAD -> main
2026-10-01T10:05:15-10:00job:github_sync_all | branch 'main' set up to track 'origin/main'.
2026-10-01T10:05:15-10:00job:github_sync_all | ↑ [ecosystem] 28 files → RootRecord-Software-Solutions/RootRecord-Ecosystem (main)
2026-10-01T10:05:15-10:00job:github_sync_all | ↑ [pacific] committed 1 local file(s)
2026-10-01T10:05:15-10:00job:github_sync_all | ↓ [pacific] fetching origin/main
2026-10-01T10:05:15-10:00job:github_sync_all | From github.com:RootRecord-Software-Solutions/RootRecord-Pacific-Solar-Server
2026-10-01T10:05:15-10:00job:github_sync_all | * branch            main       -> FETCH_HEAD
2026-10-01T10:05:15-10:00job:github_sync_all | ↑ [pacific] local is ahead of GitHub
2026-10-01T10:05:15-10:00job:github_sync_all | To github.com:RootRecord-Software-Solutions/RootRecord-Pacific-Solar-Server.git
2026-10-01T10:05:15-10:00job:github_sync_all | 31274c9..ca15035  HEAD -> main
2026-10-01T10:05:15-10:00job:github_sync_all | branch 'main' set up to track 'origin/main'.
2026-10-01T10:05:15-10:00job:github_sync_all | ↑ [pacific] 1 files → RootRecord-Software-Solutions/RootRecord-Pacific-Solar-Server (main)
2026-10-01T10:05:15-10:00job:github_sync_all | ↑ [database] committed 26 local file(s)
2026-10-01T10:05:15-10:00job:github_sync_all | ↓ [database] fetching origin/main
2026-10-01T10:05:15-10:00job:github_sync_all | From github.com:RootRecord-Software-Solutions/RootRecord-Database
2026-10-01T10:05:15-10:00job:github_sync_all | * branch              main       -> FETCH_HEAD
2026-10-01T10:05:15-10:00job:github_sync_all | ↑ [database] local is ahead of GitHub
2026-10-01T10:05:15-10:00job:github_sync_all | To github.com:RootRecord-Software-Solutions/RootRecord-Database.git
2026-10-01T10:05:15-10:00job:github_sync_all | f1918f66..99f399e4  HEAD -> main
2026-10-01T10:05:15-10:00job:github_sync_all | branch 'main' set up to track 'origin/main'.
2026-10-01T10:05:15-10:00job:github_sync_all | ↑ [database] 26 files → RootRecord-Software-Solutions/RootRecord-Database (main)
2026-10-01T10:05:15-10:00job:github_sync_all | — [library] no local changes
2026-10-01T10:05:15-10:00job:github_sync_all | ↓ [library] fetching origin/main
2026-10-01T10:05:15-10:00job:github_sync_all | From github.com:RootRecord-Software-Solutions/RootRecord-Library
2026-10-01T10:05:15-10:00job:github_sync_all | * branch            main       -> FETCH_HEAD
2026-10-01T10:05:15-10:00job:github_sync_all | — [library] local and GitHub already match
2026-10-01T10:05:15-10:00job:github_sync_all | — [library] nothing to push
2026-10-01T10:05:15-10:00job:github_sync_all | — [website] no local changes
2026-10-01T10:05:15-10:00job:github_sync_all | ↓ [website] fetching origin/main
2026-10-01T10:05:15-10:00job:github_sync_all | From github.com:RootRecord-Software-Solutions/RootRecord-Website
2026-10-01T10:05:15-10:00job:github_sync_all | * branch            main       -> FETCH_HEAD
2026-10-01T10:05:15-10:00job:github_sync_all | — [website] local and GitHub already match
2026-10-01T10:05:15-10:00job:github_sync_all | — [website] nothing to push
2026-10-01T10:05:15-10:00job:worklog_scan RUN  bash "/home/rootrecord/RootRecord-Ecosystem/1 - Servers/1 - RootRecord-Pacific-Solar-Server/Reports/scripts/worklog_once.sh"
2026-10-01T10:08:15-10:00job:worklog_scan TIMEOUT after 180s
2026-10-01T10:08:15-10:00job:security_camera_frame_grab RUN  bash "/home/rootrecord/RootRecord-Ecosystem/1 - Servers/1 - RootRecord-Pacific-Solar-Server/Security/Cameras/grab_all.sh"
2026-10-01T10:08:32-10:00job:security_camera_frame_grab | 10:08:15  📷  a-eyes  ch1 → ch1-20261001T200815Z.jpg  (498.3 KB, 4.42s)
2026-10-01T10:08:32-10:00job:security_camera_frame_grab | 10:08:19  📷  a-eyes  ch2 → ch2-20261001T200819Z.jpg  (158.7 KB, 4.47s)
2026-10-01T10:08:32-10:00job:security_camera_frame_grab | 10:08:24  📷  a-eyes  ch3 → ch3-20261001T200824Z.jpg  (274.8 KB, 4.27s)
2026-10-01T10:08:32-10:00job:security_camera_frame_grab | 10:08:28  📷  a-eyes  ch4 → ch4-20261001T200828Z.jpg  (250.5 KB, 4.32s)
2026-10-01T10:08:32-10:00job:service_supervisor RUN  bash "/home/rootrecord/RootRecord-Ecosystem/1 - Servers/1 - RootRecord-Pacific-Solar-Server/Automations/scripts/supervise-services.sh"
2026-10-01T10:08:33-10:00job:service_supervisor | [supervisor] weather alive pid=498944 (act)
2026-10-01T10:08:33-10:00job:service_supervisor | [supervisor] relay alive pid=498526 (act)
2026-10-01T10:08:33-10:00job:geology_collect RUN  nice -n 10 python3 "/home/rootrecord/RootRecord-Ecosystem/1 - Servers/1 - RootRecord-Pacific-Solar-Server/Geology/scripts/geology_collect.py" all
2026-10-01T10:08:36-10:00job:geology_collect | {"ok": true, "at": "2026-10-01T10:08:33-10:00", "what": "all", "dry_run": false, "sources": {"hawaii": {"ok": true, "count": 56, "new": 0, "new_m2": 0, "ms": 1162}, "global": {"ok": true, "count": 42, "new": 1, "ms": 301}, "hvo_notices": {"ok": true, "count": 45, "new": 0, "ms": 910}, "hvo_status": {"ok": true, "volcanoes": 8, "kilauea": "WATCH", "mauna_loa": "NORMAL", "ms": 511}}}
2026-10-01T10:08:36-10:00job:status_snapshot RUN  nice -n 10 python3 "/home/rootrecord/RootRecord-Ecosystem/1 - Servers/1 - RootRecord-Pacific-Solar-Server/Website/scripts/live_data_pages.py"
2026-10-01T10:08:36-10:00job:status_snapshot | live-data 6 pages
2026-10-01T10:08:36-10:00job:system_net_sample RUN  nice -n 10 python3 "/home/rootrecord/RootRecord-Ecosystem/1 - Servers/1 - RootRecord-Pacific-Solar-Server/System/scripts/host_desks.py" net-sample
2026-10-01T10:08:36-10:00job:system_net_sample | {"ok": true, "file": "/home/rootrecord/RootRecord-Ecosystem/2 - RootRecord-Database/System/network/Daily/net-20261001.jsonl", "iface": "wlo1", "hour": {"seconds": 3784, "rx": 1515650327, "tx": 64236924, "total": 1579887251, "iface": "wlo1", "link": "wireless"}, "day": {"seconds": 67702, "rx": 1562886172, "tx": 33481073, "total": 1596367245, "iface": "wlo1", "link": "wireless"}}
2026-10-01T10:08:36-10:00job:discord_report_relay RUN  nice -n 10 python3 "/home/rootrecord/RootRecord-Ecosystem/1 - Servers/1 - RootRecord-Pacific-Solar-Server/Communications/Discord/scripts/report_relay.py"
2026-10-01T10:08:41-10:00job:discord_report_relay | posted energy_report
2026-10-01T10:08:41-10:00job:discord_report_relay | posted remaining_tasks
2026-10-01T10:08:41-10:00job:discord_report_relay | posted earthquake_report
2026-10-01T10:08:41-10:00job:discord_report_relay | posted system_perf
2026-10-01T10:08:41-10:00ENERGY  status=live  B2=10.0%  B1=27.4%  solar=112 W  ac=94 W  usbc=0 W  src=/home/rootrecord/RootRecord-Ecosystem/2 - RootRecord-Database/Energy  LAP=74%/Discharging/batt
2026-10-01T10:09:00-10:00  ▸  SUMMARY=delta2 soc=10.77% solar=114W ac_out=94W usbc=0W src=ble+cloud db=ok
2026-10-01T10:09:00-10:00job:sys_stats_cycle RUN  bash "/home/rootrecord/RootRecord-Ecosystem/1 - Servers/1 - RootRecord-Pacific-Solar-Server/System/scripts/sys-sample.sh"
2026-10-01T10:09:02-10:00job:sys_stats_cycle | SYSTEM  cpu=16%  load=3.24  mem=64%  src=sqlite
2026-10-01T10:09:02-10:00job:sys_stats_cycle | OK wrote /home/rootrecord/RootRecord-Ecosystem/2 - RootRecord-Database/System/samples/sys-20261001-100900.json
2026-10-01T10:10:19-10:00job:github_sync_all | ↑ [ecosystem] committed 40 local file(s)
2026-10-01T10:10:19-10:00job:github_sync_all | ↓ [ecosystem] fetching origin/main
2026-10-01T10:10:19-10:00job:github_sync_all | From github.com:RootRecord-Software-Solutions/RootRecord-Ecosystem
2026-10-01T10:10:19-10:00job:github_sync_all | * branch              main       -> FETCH_HEAD
2026-10-01T10:10:19-10:00job:github_sync_all | ↑ [ecosystem] local is ahead of GitHub
2026-10-01T10:10:19-10:00job:github_sync_all | To github.com:RootRecord-Software-Solutions/RootRecord-Ecosystem.git
2026-10-01T10:10:19-10:00job:github_sync_all | 313c9500..97f23631  HEAD -> main
2026-10-01T10:10:19-10:00job:github_sync_all | branch 'main' set up to track 'origin/main'.
2026-10-01T10:10:19-10:00job:github_sync_all | ↑ [ecosystem] 40 files → RootRecord-Software-Solutions/RootRecord-Ecosystem (main)
2026-10-01T10:10:19-10:00job:github_sync_all | ↑ [pacific] committed 14 local file(s)
2026-10-01T10:10:19-10:00job:github_sync_all | ↓ [pacific] fetching origin/main
2026-10-01T10:10:19-10:00job:github_sync_all | From github.com:RootRecord-Software-Solutions/RootRecord-Pacific-Solar-Server
2026-10-01T10:10:19-10:00job:github_sync_all | * branch            main       -> FETCH_HEAD
2026-10-01T10:10:19-10:00job:github_sync_all | ↑ [pacific] local is ahead of GitHub
2026-10-01T10:10:19-10:00job:github_sync_all | To github.com:RootRecord-Software-Solutions/RootRecord-Pacific-Solar-Server.git
2026-10-01T10:10:19-10:00job:github_sync_all | ca15035..044d211  HEAD -> main
2026-10-01T10:10:19-10:00job:github_sync_all | branch 'main' set up to track 'origin/main'.
2026-10-01T10:10:19-10:00job:github_sync_all | ↑ [pacific] 14 files → RootRecord-Software-Solutions/RootRecord-Pacific-Solar-Server (main)
2026-10-01T10:10:19-10:00job:github_sync_all | ↑ [database] committed 31 local file(s)
2026-10-01T10:10:19-10:00job:github_sync_all | ↓ [database] fetching origin/main
2026-10-01T10:10:19-10:00job:github_sync_all | From github.com:RootRecord-Software-Solutions/RootRecord-Database
2026-10-01T10:10:19-10:00job:github_sync_all | * branch              main       -> FETCH_HEAD
2026-10-01T10:10:19-10:00job:github_sync_all | ↑ [database] local is ahead of GitHub
2026-10-01T10:10:19-10:00job:github_sync_all | To github.com:RootRecord-Software-Solutions/RootRecord-Database.git
2026-10-01T10:10:19-10:00job:github_sync_all | 99f399e4..d8456f27  HEAD -> main
2026-10-01T10:10:19-10:00job:github_sync_all | branch 'main' set up to track 'origin/main'.
2026-10-01T10:10:19-10:00job:github_sync_all | ↑ [database] 31 files → RootRecord-Software-Solutions/RootRecord-Database (main)
2026-10-01T10:10:19-10:00job:github_sync_all | — [library] no local changes
2026-10-01T10:10:19-10:00job:github_sync_all | ↓ [library] fetching origin/main
2026-10-01T10:10:19-10:00job:github_sync_all | From github.com:RootRecord-Software-Solutions/RootRecord-Library
2026-10-01T10:10:19-10:00job:github_sync_all | * branch            main       -> FETCH_HEAD
2026-10-01T10:10:19-10:00job:github_sync_all | — [library] local and GitHub already match
2026-10-01T10:10:19-10:00job:github_sync_all | — [library] nothing to push
2026-10-01T10:10:19-10:00job:github_sync_all | ↑ [website] committed 9 local file(s)
2026-10-01T10:10:19-10:00job:github_sync_all | ↓ [website] fetching origin/main
2026-10-01T10:10:19-10:00job:github_sync_all | From github.com:RootRecord-Software-Solutions/RootRecord-Website
2026-10-01T10:10:19-10:00job:github_sync_all | * branch            main       -> FETCH_HEAD
2026-10-01T10:10:19-10:00job:github_sync_all | ↑ [website] local is ahead of GitHub
2026-10-01T10:10:19-10:00job:github_sync_all | To github.com:RootRecord-Software-Solutions/RootRecord-Website.git
2026-10-01T10:10:19-10:00job:github_sync_all | 1df8300..9ee2b8f  HEAD -> main
2026-10-01T10:10:19-10:00job:security_camera_frame_grab RUN  bash "/home/rootrecord/RootRecord-Ecosystem/1 - Servers/1 - RootRecord-Pacific-Solar-Server/Security/Cameras/grab_all.sh"
2026-10-01T10:10:38-10:00job:security_camera_frame_grab | 10:10:20  📷  a-eyes  ch1 → ch1-20261001T201020Z.jpg  (502.3 KB, 4.48s)
2026-10-01T10:10:38-10:00job:security_camera_frame_grab | 10:10:24  📷  a-eyes  ch2 → ch2-20261001T201024Z.jpg  (160.8 KB, 4.59s)
2026-10-01T10:10:38-10:00job:security_camera_frame_grab | 10:10:29  📷  a-eyes  ch3 → ch3-20261001T201029Z.jpg  (286.6 KB, 4.53s)
2026-10-01T10:10:38-10:00job:security_camera_frame_grab | 10:10:33  📷  a-eyes  ch4 → ch4-20261001T201033Z.jpg  (249.1 KB, 4.47s)
2026-10-01T10:10:38-10:00ENERGY  status=live  B2=10.8%  B1=27.4%  solar=114 W  ac=94 W  usbc=0 W  src=/home/rootrecord/RootRecord-Ecosystem/2 - RootRecord-Database/Energy  LAP=73%/Discharging/batt
2026-10-01T10:10:54-10:00  ▸  SUMMARY=river2pro soc=25.27% solar=0W ac_out=74W usbc=8W src=ble db=ok
2026-10-01T10:10:54-10:00job:sys_stats_cycle RUN  bash "/home/rootrecord/RootRecord-Ecosystem/1 - Servers/1 - RootRecord-Pacific-Solar-Server/System/scripts/sys-sample.sh"
2026-10-01T10:10:56-10:00job:sys_stats_cycle | SYSTEM  cpu=18%  load=1.68  mem=61%  src=sqlite
2026-10-01T10:10:56-10:00job:sys_stats_cycle | OK wrote /home/rootrecord/RootRecord-Ecosystem/2 - RootRecord-Database/System/samples/sys-20261001-101055.json
2026-10-01T10:11:56-10:00job:github_sync_all | ↑ [ecosystem] committed 12 local file(s)
2026-10-01T10:11:56-10:00job:github_sync_all | ↓ [ecosystem] fetching origin/main
2026-10-01T10:11:56-10:00job:github_sync_all | From github.com:RootRecord-Software-Solutions/RootRecord-Ecosystem
2026-10-01T10:11:56-10:00job:github_sync_all | * branch              main       -> FETCH_HEAD
2026-10-01T10:11:56-10:00job:github_sync_all | ↑ [ecosystem] local is ahead of GitHub
2026-10-01T10:11:56-10:00job:github_sync_all | To github.com:RootRecord-Software-Solutions/RootRecord-Ecosystem.git
2026-10-01T10:11:56-10:00job:github_sync_all | 97f23631..e498a757  HEAD -> main
2026-10-01T10:11:56-10:00job:github_sync_all | branch 'main' set up to track 'origin/main'.
2026-10-01T10:11:56-10:00job:github_sync_all | ↑ [ecosystem] 12 files → RootRecord-Software-Solutions/RootRecord-Ecosystem (main)
2026-10-01T10:11:56-10:00job:github_sync_all | — [pacific] no local changes
2026-10-01T10:11:56-10:00job:github_sync_all | ↓ [pacific] fetching origin/main
2026-10-01T10:11:56-10:00job:github_sync_all | From github.com:RootRecord-Software-Solutions/RootRecord-Pacific-Solar-Server
2026-10-01T10:11:56-10:00job:github_sync_all | * branch            main       -> FETCH_HEAD
2026-10-01T10:11:56-10:00job:github_sync_all | — [pacific] local and GitHub already match
2026-10-01T10:11:56-10:00job:github_sync_all | — [pacific] nothing to push
2026-10-01T10:11:56-10:00job:github_sync_all | ↑ [database] committed 13 local file(s)
2026-10-01T10:11:56-10:00job:github_sync_all | ↓ [database] fetching origin/main
2026-10-01T10:11:56-10:00job:github_sync_all | From github.com:RootRecord-Software-Solutions/RootRecord-Database
2026-10-01T10:11:56-10:00job:github_sync_all | * branch              main       -> FETCH_HEAD
2026-10-01T10:11:56-10:00job:github_sync_all | ↑ [database] local is ahead of GitHub
2026-10-01T10:11:56-10:00job:github_sync_all | To github.com:RootRecord-Software-Solutions/RootRecord-Database.git
2026-10-01T10:11:56-10:00job:github_sync_all | d8456f27..02bb261b  HEAD -> main
2026-10-01T10:11:56-10:00job:github_sync_all | branch 'main' set up to track 'origin/main'.
2026-10-01T10:11:56-10:00job:github_sync_all | ↑ [database] 13 files → RootRecord-Software-Solutions/RootRecord-Database (main)
2026-10-01T10:11:56-10:00job:github_sync_all | — [library] no local changes
2026-10-01T10:11:56-10:00job:github_sync_all | ↓ [library] fetching origin/main
2026-10-01T10:11:56-10:00job:github_sync_all | From github.com:RootRecord-Software-Solutions/RootRecord-Library
2026-10-01T10:11:56-10:00job:github_sync_all | * branch            main       -> FETCH_HEAD
2026-10-01T10:11:56-10:00job:github_sync_all | — [library] local and GitHub already match
2026-10-01T10:11:56-10:00job:github_sync_all | — [library] nothing to push
2026-10-01T10:11:56-10:00job:github_sync_all | — [website] no local changes
2026-10-01T10:11:56-10:00job:github_sync_all | ↓ [website] fetching origin/main
2026-10-01T10:11:56-10:00job:github_sync_all | From github.com:RootRecord-Software-Solutions/RootRecord-Website
2026-10-01T10:11:56-10:00job:github_sync_all | * branch            main       -> FETCH_HEAD
2026-10-01T10:11:56-10:00job:github_sync_all | — [website] local and GitHub already match
2026-10-01T10:11:56-10:00job:github_sync_all | — [website] nothing to push
2026-10-01T10:11:56-10:00job:github_sync_all | — [website-personal] no local changes
2026-10-01T10:11:56-10:00job:github_sync_all | ↓ [website-personal] fetching origin/main
2026-10-01T10:11:56-10:00job:github_sync_all | From github.com:rootrecordsoftwaresolutions/RootRecord-Website
2026-10-01T10:11:56-10:00job:github_sync_all | * branch            main       -> FETCH_HEAD
2026-10-01T10:11:56-10:00job:worklog_scan RUN  bash "/home/rootrecord/RootRecord-Ecosystem/1 - Servers/1 - RootRecord-Pacific-Solar-Server/Reports/scripts/worklog_once.sh"
2026-10-01T10:14:56-10:00job:worklog_scan TIMEOUT after 180s
2026-10-01T10:14:56-10:00job:status_snapshot RUN  nice -n 10 python3 "/home/rootrecord/RootRecord-Ecosystem/1 - Servers/1 - RootRecord-Pacific-Solar-Server/Website/scripts/live_data_pages.py"
2026-10-01T10:14:56-10:00job:status_snapshot | live-data 6 pages
2026-10-01T10:14:57-10:00ENERGY  status=live  B2=10.8%  B1=25.3%  solar=114 W  ac=94 W  usbc=0 W  src=/home/rootrecord/RootRecord-Ecosystem/2 - RootRecord-Database/Energy  LAP=71%/Discharging/batt
2026-10-01T10:15:13-10:00  ▸  SUMMARY=river2pro soc=24.03% solar=0W ac_out=86W usbc=8W src=ble db=ok
2026-10-01T10:15:13-10:00job:sys_stats_cycle RUN  bash "/home/rootrecord/RootRecord-Ecosystem/1 - Servers/1 - RootRecord-Pacific-Solar-Server/System/scripts/sys-sample.sh"
2026-10-01T10:15:15-10:00job:sys_stats_cycle | SYSTEM  cpu=22%  load=2.89  mem=61%  src=sqlite
2026-10-01T10:15:15-10:00job:sys_stats_cycle | OK wrote /home/rootrecord/RootRecord-Ecosystem/2 - RootRecord-Database/System/samples/sys-20261001-101513.json
2026-10-01T10:16:26-10:00job:github_sync_all | ↑ [ecosystem] committed 6 local file(s)
2026-10-01T10:16:26-10:00job:github_sync_all | ↓ [ecosystem] fetching origin/main
2026-10-01T10:16:26-10:00job:github_sync_all | From github.com:RootRecord-Software-Solutions/RootRecord-Ecosystem
2026-10-01T10:16:26-10:00job:github_sync_all | * branch              main       -> FETCH_HEAD
2026-10-01T10:16:26-10:00job:github_sync_all | ↑ [ecosystem] local is ahead of GitHub
2026-10-01T10:16:26-10:00job:github_sync_all | To github.com:RootRecord-Software-Solutions/RootRecord-Ecosystem.git
2026-10-01T10:16:26-10:00job:github_sync_all | e498a757..84b81d7b  HEAD -> main
2026-10-01T10:16:26-10:00job:github_sync_all | branch 'main' set up to track 'origin/main'.
2026-10-01T10:16:26-10:00job:github_sync_all | ↑ [ecosystem] 6 files → RootRecord-Software-Solutions/RootRecord-Ecosystem (main)
2026-10-01T10:16:26-10:00job:github_sync_all | ↑ [pacific] committed 1 local file(s)
2026-10-01T10:16:26-10:00job:github_sync_all | ↓ [pacific] fetching origin/main
2026-10-01T10:16:26-10:00job:github_sync_all | From github.com:RootRecord-Software-Solutions/RootRecord-Pacific-Solar-Server
2026-10-01T10:16:26-10:00job:github_sync_all | * branch            main       -> FETCH_HEAD
2026-10-01T10:16:26-10:00job:github_sync_all | ↑ [pacific] local is ahead of GitHub
2026-10-01T10:16:26-10:00job:github_sync_all | To github.com:RootRecord-Software-Solutions/RootRecord-Pacific-Solar-Server.git
2026-10-01T10:16:26-10:00job:github_sync_all | 044d211..58e094e  HEAD -> main
2026-10-01T10:16:26-10:00job:github_sync_all | branch 'main' set up to track 'origin/main'.
2026-10-01T10:16:26-10:00job:github_sync_all | ↑ [pacific] 1 files → RootRecord-Software-Solutions/RootRecord-Pacific-Solar-Server (main)
2026-10-01T10:16:26-10:00job:github_sync_all | ↑ [database] committed 19 local file(s)
2026-10-01T10:16:26-10:00job:github_sync_all | ↓ [database] fetching origin/main
2026-10-01T10:16:26-10:00job:github_sync_all | From github.com:RootRecord-Software-Solutions/RootRecord-Database
2026-10-01T10:16:26-10:00job:github_sync_all | * branch              main       -> FETCH_HEAD
2026-10-01T10:16:26-10:00job:github_sync_all | ↑ [database] local is ahead of GitHub
2026-10-01T10:16:26-10:00job:github_sync_all | To github.com:RootRecord-Software-Solutions/RootRecord-Database.git
2026-10-01T10:16:26-10:00job:github_sync_all | 02bb261b..f74b7994  HEAD -> main
2026-10-01T10:16:26-10:00job:github_sync_all | branch 'main' set up to track 'origin/main'.
2026-10-01T10:16:26-10:00job:github_sync_all | ↑ [database] 19 files → RootRecord-Software-Solutions/RootRecord-Database (main)
2026-10-01T10:16:26-10:00job:github_sync_all | — [library] no local changes
2026-10-01T10:16:26-10:00job:github_sync_all | ↓ [library] fetching origin/main
2026-10-01T10:16:26-10:00job:github_sync_all | From github.com:RootRecord-Software-Solutions/RootRecord-Library
2026-10-01T10:16:26-10:00job:github_sync_all | * branch            main       -> FETCH_HEAD
2026-10-01T10:16:26-10:00job:github_sync_all | — [library] local and GitHub already match
2026-10-01T10:16:26-10:00job:github_sync_all | — [library] nothing to push
2026-10-01T10:16:26-10:00job:github_sync_all | — [website] no local changes
2026-10-01T10:16:26-10:00job:github_sync_all | ↓ [website] fetching origin/main
2026-10-01T10:16:26-10:00job:github_sync_all | From github.com:RootRecord-Software-Solutions/RootRecord-Website
2026-10-01T10:16:26-10:00job:github_sync_all | * branch            main       -> FETCH_HEAD
2026-10-01T10:16:26-10:00job:github_sync_all | — [website] local and GitHub already match
2026-10-01T10:16:26-10:00job:github_sync_all | — [website] nothing to push
2026-10-01T10:16:26-10:00job:github_sync_all | — [website-personal] no local changes
2026-10-01T10:16:26-10:00job:security_camera_frame_grab RUN  bash "/home/rootrecord/RootRecord-Ecosystem/1 - Servers/1 - RootRecord-Pacific-Solar-Server/Security/Cameras/grab_all.sh"
2026-10-01T10:16:45-10:00job:security_camera_frame_grab | 10:16:26  📷  a-eyes  ch1 → ch1-20261001T201626Z.jpg  (506.5 KB, 4.65s)
2026-10-01T10:16:45-10:00job:security_camera_frame_grab | 10:16:31  📷  a-eyes  ch2 → ch2-20261001T201631Z.jpg  (158.5 KB, 4.40s)
2026-10-01T10:16:45-10:00job:security_camera_frame_grab | 10:16:36  📷  a-eyes  ch3 → ch3-20261001T201636Z.jpg  (295.4 KB, 4.58s)
2026-10-01T10:16:45-10:00job:security_camera_frame_grab | 10:16:40  📷  a-eyes  ch4 → ch4-20261001T201640Z.jpg  (218.7 KB, 4.55s)
2026-10-01T10:16:45-10:00job:service_supervisor RUN  bash "/home/rootrecord/RootRecord-Ecosystem/1 - Servers/1 - RootRecord-Pacific-Solar-Server/Automations/scripts/supervise-services.sh"
2026-10-01T10:16:45-10:00job:service_supervisor | [supervisor] weather alive pid=498944 (act)
2026-10-01T10:16:45-10:00job:service_supervisor | [supervisor] relay alive pid=498526 (act)
2026-10-01T10:16:45-10:00job:geology_collect RUN  nice -n 10 python3 "/home/rootrecord/RootRecord-Ecosystem/1 - Servers/1 - RootRecord-Pacific-Solar-Server/Geology/scripts/geology_collect.py" all
2026-10-01T10:17:01-10:00job:geology_collect | {"ok": true, "at": "2026-10-01T10:16:45-10:00", "what": "all", "dry_run": false, "sources": {"hawaii": {"ok": true, "count": 56, "new": 0, "new_m2": 0, "ms": 1003}, "global": {"ok": true, "count": 42, "new": 0, "ms": 295}, "hvo_notices": {"ok": true, "count": 45, "new": 0, "ms": 4058}, "hvo_status": {"ok": true, "volcanoes": 8, "kilauea": "WATCH", "mauna_loa": "NORMAL", "ms": 10581}}}
2026-10-01T10:17:01-10:00job:system_net_sample RUN  nice -n 10 python3 "/home/rootrecord/RootRecord-Ecosystem/1 - Servers/1 - RootRecord-Pacific-Solar-Server/System/scripts/host_desks.py" net-sample
2026-10-01T10:17:01-10:00job:system_net_sample | {"ok": true, "file": "/home/rootrecord/RootRecord-Ecosystem/2 - RootRecord-Database/System/network/Daily/net-20261001.jsonl", "iface": "wlo1", "hour": {"seconds": 3662, "rx": 1426890881, "tx": 63613947, "total": 1490504828, "iface": "wlo1", "link": "wireless"}, "day": {"seconds": 68208, "rx": 1579312169, "tx": 40878106, "total": 1620190275, "iface": "wlo1", "link": "wireless"}}
2026-10-01T10:17:02-10:00job:discord_report_relay RUN  nice -n 10 python3 "/home/rootrecord/RootRecord-Ecosystem/1 - Servers/1 - RootRecord-Pacific-Solar-Server/Communications/Discord/scripts/report_relay.py"
2026-10-01T10:17:02-10:00job:discord_report_relay | same
2026-10-01T10:17:02-10:00job:voice_nws_weather RUN  nice -n 10 python3 "/home/rootrecord/RootRecord-Ecosystem/1 - Servers/1 - RootRecord-Pacific-Solar-Server/Media/Voice/scripts/voice_reports.py" nws_weather
2026-10-01T10:17:43-10:00job:voice_nws_weather | {"ok": true, "report": "nws_weather", "md": "/home/rootrecord/RootRecord-Ecosystem/test-reports/Voice/nws_weather_current.md", "sentences": 6, "voice": {"ok": true, "mode": "stitch", "report": "nws_weather", "agent": "ava", "voice": "af_heart", "speed": 1.0, "wav": "/home/rootrecord/RootRecord-Ecosystem/2 - RootRecord-Database/Media/Audio/Voice/nws_weather_current.wav", "clips_used": 0, "live_sentences": 17, "model_loaded": true, "render_s": 38.98, "sample_rate": 24000, "channels": 1, "subtype": "PCM_16", "duration_s": 49.398, "peak_dbfs": -1.5, "rms_dbfs": -20.31, "lead_silence_ms": 113, "qc": "PASS", "wall_s": 39.15, "peak_rss_mb": 1832, "rc": 0}, "deliver": {"ok": true, "sent": false, "detail": "unchanged"}}
2026-10-01T10:17:43-10:00ENERGY  status=live  B2=10.8%  B1=24.0%  solar=114 W  ac=94 W  usbc=0 W  src=/home/rootrecord/RootRecord-Ecosystem/2 - RootRecord-Database/Energy  LAP=69%/Discharging/batt
2026-10-01T10:18:00-10:00  ▸  SUMMARY=delta2 soc=12.38% solar=119W ac_out=94W usbc=0W src=ble+cloud db=ok
2026-10-01T10:18:00-10:00job:sys_stats_cycle RUN  bash "/home/rootrecord/RootRecord-Ecosystem/1 - Servers/1 - RootRecord-Pacific-Solar-Server/System/scripts/sys-sample.sh"
2026-10-01T10:18:02-10:00job:sys_stats_cycle | SYSTEM  cpu=33%  load=4.77  mem=60%  src=sqlite
2026-10-01T10:18:02-10:00job:sys_stats_cycle | OK wrote /home/rootrecord/RootRecord-Ecosystem/2 - RootRecord-Database/System/samples/sys-20261001-101801.json
2026-10-01T10:19:19-10:00job:github_sync_all | ↑ [ecosystem] committed 12 local file(s)
2026-10-01T10:19:19-10:00job:github_sync_all | ↓ [ecosystem] fetching origin/main
2026-10-01T10:19:19-10:00job:github_sync_all | From github.com:RootRecord-Software-Solutions/RootRecord-Ecosystem
2026-10-01T10:19:19-10:00job:github_sync_all | * branch              main       -> FETCH_HEAD
2026-10-01T10:19:19-10:00job:github_sync_all | ↑ [ecosystem] local is ahead of GitHub
2026-10-01T10:19:19-10:00job:github_sync_all | To github.com:RootRecord-Software-Solutions/RootRecord-Ecosystem.git
2026-10-01T10:19:19-10:00job:github_sync_all | 84b81d7b..ca3d22aa  HEAD -> main
2026-10-01T10:19:19-10:00job:github_sync_all | branch 'main' set up to track 'origin/main'.
2026-10-01T10:19:19-10:00job:github_sync_all | ↑ [ecosystem] 12 files → RootRecord-Software-Solutions/RootRecord-Ecosystem (main)
2026-10-01T10:19:19-10:00job:github_sync_all | ↑ [pacific] committed 1 local file(s)
2026-10-01T10:19:19-10:00job:github_sync_all | ↓ [pacific] fetching origin/main
2026-10-01T10:19:19-10:00job:github_sync_all | From github.com:RootRecord-Software-Solutions/RootRecord-Pacific-Solar-Server
2026-10-01T10:19:19-10:00job:github_sync_all | * branch            main       -> FETCH_HEAD
2026-10-01T10:19:19-10:00job:github_sync_all | ↑ [pacific] local is ahead of GitHub
2026-10-01T10:19:19-10:00job:github_sync_all | To github.com:RootRecord-Software-Solutions/RootRecord-Pacific-Solar-Server.git
2026-10-01T10:19:19-10:00job:github_sync_all | 58e094e..b22640a  HEAD -> main
2026-10-01T10:19:19-10:00job:github_sync_all | branch 'main' set up to track 'origin/main'.
2026-10-01T10:19:19-10:00job:github_sync_all | ↑ [pacific] 1 files → RootRecord-Software-Solutions/RootRecord-Pacific-Solar-Server (main)
2026-10-01T10:19:19-10:00job:github_sync_all | ↑ [database] committed 19 local file(s)
2026-10-01T10:19:19-10:00job:github_sync_all | ↓ [database] fetching origin/main
2026-10-01T10:19:19-10:00job:github_sync_all | From github.com:RootRecord-Software-Solutions/RootRecord-Database
2026-10-01T10:19:19-10:00job:github_sync_all | * branch              main       -> FETCH_HEAD
2026-10-01T10:19:19-10:00job:github_sync_all | ↑ [database] local is ahead of GitHub
2026-10-01T10:19:19-10:00job:github_sync_all | To github.com:RootRecord-Software-Solutions/RootRecord-Database.git
2026-10-01T10:19:19-10:00job:github_sync_all | f74b7994..477bd04e  HEAD -> main
2026-10-01T10:19:19-10:00job:github_sync_all | branch 'main' set up to track 'origin/main'.
2026-10-01T10:19:19-10:00job:github_sync_all | ↑ [database] 19 files → RootRecord-Software-Solutions/RootRecord-Database (main)
2026-10-01T10:19:19-10:00job:github_sync_all | — [library] no local changes
2026-10-01T10:19:19-10:00job:github_sync_all | ↓ [library] fetching origin/main
2026-10-01T10:19:19-10:00job:github_sync_all | From github.com:RootRecord-Software-Solutions/RootRecord-Library
2026-10-01T10:19:19-10:00job:github_sync_all | * branch            main       -> FETCH_HEAD
2026-10-01T10:19:19-10:00job:github_sync_all | — [library] local and GitHub already match
2026-10-01T10:19:19-10:00job:github_sync_all | — [library] nothing to push
2026-10-01T10:19:19-10:00job:github_sync_all | ↑ [website] committed 1 local file(s)
2026-10-01T10:19:19-10:00job:github_sync_all | ↓ [website] fetching origin/main
2026-10-01T10:19:19-10:00job:github_sync_all | From github.com:RootRecord-Software-Solutions/RootRecord-Website
2026-10-01T10:19:19-10:00job:github_sync_all | * branch            main       -> FETCH_HEAD
2026-10-01T10:19:19-10:00job:github_sync_all | ↑ [website] local is ahead of GitHub
2026-10-01T10:19:19-10:00job:github_sync_all | To github.com:RootRecord-Software-Solutions/RootRecord-Website.git
2026-10-01T10:19:19-10:00job:github_sync_all | 9ee2b8f..2fcbf02  HEAD -> main
2026-10-01T10:19:19-10:00job:worklog_scan RUN  bash "/home/rootrecord/RootRecord-Ecosystem/1 - Servers/1 - RootRecord-Pacific-Solar-Server/Reports/scripts/worklog_once.sh"
2026-10-01T10:22:19-10:00job:worklog_scan TIMEOUT after 180s
2026-10-01T10:22:19-10:00job:security_camera_frame_grab RUN  bash "/home/rootrecord/RootRecord-Ecosystem/1 - Servers/1 - RootRecord-Pacific-Solar-Server/Security/Cameras/grab_all.sh"
2026-10-01T10:22:37-10:00job:security_camera_frame_grab | 10:22:19  📷  a-eyes  ch1 → ch1-20261001T202219Z.jpg  (497.0 KB, 4.77s)
2026-10-01T10:22:37-10:00job:security_camera_frame_grab | 10:22:24  📷  a-eyes  ch2 → ch2-20261001T202224Z.jpg  (171.9 KB, 4.26s)
2026-10-01T10:22:37-10:00job:security_camera_frame_grab | 10:22:28  📷  a-eyes  ch3 → ch3-20261001T202228Z.jpg  (313.3 KB, 4.55s)
2026-10-01T10:22:37-10:00job:security_camera_frame_grab | 10:22:33  📷  a-eyes  ch4 → ch4-20261001T202233Z.jpg  (248.0 KB, 4.52s)
2026-10-01T10:22:37-10:00job:status_snapshot RUN  nice -n 10 python3 "/home/rootrecord/RootRecord-Ecosystem/1 - Servers/1 - RootRecord-Pacific-Solar-Server/Website/scripts/live_data_pages.py"
2026-10-01T10:22:37-10:00job:status_snapshot | live-data 6 pages
2026-10-01T10:22:38-10:00ENERGY  status=live  B2=12.4%  B1=24.0%  solar=119 W  ac=94 W  usbc=0 W  src=/home/rootrecord/RootRecord-Ecosystem/2 - RootRecord-Database/Energy  LAP=67%/Discharging/batt
2026-10-01T10:22:55-10:00  ▸  SUMMARY=river2pro soc=21.81% solar=0W ac_out=76W usbc=11W src=ble db=ok
2026-10-01T10:22:55-10:00job:sys_stats_cycle RUN  bash "/home/rootrecord/RootRecord-Ecosystem/1 - Servers/1 - RootRecord-Pacific-Solar-Server/System/scripts/sys-sample.sh"
2026-10-01T10:22:57-10:00job:sys_stats_cycle | SYSTEM  cpu=18%  load=2.99  mem=64%  src=sqlite
2026-10-01T10:22:57-10:00job:sys_stats_cycle | OK wrote /home/rootrecord/RootRecord-Ecosystem/2 - RootRecord-Database/System/samples/sys-20261001-102255.json
2026-10-01T10:27:57-10:00job:github_sync_all TIMEOUT after 300s
2026-10-01T10:27:57-10:00job:service_supervisor RUN  bash "/home/rootrecord/RootRecord-Ecosystem/1 - Servers/1 - RootRecord-Pacific-Solar-Server/Automations/scripts/supervise-services.sh"
2026-10-01T10:27:57-10:00job:service_supervisor | [supervisor] weather alive pid=498944 (act)
2026-10-01T10:27:57-10:00job:service_supervisor | [supervisor] relay alive pid=498526 (act)
2026-10-01T10:27:57-10:00job:geology_collect RUN  nice -n 10 python3 "/home/rootrecord/RootRecord-Ecosystem/1 - Servers/1 - RootRecord-Pacific-Solar-Server/Geology/scripts/geology_collect.py" all
2026-10-01T10:28:14-10:00job:geology_collect | {"ok": true, "at": "2026-10-01T10:27:57-10:00", "what": "all", "dry_run": false, "sources": {"hawaii": {"ok": true, "count": 56, "new": 0, "new_m2": 0, "ms": 847}, "global": {"ok": true, "count": 43, "new": 1, "ms": 279}, "hvo_notices": {"ok": true, "count": 45, "new": 0, "ms": 11564}, "hvo_status": {"ok": true, "volcanoes": 8, "kilauea": "WATCH", "mauna_loa": "NORMAL", "ms": 3657}}}
2026-10-01T10:28:14-10:00job:system_net_sample RUN  nice -n 10 python3 "/home/rootrecord/RootRecord-Ecosystem/1 - Servers/1 - RootRecord-Pacific-Solar-Server/System/scripts/host_desks.py" net-sample
2026-10-01T10:28:14-10:00job:system_net_sample | {"ok": true, "file": "/home/rootrecord/RootRecord-Ecosystem/2 - RootRecord-Database/System/network/Daily/net-20261001.jsonl", "iface": "wlo1", "hour": {"seconds": 3956, "rx": 1491711619, "tx": 192641539, "total": 1684353158, "iface": "wlo1", "link": "wireless"}, "day": {"seconds": 68880, "rx": 1677620738, "tx": 177243747, "total": 1854864485, "iface": "wlo1", "link": "wireless"}}
2026-10-01T10:28:14-10:00job:discord_report_relay RUN  nice -n 10 python3 "/home/rootrecord/RootRecord-Ecosystem/1 - Servers/1 - RootRecord-Pacific-Solar-Server/Communications/Discord/scripts/report_relay.py"
2026-10-01T10:28:14-10:00job:discord_report_relay | same
2026-10-01T10:28:15-10:00ENERGY  status=live  B2=12.4%  B1=21.8%  solar=119 W  ac=94 W  usbc=0 W  src=/home/rootrecord/RootRecord-Ecosystem/2 - RootRecord-Database/Energy  LAP=64%/Discharging/batt
2026-10-01T10:28:32-10:00  ▸  SUMMARY=river2pro soc=20.11% solar=0W ac_out=85W usbc=11W src=ble db=ok
2026-10-01T10:28:32-10:00job:sys_stats_cycle RUN  bash "/home/rootrecord/RootRecord-Ecosystem/1 - Servers/1 - RootRecord-Pacific-Solar-Server/System/scripts/sys-sample.sh"
2026-10-01T10:28:34-10:00job:sys_stats_cycle | SYSTEM  cpu=25%  load=2.19  mem=68%  src=sqlite
2026-10-01T10:28:34-10:00job:sys_stats_cycle | OK wrote /home/rootrecord/RootRecord-Ecosystem/2 - RootRecord-Database/System/samples/sys-20261001-102832.json
2026-10-01T10:33:34-10:00job:github_sync_all TIMEOUT after 300s
2026-10-01T10:33:34-10:00job:worklog_scan RUN  bash "/home/rootrecord/RootRecord-Ecosystem/1 - Servers/1 - RootRecord-Pacific-Solar-Server/Reports/scripts/worklog_once.sh"
2026-10-01T10:36:34-10:00job:worklog_scan TIMEOUT after 180s
2026-10-01T10:36:34-10:00job:security_camera_frame_grab RUN  bash "/home/rootrecord/RootRecord-Ecosystem/1 - Servers/1 - RootRecord-Pacific-Solar-Server/Security/Cameras/grab_all.sh"
2026-10-01T10:36:52-10:00job:security_camera_frame_grab | 10:36:34  📷  a-eyes  ch1 → ch1-20261001T203634Z.jpg  (501.4 KB, 4.40s)
2026-10-01T10:36:52-10:00job:security_camera_frame_grab | 10:36:39  📷  a-eyes  ch2 → ch2-20261001T203639Z.jpg  (136.6 KB, 4.29s)
2026-10-01T10:36:52-10:00job:security_camera_frame_grab | 10:36:43  📷  a-eyes  ch3 → ch3-20261001T203643Z.jpg  (357.7 KB, 4.30s)
2026-10-01T10:36:52-10:00job:security_camera_frame_grab | 10:36:47  📷  a-eyes  ch4 → ch4-20261001T203647Z.jpg  (185.9 KB, 4.23s)
2026-10-01T10:36:52-10:00job:status_snapshot RUN  nice -n 10 python3 "/home/rootrecord/RootRecord-Ecosystem/1 - Servers/1 - RootRecord-Pacific-Solar-Server/Website/scripts/live_data_pages.py"
2026-10-01T10:36:52-10:00job:status_snapshot | live-data 6 pages
2026-10-01T10:36:52-10:00job:voice_nws_weather RUN  nice -n 10 python3 "/home/rootrecord/RootRecord-Ecosystem/1 - Servers/1 - RootRecord-Pacific-Solar-Server/Media/Voice/scripts/voice_reports.py" nws_weather
2026-10-01T10:37:38-10:00job:voice_nws_weather | {"ok": true, "report": "nws_weather", "md": "/home/rootrecord/RootRecord-Ecosystem/test-reports/Voice/nws_weather_current.md", "sentences": 6, "voice": {"ok": true, "mode": "stitch", "report": "nws_weather", "agent": "ava", "voice": "af_heart", "speed": 1.0, "wav": "/home/rootrecord/RootRecord-Ecosystem/2 - RootRecord-Database/Media/Audio/Voice/nws_weather_current.wav", "clips_used": 0, "live_sentences": 17, "model_loaded": true, "render_s": 37.56, "sample_rate": 24000, "channels": 1, "subtype": "PCM_16", "duration_s": 49.392, "peak_dbfs": -1.5, "rms_dbfs": -20.25, "lead_silence_ms": 113, "qc": "PASS", "wall_s": 37.77, "peak_rss_mb": 1739, "rc": 0}, "deliver": {"ok": true, "sent": false, "detail": "unchanged"}, "radio": {"ok": true, "report": "nws_weather", "file": "nws_weather_current.ogg", "bytes": 363179}}
2026-10-01T10:37:38-10:00job:voice_energy_report RUN  nice -n 10 python3 "/home/rootrecord/RootRecord-Ecosystem/1 - Servers/1 - RootRecord-Pacific-Solar-Server/Media/Voice/scripts/voice_reports.py" energy_report
2026-10-01T10:37:39-10:00job:voice_energy_report | {"ok": true, "report": "energy_report", "md": "/home/rootrecord/RootRecord-Ecosystem/test-reports/Voice/energy_report_current.md", "sentences": 4, "voice": {"ok": true, "skipped": true, "detail": "blended into the hourly solar desk; this run refreshes the camera look"}}
2026-10-01T10:37:39-10:00ENERGY  status=live  B2=12.4%  B1=20.1%  solar=119 W  ac=94 W  usbc=0 W  src=/home/rootrecord/RootRecord-Ecosystem/2 - RootRecord-Database/Energy  LAP=59%/Discharging/batt
2026-10-01T10:37:59-10:00  ▸  SUMMARY=delta2 soc=16.31% solar=114W ac_out=94W usbc=0W src=ble+cloud db=ok
2026-10-01T10:37:59-10:00job:sys_stats_cycle RUN  bash "/home/rootrecord/RootRecord-Ecosystem/1 - Servers/1 - RootRecord-Pacific-Solar-Server/System/scripts/sys-sample.sh"
2026-10-01T10:38:01-10:00job:sys_stats_cycle | SYSTEM  cpu=18%  load=5.61  mem=67%  src=sqlite
2026-10-01T10:38:01-10:00job:sys_stats_cycle | OK wrote /home/rootrecord/RootRecord-Ecosystem/2 - RootRecord-Database/System/samples/sys-20261001-103759.json
2026-10-01T10:43:01-10:00job:github_sync_all TIMEOUT after 300s
2026-10-01T10:43:01-10:00job:security_camera_frame_grab RUN  bash "/home/rootrecord/RootRecord-Ecosystem/1 - Servers/1 - RootRecord-Pacific-Solar-Server/Security/Cameras/grab_all.sh"
2026-10-01T10:43:19-10:00job:security_camera_frame_grab | 10:43:01  📷  a-eyes  ch1 → ch1-20261001T204301Z.jpg  (496.9 KB, 4.53s)
2026-10-01T10:43:19-10:00job:security_camera_frame_grab | 10:43:06  📷  a-eyes  ch2 → ch2-20261001T204306Z.jpg  (105.7 KB, 4.59s)
2026-10-01T10:43:19-10:00job:security_camera_frame_grab | 10:43:10  📷  a-eyes  ch3 → ch3-20261001T204310Z.jpg  (394.7 KB, 4.46s)
2026-10-01T10:43:19-10:00job:security_camera_frame_grab | 10:43:15  📷  a-eyes  ch4 → ch4-20261001T204315Z.jpg  (124.1 KB, 4.47s)
2026-10-01T10:43:19-10:00job:service_supervisor RUN  bash "/home/rootrecord/RootRecord-Ecosystem/1 - Servers/1 - RootRecord-Pacific-Solar-Server/Automations/scripts/supervise-services.sh"
2026-10-01T10:43:20-10:00job:service_supervisor | [supervisor] weather alive pid=498944 (act)
2026-10-01T10:43:20-10:00job:service_supervisor | [supervisor] relay alive pid=498526 (act)
2026-10-01T10:43:20-10:00job:geology_collect RUN  nice -n 10 python3 "/home/rootrecord/RootRecord-Ecosystem/1 - Servers/1 - RootRecord-Pacific-Solar-Server/Geology/scripts/geology_collect.py" all
2026-10-01T10:43:23-10:00job:geology_collect | {"ok": true, "at": "2026-10-01T10:43:20-10:00", "what": "all", "dry_run": false, "sources": {"hawaii": {"ok": true, "count": 57, "new": 1, "new_m2": 1, "ms": 1046}, "global": {"ok": true, "count": 44, "new": 1, "ms": 649}, "hvo_notices": {"ok": true, "count": 45, "new": 0, "ms": 1113}, "hvo_status": {"ok": true, "volcanoes": 8, "kilauea": "WATCH", "mauna_loa": "NORMAL", "ms": 461}}}
2026-10-01T10:43:23-10:00job:system_net_sample RUN  nice -n 10 python3 "/home/rootrecord/RootRecord-Ecosystem/1 - Servers/1 - RootRecord-Pacific-Solar-Server/System/scripts/host_desks.py" net-sample
2026-10-01T10:43:23-10:00job:system_net_sample | {"ok": true, "file": "/home/rootrecord/RootRecord-Ecosystem/2 - RootRecord-Database/System/network/Daily/net-20261001.jsonl", "iface": "wlo1", "hour": {"seconds": 3939, "rx": 846073601, "tx": 1237944682, "total": 2084018283, "iface": "wlo1", "link": "wireless"}, "day": {"seconds": 69790, "rx": 1859769635, "tx": 1240913247, "total": 3100682882, "iface": "wlo1", "link": "wireless"}}
2026-10-01T10:43:23-10:00job:discord_report_relay RUN  nice -n 10 python3 "/home/rootrecord/RootRecord-Ecosystem/1 - Servers/1 - RootRecord-Pacific-Solar-Server/Communications/Discord/scripts/report_relay.py"
2026-10-01T10:43:25-10:00job:discord_report_relay | posted energy_report
2026-10-01T10:43:25-10:00ENERGY  status=live  B2=16.3%  B1=20.1%  solar=114 W  ac=94 W  usbc=0 W  src=/home/rootrecord/RootRecord-Ecosystem/2 - RootRecord-Database/Energy  LAP=56%/Discharging/batt
2026-10-01T10:43:43-10:00  ▸  SUMMARY=river2pro soc=15.32% solar=0W ac_out=79W usbc=11W src=ble db=ok
2026-10-01T10:43:43-10:00job:sys_stats_cycle RUN  bash "/home/rootrecord/RootRecord-Ecosystem/1 - Servers/1 - RootRecord-Pacific-Solar-Server/System/scripts/sys-sample.sh"
2026-10-01T10:43:46-10:00job:sys_stats_cycle | SYSTEM  cpu=51%  load=3.23  mem=68%  src=sqlite
2026-10-01T10:43:46-10:00job:sys_stats_cycle | OK wrote /home/rootrecord/RootRecord-Ecosystem/2 - RootRecord-Database/System/samples/sys-20261001-104344.json
2026-10-01T10:44:59-10:00job:github_sync_all | ↑ [ecosystem] committed 15 local file(s)
2026-10-01T10:44:59-10:00job:github_sync_all | ↓ [ecosystem] fetching origin/main
2026-10-01T10:44:59-10:00job:github_sync_all | From github.com:RootRecord-Software-Solutions/RootRecord-Ecosystem
2026-10-01T10:44:59-10:00job:github_sync_all | * branch              main       -> FETCH_HEAD
2026-10-01T10:44:59-10:00job:github_sync_all | ↑ [ecosystem] local is ahead of GitHub
2026-10-01T10:44:59-10:00job:github_sync_all | To github.com:RootRecord-Software-Solutions/RootRecord-Ecosystem.git
2026-10-01T10:44:59-10:00job:github_sync_all | 8f4bef67..35516354  HEAD -> main
2026-10-01T10:44:59-10:00job:github_sync_all | branch 'main' set up to track 'origin/main'.
2026-10-01T10:44:59-10:00job:github_sync_all | ↑ [ecosystem] 15 files → RootRecord-Software-Solutions/RootRecord-Ecosystem (main)
2026-10-01T10:44:59-10:00job:github_sync_all | ↑ [pacific] committed 11 local file(s)
2026-10-01T10:44:59-10:00job:github_sync_all | ↓ [pacific] fetching origin/main
2026-10-01T10:44:59-10:00job:github_sync_all | From github.com:RootRecord-Software-Solutions/RootRecord-Pacific-Solar-Server
2026-10-01T10:44:59-10:00job:github_sync_all | * branch            main       -> FETCH_HEAD
2026-10-01T10:44:59-10:00job:github_sync_all | ↑ [pacific] local is ahead of GitHub
2026-10-01T10:44:59-10:00job:github_sync_all | To github.com:RootRecord-Software-Solutions/RootRecord-Pacific-Solar-Server.git
2026-10-01T10:44:59-10:00job:github_sync_all | b22640a..59a40de  HEAD -> main
2026-10-01T10:44:59-10:00job:github_sync_all | branch 'main' set up to track 'origin/main'.
2026-10-01T10:44:59-10:00job:github_sync_all | ↑ [pacific] 11 files → RootRecord-Software-Solutions/RootRecord-Pacific-Solar-Server (main)
2026-10-01T10:44:59-10:00job:github_sync_all | ↑ [database] committed 37 local file(s)
2026-10-01T10:44:59-10:00job:github_sync_all | ↓ [database] fetching origin/main
2026-10-01T10:44:59-10:00job:github_sync_all | From github.com:RootRecord-Software-Solutions/RootRecord-Database
2026-10-01T10:44:59-10:00job:github_sync_all | * branch              main       -> FETCH_HEAD
2026-10-01T10:44:59-10:00job:github_sync_all | ↑ [database] local is ahead of GitHub
2026-10-01T10:44:59-10:00job:github_sync_all | To github.com:RootRecord-Software-Solutions/RootRecord-Database.git
2026-10-01T10:44:59-10:00job:github_sync_all | 477bd04e..b74a56ee  HEAD -> main
2026-10-01T10:44:59-10:00job:github_sync_all | branch 'main' set up to track 'origin/main'.
2026-10-01T10:44:59-10:00job:github_sync_all | ↑ [database] 37 files → RootRecord-Software-Solutions/RootRecord-Database (main)
2026-10-01T10:44:59-10:00job:github_sync_all | — [library] no local changes
2026-10-01T10:44:59-10:00job:github_sync_all | ↓ [library] fetching origin/main
2026-10-01T10:44:59-10:00job:github_sync_all | From github.com:RootRecord-Software-Solutions/RootRecord-Library
2026-10-01T10:44:59-10:00job:github_sync_all | * branch            main       -> FETCH_HEAD
2026-10-01T10:44:59-10:00job:github_sync_all | — [library] local and GitHub already match
2026-10-01T10:44:59-10:00job:github_sync_all | — [library] nothing to push
2026-10-01T10:44:59-10:00job:github_sync_all | ↑ [website] committed 8 local file(s)
2026-10-01T10:44:59-10:00job:github_sync_all | ↓ [website] fetching origin/main
2026-10-01T10:44:59-10:00job:github_sync_all | From github.com:RootRecord-Software-Solutions/RootRecord-Website
2026-10-01T10:44:59-10:00job:github_sync_all | * branch            main       -> FETCH_HEAD
2026-10-01T10:44:59-10:00job:github_sync_all | ↑ [website] local is ahead of GitHub
2026-10-01T10:44:59-10:00job:github_sync_all | To github.com:RootRecord-Software-Solutions/RootRecord-Website.git
2026-10-01T10:44:59-10:00job:github_sync_all | 2fcbf02..4aacf67  HEAD -> main
2026-10-01T10:44:59-10:00job:worklog_scan RUN  bash "/home/rootrecord/RootRecord-Ecosystem/1 - Servers/1 - RootRecord-Pacific-Solar-Server/Reports/scripts/worklog_once.sh"
2026-10-01T10:47:59-10:00job:worklog_scan TIMEOUT after 180s
2026-10-01T10:47:59-10:00job:security_camera_frame_grab RUN  bash "/home/rootrecord/RootRecord-Ecosystem/1 - Servers/1 - RootRecord-Pacific-Solar-Server/Security/Cameras/grab_all.sh"
2026-10-01T10:48:17-10:00job:security_camera_frame_grab | 10:47:59  📷  a-eyes  ch1 → ch1-20261001T204759Z.jpg  (512.8 KB, 4.40s)
2026-10-01T10:48:17-10:00job:security_camera_frame_grab | 10:48:04  📷  a-eyes  ch2 → ch2-20261001T204804Z.jpg  (99.9 KB, 4.37s)
2026-10-01T10:48:17-10:00job:security_camera_frame_grab | 10:48:08  📷  a-eyes  ch3 → ch3-20261001T204808Z.jpg  (409.1 KB, 4.44s)
2026-10-01T10:48:17-10:00job:security_camera_frame_grab | 10:48:13  📷  a-eyes  ch4 → ch4-20261001T204813Z.jpg  (114.8 KB, 4.41s)
2026-10-01T10:48:17-10:00job:status_snapshot RUN  nice -n 10 python3 "/home/rootrecord/RootRecord-Ecosystem/1 - Servers/1 - RootRecord-Pacific-Solar-Server/Website/scripts/live_data_pages.py"
2026-10-01T10:48:17-10:00job:status_snapshot | live-data 6 pages
2026-10-01T10:48:18-10:00job:voice_nws_weather RUN  nice -n 10 python3 "/home/rootrecord/RootRecord-Ecosystem/1 - Servers/1 - RootRecord-Pacific-Solar-Server/Media/Voice/scripts/voice_reports.py" nws_weather
2026-10-01T10:49:03-10:00job:voice_nws_weather | {"ok": true, "report": "nws_weather", "md": "/home/rootrecord/RootRecord-Ecosystem/test-reports/Voice/nws_weather_current.md", "sentences": 6, "voice": {"ok": true, "mode": "stitch", "report": "nws_weather", "agent": "ava", "voice": "af_heart", "speed": 1.0, "wav": "/home/rootrecord/RootRecord-Ecosystem/2 - RootRecord-Database/Media/Audio/Voice/nws_weather_current.wav", "clips_used": 0, "live_sentences": 17, "model_loaded": true, "render_s": 35.25, "sample_rate": 24000, "channels": 1, "subtype": "PCM_16", "duration_s": 49.396, "peak_dbfs": -1.5, "rms_dbfs": -20.25, "lead_silence_ms": 113, "qc": "PASS", "wall_s": 35.48, "peak_rss_mb": 1820, "rc": 0}, "deliver": {"ok": true, "sent": false, "detail": "unchanged"}, "radio": {"ok": true, "report": "nws_weather", "file": "nws_weather_current.ogg", "bytes": 360833}}
2026-10-01T10:49:04-10:00ENERGY  status=live  B2=16.3%  B1=15.3%  solar=114 W  ac=94 W  usbc=0 W  src=/home/rootrecord/RootRecord-Ecosystem/2 - RootRecord-Database/Energy  LAP=53%/Discharging/batt
2026-10-01T10:49:22-10:00  ▸  SUMMARY=delta2 soc=18.84% solar=120W ac_out=94W usbc=0W src=ble+cloud db=ok
2026-10-01T10:49:22-10:00job:sys_stats_cycle RUN  bash "/home/rootrecord/RootRecord-Ecosystem/1 - Servers/1 - RootRecord-Pacific-Solar-Server/System/scripts/sys-sample.sh"
2026-10-01T10:49:25-10:00job:sys_stats_cycle | SYSTEM  cpu=61%  load=4.68  mem=72%  src=sqlite
2026-10-01T10:49:25-10:00job:sys_stats_cycle | OK wrote /home/rootrecord/RootRecord-Ecosystem/2 - RootRecord-Database/System/samples/sys-20261001-104923.json
2026-10-01T10:50:27-10:00job:github_sync_all | ↑ [ecosystem] committed 46 local file(s)
2026-10-01T10:50:27-10:00job:github_sync_all | ↓ [ecosystem] fetching origin/main
2026-10-01T10:50:27-10:00job:github_sync_all | From github.com:RootRecord-Software-Solutions/RootRecord-Ecosystem
2026-10-01T10:50:27-10:00job:github_sync_all | * branch              main       -> FETCH_HEAD
2026-10-01T10:50:27-10:00job:github_sync_all | ↑ [ecosystem] local is ahead of GitHub
2026-10-01T10:50:27-10:00job:github_sync_all | To github.com:RootRecord-Software-Solutions/RootRecord-Ecosystem.git
2026-10-01T10:50:27-10:00job:github_sync_all | 35516354..6510a7b7  HEAD -> main
2026-10-01T10:50:27-10:00job:github_sync_all | branch 'main' set up to track 'origin/main'.
2026-10-01T10:50:27-10:00job:github_sync_all | ↑ [ecosystem] 46 files → RootRecord-Software-Solutions/RootRecord-Ecosystem (main)
2026-10-01T10:50:27-10:00job:github_sync_all | ↑ [pacific] committed 37 local file(s)
2026-10-01T10:50:27-10:00job:github_sync_all | ↓ [pacific] fetching origin/main
2026-10-01T10:50:27-10:00job:github_sync_all | From github.com:RootRecord-Software-Solutions/RootRecord-Pacific-Solar-Server
2026-10-01T10:50:27-10:00job:github_sync_all | * branch            main       -> FETCH_HEAD
2026-10-01T10:50:27-10:00job:github_sync_all | ↑ [pacific] local is ahead of GitHub
2026-10-01T10:50:27-10:00job:github_sync_all | To github.com:RootRecord-Software-Solutions/RootRecord-Pacific-Solar-Server.git
2026-10-01T10:50:27-10:00job:github_sync_all | 59a40de..8ef10ad  HEAD -> main
2026-10-01T10:50:27-10:00job:github_sync_all | branch 'main' set up to track 'origin/main'.
2026-10-01T10:50:27-10:00job:github_sync_all | ↑ [pacific] 37 files → RootRecord-Software-Solutions/RootRecord-Pacific-Solar-Server (main)
2026-10-01T10:50:27-10:00job:github_sync_all | ↑ [database] committed 19 local file(s)
2026-10-01T10:50:27-10:00job:github_sync_all | ↓ [database] fetching origin/main
2026-10-01T10:50:27-10:00job:github_sync_all | From github.com:RootRecord-Software-Solutions/RootRecord-Database
2026-10-01T10:50:27-10:00job:github_sync_all | * branch              main       -> FETCH_HEAD
2026-10-01T10:50:27-10:00job:github_sync_all | ↑ [database] local is ahead of GitHub
2026-10-01T10:50:27-10:00job:github_sync_all | To github.com:RootRecord-Software-Solutions/RootRecord-Database.git
2026-10-01T10:50:27-10:00job:github_sync_all | b74a56ee..52fc1b75  HEAD -> main
2026-10-01T10:50:27-10:00job:github_sync_all | branch 'main' set up to track 'origin/main'.
2026-10-01T10:50:27-10:00job:github_sync_all | ↑ [database] 19 files → RootRecord-Software-Solutions/RootRecord-Database (main)
2026-10-01T10:50:27-10:00job:github_sync_all | — [library] no local changes
2026-10-01T10:50:27-10:00job:github_sync_all | ↓ [library] fetching origin/main
2026-10-01T10:50:27-10:00job:github_sync_all | From github.com:RootRecord-Software-Solutions/RootRecord-Library
2026-10-01T10:50:27-10:00job:github_sync_all | * branch            main       -> FETCH_HEAD
2026-10-01T10:50:27-10:00job:github_sync_all | — [library] local and GitHub already match
2026-10-01T10:50:27-10:00job:github_sync_all | — [library] nothing to push
2026-10-01T10:50:27-10:00job:github_sync_all | — [website] no local changes
2026-10-01T10:50:27-10:00job:github_sync_all | ↓ [website] fetching origin/main
2026-10-01T10:50:27-10:00job:github_sync_all | From github.com:RootRecord-Software-Solutions/RootRecord-Website
2026-10-01T10:50:27-10:00job:github_sync_all | * branch            main       -> FETCH_HEAD
2026-10-01T10:50:27-10:00job:github_sync_all | — [website] local and GitHub already match
2026-10-01T10:50:27-10:00job:github_sync_all | — [website] nothing to push
2026-10-01T10:50:27-10:00job:github_sync_all | — [website-personal] no local changes
2026-10-01T10:50:27-10:00job:security_camera_frame_grab RUN  bash "/home/rootrecord/RootRecord-Ecosystem/1 - Servers/1 - RootRecord-Pacific-Solar-Server/Security/Cameras/grab_all.sh"
2026-10-01T10:50:45-10:00job:security_camera_frame_grab | 10:50:27  📷  a-eyes  ch1 → ch1-20261001T205027Z.jpg  (494.4 KB, 4.46s)
2026-10-01T10:50:45-10:00job:security_camera_frame_grab | 10:50:32  📷  a-eyes  ch2 → ch2-20261001T205032Z.jpg  (96.2 KB, 4.58s)
2026-10-01T10:50:45-10:00job:security_camera_frame_grab | 10:50:36  📷  a-eyes  ch3 → ch3-20261001T205036Z.jpg  (391.4 KB, 4.42s)
2026-10-01T10:50:45-10:00job:security_camera_frame_grab | 10:50:41  📷  a-eyes  ch4 → ch4-20261001T205041Z.jpg  (117.9 KB, 4.31s)
2026-10-01T10:50:45-10:00job:service_supervisor RUN  bash "/home/rootrecord/RootRecord-Ecosystem/1 - Servers/1 - RootRecord-Pacific-Solar-Server/Automations/scripts/supervise-services.sh"
2026-10-01T10:50:45-10:00job:service_supervisor | [supervisor] weather alive pid=498944 (act)
2026-10-01T10:50:45-10:00job:service_supervisor | [supervisor] relay alive pid=498526 (act)
2026-10-01T10:50:45-10:00job:geology_collect RUN  nice -n 10 python3 "/home/rootrecord/RootRecord-Ecosystem/1 - Servers/1 - RootRecord-Pacific-Solar-Server/Geology/scripts/geology_collect.py" all
2026-10-01T10:50:56-10:00job:geology_collect | {"ok": true, "at": "2026-10-01T10:50:46-10:00", "what": "all", "dry_run": false, "sources": {"hawaii": {"ok": true, "count": 57, "new": 0, "new_m2": 0, "ms": 802}, "global": {"ok": true, "count": 43, "new": 0, "ms": 245}, "hvo_notices": {"ok": true, "count": 45, "new": 0, "ms": 5963}, "hvo_status": {"ok": true, "volcanoes": 8, "kilauea": "WATCH", "mauna_loa": "NORMAL", "ms": 3733}}}
2026-10-01T10:50:56-10:00job:system_net_sample RUN  nice -n 10 python3 "/home/rootrecord/RootRecord-Ecosystem/1 - Servers/1 - RootRecord-Pacific-Solar-Server/System/scripts/host_desks.py" net-sample
2026-10-01T10:50:57-10:00job:system_net_sample | {"ok": true, "file": "/home/rootrecord/RootRecord-Ecosystem/2 - RootRecord-Database/System/network/Daily/net-20261001.jsonl", "iface": "wlo1", "hour": {"seconds": 3801, "rx": 430399047, "tx": 1537361186, "total": 1967760233, "iface": "wlo1", "link": "wireless"}, "day": {"seconds": 70243, "rx": 1881454913, "tx": 1553341510, "total": 3434796423, "iface": "wlo1", "link": "wireless"}}
2026-10-01T10:50:57-10:00job:discord_report_relay RUN  nice -n 10 python3 "/home/rootrecord/RootRecord-Ecosystem/1 - Servers/1 - RootRecord-Pacific-Solar-Server/Communications/Discord/scripts/report_relay.py"
2026-10-01T10:50:57-10:00job:discord_report_relay | same
2026-10-01T10:50:57-10:00ENERGY  status=live  B2=18.8%  B1=15.3%  solar=120 W  ac=94 W  usbc=0 W  src=/home/rootrecord/RootRecord-Ecosystem/2 - RootRecord-Database/Energy  LAP=52%/Discharging/batt
2026-10-01T10:51:14-10:00  ▸  SUMMARY=river2pro soc=13.06% solar=0W ac_out=89W usbc=7W src=ble db=ok
2026-10-01T10:51:14-10:00job:sys_stats_cycle RUN  bash "/home/rootrecord/RootRecord-Ecosystem/1 - Servers/1 - RootRecord-Pacific-Solar-Server/System/scripts/sys-sample.sh"
2026-10-01T10:51:15-10:00job:sys_stats_cycle | SYSTEM  cpu=30%  load=3.15  mem=73%  src=sqlite
2026-10-01T10:51:15-10:00job:sys_stats_cycle | OK wrote /home/rootrecord/RootRecord-Ecosystem/2 - RootRecord-Database/System/samples/sys-20261001-105114.json
2026-10-01T10:52:09-10:00job:github_sync_all | ↑ [ecosystem] committed 24 local file(s)
2026-10-01T10:52:09-10:00job:github_sync_all | ↓ [ecosystem] fetching origin/main
2026-10-01T10:52:09-10:00job:github_sync_all | From github.com:RootRecord-Software-Solutions/RootRecord-Ecosystem
2026-10-01T10:52:09-10:00job:github_sync_all | * branch              main       -> FETCH_HEAD
2026-10-01T10:52:09-10:00job:github_sync_all | ↑ [ecosystem] local is ahead of GitHub
2026-10-01T10:52:09-10:00job:github_sync_all | To github.com:RootRecord-Software-Solutions/RootRecord-Ecosystem.git
2026-10-01T10:52:09-10:00job:github_sync_all | 6510a7b7..46863e92  HEAD -> main
2026-10-01T10:52:09-10:00job:github_sync_all | branch 'main' set up to track 'origin/main'.
2026-10-01T10:52:09-10:00job:github_sync_all | ↑ [ecosystem] 24 files → RootRecord-Software-Solutions/RootRecord-Ecosystem (main)
2026-10-01T10:52:09-10:00job:github_sync_all | ↑ [pacific] committed 17 local file(s)
2026-10-01T10:52:09-10:00job:github_sync_all | ↓ [pacific] fetching origin/main
2026-10-01T10:52:09-10:00job:github_sync_all | From github.com:RootRecord-Software-Solutions/RootRecord-Pacific-Solar-Server
2026-10-01T10:52:09-10:00job:github_sync_all | * branch            main       -> FETCH_HEAD
2026-10-01T10:52:09-10:00job:github_sync_all | ↑ [pacific] local is ahead of GitHub
2026-10-01T10:52:09-10:00job:github_sync_all | To github.com:RootRecord-Software-Solutions/RootRecord-Pacific-Solar-Server.git
2026-10-01T10:52:09-10:00job:github_sync_all | 8ef10ad..35c3658  HEAD -> main
2026-10-01T10:52:09-10:00job:github_sync_all | branch 'main' set up to track 'origin/main'.
2026-10-01T10:52:09-10:00job:github_sync_all | ↑ [pacific] 17 files → RootRecord-Software-Solutions/RootRecord-Pacific-Solar-Server (main)
2026-10-01T10:52:09-10:00job:github_sync_all | ↑ [database] committed 20 local file(s)
2026-10-01T10:52:09-10:00job:github_sync_all | ↓ [database] fetching origin/main
2026-10-01T10:52:09-10:00job:github_sync_all | From github.com:RootRecord-Software-Solutions/RootRecord-Database
2026-10-01T10:52:09-10:00job:github_sync_all | * branch              main       -> FETCH_HEAD
2026-10-01T10:52:09-10:00job:github_sync_all | ↑ [database] local is ahead of GitHub
2026-10-01T10:52:09-10:00job:github_sync_all | To github.com:RootRecord-Software-Solutions/RootRecord-Database.git
2026-10-01T10:52:09-10:00job:github_sync_all | 52fc1b75..d845c468  HEAD -> main
2026-10-01T10:52:09-10:00job:github_sync_all | branch 'main' set up to track 'origin/main'.
2026-10-01T10:52:09-10:00job:github_sync_all | ↑ [database] 20 files → RootRecord-Software-Solutions/RootRecord-Database (main)
2026-10-01T10:52:09-10:00job:github_sync_all | — [library] no local changes
2026-10-01T10:52:09-10:00job:github_sync_all | ↓ [library] fetching origin/main
2026-10-01T10:52:09-10:00job:github_sync_all | From github.com:RootRecord-Software-Solutions/RootRecord-Library
2026-10-01T10:52:09-10:00job:github_sync_all | * branch            main       -> FETCH_HEAD
2026-10-01T10:52:09-10:00job:github_sync_all | — [library] local and GitHub already match
2026-10-01T10:52:09-10:00job:github_sync_all | — [library] nothing to push
2026-10-01T10:52:09-10:00job:github_sync_all | — [website] no local changes
2026-10-01T10:52:09-10:00job:github_sync_all | ↓ [website] fetching origin/main
2026-10-01T10:52:09-10:00job:github_sync_all | From github.com:RootRecord-Software-Solutions/RootRecord-Website
2026-10-01T10:52:09-10:00job:github_sync_all | * branch            main       -> FETCH_HEAD
2026-10-01T10:52:09-10:00job:github_sync_all | — [website] local and GitHub already match
2026-10-01T10:52:09-10:00job:github_sync_all | — [website] nothing to push
2026-10-01T10:52:09-10:00job:github_sync_all | — [website-personal] no local changes
2026-10-01T10:52:09-10:00job:worklog_scan RUN  bash "/home/rootrecord/RootRecord-Ecosystem/1 - Servers/1 - RootRecord-Pacific-Solar-Server/Reports/scripts/worklog_once.sh"
2026-10-01T10:55:09-10:00job:worklog_scan TIMEOUT after 180s
2026-10-01T10:55:09-10:00job:security_camera_frame_grab RUN  bash "/home/rootrecord/RootRecord-Ecosystem/1 - Servers/1 - RootRecord-Pacific-Solar-Server/Security/Cameras/grab_all.sh"
2026-10-01T10:55:27-10:00job:security_camera_frame_grab | 10:55:09  📷  a-eyes  ch1 → ch1-20261001T205509Z.jpg  (517.5 KB, 4.48s)
2026-10-01T10:55:27-10:00job:security_camera_frame_grab | 10:55:13  📷  a-eyes  ch2 → ch2-20261001T205513Z.jpg  (96.1 KB, 4.52s)
2026-10-01T10:55:27-10:00job:security_camera_frame_grab | 10:55:18  📷  a-eyes  ch3 → ch3-20261001T205518Z.jpg  (462.5 KB, 4.22s)
2026-10-01T10:55:27-10:00job:security_camera_frame_grab | 10:55:22  📷  a-eyes  ch4 → ch4-20261001T205522Z.jpg  (117.2 KB, 4.72s)
2026-10-01T10:55:27-10:00job:status_snapshot RUN  nice -n 10 python3 "/home/rootrecord/RootRecord-Ecosystem/1 - Servers/1 - RootRecord-Pacific-Solar-Server/Website/scripts/live_data_pages.py"
2026-10-01T10:55:27-10:00job:status_snapshot | live-data 6 pages
2026-10-01T10:55:28-10:00ENERGY  status=live  B2=18.8%  B1=13.1%  solar=120 W  ac=94 W  usbc=0 W  src=/home/rootrecord/RootRecord-Ecosystem/2 - RootRecord-Database/Energy  LAP=50%/Discharging/batt
2026-10-01T10:55:43-10:00  ▸  SUMMARY=river2pro soc=11.78% solar=0W ac_out=69W usbc=6W src=ble db=ok
2026-10-01T10:55:43-10:00job:sys_stats_cycle RUN  bash "/home/rootrecord/RootRecord-Ecosystem/1 - Servers/1 - RootRecord-Pacific-Solar-Server/System/scripts/sys-sample.sh"
2026-10-01T10:55:45-10:00job:sys_stats_cycle | SYSTEM  cpu=8%  load=1.60  mem=71%  src=sqlite
2026-10-01T10:55:45-10:00job:sys_stats_cycle | OK wrote /home/rootrecord/RootRecord-Ecosystem/2 - RootRecord-Database/System/samples/sys-20261001-105544.json
2026-10-01T10:56:51-10:00job:github_sync_all | ↑ [ecosystem] committed 7 local file(s)
2026-10-01T10:56:51-10:00job:github_sync_all | ↓ [ecosystem] fetching origin/main
2026-10-01T10:56:51-10:00job:github_sync_all | From github.com:RootRecord-Software-Solutions/RootRecord-Ecosystem
2026-10-01T10:56:51-10:00job:github_sync_all | * branch              main       -> FETCH_HEAD
2026-10-01T10:56:51-10:00job:github_sync_all | ↑ [ecosystem] local is ahead of GitHub
2026-10-01T10:56:51-10:00job:github_sync_all | To github.com:RootRecord-Software-Solutions/RootRecord-Ecosystem.git
2026-10-01T10:56:51-10:00job:github_sync_all | 46863e92..a72aa8f9  HEAD -> main
2026-10-01T10:56:51-10:00job:github_sync_all | branch 'main' set up to track 'origin/main'.
2026-10-01T10:56:51-10:00job:github_sync_all | ↑ [ecosystem] 7 files → RootRecord-Software-Solutions/RootRecord-Ecosystem (main)
2026-10-01T10:56:51-10:00job:github_sync_all | ↑ [pacific] committed 4 local file(s)
2026-10-01T10:56:51-10:00job:github_sync_all | ↓ [pacific] fetching origin/main
2026-10-01T10:56:51-10:00job:github_sync_all | From github.com:RootRecord-Software-Solutions/RootRecord-Pacific-Solar-Server
2026-10-01T10:56:51-10:00job:github_sync_all | * branch            main       -> FETCH_HEAD
2026-10-01T10:56:51-10:00job:github_sync_all | ↑ [pacific] local is ahead of GitHub
2026-10-01T10:56:51-10:00job:github_sync_all | To github.com:RootRecord-Software-Solutions/RootRecord-Pacific-Solar-Server.git
2026-10-01T10:56:51-10:00job:github_sync_all | 35c3658..29607be  HEAD -> main
2026-10-01T10:56:51-10:00job:github_sync_all | branch 'main' set up to track 'origin/main'.
2026-10-01T10:56:51-10:00job:github_sync_all | ↑ [pacific] 4 files → RootRecord-Software-Solutions/RootRecord-Pacific-Solar-Server (main)
2026-10-01T10:56:51-10:00job:github_sync_all | ↑ [database] committed 18 local file(s)
2026-10-01T10:56:51-10:00job:github_sync_all | ↓ [database] fetching origin/main
2026-10-01T10:56:51-10:00job:github_sync_all | From github.com:RootRecord-Software-Solutions/RootRecord-Database
2026-10-01T10:56:51-10:00job:github_sync_all | * branch              main       -> FETCH_HEAD
2026-10-01T10:56:51-10:00job:github_sync_all | ↑ [database] local is ahead of GitHub
2026-10-01T10:56:51-10:00job:github_sync_all | To github.com:RootRecord-Software-Solutions/RootRecord-Database.git
2026-10-01T10:56:51-10:00job:github_sync_all | d845c468..5c827a8b  HEAD -> main
2026-10-01T10:56:51-10:00job:github_sync_all | branch 'main' set up to track 'origin/main'.
2026-10-01T10:56:51-10:00job:github_sync_all | ↑ [database] 18 files → RootRecord-Software-Solutions/RootRecord-Database (main)
2026-10-01T10:56:51-10:00job:github_sync_all | — [library] no local changes
2026-10-01T10:56:51-10:00job:github_sync_all | ↓ [library] fetching origin/main
2026-10-01T10:56:51-10:00job:github_sync_all | From github.com:RootRecord-Software-Solutions/RootRecord-Library
2026-10-01T10:56:51-10:00job:github_sync_all | * branch            main       -> FETCH_HEAD
2026-10-01T10:56:51-10:00job:github_sync_all | — [library] local and GitHub already match
2026-10-01T10:56:51-10:00job:github_sync_all | — [library] nothing to push
2026-10-01T10:56:51-10:00job:github_sync_all | ↑ [website] committed 2 local file(s)
2026-10-01T10:56:51-10:00job:github_sync_all | ↓ [website] fetching origin/main
2026-10-01T10:56:51-10:00job:github_sync_all | From github.com:RootRecord-Software-Solutions/RootRecord-Website
2026-10-01T10:56:51-10:00job:github_sync_all | * branch            main       -> FETCH_HEAD
2026-10-01T10:56:51-10:00job:github_sync_all | ↑ [website] local is ahead of GitHub
2026-10-01T10:56:51-10:00job:github_sync_all | To github.com:RootRecord-Software-Solutions/RootRecord-Website.git
2026-10-01T10:56:51-10:00job:github_sync_all | bc26fa2..d39ff2b  HEAD -> main
2026-10-01T10:56:51-10:00ENERGY  status=live  B2=18.8%  B1=11.8%  solar=120 W  ac=94 W  usbc=0 W  src=/home/rootrecord/RootRecord-Ecosystem/2 - RootRecord-Database/Energy  LAP=49%/Discharging/batt
2026-10-01T10:57:07-10:00  ▸  SUMMARY=delta2 soc=20.55% solar=125W ac_out=94W usbc=0W src=ble+cloud db=ok
2026-10-01T10:57:07-10:00job:sys_stats_cycle RUN  bash "/home/rootrecord/RootRecord-Ecosystem/1 - Servers/1 - RootRecord-Pacific-Solar-Server/System/scripts/sys-sample.sh"
2026-10-01T10:57:09-10:00job:sys_stats_cycle | SYSTEM  cpu=5%  load=1.16  mem=70%  src=sqlite
2026-10-01T10:57:09-10:00job:sys_stats_cycle | OK wrote /home/rootrecord/RootRecord-Ecosystem/2 - RootRecord-Database/System/samples/sys-20261001-105708.json
2026-10-01T10:57:09-10:00job:worklog_scan RUN  bash "/home/rootrecord/RootRecord-Ecosystem/1 - Servers/1 - RootRecord-Pacific-Solar-Server/Reports/scripts/worklog_once.sh"
2026-10-01T11:00:09-10:00job:worklog_scan TIMEOUT after 180s
2026-10-01T11:00:09-10:00job:security_camera_frame_grab RUN  bash "/home/rootrecord/RootRecord-Ecosystem/1 - Servers/1 - RootRecord-Pacific-Solar-Server/Security/Cameras/grab_all.sh"
2026-10-01T11:00:26-10:00job:security_camera_frame_grab | 11:00:09  📷  a-eyes  ch1 → ch1-20261001T210009Z.jpg  (508.5 KB, 4.32s)
2026-10-01T11:00:26-10:00job:security_camera_frame_grab | 11:00:13  📷  a-eyes  ch2 → ch2-20261001T210013Z.jpg  (98.8 KB, 4.43s)
2026-10-01T11:00:26-10:00job:security_camera_frame_grab | 11:00:18  📷  a-eyes  ch3 → ch3-20261001T210018Z.jpg  (467.7 KB, 4.37s)
2026-10-01T11:00:26-10:00job:security_camera_frame_grab | 11:00:22  📷  a-eyes  ch4 → ch4-20261001T210022Z.jpg  (111.4 KB, 4.28s)
2026-10-01T11:00:26-10:00job:service_supervisor RUN  bash "/home/rootrecord/RootRecord-Ecosystem/1 - Servers/1 - RootRecord-Pacific-Solar-Server/Automations/scripts/supervise-services.sh"
2026-10-01T11:00:27-10:00job:service_supervisor | [supervisor] weather alive pid=498944 (act)
2026-10-01T11:00:27-10:00job:service_supervisor | [supervisor] relay alive pid=498526 (act)
2026-10-01T11:00:27-10:00job:geology_collect RUN  nice -n 10 python3 "/home/rootrecord/RootRecord-Ecosystem/1 - Servers/1 - RootRecord-Pacific-Solar-Server/Geology/scripts/geology_collect.py" all
2026-10-01T11:00:35-10:00job:geology_collect | {"ok": true, "at": "2026-10-01T11:00:27-10:00", "what": "all", "dry_run": false, "sources": {"hawaii": {"ok": true, "count": 57, "new": 0, "new_m2": 0, "ms": 809}, "global": {"ok": true, "count": 43, "new": 0, "ms": 275}, "hvo_notices": {"ok": true, "count": 45, "new": 0, "ms": 5011}, "hvo_status": {"ok": true, "volcanoes": 8, "kilauea": "WATCH", "mauna_loa": "NORMAL", "ms": 1736}}}
2026-10-01T11:00:35-10:00job:status_snapshot RUN  nice -n 10 python3 "/home/rootrecord/RootRecord-Ecosystem/1 - Servers/1 - RootRecord-Pacific-Solar-Server/Website/scripts/live_data_pages.py"
2026-10-01T11:00:35-10:00job:status_snapshot | live-data 6 pages
2026-10-01T11:00:35-10:00job:system_net_sample RUN  nice -n 10 python3 "/home/rootrecord/RootRecord-Ecosystem/1 - Servers/1 - RootRecord-Pacific-Solar-Server/System/scripts/host_desks.py" net-sample
2026-10-01T11:00:35-10:00job:system_net_sample | {"ok": true, "file": "/home/rootrecord/RootRecord-Ecosystem/2 - RootRecord-Database/System/network/Daily/net-20261001.jsonl", "iface": "wlo1", "hour": {"seconds": 3879, "rx": 418893345, "tx": 1998471641, "total": 2417364986, "iface": "wlo1", "link": "wireless"}, "day": {"seconds": 70821, "rx": 1923350469, "tx": 2019689075, "total": 3943039544, "iface": "wlo1", "link": "wireless"}}
2026-10-01T11:00:35-10:00job:discord_report_relay RUN  nice -n 10 python3 "/home/rootrecord/RootRecord-Ecosystem/1 - Servers/1 - RootRecord-Pacific-Solar-Server/Communications/Discord/scripts/report_relay.py"
2026-10-01T11:00:35-10:00job:discord_report_relay | same
2026-10-01T11:00:35-10:00job:voice_system_perf RUN  nice -n 10 python3 "/home/rootrecord/RootRecord-Ecosystem/1 - Servers/1 - RootRecord-Pacific-Solar-Server/Media/Voice/scripts/system_perf.py"
2026-10-01T11:00:48-10:00job:voice_system_perf FAIL code=-15
2026-10-01T11:00:49-10:00HTTP listening on http://127.0.0.1:8799 (open access on bind)
2026-10-01T11:00:49-10:00boot:start  jobs=10
2026-10-01T11:00:49-10:00boot:run  priority=0  id=self_terminal
2026-10-01T11:00:49-10:00boot:p0 self_process pid=1104098
2026-10-01T11:00:49-10:00boot:run  priority=1  id=cloudflare_tunnel
2026-10-01T11:00:49-10:00boot:p1 cloudflare_tunnel host=rootserver.rootrecord.cloud
2026-10-01T11:00:49-10:00internet OK at boot — starting tunnel
2026-10-01T11:00:49-10:00Starting cloudflared mode=token public_host=rootserver.rootrecord.cloud
2026-10-01T11:00:49-10:00Waiting for tunnel register (timeout=45s)…
2026-10-01T11:00:49-10:00tunnel starting
2026-10-01T11:00:50-10:00tunnel connected  conn=0  edge=lax13
2026-10-01T11:00:50-10:00Tunnel READY — first connection registered.
2026-10-01T11:00:50-10:00boot:run  priority=2  id=github_setup_remotes
2026-10-01T11:00:50-10:00tunnel ingress  rootserver.rootrecord.cloud → 127.0.0.1:8799
2026-10-01T11:00:50-10:00boot:run  priority=3  id=ollama_warmup
2026-10-01T11:00:50-10:00job:ollama_warmup RUN  bash '/home/rootrecord/RootRecord-Ecosystem/1 - Servers/1 - RootRecord-Pacific-Solar-Server/System/scripts/plumbing/ollama-warmup.sh'
2026-10-01T11:00:50-10:00tunnel connected  conn=1  edge=lax10
2026-10-01T11:00:50-10:00job:ollama_warmup | [ok] ollama up
2026-10-01T11:00:50-10:00boot:run  priority=4  id=flm_npu_warmup
2026-10-01T11:00:50-10:00job:flm_npu_warmup RUN  bash '/home/rootrecord/RootRecord-Ecosystem/1 - Servers/1 - RootRecord-Pacific-Solar-Server/System/scripts/plumbing/flm-warmup.sh'
2026-10-01T11:00:50-10:00job:flm_npu_warmup | [skip] FLM warmup disabled (no resident model; set FLM_WARMUP_RESIDENT=1 to opt in)
2026-10-01T11:00:50-10:00boot:run  priority=5  id=council_relay
2026-10-01T11:00:50-10:00job:council_relay RUN  bash "/home/rootrecord/RootRecord-Ecosystem/1 - Servers/1 - RootRecord-Pacific-Solar-Server/Communications/telegram/scripts/ensure-relay.sh"
2026-10-01T11:00:51-10:00tunnel connected  conn=2  edge=lax13
2026-10-01T11:00:52-10:00tunnel connected  conn=3  edge=lax10
2026-10-01T11:00:53-10:00job:council_relay | [ok] council-relay started pid=1104441 → /home/rootrecord/RootRecord-Ecosystem/2 - RootRecord-Database/Logs/Communications/council-relay.log
2026-10-01T11:00:53-10:00boot:run  priority=6  id=security_camera_server
2026-10-01T11:00:53-10:00job:security_camera_server RUN  bash "/home/rootrecord/RootRecord-Ecosystem/1 - Servers/1 - RootRecord-Pacific-Solar-Server/Security/Cameras/ensure_cam_server.sh"
2026-10-01T11:00:53-10:00job:security_camera_server | security cam server started
2026-10-01T11:00:53-10:00boot:run  priority=7  id=security_timelapse_catchup
2026-10-01T11:00:53-10:00job:security_timelapse_catchup RUN  bash "/home/rootrecord/RootRecord-Ecosystem/1 - Servers/1 - RootRecord-Pacific-Solar-Server/Security/Cameras/timelapse_catchup.sh"
2026-10-01T11:01:05-10:00job:security_timelapse_catchup | 11:00:54  🎬  a-eyes-timelapse  catchup: checking 20261001, now=11:00 HST
2026-10-01T11:01:05-10:00job:security_timelapse_catchup | 11:00:54  🎬  a-eyes-timelapse  hour 05 has no frames yet, skipping
2026-10-01T11:01:05-10:00job:security_timelapse_catchup | 11:00:54  🎬  a-eyes-timelapse  hour 06 has no frames yet, skipping
2026-10-01T11:01:05-10:00job:security_timelapse_catchup | 11:00:54  🎬  a-eyes-timelapse  hour 07 has no frames yet, skipping
2026-10-01T11:01:05-10:00job:security_timelapse_catchup | 11:00:54  🎬  a-eyes-timelapse  hour 08 already compiled, skipping
2026-10-01T11:01:05-10:00job:security_timelapse_catchup | 11:00:54  🎬  a-eyes-timelapse  hour 09 already compiled, skipping
2026-10-01T11:01:05-10:00job:security_timelapse_catchup | 11:01:05  🎬  a-eyes-timelapse  hour 10 → hour_10.mp4  (10 frames, 12.86s)
2026-10-01T11:01:05-10:00job:security_timelapse_catchup | 11:01:05  🎬  a-eyes-timelapse  hour 10 frames archived → /home/rootrecord/RootRecord-Ecosystem/2 - RootRecord-Database/Media/Timelapses/_archive/20261001/hour_10
2026-10-01T11:01:05-10:00job:security_timelapse_catchup | 11:01:05  🎬  a-eyes-timelapse  catchup: window still open today, skipping daily render
2026-10-01T11:01:05-10:00boot:run  priority=8  id=weather_poller
2026-10-01T11:01:05-10:00job:weather_poller RUN  bash "/home/rootrecord/RootRecord-Ecosystem/1 - Servers/1 - RootRecord-Pacific-Solar-Server/Weather/scripts/ensure-weather-poller.sh"
2026-10-01T11:01:07-10:00job:weather_poller | [ensure-weather-poller] starting -- entry=/home/rootrecord/RootRecord-Ecosystem/1 - Servers/1 - RootRecord-Pacific-Solar-Server/Weather/scripts/run_poller.py log=/home/rootrecord/RootRecord-Ecosystem/2 - RootRecord-Database/Weather/Hawai'i/logs/weather-poller.log
2026-10-01T11:01:07-10:00job:weather_poller | [ensure-weather-poller] verify: weather poller is running
2026-10-01T11:01:07-10:00boot:run  priority=9  id=network_globe_hawaii
2026-10-01T11:01:07-10:00job:network_globe_hawaii RUN  bash "/home/rootrecord/RootRecord-Ecosystem/1 - Servers/1 - RootRecord-Pacific-Solar-Server/Communications/network/scripts/ensure-network-globe-hawaii.sh"
2026-10-01T11:01:07-10:00job:network_globe_hawaii | [ensure-network-globe-hawaii] already running -- nothing to do
2026-10-01T11:01:07-10:00boot:done
2026-10-01T11:01:39-10:00  ▸  SUMMARY=delta2 soc=21.56% solar=123W ac_out=94W usbc=0W src=ble+cloud db=ok
2026-10-01T11:01:39-10:00scheduler  every_seconds=11  every_minute=10  every_hour=3  on_at=10
2026-10-01T11:01:39-10:00ENERGY  status=live  B2=21.6%  B1=10.2%  solar=123 W  ac=94 W  usbc=0 W  src=/home/rootrecord/RootRecord-Ecosystem/2 - RootRecord-Database/Energy  LAP=46%/Discharging/batt
2026-10-01T11:01:54-10:00  ▸  SUMMARY=river2pro soc=10.09% solar=0W ac_out=99W usbc=5W src=ble db=ok
2026-10-01T11:01:54-10:00job:sys_stats_cycle RUN  bash "/home/rootrecord/RootRecord-Ecosystem/1 - Servers/1 - RootRecord-Pacific-Solar-Server/System/scripts/sys-sample.sh"
2026-10-01T11:01:56-10:00job:sys_stats_cycle | SYSTEM  cpu=8%  load=3.18  mem=66%  src=sqlite
2026-10-01T11:01:56-10:00job:sys_stats_cycle | OK wrote /home/rootrecord/RootRecord-Ecosystem/2 - RootRecord-Database/System/samples/sys-20261001-110154.json
2026-10-01T11:03:03-10:00job:github_sync_all | ↑ [ecosystem] committed 27 local file(s)
2026-10-01T11:03:03-10:00job:github_sync_all | ↓ [ecosystem] fetching origin/main
2026-10-01T11:03:03-10:00job:github_sync_all | From github.com:RootRecord-Software-Solutions/RootRecord-Ecosystem
2026-10-01T11:03:03-10:00job:github_sync_all | * branch              main       -> FETCH_HEAD
2026-10-01T11:03:03-10:00job:github_sync_all | * [new branch]        main       -> origin/main
2026-10-01T11:03:03-10:00job:github_sync_all | ↑ [ecosystem] local is ahead of GitHub
2026-10-01T11:03:03-10:00job:github_sync_all | To github.com:RootRecord-Software-Solutions/RootRecord-Ecosystem.git
2026-10-01T11:03:03-10:00job:github_sync_all | a72aa8f9..a5d7f4d1  HEAD -> main
2026-10-01T11:03:03-10:00job:github_sync_all | branch 'main' set up to track 'origin/main'.
2026-10-01T11:03:03-10:00job:github_sync_all | ↑ [ecosystem] 27 files → RootRecord-Software-Solutions/RootRecord-Ecosystem (main)
2026-10-01T11:03:03-10:00job:github_sync_all | ↑ [pacific] committed 10 local file(s)
2026-10-01T11:03:03-10:00job:github_sync_all | ↓ [pacific] fetching origin/main
2026-10-01T11:03:03-10:00job:github_sync_all | From github.com:RootRecord-Software-Solutions/RootRecord-Pacific-Solar-Server
2026-10-01T11:03:03-10:00job:github_sync_all | * branch            main       -> FETCH_HEAD
2026-10-01T11:03:03-10:00job:github_sync_all | ↑ [pacific] local is ahead of GitHub
2026-10-01T11:03:03-10:00job:github_sync_all | To github.com:RootRecord-Software-Solutions/RootRecord-Pacific-Solar-Server.git
2026-10-01T11:03:03-10:00job:github_sync_all | 29607be..e89932a  HEAD -> main
2026-10-01T11:03:03-10:00job:github_sync_all | branch 'main' set up to track 'origin/main'.
2026-10-01T11:03:03-10:00job:github_sync_all | ↑ [pacific] 10 files → RootRecord-Software-Solutions/RootRecord-Pacific-Solar-Server (main)
2026-10-01T11:03:03-10:00job:github_sync_all | ↑ [database] committed 35 local file(s)
2026-10-01T11:03:03-10:00job:github_sync_all | ↓ [database] fetching origin/main
2026-10-01T11:03:03-10:00job:github_sync_all | From github.com:RootRecord-Software-Solutions/RootRecord-Database
2026-10-01T11:03:03-10:00job:github_sync_all | * branch              main       -> FETCH_HEAD
2026-10-01T11:03:03-10:00job:github_sync_all | ↑ [database] local is ahead of GitHub
2026-10-01T11:03:03-10:00job:github_sync_all | To github.com:RootRecord-Software-Solutions/RootRecord-Database.git
2026-10-01T11:03:03-10:00job:github_sync_all | 5c827a8b..9afa460a  HEAD -> main
2026-10-01T11:03:03-10:00job:github_sync_all | branch 'main' set up to track 'origin/main'.
2026-10-01T11:03:03-10:00job:github_sync_all | ↑ [database] 35 files → RootRecord-Software-Solutions/RootRecord-Database (main)
2026-10-01T11:03:03-10:00job:github_sync_all | — [library] no local changes
2026-10-01T11:03:03-10:00job:github_sync_all | ↓ [library] fetching origin/main
2026-10-01T11:03:03-10:00job:github_sync_all | From github.com:RootRecord-Software-Solutions/RootRecord-Library
2026-10-01T11:03:03-10:00job:github_sync_all | * branch            main       -> FETCH_HEAD
2026-10-01T11:03:03-10:00job:github_sync_all | — [library] local and GitHub already match
2026-10-01T11:03:03-10:00job:github_sync_all | — [library] nothing to push
2026-10-01T11:03:03-10:00job:github_sync_all | ↑ [website] committed 3 local file(s)
2026-10-01T11:03:03-10:00job:github_sync_all | ↓ [website] fetching origin/main
2026-10-01T11:03:03-10:00job:github_sync_all | From github.com:RootRecord-Software-Solutions/RootRecord-Website
2026-10-01T11:03:03-10:00job:github_sync_all | * branch            main       -> FETCH_HEAD
2026-10-01T11:03:03-10:00job:github_sync_all | ↑ [website] local is ahead of GitHub
2026-10-01T11:03:03-10:00job:github_sync_all | To github.com:RootRecord-Software-Solutions/RootRecord-Website.git
2026-10-01T11:03:03-10:00job:worklog_scan RUN  bash "/home/rootrecord/RootRecord-Ecosystem/1 - Servers/1 - RootRecord-Pacific-Solar-Server/Reports/scripts/worklog_once.sh"
2026-10-01T11:03:41-10:00tunnel timeout — reconnecting
2026-10-01T11:03:42-10:00tunnel timeout — reconnecting
2026-10-01T11:03:42-10:00tunnel timeout — reconnecting
2026-10-01T11:03:43-10:00tunnel timeout — reconnecting
2026-10-01T11:03:43-10:00tunnel timeout — reconnecting
2026-10-01T11:03:43-10:00tunnel connected  conn=0  edge=lax01
2026-10-01T11:03:43-10:00tunnel timeout — reconnecting
2026-10-01T11:03:45-10:00tunnel timeout — reconnecting
2026-10-01T11:03:58-10:00tunnel connected  conn=2  edge=lax07
2026-10-01T11:03:58-10:00tunnel connected  conn=1  edge=lax01
2026-10-01T11:03:58-10:00tunnel connected  conn=3  edge=lax11
2026-10-01T11:06:04-10:00job:worklog_scan TIMEOUT after 180s
2026-10-01T11:06:04-10:00job:security_camera_frame_grab RUN  bash "/home/rootrecord/RootRecord-Ecosystem/1 - Servers/1 - RootRecord-Pacific-Solar-Server/Security/Cameras/grab_all.sh"
2026-10-01T11:06:22-10:00job:security_camera_frame_grab | 11:06:04  📷  a-eyes  ch1 → ch1-20261001T210604Z.jpg  (540.3 KB, 4.39s)
2026-10-01T11:06:22-10:00job:security_camera_frame_grab | 11:06:08  📷  a-eyes  ch2 → ch2-20261001T210608Z.jpg  (138.4 KB, 4.35s)
2026-10-01T11:06:22-10:00job:security_camera_frame_grab | 11:06:13  📷  a-eyes  ch3 → ch3-20261001T210613Z.jpg  (472.4 KB, 4.42s)
2026-10-01T11:06:22-10:00job:security_camera_frame_grab | 11:06:17  📷  a-eyes  ch4 → ch4-20261001T210617Z.jpg  (126.6 KB, 4.58s)
2026-10-01T11:06:22-10:00job:service_supervisor RUN  bash "/home/rootrecord/RootRecord-Ecosystem/1 - Servers/1 - RootRecord-Pacific-Solar-Server/Automations/scripts/supervise-services.sh"
2026-10-01T11:06:22-10:00job:service_supervisor | [supervisor] weather alive pid=1105097 (act)
2026-10-01T11:06:22-10:00job:service_supervisor | [supervisor] relay alive pid=1104441 (act)
2026-10-01T11:06:22-10:00job:geology_collect RUN  nice -n 10 python3 "/home/rootrecord/RootRecord-Ecosystem/1 - Servers/1 - RootRecord-Pacific-Solar-Server/Geology/scripts/geology_collect.py" all
2026-10-01T11:06:27-10:00job:geology_collect | {"ok": true, "at": "2026-10-01T11:06:22-10:00", "what": "all", "dry_run": false, "sources": {"hawaii": {"ok": true, "count": 57, "new": 0, "new_m2": 0, "ms": 576}, "global": {"ok": true, "count": 41, "new": 0, "ms": 278}, "hvo_notices": {"ok": true, "count": 45, "new": 0, "ms": 1980}, "hvo_status": {"ok": true, "volcanoes": 8, "kilauea": "WATCH", "mauna_loa": "NORMAL", "ms": 1731}}}
2026-10-01T11:06:27-10:00job:status_snapshot RUN  nice -n 10 python3 "/home/rootrecord/RootRecord-Ecosystem/1 - Servers/1 - RootRecord-Pacific-Solar-Server/Website/scripts/live_data_pages.py"
2026-10-01T11:06:27-10:00job:status_snapshot | live-data 6 pages
2026-10-01T11:06:27-10:00job:system_net_sample RUN  nice -n 10 python3 "/home/rootrecord/RootRecord-Ecosystem/1 - Servers/1 - RootRecord-Pacific-Solar-Server/System/scripts/host_desks.py" net-sample
2026-10-01T11:06:27-10:00job:system_net_sample | {"ok": true, "file": "/home/rootrecord/RootRecord-Ecosystem/2 - RootRecord-Database/System/network/Daily/net-20261001.jsonl", "iface": "wlo1", "hour": {"seconds": 4231, "rx": 481344550, "tx": 2186187411, "total": 2667531961, "iface": "wlo1", "link": "wireless"}, "day": {"seconds": 71173, "rx": 1985801674, "tx": 2207404845, "total": 4193206519, "iface": "wlo1", "link": "wireless"}}
2026-10-01T11:06:27-10:00job:discord_report_relay RUN  nice -n 10 python3 "/home/rootrecord/RootRecord-Ecosystem/1 - Servers/1 - RootRecord-Pacific-Solar-Server/Communications/Discord/scripts/report_relay.py"
2026-10-01T11:06:28-10:00job:discord_report_relay | posted system_perf
2026-10-01T11:06:29-10:00ENERGY  status=live  B2=21.6%  B1=10.1%  solar=123 W  ac=94 W  usbc=0 W  src=/home/rootrecord/RootRecord-Ecosystem/2 - RootRecord-Database/Energy  LAP=44%/Discharging/batt
2026-10-01T11:06:45-10:00  ▸  SUMMARY=river2pro soc=8.97% solar=0W ac_out=79W usbc=0W src=ble db=ok
2026-10-01T11:06:45-10:00job:sys_stats_cycle RUN  bash "/home/rootrecord/RootRecord-Ecosystem/1 - Servers/1 - RootRecord-Pacific-Solar-Server/System/scripts/sys-sample.sh"
2026-10-01T11:06:47-10:00job:sys_stats_cycle | SYSTEM  cpu=14%  load=2.12  mem=69%  src=sqlite
2026-10-01T11:06:47-10:00job:sys_stats_cycle | OK wrote /home/rootrecord/RootRecord-Ecosystem/2 - RootRecord-Database/System/samples/sys-20261001-110645.json
2026-10-01T11:06:54-10:00job:github_sync_all FAIL code=-15
2026-10-01T11:06:54-10:00job:github_sync_all ! ↑ [ecosystem] committed 24 local file(s)
2026-10-01T11:06:54-10:00job:github_sync_all ! ↓ [ecosystem] fetching origin/main
2026-10-01T11:06:54-10:00HTTP listening on http://127.0.0.1:8799 (open access on bind)
2026-10-01T11:06:54-10:00boot:start  jobs=10
2026-10-01T11:06:54-10:00boot:run  priority=0  id=self_terminal
2026-10-01T11:06:54-10:00boot:p0 self_process pid=1188861
2026-10-01T11:06:54-10:00boot:run  priority=1  id=cloudflare_tunnel
2026-10-01T11:06:54-10:00boot:p1 cloudflare_tunnel host=rootserver.rootrecord.cloud
2026-10-01T11:06:54-10:00internet OK at boot — starting tunnel
2026-10-01T11:06:54-10:00Starting cloudflared mode=token public_host=rootserver.rootrecord.cloud
2026-10-01T11:06:54-10:00Waiting for tunnel register (timeout=45s)…
2026-10-01T11:06:54-10:00tunnel starting
2026-10-01T11:06:55-10:00tunnel connected  conn=0  edge=lax13
2026-10-01T11:06:55-10:00Tunnel READY — first connection registered.
2026-10-01T11:06:55-10:00boot:run  priority=2  id=github_setup_remotes
2026-10-01T11:06:55-10:00tunnel ingress  rootserver.rootrecord.cloud → 127.0.0.1:8799
2026-10-01T11:06:55-10:00boot:run  priority=3  id=ollama_warmup
2026-10-01T11:06:55-10:00job:ollama_warmup RUN  bash '/home/rootrecord/RootRecord-Ecosystem/1 - Servers/1 - RootRecord-Pacific-Solar-Server/System/scripts/plumbing/ollama-warmup.sh'
2026-10-01T11:06:55-10:00tunnel connected  conn=1  edge=lax10
2026-10-01T11:06:55-10:00job:ollama_warmup | [ok] ollama up
2026-10-01T11:06:55-10:00boot:run  priority=4  id=flm_npu_warmup
2026-10-01T11:06:55-10:00job:flm_npu_warmup RUN  bash '/home/rootrecord/RootRecord-Ecosystem/1 - Servers/1 - RootRecord-Pacific-Solar-Server/System/scripts/plumbing/flm-warmup.sh'
2026-10-01T11:06:55-10:00job:flm_npu_warmup | [skip] FLM warmup disabled (no resident model; set FLM_WARMUP_RESIDENT=1 to opt in)
2026-10-01T11:06:55-10:00boot:run  priority=5  id=council_relay
2026-10-01T11:06:55-10:00job:council_relay RUN  bash "/home/rootrecord/RootRecord-Ecosystem/1 - Servers/1 - RootRecord-Pacific-Solar-Server/Communications/telegram/scripts/ensure-relay.sh"
2026-10-01T11:06:56-10:00tunnel connected  conn=2  edge=lax13
2026-10-01T11:06:57-10:00tunnel connected  conn=3  edge=lax05
2026-10-01T11:06:58-10:00job:council_relay | [ok] council-relay started pid=1189207 → /home/rootrecord/RootRecord-Ecosystem/2 - RootRecord-Database/Logs/Communications/council-relay.log
2026-10-01T11:06:58-10:00boot:run  priority=6  id=security_camera_server
2026-10-01T11:06:58-10:00job:security_camera_server RUN  bash "/home/rootrecord/RootRecord-Ecosystem/1 - Servers/1 - RootRecord-Pacific-Solar-Server/Security/Cameras/ensure_cam_server.sh"
2026-10-01T11:06:58-10:00job:security_camera_server | security cam server started
2026-10-01T11:06:58-10:00boot:run  priority=7  id=security_timelapse_catchup
2026-10-01T11:06:58-10:00job:security_timelapse_catchup RUN  bash "/home/rootrecord/RootRecord-Ecosystem/1 - Servers/1 - RootRecord-Pacific-Solar-Server/Security/Cameras/timelapse_catchup.sh"
2026-10-01T11:06:59-10:00job:security_timelapse_catchup | 11:06:59  🎬  a-eyes-timelapse  catchup: checking 20261001, now=11:06 HST
2026-10-01T11:06:59-10:00job:security_timelapse_catchup | 11:06:59  🎬  a-eyes-timelapse  hour 05 has no frames yet, skipping
2026-10-01T11:06:59-10:00job:security_timelapse_catchup | 11:06:59  🎬  a-eyes-timelapse  hour 06 has no frames yet, skipping
2026-10-01T11:06:59-10:00job:security_timelapse_catchup | 11:06:59  🎬  a-eyes-timelapse  hour 07 has no frames yet, skipping
2026-10-01T11:06:59-10:00job:security_timelapse_catchup | 11:06:59  🎬  a-eyes-timelapse  hour 08 already compiled, skipping
2026-10-01T11:06:59-10:00job:security_timelapse_catchup | 11:06:59  🎬  a-eyes-timelapse  hour 09 already compiled, skipping
2026-10-01T11:06:59-10:00job:security_timelapse_catchup | 11:06:59  🎬  a-eyes-timelapse  hour 10 already compiled, skipping
2026-10-01T11:06:59-10:00job:security_timelapse_catchup | 11:06:59  🎬  a-eyes-timelapse  catchup: window still open today, skipping daily render
2026-10-01T11:06:59-10:00boot:run  priority=8  id=weather_poller
2026-10-01T11:06:59-10:00job:weather_poller RUN  bash "/home/rootrecord/RootRecord-Ecosystem/1 - Servers/1 - RootRecord-Pacific-Solar-Server/Weather/scripts/ensure-weather-poller.sh"
2026-10-01T11:07:00-10:00job:weather_poller | [ensure-weather-poller] starting -- entry=/home/rootrecord/RootRecord-Ecosystem/1 - Servers/1 - RootRecord-Pacific-Solar-Server/Weather/scripts/run_poller.py log=/home/rootrecord/RootRecord-Ecosystem/2 - RootRecord-Database/Weather/Hawai'i/logs/weather-poller.log
2026-10-01T11:07:00-10:00job:weather_poller | [ensure-weather-poller] verify: weather poller is running
2026-10-01T11:07:00-10:00boot:run  priority=9  id=network_globe_hawaii
2026-10-01T11:07:00-10:00job:network_globe_hawaii RUN  bash "/home/rootrecord/RootRecord-Ecosystem/1 - Servers/1 - RootRecord-Pacific-Solar-Server/Communications/network/scripts/ensure-network-globe-hawaii.sh"
2026-10-01T11:07:00-10:00job:network_globe_hawaii | [ensure-network-globe-hawaii] already running -- nothing to do
2026-10-01T11:07:00-10:00boot:done
2026-10-01T11:07:26-10:00tunnel timeout — reconnecting
2026-10-01T11:07:26-10:00tunnel timeout — reconnecting
2026-10-01T11:07:27-10:00tunnel timeout — reconnecting
2026-10-01T11:07:27-10:00tunnel timeout — reconnecting
2026-10-01T11:07:27-10:00tunnel timeout — reconnecting
2026-10-01T11:07:27-10:00tunnel timeout — reconnecting
2026-10-01T11:07:28-10:00tunnel connected  conn=0  edge=lax01
2026-10-01T11:07:28-10:00tunnel timeout — reconnecting
2026-10-01T11:07:29-10:00  ▸  SUMMARY=delta2 soc=22.87% solar=123W ac_out=0W usbc=0W src=ble db=ok
2026-10-01T11:07:29-10:00scheduler  every_seconds=11  every_minute=11  every_hour=3  on_at=10
2026-10-01T11:07:29-10:00ENERGY  status=live  B2=22.9%  B1=8.8%  solar=123 W  ac=0 W  usbc=0 W  src=/home/rootrecord/RootRecord-Ecosystem/2 - RootRecord-Database/Energy  LAP=44%/Discharging/batt
2026-10-01T11:07:30-10:00tunnel connected  conn=1  edge=lax05
2026-10-01T11:07:30-10:00tunnel connected  conn=2  edge=lax01
2026-10-01T11:07:30-10:00tunnel connected  conn=3  edge=lax11
2026-10-01T11:07:45-10:00  ▸  SUMMARY=river2pro soc=8.76% solar=0W ac_out=107W usbc=0W src=ble+cloud db=ok
2026-10-01T11:07:45-10:00job:sys_stats_cycle RUN  bash "/home/rootrecord/RootRecord-Ecosystem/1 - Servers/1 - RootRecord-Pacific-Solar-Server/System/scripts/sys-sample.sh"
2026-10-01T11:07:46-10:00job:sys_stats_cycle | SYSTEM  cpu=14%  load=1.39  mem=68%  src=sqlite
2026-10-01T11:07:46-10:00job:sys_stats_cycle | OK wrote /home/rootrecord/RootRecord-Ecosystem/2 - RootRecord-Database/System/samples/sys-20261001-110745.json
2026-10-01T11:09:01-10:00job:github_sync_all | ↑ [ecosystem] committed 3 local file(s)
2026-10-01T11:09:01-10:00job:github_sync_all | ↓ [ecosystem] fetching origin/main
2026-10-01T11:09:01-10:00job:github_sync_all | From github.com:RootRecord-Software-Solutions/RootRecord-Ecosystem
2026-10-01T11:09:01-10:00job:github_sync_all | * branch              main       -> FETCH_HEAD
2026-10-01T11:09:01-10:00job:github_sync_all | * [new branch]        main       -> origin/main
2026-10-01T11:09:01-10:00job:github_sync_all | ↑ [ecosystem] local is ahead of GitHub
2026-10-01T11:09:01-10:00job:github_sync_all | To github.com:RootRecord-Software-Solutions/RootRecord-Ecosystem.git
2026-10-01T11:09:01-10:00job:github_sync_all | a5d7f4d1..06e4285b  HEAD -> main
2026-10-01T11:09:01-10:00job:github_sync_all | branch 'main' set up to track 'origin/main'.
2026-10-01T11:09:01-10:00job:github_sync_all | ↑ [ecosystem] 3 files → RootRecord-Software-Solutions/RootRecord-Ecosystem (main)
2026-10-01T11:09:01-10:00job:github_sync_all | ↑ [pacific] committed 10 local file(s)
2026-10-01T11:09:01-10:00job:github_sync_all | ↓ [pacific] fetching origin/main
2026-10-01T11:09:01-10:00job:github_sync_all | From github.com:RootRecord-Software-Solutions/RootRecord-Pacific-Solar-Server
2026-10-01T11:09:01-10:00job:github_sync_all | * branch            main       -> FETCH_HEAD
2026-10-01T11:09:01-10:00job:github_sync_all | ↑ [pacific] local is ahead of GitHub
2026-10-01T11:09:01-10:00job:github_sync_all | To github.com:RootRecord-Software-Solutions/RootRecord-Pacific-Solar-Server.git
2026-10-01T11:09:01-10:00job:github_sync_all | e89932a..b6b7724  HEAD -> main
2026-10-01T11:09:01-10:00job:github_sync_all | branch 'main' set up to track 'origin/main'.
2026-10-01T11:09:01-10:00job:github_sync_all | ↑ [pacific] 10 files → RootRecord-Software-Solutions/RootRecord-Pacific-Solar-Server (main)
2026-10-01T11:09:01-10:00job:github_sync_all | ↑ [database] committed 37 local file(s)
2026-10-01T11:09:01-10:00job:github_sync_all | ↓ [database] fetching origin/main
2026-10-01T11:09:01-10:00job:github_sync_all | From github.com:RootRecord-Software-Solutions/RootRecord-Database
2026-10-01T11:09:01-10:00job:github_sync_all | * branch              main       -> FETCH_HEAD
2026-10-01T11:09:01-10:00job:github_sync_all | ↑ [database] local is ahead of GitHub
2026-10-01T11:09:01-10:00job:github_sync_all | To github.com:RootRecord-Software-Solutions/RootRecord-Database.git
2026-10-01T11:09:01-10:00job:github_sync_all | 9afa460a..f70e1f07  HEAD -> main
2026-10-01T11:09:01-10:00job:github_sync_all | branch 'main' set up to track 'origin/main'.
2026-10-01T11:09:01-10:00job:github_sync_all | ↑ [database] 37 files → RootRecord-Software-Solutions/RootRecord-Database (main)
2026-10-01T11:09:01-10:00job:github_sync_all | — [library] no local changes
2026-10-01T11:09:01-10:00job:github_sync_all | ↓ [library] fetching origin/main
2026-10-01T11:09:01-10:00job:github_sync_all | From github.com:RootRecord-Software-Solutions/RootRecord-Library
2026-10-01T11:09:01-10:00job:github_sync_all | * branch            main       -> FETCH_HEAD
2026-10-01T11:09:01-10:00job:github_sync_all | — [library] local and GitHub already match
2026-10-01T11:09:01-10:00job:github_sync_all | — [library] nothing to push
2026-10-01T11:09:01-10:00job:github_sync_all | ↑ [website] committed 2 local file(s)
2026-10-01T11:09:01-10:00job:github_sync_all | ↓ [website] fetching origin/main
2026-10-01T11:09:01-10:00job:github_sync_all | From github.com:RootRecord-Software-Solutions/RootRecord-Website
2026-10-01T11:09:01-10:00job:github_sync_all | * branch            main       -> FETCH_HEAD
2026-10-01T11:09:01-10:00job:github_sync_all | ↑ [website] local is ahead of GitHub
2026-10-01T11:09:01-10:00job:github_sync_all | To github.com:RootRecord-Software-Solutions/RootRecord-Website.git
2026-10-01T11:09:01-10:00job:worklog_scan RUN  bash "/home/rootrecord/RootRecord-Ecosystem/1 - Servers/1 - RootRecord-Pacific-Solar-Server/Reports/scripts/worklog_once.sh"
2026-10-01T11:12:01-10:00job:worklog_scan TIMEOUT after 180s
2026-10-01T11:12:01-10:00job:security_camera_frame_grab RUN  bash "/home/rootrecord/RootRecord-Ecosystem/1 - Servers/1 - RootRecord-Pacific-Solar-Server/Security/Cameras/grab_all.sh"
2026-10-01T11:12:20-10:00job:security_camera_frame_grab | 11:12:01  📷  a-eyes  ch1 → ch1-20261001T211201Z.jpg  (515.4 KB, 4.62s)
2026-10-01T11:12:20-10:00job:security_camera_frame_grab | 11:12:06  📷  a-eyes  ch2 → ch2-20261001T211206Z.jpg  (158.2 KB, 4.44s)
2026-10-01T11:12:20-10:00job:security_camera_frame_grab | 11:12:10  📷  a-eyes  ch3 → ch3-20261001T211210Z.jpg  (468.5 KB, 4.65s)
2026-10-01T11:12:20-10:00job:security_camera_frame_grab | 11:12:15  📷  a-eyes  ch4 → ch4-20261001T211215Z.jpg  (142.5 KB, 4.46s)
2026-10-01T11:12:20-10:00job:service_supervisor RUN  bash "/home/rootrecord/RootRecord-Ecosystem/1 - Servers/1 - RootRecord-Pacific-Solar-Server/Automations/scripts/supervise-services.sh"
2026-10-01T11:12:20-10:00job:service_supervisor | [supervisor] weather alive pid=1189476 (act)
2026-10-01T11:12:20-10:00job:service_supervisor | [supervisor] relay alive pid=1189207 (act)
2026-10-01T11:12:20-10:00job:geology_collect RUN  nice -n 10 python3 "/home/rootrecord/RootRecord-Ecosystem/1 - Servers/1 - RootRecord-Pacific-Solar-Server/Geology/scripts/geology_collect.py" all
2026-10-01T11:12:37-10:00job:geology_collect | {"ok": true, "at": "2026-10-01T11:12:20-10:00", "what": "all", "dry_run": false, "sources": {"hawaii": {"ok": true, "count": 57, "new": 0, "new_m2": 0, "ms": 514}, "global": {"ok": true, "count": 39, "new": 0, "ms": 282}, "hvo_notices": {"ok": true, "count": 45, "new": 0, "ms": 5287}, "hvo_status": {"ok": true, "volcanoes": 8, "kilauea": "WATCH", "mauna_loa": "NORMAL", "ms": 10523}}}
2026-10-01T11:12:37-10:00job:status_snapshot RUN  nice -n 10 python3 "/home/rootrecord/RootRecord-Ecosystem/1 - Servers/1 - RootRecord-Pacific-Solar-Server/Website/scripts/live_data_pages.py"
2026-10-01T11:12:37-10:00job:status_snapshot | live-data 6 pages
2026-10-01T11:12:37-10:00job:system_net_sample RUN  nice -n 10 python3 "/home/rootrecord/RootRecord-Ecosystem/1 - Servers/1 - RootRecord-Pacific-Solar-Server/System/scripts/host_desks.py" net-sample
2026-10-01T11:12:37-10:00job:system_net_sample | {"ok": true, "file": "/home/rootrecord/RootRecord-Ecosystem/2 - RootRecord-Database/System/network/Daily/net-20261001.jsonl", "iface": "wlo1", "hour": {"seconds": 3840, "rx": 518472706, "tx": 2258813267, "total": 2777285973, "iface": "wlo1", "link": "wireless"}, "day": {"seconds": 71543, "rx": 2081358878, "tx": 2292294340, "total": 4373653218, "iface": "wlo1", "link": "wireless"}}
2026-10-01T11:12:37-10:00job:discord_report_relay RUN  nice -n 10 python3 "/home/rootrecord/RootRecord-Ecosystem/1 - Servers/1 - RootRecord-Pacific-Solar-Server/Communications/Discord/scripts/report_relay.py"
2026-10-01T11:12:38-10:00job:discord_report_relay | posted remaining_tasks
2026-10-01T11:12:39-10:00ENERGY  status=live  B2=22.9%  B1=8.8%  solar=123 W  ac=0 W  usbc=0 W  src=/home/rootrecord/RootRecord-Ecosystem/2 - RootRecord-Database/Energy  LAP=41%/Discharging/batt
2026-10-01T11:12:56-10:00  ▸  SUMMARY=river2pro soc=7.94% solar=— ac_out=66W usbc=0W src=ble db=ok
2026-10-01T11:12:56-10:00job:sys_stats_cycle RUN  bash "/home/rootrecord/RootRecord-Ecosystem/1 - Servers/1 - RootRecord-Pacific-Solar-Server/System/scripts/sys-sample.sh"
2026-10-01T11:12:58-10:00job:sys_stats_cycle | SYSTEM  cpu=17%  load=2.95  mem=70%  src=sqlite
2026-10-01T11:12:58-10:00job:sys_stats_cycle | OK wrote /home/rootrecord/RootRecord-Ecosystem/2 - RootRecord-Database/System/samples/sys-20261001-111257.json
2026-10-01T11:14:15-10:00job:github_sync_all | ↑ [ecosystem] committed 20 local file(s)
2026-10-01T11:14:15-10:00job:github_sync_all | ↓ [ecosystem] fetching origin/main
2026-10-01T11:14:15-10:00job:github_sync_all | From github.com:RootRecord-Software-Solutions/RootRecord-Ecosystem
2026-10-01T11:14:15-10:00job:github_sync_all | * branch              main       -> FETCH_HEAD
2026-10-01T11:14:15-10:00job:github_sync_all | ↑ [ecosystem] local is ahead of GitHub
2026-10-01T11:14:15-10:00job:github_sync_all | To github.com:RootRecord-Software-Solutions/RootRecord-Ecosystem.git
2026-10-01T11:14:15-10:00job:github_sync_all | 06e4285b..c79cd688  HEAD -> main
2026-10-01T11:14:15-10:00job:github_sync_all | branch 'main' set up to track 'origin/main'.
2026-10-01T11:14:15-10:00job:github_sync_all | ↑ [ecosystem] 20 files → RootRecord-Software-Solutions/RootRecord-Ecosystem (main)
2026-10-01T11:14:15-10:00job:github_sync_all | ↑ [pacific] committed 3 local file(s)
2026-10-01T11:14:15-10:00job:github_sync_all | ↓ [pacific] fetching origin/main
2026-10-01T11:14:15-10:00job:github_sync_all | From github.com:RootRecord-Software-Solutions/RootRecord-Pacific-Solar-Server
2026-10-01T11:14:15-10:00job:github_sync_all | * branch            main       -> FETCH_HEAD
2026-10-01T11:14:15-10:00job:github_sync_all | ↑ [pacific] local is ahead of GitHub
2026-10-01T11:14:15-10:00job:github_sync_all | To github.com:RootRecord-Software-Solutions/RootRecord-Pacific-Solar-Server.git
2026-10-01T11:14:15-10:00job:github_sync_all | b6b7724..0227ae0  HEAD -> main
2026-10-01T11:14:15-10:00job:github_sync_all | branch 'main' set up to track 'origin/main'.
2026-10-01T11:14:15-10:00job:github_sync_all | ↑ [pacific] 3 files → RootRecord-Software-Solutions/RootRecord-Pacific-Solar-Server (main)
2026-10-01T11:14:15-10:00job:github_sync_all | ↑ [database] committed 25 local file(s)
2026-10-01T11:14:15-10:00job:github_sync_all | ↓ [database] fetching origin/main
2026-10-01T11:14:15-10:00job:github_sync_all | From github.com:RootRecord-Software-Solutions/RootRecord-Database
2026-10-01T11:14:15-10:00job:github_sync_all | * branch              main       -> FETCH_HEAD
2026-10-01T11:14:15-10:00job:github_sync_all | ↑ [database] local is ahead of GitHub
2026-10-01T11:14:15-10:00job:github_sync_all | To github.com:RootRecord-Software-Solutions/RootRecord-Database.git
2026-10-01T11:14:15-10:00job:github_sync_all | f70e1f07..3a0c841d  HEAD -> main
2026-10-01T11:14:15-10:00job:github_sync_all | branch 'main' set up to track 'origin/main'.
2026-10-01T11:14:15-10:00job:github_sync_all | ↑ [database] 25 files → RootRecord-Software-Solutions/RootRecord-Database (main)
2026-10-01T11:14:15-10:00job:github_sync_all | — [library] no local changes
2026-10-01T11:14:15-10:00job:github_sync_all | ↓ [library] fetching origin/main
2026-10-01T11:14:15-10:00job:github_sync_all | From github.com:RootRecord-Software-Solutions/RootRecord-Library
2026-10-01T11:14:15-10:00job:github_sync_all | * branch            main       -> FETCH_HEAD
2026-10-01T11:14:15-10:00job:github_sync_all | — [library] local and GitHub already match
2026-10-01T11:14:15-10:00job:github_sync_all | — [library] nothing to push
2026-10-01T11:14:15-10:00job:github_sync_all | ↑ [website] committed 2 local file(s)
2026-10-01T11:14:15-10:00job:github_sync_all | ↓ [website] fetching origin/main
2026-10-01T11:14:15-10:00job:github_sync_all | From github.com:RootRecord-Software-Solutions/RootRecord-Website
2026-10-01T11:14:15-10:00job:github_sync_all | * branch            main       -> FETCH_HEAD
2026-10-01T11:14:15-10:00job:github_sync_all | ↑ [website] local is ahead of GitHub
2026-10-01T11:14:15-10:00job:github_sync_all | To github.com:RootRecord-Software-Solutions/RootRecord-Website.git
2026-10-01T11:14:15-10:00job:github_sync_all | 14e4dee..7c88ca5  HEAD -> main
2026-10-01T11:14:15-10:00job:security_camera_frame_grab RUN  bash "/home/rootrecord/RootRecord-Ecosystem/1 - Servers/1 - RootRecord-Pacific-Solar-Server/Security/Cameras/grab_all.sh"
2026-10-01T11:14:33-10:00job:security_camera_frame_grab | 11:14:15  📷  a-eyes  ch1 → ch1-20261001T211415Z.jpg  (517.7 KB, 4.44s)
2026-10-01T11:14:33-10:00job:security_camera_frame_grab | 11:14:19  📷  a-eyes  ch2 → ch2-20261001T211419Z.jpg  (178.2 KB, 4.44s)
2026-10-01T11:14:33-10:00job:security_camera_frame_grab | 11:14:24  📷  a-eyes  ch3 → ch3-20261001T211424Z.jpg  (463.5 KB, 4.75s)
2026-10-01T11:14:33-10:00job:security_camera_frame_grab | 11:14:29  📷  a-eyes  ch4 → ch4-20261001T211429Z.jpg  (161.8 KB, 4.54s)
2026-10-01T11:14:34-10:00ENERGY  status=live  B2=22.9%  B1=7.9%  solar=123 W  ac=0 W  usbc=0 W  src=/home/rootrecord/RootRecord-Ecosystem/2 - RootRecord-Database/Energy  LAP=40%/Discharging/batt
2026-10-01T11:14:50-10:00  ▸  SUMMARY=delta2 soc=24.28% solar=119W ac_out=0W usbc=0W src=ble db=ok
2026-10-01T11:14:50-10:00job:sys_stats_cycle RUN  bash "/home/rootrecord/RootRecord-Ecosystem/1 - Servers/1 - RootRecord-Pacific-Solar-Server/System/scripts/sys-sample.sh"
2026-10-01T11:14:51-10:00job:sys_stats_cycle | SYSTEM  cpu=21%  load=2.82  mem=71%  src=sqlite
2026-10-01T11:14:51-10:00job:sys_stats_cycle | OK wrote /home/rootrecord/RootRecord-Ecosystem/2 - RootRecord-Database/System/samples/sys-20261001-111450.json
2026-10-01T11:16:04-10:00job:github_sync_all | — [ecosystem] no committable local changes
2026-10-01T11:16:04-10:00job:github_sync_all | ↓ [ecosystem] fetching origin/main
2026-10-01T11:16:04-10:00job:github_sync_all | From github.com:RootRecord-Software-Solutions/RootRecord-Ecosystem
2026-10-01T11:16:04-10:00job:github_sync_all | * branch              main       -> FETCH_HEAD
2026-10-01T11:16:04-10:00job:github_sync_all | — [ecosystem] local and GitHub already match
2026-10-01T11:16:04-10:00job:github_sync_all | — [ecosystem] nothing to push
2026-10-01T11:16:04-10:00job:github_sync_all | — [pacific] no local changes
2026-10-01T11:16:04-10:00job:github_sync_all | ↓ [pacific] fetching origin/main
2026-10-01T11:16:04-10:00job:github_sync_all | From github.com:RootRecord-Software-Solutions/RootRecord-Pacific-Solar-Server
2026-10-01T11:16:04-10:00job:github_sync_all | * branch            main       -> FETCH_HEAD
2026-10-01T11:16:04-10:00job:github_sync_all | — [pacific] local and GitHub already match
2026-10-01T11:16:04-10:00job:github_sync_all | — [pacific] nothing to push
2026-10-01T11:16:04-10:00job:github_sync_all | ↑ [database] committed 12 local file(s)
2026-10-01T11:16:04-10:00job:github_sync_all | ↓ [database] fetching origin/main
2026-10-01T11:16:04-10:00job:github_sync_all | From github.com:RootRecord-Software-Solutions/RootRecord-Database
2026-10-01T11:16:04-10:00job:github_sync_all | * branch              main       -> FETCH_HEAD
2026-10-01T11:16:04-10:00job:github_sync_all | ↑ [database] local is ahead of GitHub
2026-10-01T11:16:04-10:00job:github_sync_all | To github.com:RootRecord-Software-Solutions/RootRecord-Database.git
2026-10-01T11:16:04-10:00job:github_sync_all | 3a0c841d..fc2815cd  HEAD -> main
2026-10-01T11:16:04-10:00job:github_sync_all | branch 'main' set up to track 'origin/main'.
2026-10-01T11:16:04-10:00job:github_sync_all | ↑ [database] 12 files → RootRecord-Software-Solutions/RootRecord-Database (main)
2026-10-01T11:16:04-10:00job:github_sync_all | — [library] no local changes
2026-10-01T11:16:04-10:00job:github_sync_all | ↓ [library] fetching origin/main
2026-10-01T11:16:04-10:00job:github_sync_all | From github.com:RootRecord-Software-Solutions/RootRecord-Library
2026-10-01T11:16:04-10:00job:github_sync_all | * branch            main       -> FETCH_HEAD
2026-10-01T11:16:04-10:00job:github_sync_all | — [library] local and GitHub already match
2026-10-01T11:16:04-10:00job:github_sync_all | — [library] nothing to push
2026-10-01T11:16:04-10:00job:github_sync_all | ↑ [website] committed 2 local file(s)
2026-10-01T11:16:04-10:00job:github_sync_all | ↓ [website] fetching origin/main
2026-10-01T11:16:04-10:00job:github_sync_all | From github.com:RootRecord-Software-Solutions/RootRecord-Website
2026-10-01T11:16:04-10:00job:github_sync_all | * branch            main       -> FETCH_HEAD
2026-10-01T11:16:04-10:00job:github_sync_all | ↑ [website] local is ahead of GitHub
2026-10-01T11:16:04-10:00job:github_sync_all | To github.com:RootRecord-Software-Solutions/RootRecord-Website.git
2026-10-01T11:16:04-10:00job:github_sync_all | 7c88ca5..6af6d4c  HEAD -> main
2026-10-01T11:16:04-10:00job:github_sync_all | branch 'main' set up to track 'origin/main'.
2026-10-01T11:16:04-10:00job:github_sync_all | ↑ [website] 2 files → RootRecord-Software-Solutions/RootRecord-Website (main)
2026-10-01T11:16:04-10:00job:github_sync_all | ↑ [website-personal] committed 2 local file(s)
2026-10-01T11:16:04-10:00job:github_sync_all | ↓ [website-personal] fetching origin/main
2026-10-01T11:16:04-10:00job:github_sync_all | From github.com:rootrecordsoftwaresolutions/RootRecord-Website
2026-10-01T11:16:04-10:00job:github_sync_all | * branch            main       -> FETCH_HEAD
2026-10-01T11:16:04-10:00job:worklog_scan RUN  bash "/home/rootrecord/RootRecord-Ecosystem/1 - Servers/1 - RootRecord-Pacific-Solar-Server/Reports/scripts/worklog_once.sh"
2026-10-01T11:19:04-10:00job:worklog_scan TIMEOUT after 180s
2026-10-01T11:19:04-10:00job:status_snapshot RUN  nice -n 10 python3 "/home/rootrecord/RootRecord-Ecosystem/1 - Servers/1 - RootRecord-Pacific-Solar-Server/Website/scripts/live_data_pages.py"
2026-10-01T11:19:04-10:00job:status_snapshot | live-data 6 pages
2026-10-01T11:19:04-10:00job:voice_nws_weather RUN  nice -n 10 python3 "/home/rootrecord/RootRecord-Ecosystem/1 - Servers/1 - RootRecord-Pacific-Solar-Server/Media/Voice/scripts/voice_reports.py" nws_weather
2026-10-01T11:19:57-10:00job:voice_nws_weather | {"ok": true, "report": "nws_weather", "md": "/home/rootrecord/RootRecord-Ecosystem/test-reports/Voice/nws_weather_current.md", "sentences": 6, "voice": {"ok": true, "mode": "stitch", "report": "nws_weather", "agent": "ava", "voice": "af_heart", "speed": 1.0, "wav": "/home/rootrecord/RootRecord-Ecosystem/2 - RootRecord-Database/Media/Audio/Voice/nws_weather_current.wav", "clips_used": 0, "live_sentences": 17, "model_loaded": true, "render_s": 40.78, "sample_rate": 24000, "channels": 1, "subtype": "PCM_16", "duration_s": 49.379, "peak_dbfs": -1.5, "rms_dbfs": -20.29, "lead_silence_ms": 113, "qc": "PASS", "wall_s": 40.99, "peak_rss_mb": 1840, "rc": 0}, "deliver": {"ok": true, "sent": false, "detail": "unchanged"}, "radio": {"ok": true, "report": "nws_weather", "file": "nws_weather_current.ogg", "bytes": 363959}}
2026-10-01T11:19:58-10:00ENERGY  status=live  B2=24.3%  B1=7.9%  solar=119 W  ac=0 W  usbc=0 W  src=/home/rootrecord/RootRecord-Ecosystem/2 - RootRecord-Database/Energy  LAP=37%/Discharging/batt
2026-10-01T11:20:15-10:00  ▸  SUMMARY=river2pro soc=7.09% solar=0W ac_out=75W usbc=0W src=ble db=ok
2026-10-01T11:20:15-10:00job:sys_stats_cycle RUN  bash "/home/rootrecord/RootRecord-Ecosystem/1 - Servers/1 - RootRecord-Pacific-Solar-Server/System/scripts/sys-sample.sh"
2026-10-01T11:20:17-10:00job:sys_stats_cycle | SYSTEM  cpu=17%  load=4.84  mem=71%  src=sqlite
2026-10-01T11:20:17-10:00job:sys_stats_cycle | OK wrote /home/rootrecord/RootRecord-Ecosystem/2 - RootRecord-Database/System/samples/sys-20261001-112016.json
2026-10-01T11:21:31-10:00job:github_sync_all | ↑ [ecosystem] committed 32 local file(s)
2026-10-01T11:21:31-10:00job:github_sync_all | ↓ [ecosystem] fetching origin/main
2026-10-01T11:21:31-10:00job:github_sync_all | From github.com:RootRecord-Software-Solutions/RootRecord-Ecosystem
2026-10-01T11:21:31-10:00job:github_sync_all | * branch              main       -> FETCH_HEAD
2026-10-01T11:21:31-10:00job:github_sync_all | ↑ [ecosystem] local is ahead of GitHub
2026-10-01T11:21:31-10:00job:github_sync_all | To github.com:RootRecord-Software-Solutions/RootRecord-Ecosystem.git
2026-10-01T11:21:31-10:00job:github_sync_all | c79cd688..ab4ccff0  HEAD -> main
2026-10-01T11:21:31-10:00job:github_sync_all | branch 'main' set up to track 'origin/main'.
2026-10-01T11:21:31-10:00job:github_sync_all | ↑ [ecosystem] 32 files → RootRecord-Software-Solutions/RootRecord-Ecosystem (main)
2026-10-01T11:21:31-10:00job:github_sync_all | ↑ [pacific] committed 8 local file(s)
2026-10-01T11:21:31-10:00job:github_sync_all | ↓ [pacific] fetching origin/main
2026-10-01T11:21:31-10:00job:github_sync_all | From github.com:RootRecord-Software-Solutions/RootRecord-Pacific-Solar-Server
2026-10-01T11:21:31-10:00job:github_sync_all | * branch            main       -> FETCH_HEAD
2026-10-01T11:21:31-10:00job:github_sync_all | ↑ [pacific] local is ahead of GitHub
2026-10-01T11:21:31-10:00job:github_sync_all | To github.com:RootRecord-Software-Solutions/RootRecord-Pacific-Solar-Server.git
2026-10-01T11:21:31-10:00job:github_sync_all | 0227ae0..8b7d723  HEAD -> main
2026-10-01T11:21:31-10:00job:github_sync_all | branch 'main' set up to track 'origin/main'.
2026-10-01T11:21:31-10:00job:github_sync_all | ↑ [pacific] 8 files → RootRecord-Software-Solutions/RootRecord-Pacific-Solar-Server (main)
2026-10-01T11:21:31-10:00job:github_sync_all | ↑ [database] committed 19 local file(s)
2026-10-01T11:21:31-10:00job:github_sync_all | ↓ [database] fetching origin/main
2026-10-01T11:21:31-10:00job:github_sync_all | From github.com:RootRecord-Software-Solutions/RootRecord-Database
2026-10-01T11:21:31-10:00job:github_sync_all | * branch              main       -> FETCH_HEAD
2026-10-01T11:21:31-10:00job:github_sync_all | ↑ [database] local is ahead of GitHub
2026-10-01T11:21:31-10:00job:github_sync_all | To github.com:RootRecord-Software-Solutions/RootRecord-Database.git
2026-10-01T11:21:31-10:00job:github_sync_all | fc2815cd..ddc5ef38  HEAD -> main
2026-10-01T11:21:31-10:00job:github_sync_all | branch 'main' set up to track 'origin/main'.
2026-10-01T11:21:31-10:00job:github_sync_all | ↑ [database] 19 files → RootRecord-Software-Solutions/RootRecord-Database (main)
2026-10-01T11:21:31-10:00job:github_sync_all | — [library] no local changes
2026-10-01T11:21:31-10:00job:github_sync_all | ↓ [library] fetching origin/main
2026-10-01T11:21:31-10:00job:github_sync_all | From github.com:RootRecord-Software-Solutions/RootRecord-Library
2026-10-01T11:21:31-10:00job:github_sync_all | * branch            main       -> FETCH_HEAD
2026-10-01T11:21:31-10:00job:github_sync_all | — [library] local and GitHub already match
2026-10-01T11:21:31-10:00job:github_sync_all | — [library] nothing to push
2026-10-01T11:21:31-10:00job:github_sync_all | ↑ [website] committed 4 local file(s)
2026-10-01T11:21:31-10:00job:github_sync_all | ↓ [website] fetching origin/main
2026-10-01T11:21:31-10:00job:github_sync_all | From github.com:RootRecord-Software-Solutions/RootRecord-Website
2026-10-01T11:21:31-10:00job:github_sync_all | * branch            main       -> FETCH_HEAD
2026-10-01T11:21:31-10:00job:github_sync_all | ↑ [website] local is ahead of GitHub
2026-10-01T11:21:31-10:00job:github_sync_all | To github.com:RootRecord-Software-Solutions/RootRecord-Website.git
2026-10-01T11:21:31-10:00job:github_sync_all | 6af6d4c..cde9af1  HEAD -> main
2026-10-01T11:21:31-10:00job:security_camera_frame_grab RUN  bash "/home/rootrecord/RootRecord-Ecosystem/1 - Servers/1 - RootRecord-Pacific-Solar-Server/Security/Cameras/grab_all.sh"
2026-10-01T11:21:50-10:00job:security_camera_frame_grab | 11:21:32  📷  a-eyes  ch1 → ch1-20261001T212132Z.jpg  (491.1 KB, 4.66s)
2026-10-01T11:21:50-10:00job:security_camera_frame_grab | 11:21:36  📷  a-eyes  ch2 → ch2-20261001T212136Z.jpg  (233.6 KB, 4.54s)
2026-10-01T11:21:50-10:00job:security_camera_frame_grab | 11:21:41  📷  a-eyes  ch3 → ch3-20261001T212141Z.jpg  (456.6 KB, 4.64s)
2026-10-01T11:21:50-10:00job:security_camera_frame_grab | 11:21:46  📷  a-eyes  ch4 → ch4-20261001T212146Z.jpg  (223.6 KB, 4.54s)
2026-10-01T11:21:50-10:00job:service_supervisor RUN  bash "/home/rootrecord/RootRecord-Ecosystem/1 - Servers/1 - RootRecord-Pacific-Solar-Server/Automations/scripts/supervise-services.sh"
2026-10-01T11:21:50-10:00job:service_supervisor | [supervisor] weather alive pid=1189476 (act)
2026-10-01T11:21:50-10:00job:service_supervisor | [supervisor] relay alive pid=1189207 (act)
2026-10-01T11:21:50-10:00job:geology_collect RUN  nice -n 10 python3 "/home/rootrecord/RootRecord-Ecosystem/1 - Servers/1 - RootRecord-Pacific-Solar-Server/Geology/scripts/geology_collect.py" all
2026-10-01T11:21:59-10:00job:geology_collect | {"ok": true, "at": "2026-10-01T11:21:51-10:00", "what": "all", "dry_run": false, "sources": {"hawaii": {"ok": true, "count": 56, "new": 0, "new_m2": 0, "ms": 479}, "global": {"ok": true, "count": 38, "new": 0, "ms": 382}, "hvo_notices": {"ok": true, "count": 45, "new": 0, "ms": 6290}, "hvo_status": {"ok": true, "volcanoes": 8, "kilauea": "WATCH", "mauna_loa": "NORMAL", "ms": 1596}}}
2026-10-01T11:21:59-10:00job:system_net_sample RUN  nice -n 10 python3 "/home/rootrecord/RootRecord-Ecosystem/1 - Servers/1 - RootRecord-Pacific-Solar-Server/System/scripts/host_desks.py" net-sample
2026-10-01T11:22:00-10:00job:system_net_sample | {"ok": true, "file": "/home/rootrecord/RootRecord-Ecosystem/2 - RootRecord-Database/System/network/Daily/net-20261001.jsonl", "iface": "wlo1", "hour": {"seconds": 3898, "rx": 546801199, "tx": 2264859246, "total": 2811660445, "iface": "wlo1", "link": "wireless"}, "day": {"seconds": 72106, "rx": 2126113368, "tx": 2305737352, "total": 4431850720, "iface": "wlo1", "link": "wireless"}}
2026-10-01T11:22:00-10:00job:discord_report_relay RUN  nice -n 10 python3 "/home/rootrecord/RootRecord-Ecosystem/1 - Servers/1 - RootRecord-Pacific-Solar-Server/Communications/Discord/scripts/report_relay.py"
2026-10-01T11:22:00-10:00job:discord_report_relay | same
2026-10-01T11:22:01-10:00ENERGY  status=live  B2=24.3%  B1=7.1%  solar=119 W  ac=0 W  usbc=0 W  src=/home/rootrecord/RootRecord-Ecosystem/2 - RootRecord-Database/Energy  LAP=36%/Discharging/batt
2026-10-01T11:22:17-10:00  ▸  SUMMARY=delta2 soc=25.69% solar=110W ac_out=0W usbc=0W src=ble db=ok
2026-10-01T11:22:17-10:00job:sys_stats_cycle RUN  bash "/home/rootrecord/RootRecord-Ecosystem/1 - Servers/1 - RootRecord-Pacific-Solar-Server/System/scripts/sys-sample.sh"
2026-10-01T11:22:18-10:00job:sys_stats_cycle | SYSTEM  cpu=20%  load=3.72  mem=71%  src=sqlite
2026-10-01T11:22:18-10:00job:sys_stats_cycle | OK wrote /home/rootrecord/RootRecord-Ecosystem/2 - RootRecord-Database/System/samples/sys-20261001-112217.json
2026-10-01T11:23:33-10:00job:github_sync_all | ↑ [ecosystem] committed 152 local file(s)
2026-10-01T11:23:33-10:00job:github_sync_all | ↓ [ecosystem] fetching origin/main
2026-10-01T11:23:33-10:00job:github_sync_all | From github.com:RootRecord-Software-Solutions/RootRecord-Ecosystem
2026-10-01T11:23:33-10:00job:github_sync_all | * branch              main       -> FETCH_HEAD
2026-10-01T11:23:33-10:00job:github_sync_all | ↑ [ecosystem] local is ahead of GitHub
2026-10-01T11:23:33-10:00job:github_sync_all | To github.com:RootRecord-Software-Solutions/RootRecord-Ecosystem.git
2026-10-01T11:23:33-10:00job:github_sync_all | ab4ccff0..2f65c094  HEAD -> main
2026-10-01T11:23:33-10:00job:github_sync_all | branch 'main' set up to track 'origin/main'.
2026-10-01T11:23:33-10:00job:github_sync_all | ↑ [ecosystem] 152 files → RootRecord-Software-Solutions/RootRecord-Ecosystem (main)
2026-10-01T11:23:33-10:00job:github_sync_all | ↑ [pacific] committed 4 local file(s)
2026-10-01T11:23:33-10:00job:github_sync_all | ↓ [pacific] fetching origin/main
2026-10-01T11:23:33-10:00job:github_sync_all | From github.com:RootRecord-Software-Solutions/RootRecord-Pacific-Solar-Server
2026-10-01T11:23:33-10:00job:github_sync_all | * branch            main       -> FETCH_HEAD
2026-10-01T11:23:33-10:00job:github_sync_all | ↑ [pacific] local is ahead of GitHub
2026-10-01T11:23:33-10:00job:github_sync_all | To github.com:RootRecord-Software-Solutions/RootRecord-Pacific-Solar-Server.git
2026-10-01T11:23:33-10:00job:github_sync_all | 8b7d723..70cddf2  HEAD -> main
2026-10-01T11:23:33-10:00job:github_sync_all | branch 'main' set up to track 'origin/main'.
2026-10-01T11:23:33-10:00job:github_sync_all | ↑ [pacific] 4 files → RootRecord-Software-Solutions/RootRecord-Pacific-Solar-Server (main)
2026-10-01T11:23:33-10:00job:github_sync_all | ↑ [database] committed 19 local file(s)
2026-10-01T11:23:33-10:00job:github_sync_all | ↓ [database] fetching origin/main
2026-10-01T11:23:33-10:00job:github_sync_all | From github.com:RootRecord-Software-Solutions/RootRecord-Database
2026-10-01T11:23:33-10:00job:github_sync_all | * branch              main       -> FETCH_HEAD
2026-10-01T11:23:33-10:00job:github_sync_all | ↑ [database] local is ahead of GitHub
2026-10-01T11:23:33-10:00job:github_sync_all | To github.com:RootRecord-Software-Solutions/RootRecord-Database.git
2026-10-01T11:23:33-10:00job:github_sync_all | ddc5ef38..dec90823  HEAD -> main
2026-10-01T11:23:33-10:00job:github_sync_all | branch 'main' set up to track 'origin/main'.
2026-10-01T11:23:33-10:00job:github_sync_all | ↑ [database] 19 files → RootRecord-Software-Solutions/RootRecord-Database (main)
2026-10-01T11:23:33-10:00job:github_sync_all | — [library] no local changes
2026-10-01T11:23:33-10:00job:github_sync_all | ↓ [library] fetching origin/main
2026-10-01T11:23:33-10:00job:github_sync_all | From github.com:RootRecord-Software-Solutions/RootRecord-Library
2026-10-01T11:23:33-10:00job:github_sync_all | * branch            main       -> FETCH_HEAD
2026-10-01T11:23:33-10:00job:github_sync_all | — [library] local and GitHub already match
2026-10-01T11:23:33-10:00job:github_sync_all | — [library] nothing to push
2026-10-01T11:23:33-10:00job:github_sync_all | ↑ [website] committed 4 local file(s)
2026-10-01T11:23:33-10:00job:github_sync_all | ↓ [website] fetching origin/main
2026-10-01T11:23:33-10:00job:github_sync_all | From github.com:RootRecord-Software-Solutions/RootRecord-Website
2026-10-01T11:23:33-10:00job:github_sync_all | * branch            main       -> FETCH_HEAD
2026-10-01T11:23:33-10:00job:github_sync_all | ↑ [website] local is ahead of GitHub
2026-10-01T11:23:33-10:00job:github_sync_all | To github.com:RootRecord-Software-Solutions/RootRecord-Website.git
2026-10-01T11:23:33-10:00job:github_sync_all | cde9af1..1c60581  HEAD -> main
2026-10-01T11:23:33-10:00job:worklog_scan RUN  bash "/home/rootrecord/RootRecord-Ecosystem/1 - Servers/1 - RootRecord-Pacific-Solar-Server/Reports/scripts/worklog_once.sh"
2026-10-01T11:26:33-10:00job:worklog_scan TIMEOUT after 180s
2026-10-01T11:26:33-10:00job:security_camera_frame_grab RUN  bash "/home/rootrecord/RootRecord-Ecosystem/1 - Servers/1 - RootRecord-Pacific-Solar-Server/Security/Cameras/grab_all.sh"
2026-10-01T11:26:52-10:00job:security_camera_frame_grab | 11:26:34  📷  a-eyes  ch1 → ch1-20261001T212634Z.jpg  (477.4 KB, 4.44s)
2026-10-01T11:26:52-10:00job:security_camera_frame_grab | 11:26:38  📷  a-eyes  ch2 → ch2-20261001T212638Z.jpg  (266.4 KB, 4.59s)
2026-10-01T11:26:52-10:00job:security_camera_frame_grab | 11:26:43  📷  a-eyes  ch3 → ch3-20261001T212643Z.jpg  (440.1 KB, 4.54s)
2026-10-01T11:26:52-10:00job:security_camera_frame_grab | 11:26:47  📷  a-eyes  ch4 → ch4-20261001T212647Z.jpg  (240.8 KB, 4.53s)
2026-10-01T11:26:52-10:00job:status_snapshot RUN  nice -n 10 python3 "/home/rootrecord/RootRecord-Ecosystem/1 - Servers/1 - RootRecord-Pacific-Solar-Server/Website/scripts/live_data_pages.py"
2026-10-01T11:26:52-10:00job:status_snapshot | live-data 6 pages
2026-10-01T11:26:53-10:00ENERGY  status=live  B2=25.7%  B1=7.1%  solar=110 W  ac=0 W  usbc=0 W  src=/home/rootrecord/RootRecord-Ecosystem/2 - RootRecord-Database/Energy  LAP=32%/Discharging/batt
2026-10-01T11:27:11-10:00  ▸  SUMMARY=delta2 soc=26.49% solar=104W ac_out=0W usbc=0W src=ble db=ok
2026-10-01T11:27:11-10:00job:sys_stats_cycle RUN  bash "/home/rootrecord/RootRecord-Ecosystem/1 - Servers/1 - RootRecord-Pacific-Solar-Server/System/scripts/sys-sample.sh"
2026-10-01T11:27:13-10:00job:sys_stats_cycle | SYSTEM  cpu=34%  load=4.02  mem=84%  src=sqlite
2026-10-01T11:27:13-10:00job:sys_stats_cycle | OK wrote /home/rootrecord/RootRecord-Ecosystem/2 - RootRecord-Database/System/samples/sys-20261001-112712.json
2026-10-01T11:28:17-10:00job:github_sync_all | ↑ [ecosystem] committed 19 local file(s)
2026-10-01T11:28:17-10:00job:github_sync_all | ↓ [ecosystem] fetching origin/main
2026-10-01T11:28:17-10:00job:github_sync_all | From github.com:RootRecord-Software-Solutions/RootRecord-Ecosystem
2026-10-01T11:28:17-10:00job:github_sync_all | * branch              main       -> FETCH_HEAD
2026-10-01T11:28:17-10:00job:github_sync_all | ↑ [ecosystem] local is ahead of GitHub
2026-10-01T11:28:17-10:00job:github_sync_all | To github.com:RootRecord-Software-Solutions/RootRecord-Ecosystem.git
2026-10-01T11:28:17-10:00job:github_sync_all | 2f65c094..df528616  HEAD -> main
2026-10-01T11:28:17-10:00job:github_sync_all | branch 'main' set up to track 'origin/main'.
2026-10-01T11:28:17-10:00job:github_sync_all | ↑ [ecosystem] 19 files → RootRecord-Software-Solutions/RootRecord-Ecosystem (main)
2026-10-01T11:28:17-10:00job:github_sync_all | ↑ [pacific] committed 9 local file(s)
2026-10-01T11:28:17-10:00job:github_sync_all | ↓ [pacific] fetching origin/main
2026-10-01T11:28:17-10:00job:github_sync_all | From github.com:RootRecord-Software-Solutions/RootRecord-Pacific-Solar-Server
2026-10-01T11:28:17-10:00job:github_sync_all | * branch            main       -> FETCH_HEAD
2026-10-01T11:28:17-10:00job:github_sync_all | ↑ [pacific] local is ahead of GitHub
2026-10-01T11:28:17-10:00job:github_sync_all | To github.com:RootRecord-Software-Solutions/RootRecord-Pacific-Solar-Server.git
2026-10-01T11:28:17-10:00job:github_sync_all | 70cddf2..b5647bf  HEAD -> main
2026-10-01T11:28:17-10:00job:github_sync_all | branch 'main' set up to track 'origin/main'.
2026-10-01T11:28:17-10:00job:github_sync_all | ↑ [pacific] 9 files → RootRecord-Software-Solutions/RootRecord-Pacific-Solar-Server (main)
2026-10-01T11:28:17-10:00job:github_sync_all | ↑ [database] committed 22 local file(s)
2026-10-01T11:28:17-10:00job:github_sync_all | ↓ [database] fetching origin/main
2026-10-01T11:28:17-10:00job:github_sync_all | From github.com:RootRecord-Software-Solutions/RootRecord-Database
2026-10-01T11:28:17-10:00job:github_sync_all | * branch              main       -> FETCH_HEAD
2026-10-01T11:28:17-10:00job:github_sync_all | ↑ [database] local is ahead of GitHub
2026-10-01T11:28:17-10:00job:github_sync_all | To github.com:RootRecord-Software-Solutions/RootRecord-Database.git
2026-10-01T11:28:17-10:00job:github_sync_all | dec90823..fd84bc49  HEAD -> main
2026-10-01T11:28:17-10:00job:github_sync_all | branch 'main' set up to track 'origin/main'.
2026-10-01T11:28:17-10:00job:github_sync_all | ↑ [database] 22 files → RootRecord-Software-Solutions/RootRecord-Database (main)
2026-10-01T11:28:17-10:00job:github_sync_all | — [library] no local changes
2026-10-01T11:28:17-10:00job:github_sync_all | ↓ [library] fetching origin/main
2026-10-01T11:28:17-10:00job:github_sync_all | From github.com:RootRecord-Software-Solutions/RootRecord-Library
2026-10-01T11:28:17-10:00job:github_sync_all | * branch            main       -> FETCH_HEAD
2026-10-01T11:28:17-10:00job:github_sync_all | — [library] local and GitHub already match
2026-10-01T11:28:17-10:00job:github_sync_all | — [library] nothing to push
2026-10-01T11:28:17-10:00job:github_sync_all | ↑ [website] committed 2 local file(s)
2026-10-01T11:28:17-10:00job:github_sync_all | ↓ [website] fetching origin/main
2026-10-01T11:28:17-10:00job:github_sync_all | From github.com:RootRecord-Software-Solutions/RootRecord-Website
2026-10-01T11:28:17-10:00job:github_sync_all | * branch            main       -> FETCH_HEAD
2026-10-01T11:28:17-10:00job:github_sync_all | ↑ [website] local is ahead of GitHub
2026-10-01T11:28:17-10:00job:github_sync_all | To github.com:RootRecord-Software-Solutions/RootRecord-Website.git
2026-10-01T11:28:17-10:00job:github_sync_all | 1c60581..bdedd0e  HEAD -> main
2026-10-01T11:28:17-10:00job:service_supervisor RUN  bash "/home/rootrecord/RootRecord-Ecosystem/1 - Servers/1 - RootRecord-Pacific-Solar-Server/Automations/scripts/supervise-services.sh"
2026-10-01T11:28:18-10:00job:service_supervisor | [supervisor] weather alive pid=1189476 (act)
2026-10-01T11:28:18-10:00job:service_supervisor | [supervisor] relay alive pid=1189207 (act)
2026-10-01T11:28:18-10:00ENERGY  status=live  B2=26.5%  B1=7.1%  solar=104 W  ac=0 W  usbc=0 W  src=/home/rootrecord/RootRecord-Ecosystem/2 - RootRecord-Database/Energy  LAP=31%/Discharging/batt
2026-10-01T11:28:36-10:00  ▸  SUMMARY=river2pro soc=6.39% solar=0W ac_out=64W usbc=0W src=ble db=ok
2026-10-01T11:28:36-10:00job:sys_stats_cycle RUN  bash "/home/rootrecord/RootRecord-Ecosystem/1 - Servers/1 - RootRecord-Pacific-Solar-Server/System/scripts/sys-sample.sh"
2026-10-01T11:28:37-10:00job:sys_stats_cycle | SYSTEM  cpu=16%  load=3.83  mem=80%  src=sqlite
2026-10-01T11:28:37-10:00job:sys_stats_cycle | OK wrote /home/rootrecord/RootRecord-Ecosystem/2 - RootRecord-Database/System/samples/sys-20261001-112836.json
2026-10-01T11:28:37-10:00job:worklog_scan RUN  bash "/home/rootrecord/RootRecord-Ecosystem/1 - Servers/1 - RootRecord-Pacific-Solar-Server/Reports/scripts/worklog_once.sh"
2026-10-01T11:31:37-10:00job:worklog_scan TIMEOUT after 180s
2026-10-01T11:31:37-10:00job:security_camera_frame_grab RUN  bash "/home/rootrecord/RootRecord-Ecosystem/1 - Servers/1 - RootRecord-Pacific-Solar-Server/Security/Cameras/grab_all.sh"
2026-10-01T11:31:56-10:00job:security_camera_frame_grab | 11:31:38  📷  a-eyes  ch1 → ch1-20261001T213138Z.jpg  (463.0 KB, 4.53s)
2026-10-01T11:31:56-10:00job:security_camera_frame_grab | 11:31:42  📷  a-eyes  ch2 → ch2-20261001T213142Z.jpg  (299.5 KB, 4.74s)
2026-10-01T11:31:56-10:00job:security_camera_frame_grab | 11:31:47  📷  a-eyes  ch3 → ch3-20261001T213147Z.jpg  (414.3 KB, 4.65s)
2026-10-01T11:31:56-10:00job:security_camera_frame_grab | 11:31:52  📷  a-eyes  ch4 → ch4-20261001T213152Z.jpg  (228.2 KB, 4.71s)
2026-10-01T11:31:57-10:00job:geology_collect RUN  nice -n 10 python3 "/home/rootrecord/RootRecord-Ecosystem/1 - Servers/1 - RootRecord-Pacific-Solar-Server/Geology/scripts/geology_collect.py" all
2026-10-01T11:32:06-10:00job:geology_collect | {"ok": true, "at": "2026-10-01T11:31:57-10:00", "what": "all", "dry_run": false, "sources": {"hawaii": {"ok": true, "count": 57, "new": 1, "new_m2": 0, "ms": 1058}, "global": {"ok": true, "count": 38, "new": 0, "ms": 310}, "hvo_notices": {"ok": true, "count": 46, "new": 1, "ms": 2975}, "hvo_status": {"ok": true, "volcanoes": 8, "kilauea": "WATCH", "mauna_loa": "NORMAL", "ms": 4771}}}
2026-10-01T11:32:06-10:00job:status_snapshot RUN  nice -n 10 python3 "/home/rootrecord/RootRecord-Ecosystem/1 - Servers/1 - RootRecord-Pacific-Solar-Server/Website/scripts/live_data_pages.py"
2026-10-01T11:32:06-10:00job:status_snapshot | live-data 6 pages
2026-10-01T11:32:06-10:00job:system_net_sample RUN  nice -n 10 python3 "/home/rootrecord/RootRecord-Ecosystem/1 - Servers/1 - RootRecord-Pacific-Solar-Server/System/scripts/host_desks.py" net-sample
2026-10-01T11:32:06-10:00job:system_net_sample | {"ok": true, "file": "/home/rootrecord/RootRecord-Ecosystem/2 - RootRecord-Database/System/network/Daily/net-20261001.jsonl", "iface": "wlo1", "hour": {"seconds": 3832, "rx": 570744797, "tx": 2424495425, "total": 2995240222, "iface": "wlo1", "link": "wireless"}, "day": {"seconds": 72713, "rx": 2248365535, "tx": 2601739172, "total": 4850104707, "iface": "wlo1", "link": "wireless"}}
2026-10-01T11:32:06-10:00job:discord_report_relay RUN  nice -n 10 python3 "/home/rootrecord/RootRecord-Ecosystem/1 - Servers/1 - RootRecord-Pacific-Solar-Server/Communications/Discord/scripts/report_relay.py"
2026-10-01T11:32:16-10:00job:discord_report_relay | posted energy_report
2026-10-01T11:32:16-10:00job:discord_report_relay | posted morning_report
2026-10-01T11:32:16-10:00job:discord_report_relay | posted midday_report
2026-10-01T11:32:16-10:00job:discord_report_relay | posted earthquake_report
2026-10-01T11:32:16-10:00job:discord_report_relay | posted hurricane_desk
2026-10-01T11:32:16-10:00job:discord_report_relay | posted kilauea_report
2026-10-01T11:32:16-10:00job:discord_report_relay | posted solar_desk
2026-10-01T11:32:16-10:00job:discord_report_relay | posted security_desk
2026-10-01T11:32:16-10:00job:discord_report_relay | posted bandwidth_desk
2026-10-01T11:32:16-10:00job:voice_nws_weather RUN  nice -n 10 python3 "/home/rootrecord/RootRecord-Ecosystem/1 - Servers/1 - RootRecord-Pacific-Solar-Server/Media/Voice/scripts/voice_reports.py" nws_weather
2026-10-01T11:33:48-10:00job:voice_nws_weather | {"ok": true, "report": "nws_weather", "md": "/home/rootrecord/RootRecord-Ecosystem/test-reports/Voice/nws_weather_current.md", "sentences": 7, "voice": {"ok": true, "mode": "stitch", "report": "nws_weather", "agent": "ava", "voice": "af_heart", "speed": 1.0, "wav": "/home/rootrecord/RootRecord-Ecosystem/2 - RootRecord-Database/Media/Audio/Voice/nws_weather_current.wav", "clips_used": 0, "live_sentences": 17, "model_loaded": true, "render_s": 76.23, "sample_rate": 24000, "channels": 1, "subtype": "PCM_16", "duration_s": 52.44, "peak_dbfs": -1.5, "rms_dbfs": -20.19, "lead_silence_ms": 113, "qc": "PASS", "wall_s": 76.44, "peak_rss_mb": 1846, "rc": 0}, "deliver": {"ok": true, "sent": true, "persona": "ava", "chat": "-1004367256267", "message_id": 2198, "transcript": false, "report": true, "photo": false, "plan": {"voice": true, "transcript": false, "report": true}}, "radio": {"ok": true, "report": "nws_weather", "file": "nws_weather_current.ogg", "bytes": 386810}}
2026-10-01T11:33:48-10:00job:voice_energy_report RUN  nice -n 10 python3 "/home/rootrecord/RootRecord-Ecosystem/1 - Servers/1 - RootRecord-Pacific-Solar-Server/Media/Voice/scripts/voice_reports.py" energy_report
2026-10-01T11:36:16-10:00job:voice_energy_report | {"ok": true, "report": "energy_report", "md": "/home/rootrecord/RootRecord-Ecosystem/test-reports/Voice/energy_report_current.md", "sentences": 6, "voice": {"ok": true, "mode": "stitch", "report": "energy_report", "agent": "carly", "voice": "af_nova", "speed": 1.0, "wav": "/home/rootrecord/RootRecord-Ecosystem/2 - RootRecord-Database/Media/Audio/Voice/energy_report_current.wav", "clips_used": 0, "live_sentences": 5, "model_loaded": true, "render_s": 21.66, "sample_rate": 24000, "channels": 1, "subtype": "PCM_16", "duration_s": 23.96, "peak_dbfs": -2.03, "rms_dbfs": -20.24, "lead_silence_ms": 111, "qc": "PASS", "wall_s": 21.87, "peak_rss_mb": 1507, "rc": 0}, "deliver": {"ok": true, "skipped": true, "detail": "blended into the hourly solar desk; the radio file is refreshed"}, "radio": {"ok": true, "report": "energy_report", "file": "energy_report_current.ogg", "bytes": 173588}}
2026-10-01T11:36:16-10:00job:voice_current_report RUN  nice -n 10 python3 "/home/rootrecord/RootRecord-Ecosystem/1 - Servers/1 - RootRecord-Pacific-Solar-Server/Media/Voice/scripts/voice_reports.py" current_report
2026-10-01T11:37:28-10:00job:voice_current_report | {"ok": true, "report": "current_report", "md": "/home/rootrecord/RootRecord-Ecosystem/2 - RootRecord-Database/Reports/current_report_current.md", "sentences": 21, "voice": {"ok": true, "mode": "stitch", "report": "current_report", "agent": "ava", "voice": "af_heart", "speed": 1.0, "wav": "/home/rootrecord/RootRecord-Ecosystem/2 - RootRecord-Database/Media/Audio/Voice/current_report_current.wav", "clips_used": 0, "live_sentences": 28, "model_loaded": true, "render_s": 53.69, "sample_rate": 24000, "channels": 1, "subtype": "PCM_16", "duration_s": 103.883, "peak_dbfs": -1.5, "rms_dbfs": -20.34, "lead_silence_ms": 114, "qc": "PASS", "wall_s": 53.85, "peak_rss_mb": 1957, "rc": 0}, "deliver": {"ok": true, "sent": true, "persona": "ava", "chat": "-1004367256267", "message_id": 2200, "transcript": false, "report": true, "photo": false, "plan": {"voice": true, "transcript": false, "report": true}}, "radio": {"ok": true, "report": "current_report", "file": "current_report_current.ogg", "bytes": 762640}}
2026-10-01T11:37:28-10:00ENERGY  status=live  B2=26.5%  B1=6.4%  solar=104 W  ac=0 W  usbc=0 W  src=/home/rootrecord/RootRecord-Ecosystem/2 - RootRecord-Database/Energy  LAP=21%/Discharging/batt
2026-10-01T11:37:46-10:00  ▸  SUMMARY=river2pro soc=5.9% solar=0W ac_out=81W usbc=0W src=ble db=ok
2026-10-01T11:37:46-10:00job:sys_stats_cycle RUN  bash "/home/rootrecord/RootRecord-Ecosystem/1 - Servers/1 - RootRecord-Pacific-Solar-Server/System/scripts/sys-sample.sh"
2026-10-01T11:37:48-10:00job:sys_stats_cycle | SYSTEM  cpu=35%  load=6.98  mem=51%  src=sqlite
2026-10-01T11:37:48-10:00job:sys_stats_cycle | OK wrote /home/rootrecord/RootRecord-Ecosystem/2 - RootRecord-Database/System/samples/sys-20261001-113746.json
2026-10-01T11:39:04-10:00job:github_sync_all | ↑ [ecosystem] committed 106 local file(s)
2026-10-01T11:39:04-10:00job:github_sync_all | ↓ [ecosystem] fetching origin/main
2026-10-01T11:39:04-10:00job:github_sync_all | From github.com:RootRecord-Software-Solutions/RootRecord-Ecosystem
2026-10-01T11:39:04-10:00job:github_sync_all | * branch              main       -> FETCH_HEAD
2026-10-01T11:39:04-10:00job:github_sync_all | ↑ [ecosystem] local is ahead of GitHub
2026-10-01T11:39:04-10:00job:github_sync_all | To github.com:RootRecord-Software-Solutions/RootRecord-Ecosystem.git
2026-10-01T11:39:04-10:00job:github_sync_all | df528616..0d0b7a17  HEAD -> main
2026-10-01T11:39:04-10:00job:github_sync_all | branch 'main' set up to track 'origin/main'.
2026-10-01T11:39:04-10:00job:github_sync_all | ↑ [ecosystem] 106 files → RootRecord-Software-Solutions/RootRecord-Ecosystem (main)
2026-10-01T11:39:04-10:00job:github_sync_all | ↑ [pacific] committed 13 local file(s)
2026-10-01T11:39:04-10:00job:github_sync_all | ↓ [pacific] fetching origin/main
2026-10-01T11:39:04-10:00job:github_sync_all | From github.com:RootRecord-Software-Solutions/RootRecord-Pacific-Solar-Server
2026-10-01T11:39:04-10:00job:github_sync_all | * branch            main       -> FETCH_HEAD
2026-10-01T11:39:04-10:00job:github_sync_all | ↑ [pacific] local is ahead of GitHub
2026-10-01T11:39:04-10:00job:github_sync_all | To github.com:RootRecord-Software-Solutions/RootRecord-Pacific-Solar-Server.git
2026-10-01T11:39:04-10:00job:github_sync_all | b5647bf..dfbc336  HEAD -> main
2026-10-01T11:39:04-10:00job:github_sync_all | branch 'main' set up to track 'origin/main'.
2026-10-01T11:39:04-10:00job:github_sync_all | ↑ [pacific] 13 files → RootRecord-Software-Solutions/RootRecord-Pacific-Solar-Server (main)
2026-10-01T11:39:04-10:00job:github_sync_all | ↑ [database] committed 38 local file(s)
2026-10-01T11:39:04-10:00job:github_sync_all | ↓ [database] fetching origin/main
2026-10-01T11:39:04-10:00job:github_sync_all | From github.com:RootRecord-Software-Solutions/RootRecord-Database
2026-10-01T11:39:04-10:00job:github_sync_all | * branch              main       -> FETCH_HEAD
2026-10-01T11:39:04-10:00job:github_sync_all | ↑ [database] local is ahead of GitHub
2026-10-01T11:39:04-10:00job:github_sync_all | To github.com:RootRecord-Software-Solutions/RootRecord-Database.git
2026-10-01T11:39:04-10:00job:github_sync_all | fd84bc49..b066175d  HEAD -> main
2026-10-01T11:39:04-10:00job:github_sync_all | branch 'main' set up to track 'origin/main'.
2026-10-01T11:39:04-10:00job:github_sync_all | ↑ [database] 38 files → RootRecord-Software-Solutions/RootRecord-Database (main)
2026-10-01T11:39:04-10:00job:github_sync_all | — [library] no local changes
2026-10-01T11:39:04-10:00job:github_sync_all | ↓ [library] fetching origin/main
2026-10-01T11:39:04-10:00job:github_sync_all | From github.com:RootRecord-Software-Solutions/RootRecord-Library
2026-10-01T11:39:04-10:00job:github_sync_all | * branch            main       -> FETCH_HEAD
2026-10-01T11:39:04-10:00job:github_sync_all | — [library] local and GitHub already match
2026-10-01T11:39:04-10:00job:github_sync_all | — [library] nothing to push
2026-10-01T11:39:04-10:00job:github_sync_all | ↑ [website] committed 11 local file(s)
2026-10-01T11:39:04-10:00job:github_sync_all | ↓ [website] fetching origin/main
2026-10-01T11:39:04-10:00job:github_sync_all | From github.com:RootRecord-Software-Solutions/RootRecord-Website
2026-10-01T11:39:04-10:00job:github_sync_all | * branch            main       -> FETCH_HEAD
2026-10-01T11:39:04-10:00job:github_sync_all | ↑ [website] local is ahead of GitHub
2026-10-01T11:39:04-10:00job:github_sync_all | To github.com:RootRecord-Software-Solutions/RootRecord-Website.git
2026-10-01T11:39:04-10:00job:github_sync_all | bdedd0e..1ed6526  HEAD -> main
2026-10-01T11:39:04-10:00job:worklog_scan RUN  bash "/home/rootrecord/RootRecord-Ecosystem/1 - Servers/1 - RootRecord-Pacific-Solar-Server/Reports/scripts/worklog_once.sh"
2026-10-01T11:42:04-10:00job:worklog_scan TIMEOUT after 180s
2026-10-01T11:42:04-10:00job:security_camera_frame_grab RUN  bash "/home/rootrecord/RootRecord-Ecosystem/1 - Servers/1 - RootRecord-Pacific-Solar-Server/Security/Cameras/grab_all.sh"
2026-10-01T11:42:22-10:00job:security_camera_frame_grab | 11:42:04  📷  a-eyes  ch1 → ch1-20261001T214204Z.jpg  (520.2 KB, 4.42s)
2026-10-01T11:42:22-10:00job:security_camera_frame_grab | 11:42:09  📷  a-eyes  ch2 → ch2-20261001T214209Z.jpg  (237.2 KB, 4.47s)
2026-10-01T11:42:22-10:00job:security_camera_frame_grab | 11:42:13  📷  a-eyes  ch3 → ch3-20261001T214213Z.jpg  (404.0 KB, 4.38s)
2026-10-01T11:42:22-10:00job:security_camera_frame_grab | 11:42:17  📷  a-eyes  ch4 → ch4-20261001T214217Z.jpg  (185.2 KB, 4.14s)
2026-10-01T11:42:22-10:00job:service_supervisor RUN  bash "/home/rootrecord/RootRecord-Ecosystem/1 - Servers/1 - RootRecord-Pacific-Solar-Server/Automations/scripts/supervise-services.sh"
2026-10-01T11:42:22-10:00job:service_supervisor | [supervisor] weather alive pid=1189476 (act)
2026-10-01T11:42:22-10:00job:service_supervisor | [supervisor] relay alive pid=1189207 (act)
2026-10-01T11:42:22-10:00job:geology_collect RUN  nice -n 10 python3 "/home/rootrecord/RootRecord-Ecosystem/1 - Servers/1 - RootRecord-Pacific-Solar-Server/Geology/scripts/geology_collect.py" all
2026-10-01T11:42:35-10:00job:geology_collect | {"ok": true, "at": "2026-10-01T11:42:22-10:00", "what": "all", "dry_run": false, "sources": {"hawaii": {"ok": true, "count": 57, "new": 0, "new_m2": 0, "ms": 450}, "global": {"ok": true, "count": 38, "new": 0, "ms": 296}, "hvo_notices": {"ok": true, "count": 46, "new": 0, "ms": 11458}, "hvo_status": {"ok": true, "volcanoes": 8, "kilauea": "WATCH", "mauna_loa": "NORMAL", "ms": 614}}}
2026-10-01T11:42:35-10:00job:status_snapshot RUN  nice -n 10 python3 "/home/rootrecord/RootRecord-Ecosystem/1 - Servers/1 - RootRecord-Pacific-Solar-Server/Website/scripts/live_data_pages.py"
2026-10-01T11:42:35-10:00job:status_snapshot | live-data 6 pages
2026-10-01T11:42:35-10:00job:system_net_sample RUN  nice -n 10 python3 "/home/rootrecord/RootRecord-Ecosystem/1 - Servers/1 - RootRecord-Pacific-Solar-Server/System/scripts/host_desks.py" net-sample
2026-10-01T11:42:35-10:00job:system_net_sample | {"ok": true, "file": "/home/rootrecord/RootRecord-Ecosystem/2 - RootRecord-Database/System/network/Daily/net-20261001.jsonl", "iface": "wlo1", "hour": {"seconds": 4460, "rx": 632736492, "tx": 2504070443, "total": 3136806935, "iface": "wlo1", "link": "wireless"}, "day": {"seconds": 73341, "rx": 2310357230, "tx": 2681314190, "total": 4991671420, "iface": "wlo1", "link": "wireless"}}
2026-10-01T11:42:35-10:00job:discord_report_relay RUN  nice -n 10 python3 "/home/rootrecord/RootRecord-Ecosystem/1 - Servers/1 - RootRecord-Pacific-Solar-Server/Communications/Discord/scripts/report_relay.py"
2026-10-01T11:42:38-10:00job:discord_report_relay | posted energy_report
2026-10-01T11:42:38-10:00job:discord_report_relay | posted late_report
2026-10-01T11:42:38-10:00job:discord_report_relay | posted boot_brief
2026-10-01T11:42:39-10:00ENERGY  status=live  B2=26.5%  B1=5.9%  solar=104 W  ac=0 W  usbc=0 W  src=/home/rootrecord/RootRecord-Ecosystem/2 - RootRecord-Database/Energy  LAP=24%/Charging/AC
2026-10-01T11:42:55-10:00  ▸  SUMMARY=river2pro soc=5.99% solar=0W ac_out=77W usbc=0W src=ble db=ok
2026-10-01T11:42:55-10:00job:sys_stats_cycle RUN  bash "/home/rootrecord/RootRecord-Ecosystem/1 - Servers/1 - RootRecord-Pacific-Solar-Server/System/scripts/sys-sample.sh"
2026-10-01T11:42:57-10:00job:sys_stats_cycle | SYSTEM  cpu=6%  load=1.93  mem=50%  src=sqlite
2026-10-01T11:42:57-10:00job:sys_stats_cycle | OK wrote /home/rootrecord/RootRecord-Ecosystem/2 - RootRecord-Database/System/samples/sys-20261001-114255.json
2026-10-01T11:44:10-10:00job:github_sync_all | ↑ [ecosystem] committed 20 local file(s)
2026-10-01T11:44:10-10:00job:github_sync_all | ↓ [ecosystem] fetching origin/main
2026-10-01T11:44:10-10:00job:github_sync_all | From github.com:RootRecord-Software-Solutions/RootRecord-Ecosystem
2026-10-01T11:44:10-10:00job:github_sync_all | * branch              main       -> FETCH_HEAD
2026-10-01T11:44:10-10:00job:github_sync_all | ↑ [ecosystem] local is ahead of GitHub
2026-10-01T11:44:10-10:00job:github_sync_all | To github.com:RootRecord-Software-Solutions/RootRecord-Ecosystem.git
2026-10-01T11:44:10-10:00job:github_sync_all | 0d0b7a17..a466026d  HEAD -> main
2026-10-01T11:44:10-10:00job:github_sync_all | branch 'main' set up to track 'origin/main'.
2026-10-01T11:44:10-10:00job:github_sync_all | ↑ [ecosystem] 20 files → RootRecord-Software-Solutions/RootRecord-Ecosystem (main)
2026-10-01T11:44:10-10:00job:github_sync_all | ↑ [pacific] committed 8 local file(s)
2026-10-01T11:44:10-10:00job:github_sync_all | ↓ [pacific] fetching origin/main
2026-10-01T11:44:10-10:00job:github_sync_all | From github.com:RootRecord-Software-Solutions/RootRecord-Pacific-Solar-Server
2026-10-01T11:44:10-10:00job:github_sync_all | * branch            main       -> FETCH_HEAD
2026-10-01T11:44:10-10:00job:github_sync_all | ↑ [pacific] local is ahead of GitHub
2026-10-01T11:44:10-10:00job:github_sync_all | To github.com:RootRecord-Software-Solutions/RootRecord-Pacific-Solar-Server.git
2026-10-01T11:44:10-10:00job:github_sync_all | dfbc336..5461429  HEAD -> main
2026-10-01T11:44:10-10:00job:github_sync_all | branch 'main' set up to track 'origin/main'.
2026-10-01T11:44:10-10:00job:github_sync_all | ↑ [pacific] 8 files → RootRecord-Software-Solutions/RootRecord-Pacific-Solar-Server (main)
2026-10-01T11:44:10-10:00job:github_sync_all | ↑ [database] committed 25 local file(s)
2026-10-01T11:44:10-10:00job:github_sync_all | ↓ [database] fetching origin/main
2026-10-01T11:44:10-10:00job:github_sync_all | From github.com:RootRecord-Software-Solutions/RootRecord-Database
2026-10-01T11:44:10-10:00job:github_sync_all | * branch              main       -> FETCH_HEAD
2026-10-01T11:44:10-10:00job:github_sync_all | ↑ [database] local is ahead of GitHub
2026-10-01T11:44:10-10:00job:github_sync_all | To github.com:RootRecord-Software-Solutions/RootRecord-Database.git
2026-10-01T11:44:10-10:00job:github_sync_all | b066175d..7b0f9331  HEAD -> main
2026-10-01T11:44:10-10:00job:github_sync_all | branch 'main' set up to track 'origin/main'.
2026-10-01T11:44:10-10:00job:github_sync_all | ↑ [database] 25 files → RootRecord-Software-Solutions/RootRecord-Database (main)
2026-10-01T11:44:10-10:00job:github_sync_all | — [library] no local changes
2026-10-01T11:44:10-10:00job:github_sync_all | ↓ [library] fetching origin/main
2026-10-01T11:44:10-10:00job:github_sync_all | From github.com:RootRecord-Software-Solutions/RootRecord-Library
2026-10-01T11:44:10-10:00job:github_sync_all | * branch            main       -> FETCH_HEAD
2026-10-01T11:44:10-10:00job:github_sync_all | — [library] local and GitHub already match
2026-10-01T11:44:10-10:00job:github_sync_all | — [library] nothing to push
2026-10-01T11:44:10-10:00job:github_sync_all | ↑ [website] committed 7 local file(s)
2026-10-01T11:44:10-10:00job:github_sync_all | ↓ [website] fetching origin/main
2026-10-01T11:44:10-10:00job:github_sync_all | From github.com:RootRecord-Software-Solutions/RootRecord-Website
2026-10-01T11:44:10-10:00job:github_sync_all | * branch            main       -> FETCH_HEAD
2026-10-01T11:44:10-10:00job:github_sync_all | ↑ [website] local is ahead of GitHub
2026-10-01T11:44:10-10:00job:github_sync_all | To github.com:RootRecord-Software-Solutions/RootRecord-Website.git
2026-10-01T11:44:10-10:00job:github_sync_all | 1ed6526..0ea82e0  HEAD -> main
2026-10-01T11:44:10-10:00job:security_camera_frame_grab RUN  bash "/home/rootrecord/RootRecord-Ecosystem/1 - Servers/1 - RootRecord-Pacific-Solar-Server/Security/Cameras/grab_all.sh"
2026-10-01T11:44:28-10:00job:security_camera_frame_grab | 11:44:10  📷  a-eyes  ch1 → ch1-20261001T214410Z.jpg  (515.3 KB, 4.32s)
2026-10-01T11:44:28-10:00job:security_camera_frame_grab | 11:44:15  📷  a-eyes  ch2 → ch2-20261001T214415Z.jpg  (250.7 KB, 4.26s)
2026-10-01T11:44:28-10:00job:security_camera_frame_grab | 11:44:19  📷  a-eyes  ch3 → ch3-20261001T214419Z.jpg  (412.0 KB, 4.67s)
2026-10-01T11:44:28-10:00job:security_camera_frame_grab | 11:44:24  📷  a-eyes  ch4 → ch4-20261001T214424Z.jpg  (155.2 KB, 4.38s)
2026-10-01T11:44:29-10:00ENERGY  status=live  B2=26.5%  B1=6.0%  solar=104 W  ac=0 W  usbc=0 W  src=/home/rootrecord/RootRecord-Ecosystem/2 - RootRecord-Database/Energy  LAP=25%/Charging/AC
2026-10-01T11:44:44-10:00  ▸  SUMMARY=river2pro soc=6.17% solar=0W ac_out=83W usbc=0W src=ble db=ok
2026-10-01T11:44:44-10:00job:sys_stats_cycle RUN  bash "/home/rootrecord/RootRecord-Ecosystem/1 - Servers/1 - RootRecord-Pacific-Solar-Server/System/scripts/sys-sample.sh"
2026-10-01T11:44:46-10:00job:sys_stats_cycle | SYSTEM  cpu=14%  load=1.45  mem=52%  src=sqlite
2026-10-01T11:44:46-10:00job:sys_stats_cycle | OK wrote /home/rootrecord/RootRecord-Ecosystem/2 - RootRecord-Database/System/samples/sys-20261001-114445.json
2026-10-01T11:45:58-10:00job:github_sync_all | — [ecosystem] no committable local changes
2026-10-01T11:45:58-10:00job:github_sync_all | ↓ [ecosystem] fetching origin/main
2026-10-01T11:45:58-10:00job:github_sync_all | From github.com:RootRecord-Software-Solutions/RootRecord-Ecosystem
2026-10-01T11:45:58-10:00job:github_sync_all | * branch              main       -> FETCH_HEAD
2026-10-01T11:45:58-10:00job:github_sync_all | — [ecosystem] local and GitHub already match
2026-10-01T11:45:58-10:00job:github_sync_all | — [ecosystem] nothing to push
2026-10-01T11:45:58-10:00job:github_sync_all | ↑ [pacific] committed 2 local file(s)
2026-10-01T11:45:58-10:00job:github_sync_all | ↓ [pacific] fetching origin/main
2026-10-01T11:45:58-10:00job:github_sync_all | From github.com:RootRecord-Software-Solutions/RootRecord-Pacific-Solar-Server
2026-10-01T11:45:58-10:00job:github_sync_all | * branch            main       -> FETCH_HEAD
2026-10-01T11:45:58-10:00job:github_sync_all | ↑ [pacific] local is ahead of GitHub
2026-10-01T11:45:58-10:00job:github_sync_all | To github.com:RootRecord-Software-Solutions/RootRecord-Pacific-Solar-Server.git
2026-10-01T11:45:58-10:00job:github_sync_all | 5461429..264b55d  HEAD -> main
2026-10-01T11:45:58-10:00job:github_sync_all | branch 'main' set up to track 'origin/main'.
2026-10-01T11:45:58-10:00job:github_sync_all | ↑ [pacific] 2 files → RootRecord-Software-Solutions/RootRecord-Pacific-Solar-Server (main)
2026-10-01T11:45:58-10:00job:github_sync_all | ↑ [database] committed 12 local file(s)
2026-10-01T11:45:58-10:00job:github_sync_all | ↓ [database] fetching origin/main
2026-10-01T11:45:58-10:00job:github_sync_all | From github.com:RootRecord-Software-Solutions/RootRecord-Database
2026-10-01T11:45:58-10:00job:github_sync_all | * branch              main       -> FETCH_HEAD
2026-10-01T11:45:58-10:00job:github_sync_all | ↑ [database] local is ahead of GitHub
2026-10-01T11:45:58-10:00job:github_sync_all | To github.com:RootRecord-Software-Solutions/RootRecord-Database.git
2026-10-01T11:45:58-10:00job:github_sync_all | 7b0f9331..9f60e966  HEAD -> main
2026-10-01T11:45:58-10:00job:github_sync_all | branch 'main' set up to track 'origin/main'.
2026-10-01T11:45:58-10:00job:github_sync_all | ↑ [database] 12 files → RootRecord-Software-Solutions/RootRecord-Database (main)
2026-10-01T11:45:58-10:00job:github_sync_all | — [library] no local changes
2026-10-01T11:45:58-10:00job:github_sync_all | ↓ [library] fetching origin/main
2026-10-01T11:45:58-10:00job:github_sync_all | From github.com:RootRecord-Software-Solutions/RootRecord-Library
2026-10-01T11:45:58-10:00job:github_sync_all | * branch            main       -> FETCH_HEAD
2026-10-01T11:45:58-10:00job:github_sync_all | — [library] local and GitHub already match
2026-10-01T11:45:58-10:00job:github_sync_all | — [library] nothing to push
2026-10-01T11:45:58-10:00job:github_sync_all | ↑ [website] committed 3 local file(s)
2026-10-01T11:45:58-10:00job:github_sync_all | ↓ [website] fetching origin/main
2026-10-01T11:45:58-10:00job:github_sync_all | From github.com:RootRecord-Software-Solutions/RootRecord-Website
2026-10-01T11:45:58-10:00job:github_sync_all | * branch            main       -> FETCH_HEAD
2026-10-01T11:45:58-10:00job:github_sync_all | ↑ [website] local is ahead of GitHub
2026-10-01T11:45:58-10:00job:github_sync_all | To github.com:RootRecord-Software-Solutions/RootRecord-Website.git
2026-10-01T11:45:58-10:00job:github_sync_all | 0ea82e0..dc341df  HEAD -> main
2026-10-01T11:45:58-10:00job:github_sync_all | branch 'main' set up to track 'origin/main'.
2026-10-01T11:45:58-10:00job:github_sync_all | ↑ [website] 3 files → RootRecord-Software-Solutions/RootRecord-Website (main)
2026-10-01T11:45:58-10:00job:github_sync_all | ↑ [website-personal] committed 3 local file(s)
2026-10-01T11:45:58-10:00job:worklog_scan RUN  bash "/home/rootrecord/RootRecord-Ecosystem/1 - Servers/1 - RootRecord-Pacific-Solar-Server/Reports/scripts/worklog_once.sh"
2026-10-01T11:48:58-10:00job:worklog_scan TIMEOUT after 180s
2026-10-01T11:48:58-10:00job:status_snapshot RUN  nice -n 10 python3 "/home/rootrecord/RootRecord-Ecosystem/1 - Servers/1 - RootRecord-Pacific-Solar-Server/Website/scripts/live_data_pages.py"
2026-10-01T11:48:58-10:00job:status_snapshot | live-data 6 pages
2026-10-01T11:48:58-10:00job:voice_nws_weather RUN  nice -n 10 python3 "/home/rootrecord/RootRecord-Ecosystem/1 - Servers/1 - RootRecord-Pacific-Solar-Server/Media/Voice/scripts/voice_reports.py" nws_weather
2026-10-01T11:50:40-10:00job:voice_nws_weather | {"ok": true, "report": "nws_weather", "md": "/home/rootrecord/RootRecord-Ecosystem/test-reports/Voice/nws_weather_current.md", "sentences": 7, "voice": {"ok": true, "mode": "stitch", "report": "nws_weather", "agent": "ava", "voice": "af_heart", "speed": 1.0, "wav": "/home/rootrecord/RootRecord-Ecosystem/2 - RootRecord-Database/Media/Audio/Voice/nws_weather_current.wav", "clips_used": 0, "live_sentences": 17, "model_loaded": true, "render_s": 26.1, "sample_rate": 24000, "channels": 1, "subtype": "PCM_16", "duration_s": 52.407, "peak_dbfs": -1.5, "rms_dbfs": -20.42, "lead_silence_ms": 113, "qc": "PASS", "wall_s": 26.23, "peak_rss_mb": 1741, "rc": 0}, "deliver": {"ok": true, "sent": true, "persona": "ava", "chat": "-1004367256267", "message_id": 2202, "transcript": false, "report": true, "photo": false, "plan": {"voice": true, "transcript": false, "report": true}}, "radio": {"ok": true, "report": "nws_weather", "file": "nws_weather_current.ogg", "bytes": 386616}}
2026-10-01T11:50:40-10:00ENERGY  status=live  B2=26.5%  B1=6.2%  solar=104 W  ac=0 W  usbc=0 W  src=/home/rootrecord/RootRecord-Ecosystem/2 - RootRecord-Database/Energy  LAP=29%/Charging/AC
2026-10-01T11:50:57-10:00  ▸  SUMMARY=delta2 soc=26.79% solar=0W ac_out=0W usbc=51W src=ble db=ok
2026-10-01T11:50:57-10:00job:sys_stats_cycle RUN  bash "/home/rootrecord/RootRecord-Ecosystem/1 - Servers/1 - RootRecord-Pacific-Solar-Server/System/scripts/sys-sample.sh"
2026-10-01T11:51:00-10:00job:sys_stats_cycle | SYSTEM  cpu=14%  load=2.82  mem=52%  src=sqlite
2026-10-01T11:51:00-10:00job:sys_stats_cycle | OK wrote /home/rootrecord/RootRecord-Ecosystem/2 - RootRecord-Database/System/samples/sys-20261001-115058.json
2026-10-01T11:52:15-10:00job:github_sync_all | ↑ [ecosystem] committed 38 local file(s)
2026-10-01T11:52:15-10:00job:github_sync_all | ↓ [ecosystem] fetching origin/main
2026-10-01T11:52:15-10:00job:github_sync_all | From github.com:RootRecord-Software-Solutions/RootRecord-Ecosystem
2026-10-01T11:52:15-10:00job:github_sync_all | * branch              main       -> FETCH_HEAD
2026-10-01T11:52:15-10:00job:github_sync_all | ↑ [ecosystem] local is ahead of GitHub
2026-10-01T11:52:15-10:00job:github_sync_all | To github.com:RootRecord-Software-Solutions/RootRecord-Ecosystem.git
2026-10-01T11:52:15-10:00job:github_sync_all | a466026d..dca92119  HEAD -> main
2026-10-01T11:52:15-10:00job:github_sync_all | branch 'main' set up to track 'origin/main'.
2026-10-01T11:52:15-10:00job:github_sync_all | ↑ [ecosystem] 38 files → RootRecord-Software-Solutions/RootRecord-Ecosystem (main)
2026-10-01T11:52:15-10:00job:github_sync_all | ↑ [pacific] committed 25 local file(s)
2026-10-01T11:52:15-10:00job:github_sync_all | ↓ [pacific] fetching origin/main
2026-10-01T11:52:15-10:00job:github_sync_all | From github.com:RootRecord-Software-Solutions/RootRecord-Pacific-Solar-Server
2026-10-01T11:52:15-10:00job:github_sync_all | * branch            main       -> FETCH_HEAD
2026-10-01T11:52:15-10:00job:github_sync_all | ↑ [pacific] local is ahead of GitHub
2026-10-01T11:52:15-10:00job:github_sync_all | To github.com:RootRecord-Software-Solutions/RootRecord-Pacific-Solar-Server.git
2026-10-01T11:52:15-10:00job:github_sync_all | 264b55d..ba025fa  HEAD -> main
2026-10-01T11:52:15-10:00job:github_sync_all | branch 'main' set up to track 'origin/main'.
2026-10-01T11:52:15-10:00job:github_sync_all | ↑ [pacific] 25 files → RootRecord-Software-Solutions/RootRecord-Pacific-Solar-Server (main)
2026-10-01T11:52:15-10:00job:github_sync_all | ↑ [database] committed 20 local file(s)
2026-10-01T11:52:15-10:00job:github_sync_all | ↓ [database] fetching origin/main
2026-10-01T11:52:15-10:00job:github_sync_all | From github.com:RootRecord-Software-Solutions/RootRecord-Database
2026-10-01T11:52:15-10:00job:github_sync_all | * branch              main       -> FETCH_HEAD
2026-10-01T11:52:15-10:00job:github_sync_all | ↑ [database] local is ahead of GitHub
2026-10-01T11:52:15-10:00job:github_sync_all | To github.com:RootRecord-Software-Solutions/RootRecord-Database.git
2026-10-01T11:52:15-10:00job:github_sync_all | 9f60e966..a5b15d57  HEAD -> main
2026-10-01T11:52:15-10:00job:github_sync_all | branch 'main' set up to track 'origin/main'.
2026-10-01T11:52:15-10:00job:github_sync_all | ↑ [database] 20 files → RootRecord-Software-Solutions/RootRecord-Database (main)
2026-10-01T11:52:15-10:00job:github_sync_all | — [library] no local changes
2026-10-01T11:52:15-10:00job:github_sync_all | ↓ [library] fetching origin/main
2026-10-01T11:52:15-10:00job:github_sync_all | From github.com:RootRecord-Software-Solutions/RootRecord-Library
2026-10-01T11:52:15-10:00job:github_sync_all | * branch            main       -> FETCH_HEAD
2026-10-01T11:52:15-10:00job:github_sync_all | — [library] local and GitHub already match
2026-10-01T11:52:15-10:00job:github_sync_all | — [library] nothing to push
2026-10-01T11:52:15-10:00job:github_sync_all | ↑ [website] committed 21 local file(s)
2026-10-01T11:52:15-10:00job:github_sync_all | ↓ [website] fetching origin/main
2026-10-01T11:52:15-10:00job:github_sync_all | From github.com:RootRecord-Software-Solutions/RootRecord-Website
2026-10-01T11:52:15-10:00job:github_sync_all | * branch            main       -> FETCH_HEAD
2026-10-01T11:52:15-10:00job:github_sync_all | ↑ [website] local is ahead of GitHub
2026-10-01T11:52:15-10:00job:github_sync_all | To github.com:RootRecord-Software-Solutions/RootRecord-Website.git
2026-10-01T11:52:15-10:00job:github_sync_all | dc341df..35c20e5  HEAD -> main
2026-10-01T11:52:15-10:00job:worklog_scan RUN  bash "/home/rootrecord/RootRecord-Ecosystem/1 - Servers/1 - RootRecord-Pacific-Solar-Server/Reports/scripts/worklog_once.sh"
2026-10-01T11:55:15-10:00job:worklog_scan TIMEOUT after 180s
2026-10-01T11:55:15-10:00job:security_camera_frame_grab RUN  bash "/home/rootrecord/RootRecord-Ecosystem/1 - Servers/1 - RootRecord-Pacific-Solar-Server/Security/Cameras/grab_all.sh"
2026-10-01T11:55:33-10:00job:security_camera_frame_grab | 11:55:15  📷  a-eyes  ch1 → ch1-20261001T215515Z.jpg  (516.9 KB, 4.38s)
2026-10-01T11:55:33-10:00job:security_camera_frame_grab | 11:55:19  📷  a-eyes  ch2 → ch2-20261001T215519Z.jpg  (139.3 KB, 4.36s)
2026-10-01T11:55:33-10:00job:security_camera_frame_grab | 11:55:24  📷  a-eyes  ch3 → ch3-20261001T215524Z.jpg  (407.3 KB, 4.50s)
2026-10-01T11:55:33-10:00job:security_camera_frame_grab | 11:55:28  📷  a-eyes  ch4 → ch4-20261001T215528Z.jpg  (163.5 KB, 4.31s)
2026-10-01T11:55:33-10:00job:service_supervisor RUN  bash "/home/rootrecord/RootRecord-Ecosystem/1 - Servers/1 - RootRecord-Pacific-Solar-Server/Automations/scripts/supervise-services.sh"
2026-10-01T11:55:33-10:00job:service_supervisor | [supervisor] weather alive pid=1189476 (act)
2026-10-01T11:55:33-10:00job:service_supervisor | [supervisor] relay alive pid=1189207 (act)
2026-10-01T11:55:33-10:00job:geology_collect RUN  nice -n 10 python3 "/home/rootrecord/RootRecord-Ecosystem/1 - Servers/1 - RootRecord-Pacific-Solar-Server/Geology/scripts/geology_collect.py" all
2026-10-01T11:55:36-10:00job:geology_collect | {"ok": true, "at": "2026-10-01T11:55:33-10:00", "what": "all", "dry_run": false, "sources": {"hawaii": {"ok": true, "count": 58, "new": 1, "new_m2": 0, "ms": 503}, "global": {"ok": true, "count": 38, "new": 0, "ms": 404}, "hvo_notices": {"ok": true, "count": 46, "new": 0, "ms": 1198}, "hvo_status": {"ok": true, "volcanoes": 8, "kilauea": "WATCH", "mauna_loa": "NORMAL", "ms": 634}}}
2026-10-01T11:55:36-10:00job:status_snapshot RUN  nice -n 10 python3 "/home/rootrecord/RootRecord-Ecosystem/1 - Servers/1 - RootRecord-Pacific-Solar-Server/Website/scripts/live_data_pages.py"
2026-10-01T11:55:36-10:00job:status_snapshot | live-data 6 pages
2026-10-01T11:55:36-10:00job:system_net_sample RUN  nice -n 10 python3 "/home/rootrecord/RootRecord-Ecosystem/1 - Servers/1 - RootRecord-Pacific-Solar-Server/System/scripts/host_desks.py" net-sample
2026-10-01T11:55:36-10:00job:system_net_sample | {"ok": true, "file": "/home/rootrecord/RootRecord-Ecosystem/2 - RootRecord-Database/System/network/Daily/net-20261001.jsonl", "iface": "wlo1", "hour": {"seconds": 3879, "rx": 553902113, "tx": 1144070973, "total": 1697973086, "iface": "wlo1", "link": "wireless"}, "day": {"seconds": 74123, "rx": 2435357026, "tx": 2697412483, "total": 5132769509, "iface": "wlo1", "link": "wireless"}}
2026-10-01T11:55:36-10:00job:discord_report_relay RUN  nice -n 10 python3 "/home/rootrecord/RootRecord-Ecosystem/1 - Servers/1 - RootRecord-Pacific-Solar-Server/Communications/Discord/scripts/report_relay.py"
2026-10-01T11:55:40-10:00job:discord_report_relay | posted official_weather
2026-10-01T11:55:40-10:00job:discord_report_relay | posted boot_brief
2026-10-01T11:55:41-10:00ENERGY  status=live  B2=26.8%  B1=6.2%  solar=0 W  ac=0 W  usbc=51 W  src=/home/rootrecord/RootRecord-Ecosystem/2 - RootRecord-Database/Energy  LAP=32%/Charging/AC
2026-10-01T11:55:57-10:00  ▸  SUMMARY=delta2 soc=26.29% solar=0W ac_out=0W usbc=55W src=ble db=ok
2026-10-01T11:55:57-10:00job:sys_stats_cycle RUN  bash "/home/rootrecord/RootRecord-Ecosystem/1 - Servers/1 - RootRecord-Pacific-Solar-Server/System/scripts/sys-sample.sh"
2026-10-01T11:55:59-10:00job:sys_stats_cycle | SYSTEM  cpu=18%  load=6.79  mem=59%  src=sqlite
2026-10-01T11:55:59-10:00job:sys_stats_cycle | OK wrote /home/rootrecord/RootRecord-Ecosystem/2 - RootRecord-Database/System/samples/sys-20261001-115558.json
2026-10-01T11:57:02-10:00job:github_sync_all | ↑ [ecosystem] committed 31 local file(s)
2026-10-01T11:57:02-10:00job:github_sync_all | ↓ [ecosystem] fetching origin/main
2026-10-01T11:57:02-10:00job:github_sync_all | From github.com:RootRecord-Software-Solutions/RootRecord-Ecosystem
2026-10-01T11:57:02-10:00job:github_sync_all | * branch              main       -> FETCH_HEAD
2026-10-01T11:57:02-10:00job:github_sync_all | ↑ [ecosystem] local is ahead of GitHub
2026-10-01T11:57:02-10:00job:github_sync_all | To github.com:RootRecord-Software-Solutions/RootRecord-Ecosystem.git
2026-10-01T11:57:02-10:00job:github_sync_all | dca92119..2a3cf0c7  HEAD -> main
2026-10-01T11:57:02-10:00job:github_sync_all | branch 'main' set up to track 'origin/main'.
2026-10-01T11:57:02-10:00job:github_sync_all | ↑ [ecosystem] 31 files → RootRecord-Software-Solutions/RootRecord-Ecosystem (main)
2026-10-01T11:57:02-10:00job:github_sync_all | ↑ [pacific] committed 12 local file(s)
2026-10-01T11:57:02-10:00job:github_sync_all | ↓ [pacific] fetching origin/main
2026-10-01T11:57:02-10:00job:github_sync_all | From github.com:RootRecord-Software-Solutions/RootRecord-Pacific-Solar-Server
2026-10-01T11:57:02-10:00job:github_sync_all | * branch            main       -> FETCH_HEAD
2026-10-01T11:57:02-10:00job:github_sync_all | ↑ [pacific] local is ahead of GitHub
2026-10-01T11:57:02-10:00job:github_sync_all | To github.com:RootRecord-Software-Solutions/RootRecord-Pacific-Solar-Server.git
2026-10-01T11:57:02-10:00job:github_sync_all | ba025fa..90c32a4  HEAD -> main
2026-10-01T11:57:02-10:00job:github_sync_all | branch 'main' set up to track 'origin/main'.
2026-10-01T11:57:02-10:00job:github_sync_all | ↑ [pacific] 12 files → RootRecord-Software-Solutions/RootRecord-Pacific-Solar-Server (main)
2026-10-01T11:57:02-10:00job:github_sync_all | ↑ [database] committed 29 local file(s)
2026-10-01T11:57:02-10:00job:github_sync_all | ↓ [database] fetching origin/main
2026-10-01T11:57:02-10:00job:github_sync_all | From github.com:RootRecord-Software-Solutions/RootRecord-Database
2026-10-01T11:57:02-10:00job:github_sync_all | * branch              main       -> FETCH_HEAD
2026-10-01T11:57:02-10:00job:github_sync_all | ↑ [database] local is ahead of GitHub
2026-10-01T11:57:02-10:00job:github_sync_all | To github.com:RootRecord-Software-Solutions/RootRecord-Database.git
2026-10-01T11:57:02-10:00job:github_sync_all | a5b15d57..8de91dc4  HEAD -> main
2026-10-01T11:57:02-10:00job:github_sync_all | branch 'main' set up to track 'origin/main'.
2026-10-01T11:57:02-10:00job:github_sync_all | ↑ [database] 29 files → RootRecord-Software-Solutions/RootRecord-Database (main)
2026-10-01T11:57:02-10:00job:github_sync_all | — [library] no local changes
2026-10-01T11:57:02-10:00job:github_sync_all | ↓ [library] fetching origin/main
2026-10-01T11:57:02-10:00job:github_sync_all | From github.com:RootRecord-Software-Solutions/RootRecord-Library
2026-10-01T11:57:02-10:00job:github_sync_all | * branch            main       -> FETCH_HEAD
2026-10-01T11:57:02-10:00job:github_sync_all | — [library] local and GitHub already match
2026-10-01T11:57:02-10:00job:github_sync_all | — [library] nothing to push
2026-10-01T11:57:02-10:00job:github_sync_all | ↑ [website] committed 4 local file(s)
2026-10-01T11:57:02-10:00job:github_sync_all | ↓ [website] fetching origin/main
2026-10-01T11:57:02-10:00job:github_sync_all | From github.com:RootRecord-Software-Solutions/RootRecord-Website
2026-10-01T11:57:02-10:00job:github_sync_all | * branch            main       -> FETCH_HEAD
2026-10-01T11:57:02-10:00job:github_sync_all | ↑ [website] local is ahead of GitHub
2026-10-01T11:57:02-10:00job:github_sync_all | To github.com:RootRecord-Software-Solutions/RootRecord-Website.git
2026-10-01T11:57:02-10:00job:github_sync_all | 35c20e5..09e072e  HEAD -> main
2026-10-01T11:57:02-10:00job:security_camera_frame_grab RUN  bash "/home/rootrecord/RootRecord-Ecosystem/1 - Servers/1 - RootRecord-Pacific-Solar-Server/Security/Cameras/grab_all.sh"
2026-10-01T11:57:20-10:00job:security_camera_frame_grab | 11:57:02  📷  a-eyes  ch1 → ch1-20261001T215702Z.jpg  (522.9 KB, 4.45s)
2026-10-01T11:57:20-10:00job:security_camera_frame_grab | 11:57:06  📷  a-eyes  ch2 → ch2-20261001T215706Z.jpg  (137.8 KB, 4.47s)
2026-10-01T11:57:20-10:00job:security_camera_frame_grab | 11:57:11  📷  a-eyes  ch3 → ch3-20261001T215711Z.jpg  (415.6 KB, 4.34s)
2026-10-01T11:57:20-10:00job:security_camera_frame_grab | 11:57:15  📷  a-eyes  ch4 → ch4-20261001T215715Z.jpg  (140.4 KB, 4.45s)
2026-10-01T11:57:20-10:00ENERGY  status=live  B2=26.3%  B1=6.2%  solar=0 W  ac=0 W  usbc=55 W  src=/home/rootrecord/RootRecord-Ecosystem/2 - RootRecord-Database/Energy  LAP=33%/Charging/AC
2026-10-01T11:57:36-10:00  ▸  SUMMARY=delta2 soc=26.09% solar=0W ac_out=0W usbc=55W src=ble db=ok
2026-10-01T11:57:36-10:00job:sys_stats_cycle RUN  bash "/home/rootrecord/RootRecord-Ecosystem/1 - Servers/1 - RootRecord-Pacific-Solar-Server/System/scripts/sys-sample.sh"
2026-10-01T11:57:37-10:00job:sys_stats_cycle | SYSTEM  cpu=5%  load=4.90  mem=45%  src=sqlite
2026-10-01T11:57:37-10:00job:sys_stats_cycle | OK wrote /home/rootrecord/RootRecord-Ecosystem/2 - RootRecord-Database/System/samples/sys-20261001-115736.json
2026-10-01T11:58:33-10:00job:github_sync_all | ↑ [ecosystem] committed 10 local file(s)
2026-10-01T11:58:33-10:00job:github_sync_all | ↓ [ecosystem] fetching origin/main
2026-10-01T11:58:33-10:00job:github_sync_all | From github.com:RootRecord-Software-Solutions/RootRecord-Ecosystem
2026-10-01T11:58:33-10:00job:github_sync_all | * branch              main       -> FETCH_HEAD
2026-10-01T11:58:33-10:00job:github_sync_all | ↑ [ecosystem] local is ahead of GitHub
2026-10-01T11:58:33-10:00job:github_sync_all | To github.com:RootRecord-Software-Solutions/RootRecord-Ecosystem.git
2026-10-01T11:58:33-10:00job:github_sync_all | 2a3cf0c7..15751032  HEAD -> main
2026-10-01T11:58:33-10:00job:github_sync_all | branch 'main' set up to track 'origin/main'.
2026-10-01T11:58:33-10:00job:github_sync_all | ↑ [ecosystem] 10 files → RootRecord-Software-Solutions/RootRecord-Ecosystem (main)
2026-10-01T11:58:33-10:00job:github_sync_all | — [pacific] no local changes
2026-10-01T11:58:33-10:00job:github_sync_all | ↓ [pacific] fetching origin/main
2026-10-01T11:58:33-10:00job:github_sync_all | From github.com:RootRecord-Software-Solutions/RootRecord-Pacific-Solar-Server
2026-10-01T11:58:33-10:00job:github_sync_all | * branch            main       -> FETCH_HEAD
2026-10-01T11:58:33-10:00job:github_sync_all | — [pacific] local and GitHub already match
2026-10-01T11:58:33-10:00job:github_sync_all | — [pacific] nothing to push
2026-10-01T11:58:33-10:00job:github_sync_all | ↑ [database] committed 14 local file(s)
2026-10-01T11:58:33-10:00job:github_sync_all | ↓ [database] fetching origin/main
2026-10-01T11:58:33-10:00job:github_sync_all | From github.com:RootRecord-Software-Solutions/RootRecord-Database
2026-10-01T11:58:33-10:00job:github_sync_all | * branch              main       -> FETCH_HEAD
2026-10-01T11:58:33-10:00job:github_sync_all | ↑ [database] local is ahead of GitHub
2026-10-01T11:58:33-10:00job:github_sync_all | To github.com:RootRecord-Software-Solutions/RootRecord-Database.git
2026-10-01T11:58:33-10:00job:github_sync_all | 8de91dc4..525da0a1  HEAD -> main
2026-10-01T11:58:33-10:00job:github_sync_all | branch 'main' set up to track 'origin/main'.
2026-10-01T11:58:33-10:00job:github_sync_all | ↑ [database] 14 files → RootRecord-Software-Solutions/RootRecord-Database (main)
2026-10-01T11:58:33-10:00job:github_sync_all | — [library] no local changes
2026-10-01T11:58:33-10:00job:github_sync_all | ↓ [library] fetching origin/main
2026-10-01T11:58:33-10:00job:github_sync_all | From github.com:RootRecord-Software-Solutions/RootRecord-Library
2026-10-01T11:58:33-10:00job:github_sync_all | * branch            main       -> FETCH_HEAD
2026-10-01T11:58:33-10:00job:github_sync_all | — [library] local and GitHub already match
2026-10-01T11:58:33-10:00job:github_sync_all | — [library] nothing to push
2026-10-01T11:58:33-10:00job:github_sync_all | — [website] no local changes
2026-10-01T11:58:33-10:00job:github_sync_all | ↓ [website] fetching origin/main
2026-10-01T11:58:33-10:00job:github_sync_all | From github.com:RootRecord-Software-Solutions/RootRecord-Website
2026-10-01T11:58:33-10:00job:github_sync_all | * branch            main       -> FETCH_HEAD
2026-10-01T11:58:33-10:00job:github_sync_all | — [website] local and GitHub already match
2026-10-01T11:58:33-10:00job:github_sync_all | — [website] nothing to push
2026-10-01T11:58:33-10:00job:github_sync_all | — [website-personal] no local changes
2026-10-01T11:58:33-10:00job:github_sync_all | ↓ [website-personal] fetching origin/main
2026-10-01T11:58:33-10:00job:github_sync_all | From github.com:rootrecordsoftwaresolutions/RootRecord-Website
2026-10-01T11:58:33-10:00job:github_sync_all | * branch            main       -> FETCH_HEAD
2026-10-01T11:58:33-10:00job:worklog_scan RUN  bash "/home/rootrecord/RootRecord-Ecosystem/1 - Servers/1 - RootRecord-Pacific-Solar-Server/Reports/scripts/worklog_once.sh"
2026-10-01T12:01:33-10:00job:worklog_scan TIMEOUT after 180s
2026-10-01T12:01:33-10:00job:status_snapshot RUN  nice -n 10 python3 "/home/rootrecord/RootRecord-Ecosystem/1 - Servers/1 - RootRecord-Pacific-Solar-Server/Website/scripts/live_data_pages.py"
2026-10-01T12:01:33-10:00job:status_snapshot | live-data 6 pages
2026-10-01T12:01:34-10:00job:voice_system_perf RUN  nice -n 10 python3 "/home/rootrecord/RootRecord-Ecosystem/1 - Servers/1 - RootRecord-Pacific-Solar-Server/Media/Voice/scripts/system_perf.py"
2026-10-01T12:02:14-10:00job:voice_system_perf | {"ok": true, "report": "system_perf", "md": "/home/rootrecord/RootRecord-Ecosystem/test-reports/Voice/system_perf_current.md", "cpu_pct": 7.5, "mem_pct": 46.8, "voice_rc": 0, "voice": {"ok": true, "mode": "stitch", "report": "system_perf", "agent": "bruce", "voice": "am_echo", "speed": 1.0, "wav": "/home/rootrecord/RootRecord-Ecosystem/2 - RootRecord-Database/Media/Audio/Voice/system_perf_current.wav", "clips_used": 0, "live_sentences": 11, "model_loaded": true, "render_s": 14.25, "sample_rate": 24000, "channels": 1, "subtype": "PCM_16", "duration_s": 29.622, "peak_dbfs": -1.5, "rms_dbfs": -20.31, "lead_silence_ms": 113, "qc": "PASS", "wall_s": 14.36, "peak_rss_mb": 1501}, "deliver": {"ok": true, "sent": true, "persona": "bruce", "chat": "-1004367256267", "message_id": 2204, "transcript": false, "report": true, "photo": false, "plan": {"voice": true, "transcript": false, "report": true}}, "radio": {"ok": true, "report": "system_perf", "file": "system_perf_current.ogg", "bytes": 213933}}
2026-10-01T12:02:14-10:00job:voice_energy_report RUN  nice -n 10 python3 "/home/rootrecord/RootRecord-Ecosystem/1 - Servers/1 - RootRecord-Pacific-Solar-Server/Media/Voice/scripts/voice_reports.py" energy_report
2026-10-01T12:03:48-10:00job:voice_energy_report | {"ok": true, "report": "energy_report", "md": "/home/rootrecord/RootRecord-Ecosystem/test-reports/Voice/energy_report_current.md", "sentences": 6, "voice": {"ok": true, "mode": "stitch", "report": "energy_report", "agent": "carly", "voice": "af_nova", "speed": 1.0, "wav": "/home/rootrecord/RootRecord-Ecosystem/2 - RootRecord-Database/Media/Audio/Voice/energy_report_current.wav", "clips_used": 0, "live_sentences": 5, "model_loaded": true, "render_s": 14.07, "sample_rate": 24000, "channels": 1, "subtype": "PCM_16", "duration_s": 23.22, "peak_dbfs": -3.01, "rms_dbfs": -20.26, "lead_silence_ms": 111, "qc": "PASS", "wall_s": 14.2, "peak_rss_mb": 1501, "rc": 0}, "deliver": {"ok": true, "skipped": true, "detail": "blended into the hourly solar desk; the radio file is refreshed"}, "radio": {"ok": true, "report": "energy_report", "file": "energy_report_current.ogg", "bytes": 167424}}
2026-10-01T12:03:48-10:00job:voice_remaining_tasks RUN  nice -n 10 python3 "/home/rootrecord/RootRecord-Ecosystem/1 - Servers/1 - RootRecord-Pacific-Solar-Server/Media/Voice/scripts/voice_reports.py" remaining_tasks
2026-10-01T12:04:09-10:00job:voice_remaining_tasks | {"ok": true, "report": "remaining_tasks", "md": "/home/rootrecord/RootRecord-Ecosystem/test-reports/Voice/remaining_tasks_current.md", "sentences": 5, "voice": {"ok": true, "mode": "stitch", "report": "remaining_tasks", "agent": "bruce", "voice": "am_echo", "speed": 1.0, "wav": "/home/rootrecord/RootRecord-Ecosystem/2 - RootRecord-Database/Media/Audio/Voice/remaining_tasks_current.wav", "clips_used": 0, "live_sentences": 5, "model_loaded": true, "render_s": 9.1, "sample_rate": 24000, "channels": 1, "subtype": "PCM_16", "duration_s": 12.878, "peak_dbfs": -2.32, "rms_dbfs": -20.06, "lead_silence_ms": 115, "qc": "PASS", "wall_s": 9.16, "peak_rss_mb": 1337, "rc": 0}, "deliver": {"ok": true, "sent": true, "persona": "bruce", "chat": "-1004367256267", "message_id": 2206, "transcript": false, "report": true, "photo": false, "plan": {"voice": true, "transcript": false, "report": true}}, "radio": {"ok": true, "report": "remaining_tasks", "file": "remaining_tasks_current.ogg", "bytes": 93923}}
2026-10-01T12:04:09-10:00job:voice_earthquake_report RUN  nice -n 10 python3 "/home/rootrecord/RootRecord-Ecosystem/1 - Servers/1 - RootRecord-Pacific-Solar-Server/Media/Voice/scripts/voice_reports.py" earthquake_report
2026-10-01T12:06:37-10:00job:voice_earthquake_report | {"ok": true, "report": "earthquake_report", "md": "/home/rootrecord/RootRecord-Ecosystem/test-reports/Voice/earthquake_report_current.md", "sentences": 8, "voice": {"ok": true, "mode": "stitch", "report": "earthquake_report", "agent": "carly", "voice": "af_nova", "speed": 1.0, "wav": "/home/rootrecord/RootRecord-Ecosystem/2 - RootRecord-Database/Media/Audio/Voice/earthquake_report_current.wav", "clips_used": 0, "live_sentences": 7, "model_loaded": true, "render_s": 14.14, "sample_rate": 24000, "channels": 1, "subtype": "PCM_16", "duration_s": 28.244, "peak_dbfs": -1.5, "rms_dbfs": -20.48, "lead_silence_ms": 114, "qc": "PASS", "wall_s": 14.23, "peak_rss_mb": 1588, "rc": 0}, "deliver": {"ok": true, "sent": true, "persona": "carly", "chat": "-1004367256267", "message_id": 2208, "transcript": false, "report": true, "photo": false, "plan": {"voice": true, "transcript": false, "report": true}}, "radio": {"ok": true, "report": "earthquake_report", "file": "earthquake_report_current.ogg", "bytes": 203455}}
2026-10-01T12:06:37-10:00job:voice_kilauea_report RUN  nice -n 10 python3 "/home/rootrecord/RootRecord-Ecosystem/1 - Servers/1 - RootRecord-Pacific-Solar-Server/Media/Voice/scripts/voice_reports.py" kilauea_report
2026-10-01T12:07:09-10:00job:voice_kilauea_report | {"ok": true, "report": "kilauea_report", "md": "/home/rootrecord/RootRecord-Ecosystem/test-reports/Voice/kilauea_report_current.md", "sentences": 8, "voice": {"ok": true, "mode": "stitch", "report": "kilauea_report", "agent": "carly", "voice": "af_nova", "speed": 1.0, "wav": "/home/rootrecord/RootRecord-Ecosystem/2 - RootRecord-Database/Media/Audio/Voice/kilauea_report_current.wav", "clips_used": 0, "live_sentences": 8, "model_loaded": true, "render_s": 17.17, "sample_rate": 24000, "channels": 1, "subtype": "PCM_16", "duration_s": 35.166, "peak_dbfs": -1.5, "rms_dbfs": -20.4, "lead_silence_ms": 101, "qc": "PASS", "wall_s": 17.28, "peak_rss_mb": 1680, "rc": 0}, "deliver": {"ok": true, "sent": true, "persona": "carly", "chat": "-1004367256267", "message_id": 2210, "transcript": false, "report": true, "photo": false, "plan": {"voice": true, "transcript": false, "report": true}}, "radio": {"ok": true, "report": "kilauea_report", "file": "kilauea_report_current.ogg", "bytes": 255363}}
2026-10-01T12:07:09-10:00job:voice_solar_desk RUN  nice -n 10 python3 "/home/rootrecord/RootRecord-Ecosystem/1 - Servers/1 - RootRecord-Pacific-Solar-Server/Media/Voice/scripts/voice_reports.py" solar_desk
2026-10-01T12:07:09-10:00job:voice_solar_desk FAIL code=-15
2026-10-01T12:07:10-10:00HTTP listening on http://127.0.0.1:8799 (open access on bind)
2026-10-01T12:07:10-10:00boot:start  jobs=10
2026-10-01T12:07:10-10:00boot:run  priority=0  id=self_terminal
2026-10-01T12:07:10-10:00boot:p0 self_process pid=1987727
2026-10-01T12:07:10-10:00boot:run  priority=1  id=cloudflare_tunnel
2026-10-01T12:07:10-10:00boot:p1 cloudflare_tunnel host=rootserver.rootrecord.cloud
2026-10-01T12:07:10-10:00internet OK at boot — starting tunnel
2026-10-01T12:07:10-10:00Starting cloudflared mode=token public_host=rootserver.rootrecord.cloud
2026-10-01T12:07:10-10:00Waiting for tunnel register (timeout=45s)…
2026-10-01T12:07:10-10:00tunnel starting
2026-10-01T12:07:11-10:00tunnel connected  conn=0  edge=lax11
2026-10-01T12:07:11-10:00Tunnel READY — first connection registered.
2026-10-01T12:07:11-10:00boot:run  priority=2  id=github_setup_remotes
2026-10-01T12:07:11-10:00tunnel ingress  rootserver.rootrecord.cloud → 127.0.0.1:8799
2026-10-01T12:07:11-10:00tunnel connected  conn=1  edge=lax13
2026-10-01T12:07:11-10:00boot:run  priority=3  id=ollama_warmup
2026-10-01T12:07:11-10:00job:ollama_warmup RUN  bash '/home/rootrecord/RootRecord-Ecosystem/1 - Servers/1 - RootRecord-Pacific-Solar-Server/System/scripts/plumbing/ollama-warmup.sh'
2026-10-01T12:07:11-10:00job:ollama_warmup | [ok] ollama up
2026-10-01T12:07:11-10:00boot:run  priority=4  id=flm_npu_warmup
2026-10-01T12:07:11-10:00job:flm_npu_warmup RUN  bash '/home/rootrecord/RootRecord-Ecosystem/1 - Servers/1 - RootRecord-Pacific-Solar-Server/System/scripts/plumbing/flm-warmup.sh'
2026-10-01T12:07:11-10:00job:flm_npu_warmup | [skip] FLM warmup disabled (no resident model; set FLM_WARMUP_RESIDENT=1 to opt in)
2026-10-01T12:07:11-10:00boot:run  priority=5  id=council_relay
2026-10-01T12:07:12-10:00job:council_relay RUN  bash "/home/rootrecord/RootRecord-Ecosystem/1 - Servers/1 - RootRecord-Pacific-Solar-Server/Communications/telegram/scripts/ensure-relay.sh"
2026-10-01T12:07:12-10:00tunnel connected  conn=2  edge=lax13
2026-10-01T12:07:13-10:00tunnel connected  conn=3  edge=lax09
2026-10-01T12:07:15-10:00job:council_relay | [ok] council-relay started pid=1988054 → /home/rootrecord/RootRecord-Ecosystem/2 - RootRecord-Database/Logs/Communications/council-relay.log
2026-10-01T12:07:15-10:00boot:run  priority=6  id=security_camera_server
2026-10-01T12:07:15-10:00job:security_camera_server RUN  bash "/home/rootrecord/RootRecord-Ecosystem/1 - Servers/1 - RootRecord-Pacific-Solar-Server/Security/Cameras/ensure_cam_server.sh"
2026-10-01T12:07:15-10:00job:security_camera_server | security cam server started
2026-10-01T12:07:15-10:00boot:run  priority=7  id=security_timelapse_catchup
2026-10-01T12:07:15-10:00job:security_timelapse_catchup RUN  bash "/home/rootrecord/RootRecord-Ecosystem/1 - Servers/1 - RootRecord-Pacific-Solar-Server/Security/Cameras/timelapse_catchup.sh"
2026-10-01T12:07:27-10:00job:security_timelapse_catchup | 12:07:15  🎬  a-eyes-timelapse  catchup: checking 20261001, now=12:07 HST
2026-10-01T12:07:27-10:00job:security_timelapse_catchup | 12:07:15  🎬  a-eyes-timelapse  hour 05 has no frames yet, skipping
2026-10-01T12:07:27-10:00job:security_timelapse_catchup | 12:07:15  🎬  a-eyes-timelapse  hour 06 has no frames yet, skipping
2026-10-01T12:07:27-10:00job:security_timelapse_catchup | 12:07:15  🎬  a-eyes-timelapse  hour 07 has no frames yet, skipping
2026-10-01T12:07:27-10:00job:security_timelapse_catchup | 12:07:15  🎬  a-eyes-timelapse  hour 08 already compiled, skipping
2026-10-01T12:07:27-10:00job:security_timelapse_catchup | 12:07:15  🎬  a-eyes-timelapse  hour 09 already compiled, skipping
2026-10-01T12:07:27-10:00job:security_timelapse_catchup | 12:07:15  🎬  a-eyes-timelapse  hour 10 already compiled, skipping
2026-10-01T12:07:27-10:00job:security_timelapse_catchup | 12:07:27  🎬  a-eyes-timelapse  hour 11 → hour_11.mp4  (11 frames, 12.86s)
2026-10-01T12:07:27-10:00job:security_timelapse_catchup | 12:07:27  🎬  a-eyes-timelapse  hour 11 frames archived → /home/rootrecord/RootRecord-Ecosystem/2 - RootRecord-Database/Media/Timelapses/_archive/20261001/hour_11
2026-10-01T12:07:27-10:00job:security_timelapse_catchup | 12:07:27  🎬  a-eyes-timelapse  catchup: window still open today, skipping daily render
2026-10-01T12:07:27-10:00boot:run  priority=8  id=weather_poller
2026-10-01T12:07:27-10:00job:weather_poller RUN  bash "/home/rootrecord/RootRecord-Ecosystem/1 - Servers/1 - RootRecord-Pacific-Solar-Server/Weather/scripts/ensure-weather-poller.sh"
2026-10-01T12:07:28-10:00job:weather_poller | [ensure-weather-poller] starting -- entry=/home/rootrecord/RootRecord-Ecosystem/1 - Servers/1 - RootRecord-Pacific-Solar-Server/Weather/scripts/run_poller.py log=/home/rootrecord/RootRecord-Ecosystem/2 - RootRecord-Database/Weather/Hawai'i/logs/weather-poller.log
2026-10-01T12:07:28-10:00job:weather_poller | [ensure-weather-poller] verify: weather poller is running
2026-10-01T12:07:28-10:00boot:run  priority=9  id=network_globe_hawaii
2026-10-01T12:07:28-10:00job:network_globe_hawaii RUN  bash "/home/rootrecord/RootRecord-Ecosystem/1 - Servers/1 - RootRecord-Pacific-Solar-Server/Communications/network/scripts/ensure-network-globe-hawaii.sh"
2026-10-01T12:07:28-10:00job:network_globe_hawaii | [ensure-network-globe-hawaii] already running -- nothing to do
2026-10-01T12:07:28-10:00boot:done
2026-10-01T12:08:03-10:00  ▸  SUMMARY=delta2 soc=24.88% solar=0W ac_out=0W usbc=51W src=ble db=ok
2026-10-01T12:08:03-10:00scheduler  every_seconds=11  every_minute=11  every_hour=4  on_at=10
2026-10-01T12:08:03-10:00ENERGY  status=live  B2=24.9%  B1=9.4%  solar=0 W  ac=0 W  usbc=51 W  src=/home/rootrecord/RootRecord-Ecosystem/2 - RootRecord-Database/Energy  LAP=39%/Charging/AC
2026-10-01T12:08:17-10:00  ▸  SUMMARY=delta2 soc=24.88% solar=0W ac_out=0W usbc=55W src=ble db=ok
2026-10-01T12:08:17-10:00job:sys_stats_cycle RUN  bash "/home/rootrecord/RootRecord-Ecosystem/1 - Servers/1 - RootRecord-Pacific-Solar-Server/System/scripts/sys-sample.sh"
2026-10-01T12:08:20-10:00job:sys_stats_cycle | SYSTEM  cpu=5%  load=5.52  mem=46%  src=sqlite
2026-10-01T12:08:20-10:00job:sys_stats_cycle | OK wrote /home/rootrecord/RootRecord-Ecosystem/2 - RootRecord-Database/System/samples/sys-20261001-120818.json
2026-10-01T12:10:54-10:00job:github_sync_all | ↑ [ecosystem] committed 126 local file(s)
2026-10-01T12:10:54-10:00job:github_sync_all | ↓ [ecosystem] fetching origin/main
2026-10-01T12:10:54-10:00job:github_sync_all | From github.com:RootRecord-Software-Solutions/RootRecord-Ecosystem
2026-10-01T12:10:54-10:00job:github_sync_all | * branch              main       -> FETCH_HEAD
2026-10-01T12:10:54-10:00job:github_sync_all | * [new branch]        main       -> origin/main
2026-10-01T12:10:54-10:00job:github_sync_all | ↑ [ecosystem] local is ahead of GitHub
2026-10-01T12:10:54-10:00job:github_sync_all | To github.com:RootRecord-Software-Solutions/RootRecord-Ecosystem.git
2026-10-01T12:10:54-10:00job:github_sync_all | 15751032..4cc267ee  HEAD -> main
2026-10-01T12:10:54-10:00job:github_sync_all | branch 'main' set up to track 'origin/main'.
2026-10-01T12:10:54-10:00job:github_sync_all | ↑ [ecosystem] 126 files → RootRecord-Software-Solutions/RootRecord-Ecosystem (main)
2026-10-01T12:10:54-10:00job:github_sync_all | ↑ [pacific] committed 21 local file(s)
2026-10-01T12:10:54-10:00job:github_sync_all | ↓ [pacific] fetching origin/main
2026-10-01T12:10:54-10:00job:github_sync_all | From github.com:RootRecord-Software-Solutions/RootRecord-Pacific-Solar-Server
2026-10-01T12:10:54-10:00job:github_sync_all | * branch            main       -> FETCH_HEAD
2026-10-01T12:10:54-10:00job:github_sync_all | ↑ [pacific] local is ahead of GitHub
2026-10-01T12:10:54-10:00job:github_sync_all | To github.com:RootRecord-Software-Solutions/RootRecord-Pacific-Solar-Server.git
2026-10-01T12:10:54-10:00job:github_sync_all | 90c32a4..b451a6d  HEAD -> main
2026-10-01T12:10:54-10:00job:github_sync_all | branch 'main' set up to track 'origin/main'.
2026-10-01T12:10:54-10:00job:github_sync_all | ↑ [pacific] 21 files → RootRecord-Software-Solutions/RootRecord-Pacific-Solar-Server (main)
2026-10-01T12:10:54-10:00job:github_sync_all | ↑ [database] committed 33 local file(s)
2026-10-01T12:10:54-10:00job:github_sync_all | ↓ [database] fetching origin/main
2026-10-01T12:10:54-10:00job:github_sync_all | From github.com:RootRecord-Software-Solutions/RootRecord-Database
2026-10-01T12:10:54-10:00job:github_sync_all | * branch              main       -> FETCH_HEAD
2026-10-01T12:10:54-10:00job:github_sync_all | ↑ [database] local is ahead of GitHub
2026-10-01T12:10:54-10:00job:github_sync_all | To github.com:RootRecord-Software-Solutions/RootRecord-Database.git
2026-10-01T12:10:54-10:00job:github_sync_all | 525da0a1..e6780177  HEAD -> main
2026-10-01T12:10:54-10:00job:github_sync_all | branch 'main' set up to track 'origin/main'.
2026-10-01T12:10:54-10:00job:github_sync_all | ↑ [database] 33 files → RootRecord-Software-Solutions/RootRecord-Database (main)
2026-10-01T12:10:54-10:00job:github_sync_all | — [library] no local changes
2026-10-01T12:10:54-10:00job:github_sync_all | ↓ [library] fetching origin/main
2026-10-01T12:10:54-10:00job:github_sync_all | From github.com:RootRecord-Software-Solutions/RootRecord-Library
2026-10-01T12:10:54-10:00job:github_sync_all | * branch            main       -> FETCH_HEAD
2026-10-01T12:10:54-10:00job:github_sync_all | — [library] local and GitHub already match
2026-10-01T12:10:54-10:00job:github_sync_all | — [library] nothing to push
2026-10-01T12:10:54-10:00job:github_sync_all | ↑ [website] committed 9 local file(s)
2026-10-01T12:10:54-10:00job:github_sync_all | ↓ [website] fetching origin/main
2026-10-01T12:10:54-10:00job:github_sync_all | From github.com:RootRecord-Software-Solutions/RootRecord-Website
2026-10-01T12:10:54-10:00job:github_sync_all | * branch            main       -> FETCH_HEAD
2026-10-01T12:10:54-10:00job:github_sync_all | ↑ [website] local is ahead of GitHub
2026-10-01T12:10:54-10:00job:github_sync_all | To github.com:RootRecord-Software-Solutions/RootRecord-Website.git
2026-10-01T12:10:54-10:00job:worklog_scan RUN  bash "/home/rootrecord/RootRecord-Ecosystem/1 - Servers/1 - RootRecord-Pacific-Solar-Server/Reports/scripts/worklog_once.sh"
2026-10-01T12:13:54-10:00job:worklog_scan TIMEOUT after 180s
2026-10-01T12:13:54-10:00job:security_camera_frame_grab RUN  bash "/home/rootrecord/RootRecord-Ecosystem/1 - Servers/1 - RootRecord-Pacific-Solar-Server/Security/Cameras/grab_all.sh"
2026-10-01T12:14:11-10:00job:security_camera_frame_grab | 12:13:54  📷  a-eyes  ch1 → ch1-20261001T221354Z.jpg  (529.8 KB, 4.32s)
2026-10-01T12:14:11-10:00job:security_camera_frame_grab | 12:13:58  📷  a-eyes  ch2 → ch2-20261001T221358Z.jpg  (134.2 KB, 4.38s)
2026-10-01T12:14:11-10:00job:security_camera_frame_grab | 12:14:03  📷  a-eyes  ch3 → ch3-20261001T221403Z.jpg  (452.9 KB, 4.38s)
2026-10-01T12:14:11-10:00job:security_camera_frame_grab | 12:14:07  📷  a-eyes  ch4 → ch4-20261001T221407Z.jpg  (123.9 KB, 4.36s)
2026-10-01T12:14:11-10:00job:service_supervisor RUN  bash "/home/rootrecord/RootRecord-Ecosystem/1 - Servers/1 - RootRecord-Pacific-Solar-Server/Automations/scripts/supervise-services.sh"
2026-10-01T12:14:11-10:00job:service_supervisor | [supervisor] weather alive pid=1988833 (act)
2026-10-01T12:14:11-10:00job:service_supervisor | [supervisor] relay alive pid=1988054 (act)
2026-10-01T12:14:12-10:00job:geology_collect RUN  nice -n 10 python3 "/home/rootrecord/RootRecord-Ecosystem/1 - Servers/1 - RootRecord-Pacific-Solar-Server/Geology/scripts/geology_collect.py" all
2026-10-01T12:14:15-10:00job:geology_collect | {"ok": true, "at": "2026-10-01T12:14:12-10:00", "what": "all", "dry_run": false, "sources": {"hawaii": {"ok": true, "count": 59, "new": 1, "new_m2": 0, "ms": 938}, "global": {"ok": true, "count": 37, "new": 0, "ms": 302}, "hvo_notices": {"ok": true, "count": 47, "new": 1, "ms": 1118}, "hvo_status": {"ok": true, "volcanoes": 8, "kilauea": "WATCH", "mauna_loa": "NORMAL", "ms": 613}}}
2026-10-01T12:14:15-10:00job:status_snapshot RUN  nice -n 10 python3 "/home/rootrecord/RootRecord-Ecosystem/1 - Servers/1 - RootRecord-Pacific-Solar-Server/Website/scripts/live_data_pages.py"
2026-10-01T12:14:15-10:00job:status_snapshot | live-data 6 pages
2026-10-01T12:14:15-10:00job:system_net_sample RUN  nice -n 10 python3 "/home/rootrecord/RootRecord-Ecosystem/1 - Servers/1 - RootRecord-Pacific-Solar-Server/System/scripts/host_desks.py" net-sample
2026-10-01T12:14:15-10:00job:system_net_sample | {"ok": true, "file": "/home/rootrecord/RootRecord-Ecosystem/2 - RootRecord-Database/System/network/Daily/net-20261001.jsonl", "iface": "wlo1", "hour": {"seconds": 3697, "rx": 543954324, "tx": 505350302, "total": 1049304626, "iface": "wlo1", "link": "wireless"}, "day": {"seconds": 75241, "rx": 2625313202, "tx": 2797644642, "total": 5422957844, "iface": "wlo1", "link": "wireless"}}
2026-10-01T12:14:15-10:00job:discord_report_relay RUN  nice -n 10 python3 "/home/rootrecord/RootRecord-Ecosystem/1 - Servers/1 - RootRecord-Pacific-Solar-Server/Communications/Discord/scripts/report_relay.py"
2026-10-01T12:14:23-10:00job:discord_report_relay | posted energy_report
2026-10-01T12:14:23-10:00job:discord_report_relay | posted remaining_tasks
2026-10-01T12:14:23-10:00job:discord_report_relay | posted earthquake_report
2026-10-01T12:14:23-10:00job:discord_report_relay | posted kilauea_report
2026-10-01T12:14:23-10:00job:discord_report_relay | posted solar_desk
2026-10-01T12:14:23-10:00job:discord_report_relay | posted bandwidth_desk
2026-10-01T12:14:23-10:00job:discord_report_relay | posted system_perf
2026-10-01T12:14:23-10:00ENERGY  status=live  B2=24.9%  B1=9.4%  solar=0 W  ac=0 W  usbc=55 W  src=/home/rootrecord/RootRecord-Ecosystem/2 - RootRecord-Database/Energy  LAP=45%/Charging/AC
2026-10-01T12:14:39-10:00  ▸  SUMMARY=delta2 soc=24.07% solar=0W ac_out=0W usbc=55W src=ble db=ok
2026-10-01T12:14:39-10:00job:sys_stats_cycle RUN  bash "/home/rootrecord/RootRecord-Ecosystem/1 - Servers/1 - RootRecord-Pacific-Solar-Server/System/scripts/sys-sample.sh"
2026-10-01T12:14:41-10:00job:sys_stats_cycle | SYSTEM  cpu=6%  load=2.06  mem=46%  src=sqlite
2026-10-01T12:14:41-10:00job:sys_stats_cycle | OK wrote /home/rootrecord/RootRecord-Ecosystem/2 - RootRecord-Database/System/samples/sys-20261001-121440.json
2026-10-01T12:15:48-10:00job:github_sync_all | ↑ [ecosystem] committed 22 local file(s)
2026-10-01T12:15:48-10:00job:github_sync_all | ↓ [ecosystem] fetching origin/main
2026-10-01T12:15:48-10:00job:github_sync_all | From github.com:RootRecord-Software-Solutions/RootRecord-Ecosystem
2026-10-01T12:15:48-10:00job:github_sync_all | * branch              main       -> FETCH_HEAD
2026-10-01T12:15:48-10:00job:github_sync_all | ↑ [ecosystem] local is ahead of GitHub
2026-10-01T12:15:48-10:00job:github_sync_all | To github.com:RootRecord-Software-Solutions/RootRecord-Ecosystem.git
2026-10-01T12:15:48-10:00job:github_sync_all | 4cc267ee..133d8616  HEAD -> main
2026-10-01T12:15:48-10:00job:github_sync_all | branch 'main' set up to track 'origin/main'.
2026-10-01T12:15:48-10:00job:github_sync_all | ↑ [ecosystem] 22 files → RootRecord-Software-Solutions/RootRecord-Ecosystem (main)
2026-10-01T12:15:48-10:00job:github_sync_all | ↑ [pacific] committed 7 local file(s)
2026-10-01T12:15:48-10:00job:github_sync_all | ↓ [pacific] fetching origin/main
2026-10-01T12:15:48-10:00job:github_sync_all | From github.com:RootRecord-Software-Solutions/RootRecord-Pacific-Solar-Server
2026-10-01T12:15:48-10:00job:github_sync_all | * branch            main       -> FETCH_HEAD
2026-10-01T12:15:48-10:00job:github_sync_all | ↑ [pacific] local is ahead of GitHub
2026-10-01T12:15:48-10:00job:github_sync_all | To github.com:RootRecord-Software-Solutions/RootRecord-Pacific-Solar-Server.git
2026-10-01T12:15:48-10:00job:github_sync_all | b451a6d..06a7702  HEAD -> main
2026-10-01T12:15:48-10:00job:github_sync_all | branch 'main' set up to track 'origin/main'.
2026-10-01T12:15:48-10:00job:github_sync_all | ↑ [pacific] 7 files → RootRecord-Software-Solutions/RootRecord-Pacific-Solar-Server (main)
2026-10-01T12:15:48-10:00job:github_sync_all | ↑ [database] committed 31 local file(s)
2026-10-01T12:15:48-10:00job:github_sync_all | ↓ [database] fetching origin/main
2026-10-01T12:15:48-10:00job:github_sync_all | From github.com:RootRecord-Software-Solutions/RootRecord-Database
2026-10-01T12:15:48-10:00job:github_sync_all | * branch              main       -> FETCH_HEAD
2026-10-01T12:15:48-10:00job:github_sync_all | ↑ [database] local is ahead of GitHub
2026-10-01T12:15:48-10:00job:github_sync_all | To github.com:RootRecord-Software-Solutions/RootRecord-Database.git
2026-10-01T12:15:48-10:00job:github_sync_all | e6780177..43af0896  HEAD -> main
2026-10-01T12:15:48-10:00job:github_sync_all | branch 'main' set up to track 'origin/main'.
2026-10-01T12:15:48-10:00job:github_sync_all | ↑ [database] 31 files → RootRecord-Software-Solutions/RootRecord-Database (main)
2026-10-01T12:15:48-10:00job:github_sync_all | — [library] no local changes
2026-10-01T12:15:48-10:00job:github_sync_all | ↓ [library] fetching origin/main
2026-10-01T12:15:48-10:00job:github_sync_all | From github.com:RootRecord-Software-Solutions/RootRecord-Library
2026-10-01T12:15:48-10:00job:github_sync_all | * branch            main       -> FETCH_HEAD
2026-10-01T12:15:48-10:00job:github_sync_all | — [library] local and GitHub already match
2026-10-01T12:15:48-10:00job:github_sync_all | — [library] nothing to push
2026-10-01T12:15:48-10:00job:github_sync_all | ↑ [website] committed 4 local file(s)
2026-10-01T12:15:48-10:00job:github_sync_all | ↓ [website] fetching origin/main
2026-10-01T12:15:48-10:00job:github_sync_all | From github.com:RootRecord-Software-Solutions/RootRecord-Website
2026-10-01T12:15:48-10:00job:github_sync_all | * branch            main       -> FETCH_HEAD
2026-10-01T12:15:48-10:00job:github_sync_all | ↑ [website] local is ahead of GitHub
2026-10-01T12:15:48-10:00job:github_sync_all | To github.com:RootRecord-Software-Solutions/RootRecord-Website.git
2026-10-01T12:15:48-10:00job:github_sync_all | 8185956..8ea8e0a  HEAD -> main
2026-10-01T12:15:48-10:00job:security_camera_frame_grab RUN  bash "/home/rootrecord/RootRecord-Ecosystem/1 - Servers/1 - RootRecord-Pacific-Solar-Server/Security/Cameras/grab_all.sh"
2026-10-01T12:16:06-10:00job:security_camera_frame_grab | 12:15:48  📷  a-eyes  ch1 → ch1-20261001T221548Z.jpg  (483.6 KB, 4.47s)
2026-10-01T12:16:06-10:00job:security_camera_frame_grab | 12:15:53  📷  a-eyes  ch2 → ch2-20261001T221553Z.jpg  (131.6 KB, 4.46s)
2026-10-01T12:16:06-10:00job:security_camera_frame_grab | 12:15:57  📷  a-eyes  ch3 → ch3-20261001T221557Z.jpg  (375.8 KB, 4.43s)
2026-10-01T12:16:06-10:00job:security_camera_frame_grab | 12:16:02  📷  a-eyes  ch4 → ch4-20261001T221602Z.jpg  (109.2 KB, 4.48s)
2026-10-01T12:16:06-10:00job:voice_nws_weather RUN  nice -n 10 python3 "/home/rootrecord/RootRecord-Ecosystem/1 - Servers/1 - RootRecord-Pacific-Solar-Server/Media/Voice/scripts/voice_reports.py" nws_weather
2026-10-01T12:16:44-10:00job:voice_nws_weather | {"ok": true, "report": "nws_weather", "md": "/home/rootrecord/RootRecord-Ecosystem/test-reports/Voice/nws_weather_current.md", "sentences": 7, "voice": {"ok": true, "mode": "stitch", "report": "nws_weather", "agent": "ava", "voice": "af_heart", "speed": 1.0, "wav": "/home/rootrecord/RootRecord-Ecosystem/2 - RootRecord-Database/Media/Audio/Voice/nws_weather_current.wav", "clips_used": 0, "live_sentences": 17, "model_loaded": true, "render_s": 22.4, "sample_rate": 24000, "channels": 1, "subtype": "PCM_16", "duration_s": 52.25, "peak_dbfs": -1.5, "rms_dbfs": -20.34, "lead_silence_ms": 113, "qc": "PASS", "wall_s": 22.5, "peak_rss_mb": 1820, "rc": 0}, "deliver": {"ok": true, "sent": true, "persona": "ava", "chat": "-1004367256267", "message_id": 2212, "transcript": false, "report": true, "photo": false, "plan": {"voice": true, "transcript": false, "report": true}}, "radio": {"ok": true, "report": "nws_weather", "file": "nws_weather_current.ogg", "bytes": 384353}}
2026-10-01T12:16:45-10:00ENERGY  status=live  B2=24.1%  B1=9.4%  solar=0 W  ac=0 W  usbc=55 W  src=/home/rootrecord/RootRecord-Ecosystem/2 - RootRecord-Database/Energy  LAP=46%/Charging/AC
2026-10-01T12:17:01-10:00  ▸  SUMMARY=river2pro soc=11.12% solar=0W ac_out=59W usbc=0W src=ble db=ok
2026-10-01T12:17:01-10:00job:sys_stats_cycle RUN  bash "/home/rootrecord/RootRecord-Ecosystem/1 - Servers/1 - RootRecord-Pacific-Solar-Server/System/scripts/sys-sample.sh"
2026-10-01T12:17:02-10:00job:sys_stats_cycle | SYSTEM  cpu=32%  load=1.88  mem=43%  src=sqlite
2026-10-01T12:17:02-10:00job:sys_stats_cycle | OK wrote /home/rootrecord/RootRecord-Ecosystem/2 - RootRecord-Database/System/samples/sys-20261001-121701.json
2026-10-01T12:18:06-10:00job:github_sync_all | ↑ [ecosystem] committed 7 local file(s)
2026-10-01T12:18:06-10:00job:github_sync_all | ↓ [ecosystem] fetching origin/main
2026-10-01T12:18:06-10:00job:github_sync_all | From github.com:RootRecord-Software-Solutions/RootRecord-Ecosystem
2026-10-01T12:18:06-10:00job:github_sync_all | * branch              main       -> FETCH_HEAD
2026-10-01T12:18:06-10:00job:github_sync_all | ↑ [ecosystem] local is ahead of GitHub
2026-10-01T12:18:06-10:00job:github_sync_all | To github.com:RootRecord-Software-Solutions/RootRecord-Ecosystem.git
2026-10-01T12:18:06-10:00job:github_sync_all | 133d8616..f4bd1c69  HEAD -> main
2026-10-01T12:18:06-10:00job:github_sync_all | branch 'main' set up to track 'origin/main'.
2026-10-01T12:18:06-10:00job:github_sync_all | ↑ [ecosystem] 7 files → RootRecord-Software-Solutions/RootRecord-Ecosystem (main)
2026-10-01T12:18:06-10:00job:github_sync_all | — [pacific] no local changes
2026-10-01T12:18:06-10:00job:github_sync_all | ↓ [pacific] fetching origin/main
2026-10-01T12:18:06-10:00job:github_sync_all | From github.com:RootRecord-Software-Solutions/RootRecord-Pacific-Solar-Server
2026-10-01T12:18:06-10:00job:github_sync_all | * branch            main       -> FETCH_HEAD
2026-10-01T12:18:06-10:00job:github_sync_all | — [pacific] local and GitHub already match
2026-10-01T12:18:06-10:00job:github_sync_all | — [pacific] nothing to push
2026-10-01T12:18:06-10:00job:github_sync_all | ↑ [database] committed 15 local file(s)
2026-10-01T12:18:06-10:00job:github_sync_all | ↓ [database] fetching origin/main
2026-10-01T12:18:06-10:00job:github_sync_all | From github.com:RootRecord-Software-Solutions/RootRecord-Database
2026-10-01T12:18:06-10:00job:github_sync_all | * branch              main       -> FETCH_HEAD
2026-10-01T12:18:06-10:00job:github_sync_all | ↑ [database] local is ahead of GitHub
2026-10-01T12:18:06-10:00job:github_sync_all | To github.com:RootRecord-Software-Solutions/RootRecord-Database.git
2026-10-01T12:18:06-10:00job:github_sync_all | 43af0896..135e7a43  HEAD -> main
2026-10-01T12:18:06-10:00job:github_sync_all | branch 'main' set up to track 'origin/main'.
2026-10-01T12:18:06-10:00job:github_sync_all | ↑ [database] 15 files → RootRecord-Software-Solutions/RootRecord-Database (main)
2026-10-01T12:18:06-10:00job:github_sync_all | — [library] no local changes
2026-10-01T12:18:06-10:00job:github_sync_all | ↓ [library] fetching origin/main
2026-10-01T12:18:06-10:00job:github_sync_all | From github.com:RootRecord-Software-Solutions/RootRecord-Library
2026-10-01T12:18:06-10:00job:github_sync_all | * branch            main       -> FETCH_HEAD
2026-10-01T12:18:06-10:00job:github_sync_all | — [library] local and GitHub already match
2026-10-01T12:18:06-10:00job:github_sync_all | — [library] nothing to push
2026-10-01T12:18:06-10:00job:github_sync_all | — [website] no local changes
2026-10-01T12:18:06-10:00job:github_sync_all | ↓ [website] fetching origin/main
2026-10-01T12:18:06-10:00job:github_sync_all | From github.com:RootRecord-Software-Solutions/RootRecord-Website
2026-10-01T12:18:06-10:00job:github_sync_all | * branch            main       -> FETCH_HEAD
2026-10-01T12:18:06-10:00job:github_sync_all | — [website] local and GitHub already match
2026-10-01T12:18:06-10:00job:github_sync_all | — [website] nothing to push
2026-10-01T12:18:06-10:00job:github_sync_all | — [website-personal] no local changes
2026-10-01T12:18:06-10:00job:github_sync_all | ↓ [website-personal] fetching origin/main
2026-10-01T12:18:06-10:00job:github_sync_all | From github.com:rootrecordsoftwaresolutions/RootRecord-Website
2026-10-01T12:18:06-10:00job:github_sync_all | * branch            main       -> FETCH_HEAD
2026-10-01T12:18:06-10:00job:worklog_scan RUN  bash "/home/rootrecord/RootRecord-Ecosystem/1 - Servers/1 - RootRecord-Pacific-Solar-Server/Reports/scripts/worklog_once.sh"
2026-10-01T12:21:06-10:00job:worklog_scan TIMEOUT after 180s
2026-10-01T12:21:06-10:00job:security_camera_frame_grab RUN  bash "/home/rootrecord/RootRecord-Ecosystem/1 - Servers/1 - RootRecord-Pacific-Solar-Server/Security/Cameras/grab_all.sh"
2026-10-01T12:21:25-10:00job:security_camera_frame_grab | 12:21:07  📷  a-eyes  ch1 → ch1-20261001T222107Z.jpg  (483.6 KB, 4.30s)
2026-10-01T12:21:25-10:00job:security_camera_frame_grab | 12:21:11  📷  a-eyes  ch2 → ch2-20261001T222111Z.jpg  (135.6 KB, 4.49s)
2026-10-01T12:21:25-10:00job:security_camera_frame_grab | 12:21:15  📷  a-eyes  ch3 → ch3-20261001T222115Z.jpg  (393.7 KB, 4.61s)
2026-10-01T12:21:25-10:00job:security_camera_frame_grab | 12:21:20  📷  a-eyes  ch4 → ch4-20261001T222120Z.jpg  (111.1 KB, 4.40s)
2026-10-01T12:21:25-10:00job:status_snapshot RUN  nice -n 10 python3 "/home/rootrecord/RootRecord-Ecosystem/1 - Servers/1 - RootRecord-Pacific-Solar-Server/Website/scripts/live_data_pages.py"
2026-10-01T12:21:25-10:00job:status_snapshot | live-data 6 pages
2026-10-01T12:21:25-10:00ENERGY  status=live  B2=24.1%  B1=11.1%  solar=0 W  ac=0 W  usbc=55 W  src=/home/rootrecord/RootRecord-Ecosystem/2 - RootRecord-Database/Energy  LAP=50%/Charging/AC
2026-10-01T12:21:42-10:00  ▸  SUMMARY=river2pro soc=11.83% solar=0W ac_out=79W usbc=0W src=ble db=ok
2026-10-01T12:21:42-10:00job:sys_stats_cycle RUN  bash "/home/rootrecord/RootRecord-Ecosystem/1 - Servers/1 - RootRecord-Pacific-Solar-Server/System/scripts/sys-sample.sh"
2026-10-01T12:21:43-10:00job:sys_stats_cycle | SYSTEM  cpu=18%  load=2.32  mem=47%  src=sqlite
2026-10-01T12:21:43-10:00job:sys_stats_cycle | OK wrote /home/rootrecord/RootRecord-Ecosystem/2 - RootRecord-Database/System/samples/sys-20261001-122142.json
2026-10-01T12:22:57-10:00job:github_sync_all | ↑ [ecosystem] committed 20 local file(s)
2026-10-01T12:22:57-10:00job:github_sync_all | ↓ [ecosystem] fetching origin/main
2026-10-01T12:22:57-10:00job:github_sync_all | From github.com:RootRecord-Software-Solutions/RootRecord-Ecosystem
2026-10-01T12:22:57-10:00job:github_sync_all | * branch              main       -> FETCH_HEAD
2026-10-01T12:22:57-10:00job:github_sync_all | ↑ [ecosystem] local is ahead of GitHub
2026-10-01T12:22:57-10:00job:github_sync_all | To github.com:RootRecord-Software-Solutions/RootRecord-Ecosystem.git
2026-10-01T12:22:57-10:00job:github_sync_all | f4bd1c69..1ddae4d5  HEAD -> main
2026-10-01T12:22:57-10:00job:github_sync_all | branch 'main' set up to track 'origin/main'.
2026-10-01T12:22:57-10:00job:github_sync_all | ↑ [ecosystem] 20 files → RootRecord-Software-Solutions/RootRecord-Ecosystem (main)
2026-10-01T12:22:57-10:00job:github_sync_all | ↑ [pacific] committed 8 local file(s)
2026-10-01T12:22:57-10:00job:github_sync_all | ↓ [pacific] fetching origin/main
2026-10-01T12:22:57-10:00job:github_sync_all | From github.com:RootRecord-Software-Solutions/RootRecord-Pacific-Solar-Server
2026-10-01T12:22:57-10:00job:github_sync_all | * branch            main       -> FETCH_HEAD
2026-10-01T12:22:57-10:00job:github_sync_all | ↑ [pacific] local is ahead of GitHub
2026-10-01T12:22:57-10:00job:github_sync_all | To github.com:RootRecord-Software-Solutions/RootRecord-Pacific-Solar-Server.git
2026-10-01T12:22:57-10:00job:github_sync_all | 06a7702..7a641e8  HEAD -> main
2026-10-01T12:22:57-10:00job:github_sync_all | branch 'main' set up to track 'origin/main'.
2026-10-01T12:22:57-10:00job:github_sync_all | ↑ [pacific] 8 files → RootRecord-Software-Solutions/RootRecord-Pacific-Solar-Server (main)
2026-10-01T12:22:57-10:00job:github_sync_all | ↑ [database] committed 18 local file(s)
2026-10-01T12:22:57-10:00job:github_sync_all | ↓ [database] fetching origin/main
2026-10-01T12:22:57-10:00job:github_sync_all | From github.com:RootRecord-Software-Solutions/RootRecord-Database
2026-10-01T12:22:57-10:00job:github_sync_all | * branch              main       -> FETCH_HEAD
2026-10-01T12:22:57-10:00job:github_sync_all | ↑ [database] local is ahead of GitHub
2026-10-01T12:22:57-10:00job:github_sync_all | To github.com:RootRecord-Software-Solutions/RootRecord-Database.git
2026-10-01T12:22:57-10:00job:github_sync_all | 135e7a43..563e98a2  HEAD -> main
2026-10-01T12:22:57-10:00job:github_sync_all | branch 'main' set up to track 'origin/main'.
2026-10-01T12:22:57-10:00job:github_sync_all | ↑ [database] 18 files → RootRecord-Software-Solutions/RootRecord-Database (main)
2026-10-01T12:22:57-10:00job:github_sync_all | — [library] no local changes
2026-10-01T12:22:57-10:00job:github_sync_all | ↓ [library] fetching origin/main
2026-10-01T12:22:57-10:00job:github_sync_all | From github.com:RootRecord-Software-Solutions/RootRecord-Library
2026-10-01T12:22:57-10:00job:github_sync_all | * branch            main       -> FETCH_HEAD
2026-10-01T12:22:57-10:00job:github_sync_all | — [library] local and GitHub already match
2026-10-01T12:22:57-10:00job:github_sync_all | — [library] nothing to push
2026-10-01T12:22:57-10:00job:github_sync_all | ↑ [website] committed 7 local file(s)
2026-10-01T12:22:57-10:00job:github_sync_all | ↓ [website] fetching origin/main
2026-10-01T12:22:57-10:00job:github_sync_all | From github.com:RootRecord-Software-Solutions/RootRecord-Website
2026-10-01T12:22:57-10:00job:github_sync_all | * branch            main       -> FETCH_HEAD
2026-10-01T12:22:57-10:00job:github_sync_all | ↑ [website] local is ahead of GitHub
2026-10-01T12:22:57-10:00job:github_sync_all | To github.com:RootRecord-Software-Solutions/RootRecord-Website.git
2026-10-01T12:22:57-10:00job:github_sync_all | 8ea8e0a..13a42cc  HEAD -> main
2026-10-01T12:22:57-10:00job:service_supervisor RUN  bash "/home/rootrecord/RootRecord-Ecosystem/1 - Servers/1 - RootRecord-Pacific-Solar-Server/Automations/scripts/supervise-services.sh"
2026-10-01T12:22:57-10:00job:service_supervisor | [supervisor] weather alive pid=1988833 (act)
2026-10-01T12:22:57-10:00job:service_supervisor | [supervisor] relay alive pid=1988054 (act)
2026-10-01T12:22:57-10:00job:geology_collect RUN  nice -n 10 python3 "/home/rootrecord/RootRecord-Ecosystem/1 - Servers/1 - RootRecord-Pacific-Solar-Server/Geology/scripts/geology_collect.py" all
2026-10-01T12:23:05-10:00job:geology_collect | {"ok": true, "at": "2026-10-01T12:22:57-10:00", "what": "all", "dry_run": false, "sources": {"hawaii": {"ok": true, "count": 59, "new": 0, "new_m2": 0, "ms": 526}, "global": {"ok": true, "count": 37, "new": 0, "ms": 270}, "hvo_notices": {"ok": true, "count": 47, "new": 0, "ms": 1218}, "hvo_status": {"ok": true, "volcanoes": 8, "kilauea": "WATCH", "mauna_loa": "NORMAL", "ms": 5938}}}
2026-10-01T12:23:05-10:00job:system_net_sample RUN  nice -n 10 python3 "/home/rootrecord/RootRecord-Ecosystem/1 - Servers/1 - RootRecord-Pacific-Solar-Server/System/scripts/host_desks.py" net-sample
2026-10-01T12:23:05-10:00job:system_net_sample | {"ok": true, "file": "/home/rootrecord/RootRecord-Ecosystem/2 - RootRecord-Database/System/network/Daily/net-20261001.jsonl", "iface": "wlo1", "hour": {"seconds": 3665, "rx": 536859945, "tx": 501346867, "total": 1038206812, "iface": "wlo1", "link": "wireless"}, "day": {"seconds": 75771, "rx": 2662973313, "tx": 2807084219, "total": 5470057532, "iface": "wlo1", "link": "wireless"}}
2026-10-01T12:23:05-10:00job:discord_report_relay RUN  nice -n 10 python3 "/home/rootrecord/RootRecord-Ecosystem/1 - Servers/1 - RootRecord-Pacific-Solar-Server/Communications/Discord/scripts/report_relay.py"
2026-10-01T12:23:05-10:00job:discord_report_relay | same
2026-10-01T12:23:06-10:00ENERGY  status=live  B2=24.1%  B1=11.8%  solar=0 W  ac=0 W  usbc=55 W  src=/home/rootrecord/RootRecord-Ecosystem/2 - RootRecord-Database/Energy  LAP=51%/Charging/AC
2026-10-01T12:23:22-10:00  ▸  SUMMARY=river2pro soc=12.08% solar=0W ac_out=54W usbc=0W src=ble db=ok
2026-10-01T12:23:22-10:00job:sys_stats_cycle RUN  bash "/home/rootrecord/RootRecord-Ecosystem/1 - Servers/1 - RootRecord-Pacific-Solar-Server/System/scripts/sys-sample.sh"
2026-10-01T12:23:24-10:00job:sys_stats_cycle | SYSTEM  cpu=25%  load=2.02  mem=49%  src=sqlite
2026-10-01T12:23:24-10:00job:sys_stats_cycle | OK wrote /home/rootrecord/RootRecord-Ecosystem/2 - RootRecord-Database/System/samples/sys-20261001-122322.json
2026-10-01T12:24:27-10:00job:github_sync_all | ↑ [ecosystem] committed 10 local file(s)
2026-10-01T12:24:27-10:00job:github_sync_all | ↓ [ecosystem] fetching origin/main
2026-10-01T12:24:27-10:00job:github_sync_all | From github.com:RootRecord-Software-Solutions/RootRecord-Ecosystem
2026-10-01T12:24:27-10:00job:github_sync_all | * branch              main       -> FETCH_HEAD
2026-10-01T12:24:27-10:00job:github_sync_all | ↑ [ecosystem] local is ahead of GitHub
2026-10-01T12:24:27-10:00job:github_sync_all | To github.com:RootRecord-Software-Solutions/RootRecord-Ecosystem.git
2026-10-01T12:24:27-10:00job:github_sync_all | 1ddae4d5..38e7226a  HEAD -> main
2026-10-01T12:24:27-10:00job:github_sync_all | branch 'main' set up to track 'origin/main'.
2026-10-01T12:24:27-10:00job:github_sync_all | ↑ [ecosystem] 10 files → RootRecord-Software-Solutions/RootRecord-Ecosystem (main)
2026-10-01T12:24:27-10:00job:github_sync_all | ↑ [pacific] committed 3 local file(s)
2026-10-01T12:24:27-10:00job:github_sync_all | ↓ [pacific] fetching origin/main
2026-10-01T12:24:27-10:00job:github_sync_all | From github.com:RootRecord-Software-Solutions/RootRecord-Pacific-Solar-Server
2026-10-01T12:24:27-10:00job:github_sync_all | * branch            main       -> FETCH_HEAD
2026-10-01T12:24:27-10:00job:github_sync_all | ↑ [pacific] local is ahead of GitHub
2026-10-01T12:24:27-10:00job:github_sync_all | To github.com:RootRecord-Software-Solutions/RootRecord-Pacific-Solar-Server.git
2026-10-01T12:24:27-10:00job:github_sync_all | 7a641e8..78866f2  HEAD -> main
2026-10-01T12:24:27-10:00job:github_sync_all | branch 'main' set up to track 'origin/main'.
2026-10-01T12:24:27-10:00job:github_sync_all | ↑ [pacific] 3 files → RootRecord-Software-Solutions/RootRecord-Pacific-Solar-Server (main)
2026-10-01T12:24:27-10:00job:github_sync_all | ↑ [database] committed 19 local file(s)
2026-10-01T12:24:27-10:00job:github_sync_all | ↓ [database] fetching origin/main
2026-10-01T12:24:27-10:00job:github_sync_all | From github.com:RootRecord-Software-Solutions/RootRecord-Database
2026-10-01T12:24:27-10:00job:github_sync_all | * branch              main       -> FETCH_HEAD
2026-10-01T12:24:27-10:00job:github_sync_all | ↑ [database] local is ahead of GitHub
2026-10-01T12:24:27-10:00job:github_sync_all | To github.com:RootRecord-Software-Solutions/RootRecord-Database.git
2026-10-01T12:24:27-10:00job:github_sync_all | 563e98a2..a8d3de2d  HEAD -> main
2026-10-01T12:24:27-10:00job:github_sync_all | branch 'main' set up to track 'origin/main'.
2026-10-01T12:24:27-10:00job:github_sync_all | ↑ [database] 19 files → RootRecord-Software-Solutions/RootRecord-Database (main)
2026-10-01T12:24:27-10:00job:github_sync_all | — [library] no local changes
2026-10-01T12:24:27-10:00job:github_sync_all | ↓ [library] fetching origin/main
2026-10-01T12:24:27-10:00job:github_sync_all | From github.com:RootRecord-Software-Solutions/RootRecord-Library
2026-10-01T12:24:27-10:00job:github_sync_all | * branch            main       -> FETCH_HEAD
2026-10-01T12:24:27-10:00job:github_sync_all | — [library] local and GitHub already match
2026-10-01T12:24:27-10:00job:github_sync_all | — [library] nothing to push
2026-10-01T12:24:27-10:00job:github_sync_all | ↑ [website] committed 2 local file(s)
2026-10-01T12:24:27-10:00job:github_sync_all | ↓ [website] fetching origin/main
2026-10-01T12:24:27-10:00job:github_sync_all | From github.com:RootRecord-Software-Solutions/RootRecord-Website
2026-10-01T12:24:27-10:00job:github_sync_all | * branch            main       -> FETCH_HEAD
2026-10-01T12:24:27-10:00job:github_sync_all | ↑ [website] local is ahead of GitHub
2026-10-01T12:24:27-10:00job:github_sync_all | To github.com:RootRecord-Software-Solutions/RootRecord-Website.git
2026-10-01T12:24:27-10:00job:github_sync_all | 13a42cc..32efbd7  HEAD -> main
2026-10-01T12:24:27-10:00job:worklog_scan RUN  bash "/home/rootrecord/RootRecord-Ecosystem/1 - Servers/1 - RootRecord-Pacific-Solar-Server/Reports/scripts/worklog_once.sh"
2026-10-01T12:27:27-10:00job:worklog_scan TIMEOUT after 180s
2026-10-01T12:27:27-10:00job:security_camera_frame_grab RUN  bash "/home/rootrecord/RootRecord-Ecosystem/1 - Servers/1 - RootRecord-Pacific-Solar-Server/Security/Cameras/grab_all.sh"
2026-10-01T12:27:45-10:00job:security_camera_frame_grab | 12:27:27  📷  a-eyes  ch1 → ch1-20261001T222727Z.jpg  (515.9 KB, 4.38s)
2026-10-01T12:27:45-10:00job:security_camera_frame_grab | 12:27:32  📷  a-eyes  ch2 → ch2-20261001T222732Z.jpg  (134.4 KB, 4.40s)
2026-10-01T12:27:45-10:00job:security_camera_frame_grab | 12:27:36  📷  a-eyes  ch3 → ch3-20261001T222736Z.jpg  (386.5 KB, 4.41s)
2026-10-01T12:27:45-10:00job:security_camera_frame_grab | 12:27:41  📷  a-eyes  ch4 → ch4-20261001T222741Z.jpg  (134.6 KB, 4.25s)
2026-10-01T12:27:45-10:00job:status_snapshot RUN  nice -n 10 python3 "/home/rootrecord/RootRecord-Ecosystem/1 - Servers/1 - RootRecord-Pacific-Solar-Server/Website/scripts/live_data_pages.py"
2026-10-01T12:27:45-10:00job:status_snapshot | live-data 6 pages
2026-10-01T12:27:46-10:00ENERGY  status=live  B2=24.1%  B1=12.1%  solar=0 W  ac=0 W  usbc=55 W  src=/home/rootrecord/RootRecord-Ecosystem/2 - RootRecord-Database/Energy  LAP=54%/Charging/AC
2026-10-01T12:28:02-10:00  ▸  SUMMARY=river2pro soc=12.6% solar=0W ac_out=60W usbc=0W src=ble db=ok
2026-10-01T12:28:02-10:00job:sys_stats_cycle RUN  bash "/home/rootrecord/RootRecord-Ecosystem/1 - Servers/1 - RootRecord-Pacific-Solar-Server/System/scripts/sys-sample.sh"
2026-10-01T12:28:04-10:00job:sys_stats_cycle | SYSTEM  cpu=26%  load=4.75  mem=52%  src=sqlite
2026-10-01T12:28:04-10:00job:sys_stats_cycle | OK wrote /home/rootrecord/RootRecord-Ecosystem/2 - RootRecord-Database/System/samples/sys-20261001-122803.json
2026-10-01T12:29:17-10:00job:github_sync_all | ↑ [ecosystem] committed 7 local file(s)
2026-10-01T12:29:17-10:00job:github_sync_all | ↓ [ecosystem] fetching origin/main
2026-10-01T12:29:17-10:00job:github_sync_all | From github.com:RootRecord-Software-Solutions/RootRecord-Ecosystem
2026-10-01T12:29:17-10:00job:github_sync_all | * branch              main       -> FETCH_HEAD
2026-10-01T12:29:17-10:00job:github_sync_all | ↑ [ecosystem] local is ahead of GitHub
2026-10-01T12:29:17-10:00job:github_sync_all | To github.com:RootRecord-Software-Solutions/RootRecord-Ecosystem.git
2026-10-01T12:29:17-10:00job:github_sync_all | 38e7226a..b4f3be2c  HEAD -> main
2026-10-01T12:29:17-10:00job:github_sync_all | branch 'main' set up to track 'origin/main'.
2026-10-01T12:29:17-10:00job:github_sync_all | ↑ [ecosystem] 7 files → RootRecord-Software-Solutions/RootRecord-Ecosystem (main)
2026-10-01T12:29:17-10:00job:github_sync_all | ↑ [pacific] committed 2 local file(s)
2026-10-01T12:29:17-10:00job:github_sync_all | ↓ [pacific] fetching origin/main
2026-10-01T12:29:17-10:00job:github_sync_all | From github.com:RootRecord-Software-Solutions/RootRecord-Pacific-Solar-Server
2026-10-01T12:29:17-10:00job:github_sync_all | * branch            main       -> FETCH_HEAD
2026-10-01T12:29:17-10:00job:github_sync_all | ↑ [pacific] local is ahead of GitHub
2026-10-01T12:29:17-10:00job:github_sync_all | To github.com:RootRecord-Software-Solutions/RootRecord-Pacific-Solar-Server.git
2026-10-01T12:29:17-10:00job:github_sync_all | 78866f2..a051f77  HEAD -> main
2026-10-01T12:29:17-10:00job:github_sync_all | branch 'main' set up to track 'origin/main'.
2026-10-01T12:29:17-10:00job:github_sync_all | ↑ [pacific] 2 files → RootRecord-Software-Solutions/RootRecord-Pacific-Solar-Server (main)
2026-10-01T12:29:17-10:00job:github_sync_all | ↑ [database] committed 18 local file(s)
2026-10-01T12:29:17-10:00job:github_sync_all | ↓ [database] fetching origin/main
2026-10-01T12:29:17-10:00job:github_sync_all | From github.com:RootRecord-Software-Solutions/RootRecord-Database
2026-10-01T12:29:17-10:00job:github_sync_all | * branch              main       -> FETCH_HEAD
2026-10-01T12:29:17-10:00job:github_sync_all | ↑ [database] local is ahead of GitHub
2026-10-01T12:29:17-10:00job:github_sync_all | To github.com:RootRecord-Software-Solutions/RootRecord-Database.git
2026-10-01T12:29:17-10:00job:github_sync_all | a8d3de2d..424ee177  HEAD -> main
2026-10-01T12:29:17-10:00job:github_sync_all | branch 'main' set up to track 'origin/main'.
2026-10-01T12:29:17-10:00job:github_sync_all | ↑ [database] 18 files → RootRecord-Software-Solutions/RootRecord-Database (main)
2026-10-01T12:29:17-10:00job:github_sync_all | — [library] no local changes
2026-10-01T12:29:17-10:00job:github_sync_all | ↓ [library] fetching origin/main
2026-10-01T12:29:17-10:00job:github_sync_all | From github.com:RootRecord-Software-Solutions/RootRecord-Library
2026-10-01T12:29:17-10:00job:github_sync_all | * branch            main       -> FETCH_HEAD
2026-10-01T12:29:17-10:00job:github_sync_all | — [library] local and GitHub already match
2026-10-01T12:29:17-10:00job:github_sync_all | — [library] nothing to push
2026-10-01T12:29:17-10:00job:github_sync_all | ↑ [website] committed 1 local file(s)
2026-10-01T12:29:17-10:00job:github_sync_all | ↓ [website] fetching origin/main
2026-10-01T12:29:17-10:00job:github_sync_all | From github.com:RootRecord-Software-Solutions/RootRecord-Website
2026-10-01T12:29:17-10:00job:github_sync_all | * branch            main       -> FETCH_HEAD
2026-10-01T12:29:17-10:00job:github_sync_all | ↑ [website] local is ahead of GitHub
2026-10-01T12:29:17-10:00job:github_sync_all | To github.com:RootRecord-Software-Solutions/RootRecord-Website.git
2026-10-01T12:29:17-10:00job:github_sync_all | 32efbd7..ac04099  HEAD -> main
2026-10-01T12:29:17-10:00ENERGY  status=live  B2=24.1%  B1=12.6%  solar=0 W  ac=0 W  usbc=55 W  src=/home/rootrecord/RootRecord-Ecosystem/2 - RootRecord-Database/Energy  LAP=55%/Charging/AC
2026-10-01T12:29:33-10:00  ▸  SUMMARY=river2pro soc=12.73% solar=131W ac_out=76W usbc=0W src=ble db=ok
2026-10-01T12:29:33-10:00job:sys_stats_cycle RUN  bash "/home/rootrecord/RootRecord-Ecosystem/1 - Servers/1 - RootRecord-Pacific-Solar-Server/System/scripts/sys-sample.sh"
2026-10-01T12:29:35-10:00job:sys_stats_cycle | SYSTEM  cpu=13%  load=2.65  mem=51%  src=sqlite
2026-10-01T12:29:35-10:00job:sys_stats_cycle | OK wrote /home/rootrecord/RootRecord-Ecosystem/2 - RootRecord-Database/System/samples/sys-20261001-122933.json
2026-10-01T12:29:35-10:00job:worklog_scan RUN  bash "/home/rootrecord/RootRecord-Ecosystem/1 - Servers/1 - RootRecord-Pacific-Solar-Server/Reports/scripts/worklog_once.sh"
2026-10-01T12:32:35-10:00job:worklog_scan TIMEOUT after 180s
2026-10-01T12:32:35-10:00job:security_camera_frame_grab RUN  bash "/home/rootrecord/RootRecord-Ecosystem/1 - Servers/1 - RootRecord-Pacific-Solar-Server/Security/Cameras/grab_all.sh"
2026-10-01T12:32:53-10:00job:security_camera_frame_grab | 12:32:35  📷  a-eyes  ch1 → ch1-20261001T223235Z.jpg  (502.0 KB, 4.42s)
2026-10-01T12:32:53-10:00job:security_camera_frame_grab | 12:32:39  📷  a-eyes  ch2 → ch2-20261001T223239Z.jpg  (121.3 KB, 4.37s)
2026-10-01T12:32:53-10:00job:security_camera_frame_grab | 12:32:44  📷  a-eyes  ch3 → ch3-20261001T223244Z.jpg  (368.9 KB, 4.35s)
2026-10-01T12:32:53-10:00job:security_camera_frame_grab | 12:32:48  📷  a-eyes  ch4 → ch4-20261001T223248Z.jpg  (126.3 KB, 4.57s)
2026-10-01T12:32:53-10:00job:service_supervisor RUN  bash "/home/rootrecord/RootRecord-Ecosystem/1 - Servers/1 - RootRecord-Pacific-Solar-Server/Automations/scripts/supervise-services.sh"
2026-10-01T12:32:53-10:00job:service_supervisor | [supervisor] weather alive pid=1988833 (act)
2026-10-01T12:32:53-10:00job:service_supervisor | [supervisor] relay alive pid=1988054 (act)
2026-10-01T12:32:53-10:00job:geology_collect RUN  nice -n 10 python3 "/home/rootrecord/RootRecord-Ecosystem/1 - Servers/1 - RootRecord-Pacific-Solar-Server/Geology/scripts/geology_collect.py" all
2026-10-01T12:32:56-10:00job:geology_collect | {"ok": true, "at": "2026-10-01T12:32:53-10:00", "what": "all", "dry_run": false, "sources": {"hawaii": {"ok": true, "count": 60, "new": 1, "new_m2": 0, "ms": 919}, "global": {"ok": true, "count": 37, "new": 0, "ms": 308}, "hvo_notices": {"ok": true, "count": 47, "new": 0, "ms": 1115}, "hvo_status": {"ok": true, "volcanoes": 8, "kilauea": "WATCH", "mauna_loa": "NORMAL", "ms": 609}}}
2026-10-01T12:32:56-10:00job:status_snapshot RUN  nice -n 10 python3 "/home/rootrecord/RootRecord-Ecosystem/1 - Servers/1 - RootRecord-Pacific-Solar-Server/Website/scripts/live_data_pages.py"
2026-10-01T12:32:56-10:00job:status_snapshot | live-data 6 pages
2026-10-01T12:32:56-10:00job:system_net_sample RUN  nice -n 10 python3 "/home/rootrecord/RootRecord-Ecosystem/1 - Servers/1 - RootRecord-Pacific-Solar-Server/System/scripts/host_desks.py" net-sample
2026-10-01T12:32:56-10:00job:system_net_sample | {"ok": true, "file": "/home/rootrecord/RootRecord-Ecosystem/2 - RootRecord-Database/System/network/Daily/net-20261001.jsonl", "iface": "wlo1", "hour": {"seconds": 3649, "rx": 575173063, "tx": 247111347, "total": 822284410, "iface": "wlo1", "link": "wireless"}, "day": {"seconds": 76362, "rx": 2823538598, "tx": 2848850519, "total": 5672389117, "iface": "wlo1", "link": "wireless"}}
2026-10-01T12:32:56-10:00job:discord_report_relay RUN  nice -n 10 python3 "/home/rootrecord/RootRecord-Ecosystem/1 - Servers/1 - RootRecord-Pacific-Solar-Server/Communications/Discord/scripts/report_relay.py"
2026-10-01T12:32:56-10:00job:discord_report_relay | same
2026-10-01T12:32:56-10:00job:voice_nws_weather RUN  nice -n 10 python3 "/home/rootrecord/RootRecord-Ecosystem/1 - Servers/1 - RootRecord-Pacific-Solar-Server/Media/Voice/scripts/voice_reports.py" nws_weather
2026-10-01T12:33:40-10:00job:voice_nws_weather | {"ok": true, "report": "nws_weather", "md": "/home/rootrecord/RootRecord-Ecosystem/test-reports/Voice/nws_weather_current.md", "sentences": 7, "voice": {"ok": true, "mode": "stitch", "report": "nws_weather", "agent": "ava", "voice": "af_heart", "speed": 1.0, "wav": "/home/rootrecord/RootRecord-Ecosystem/2 - RootRecord-Database/Media/Audio/Voice/nws_weather_current.wav", "clips_used": 0, "live_sentences": 17, "model_loaded": true, "render_s": 28.22, "sample_rate": 24000, "channels": 1, "subtype": "PCM_16", "duration_s": 52.347, "peak_dbfs": -1.5, "rms_dbfs": -20.44, "lead_silence_ms": 113, "qc": "PASS", "wall_s": 28.34, "peak_rss_mb": 1797, "rc": 0}, "deliver": {"ok": true, "sent": true, "persona": "ava", "chat": "-1004367256267", "message_id": 2214, "transcript": false, "report": true, "photo": false, "plan": {"voice": true, "transcript": false, "report": true}}, "radio": {"ok": true, "report": "nws_weather", "file": "nws_weather_current.ogg", "bytes": 383770}}
2026-10-01T12:33:40-10:00job:voice_energy_report RUN  nice -n 10 python3 "/home/rootrecord/RootRecord-Ecosystem/1 - Servers/1 - RootRecord-Pacific-Solar-Server/Media/Voice/scripts/voice_reports.py" energy_report
2026-10-01T12:34:06-10:00job:voice_energy_report | {"ok": true, "report": "energy_report", "md": "/home/rootrecord/RootRecord-Ecosystem/test-reports/Voice/energy_report_current.md", "sentences": 6, "voice": {"ok": true, "mode": "stitch", "report": "energy_report", "agent": "carly", "voice": "af_nova", "speed": 1.0, "wav": "/home/rootrecord/RootRecord-Ecosystem/2 - RootRecord-Database/Media/Audio/Voice/energy_report_current.wav", "clips_used": 0, "live_sentences": 5, "model_loaded": true, "render_s": 15.32, "sample_rate": 24000, "channels": 1, "subtype": "PCM_16", "duration_s": 24.241, "peak_dbfs": -1.94, "rms_dbfs": -20.26, "lead_silence_ms": 110, "qc": "PASS", "wall_s": 15.45, "peak_rss_mb": 1496, "rc": 0}, "deliver": {"ok": true, "skipped": true, "detail": "blended into the hourly solar desk; the radio file is refreshed"}, "radio": {"ok": true, "report": "energy_report", "file": "energy_report_current.ogg", "bytes": 175655}}
2026-10-01T12:34:06-10:00job:voice_current_report RUN  nice -n 10 python3 "/home/rootrecord/RootRecord-Ecosystem/1 - Servers/1 - RootRecord-Pacific-Solar-Server/Media/Voice/scripts/voice_reports.py" current_report
2026-10-01T12:35:16-10:00job:voice_current_report | {"ok": true, "report": "current_report", "md": "/home/rootrecord/RootRecord-Ecosystem/2 - RootRecord-Database/Reports/current_report_current.md", "sentences": 21, "voice": {"ok": true, "mode": "stitch", "report": "current_report", "agent": "ava", "voice": "af_heart", "speed": 1.0, "wav": "/home/rootrecord/RootRecord-Ecosystem/2 - RootRecord-Database/Media/Audio/Voice/current_report_current.wav", "clips_used": 0, "live_sentences": 27, "model_loaded": true, "render_s": 52.21, "sample_rate": 24000, "channels": 1, "subtype": "PCM_16", "duration_s": 106.427, "peak_dbfs": -1.5, "rms_dbfs": -20.25, "lead_silence_ms": 114, "qc": "PASS", "wall_s": 52.32, "peak_rss_mb": 2044, "rc": 0}, "deliver": {"ok": true, "sent": true, "persona": "ava", "chat": "-1004367256267", "message_id": 2216, "transcript": false, "report": true, "photo": false, "plan": {"voice": true, "transcript": false, "report": true}}, "radio": {"ok": true, "report": "current_report", "file": "current_report_current.ogg", "bytes": 779713}}
2026-10-01T12:35:16-10:00ENERGY  status=live  B2=24.1%  B1=12.7%  solar=0 W  ac=0 W  usbc=55 W  src=/home/rootrecord/RootRecord-Ecosystem/2 - RootRecord-Database/Energy  LAP=58%/Charging/AC
2026-10-01T12:35:33-10:00  ▸  SUMMARY=river2pro soc=13.56% solar=176W ac_out=68W usbc=0W src=ble db=ok
2026-10-01T12:35:33-10:00job:sys_stats_cycle RUN  bash "/home/rootrecord/RootRecord-Ecosystem/1 - Servers/1 - RootRecord-Pacific-Solar-Server/System/scripts/sys-sample.sh"
2026-10-01T12:35:34-10:00job:sys_stats_cycle | SYSTEM  cpu=17%  load=4.94  mem=47%  src=sqlite
2026-10-01T12:35:34-10:00job:sys_stats_cycle | OK wrote /home/rootrecord/RootRecord-Ecosystem/2 - RootRecord-Database/System/samples/sys-20261001-123533.json
2026-10-01T12:36:49-10:00job:github_sync_all | ↑ [ecosystem] committed 44 local file(s)
2026-10-01T12:36:49-10:00job:github_sync_all | ↓ [ecosystem] fetching origin/main
2026-10-01T12:36:49-10:00job:github_sync_all | From github.com:RootRecord-Software-Solutions/RootRecord-Ecosystem
2026-10-01T12:36:49-10:00job:github_sync_all | * branch              main       -> FETCH_HEAD
2026-10-01T12:36:49-10:00job:github_sync_all | ↑ [ecosystem] local is ahead of GitHub
2026-10-01T12:36:49-10:00job:github_sync_all | To github.com:RootRecord-Software-Solutions/RootRecord-Ecosystem.git
2026-10-01T12:36:49-10:00job:github_sync_all | b4f3be2c..223fc49b  HEAD -> main
2026-10-01T12:36:49-10:00job:github_sync_all | branch 'main' set up to track 'origin/main'.
2026-10-01T12:36:49-10:00job:github_sync_all | ↑ [ecosystem] 44 files → RootRecord-Software-Solutions/RootRecord-Ecosystem (main)
2026-10-01T12:36:49-10:00job:github_sync_all | ↑ [pacific] committed 8 local file(s)
2026-10-01T12:36:49-10:00job:github_sync_all | ↓ [pacific] fetching origin/main
2026-10-01T12:36:49-10:00job:github_sync_all | From github.com:RootRecord-Software-Solutions/RootRecord-Pacific-Solar-Server
2026-10-01T12:36:49-10:00job:github_sync_all | * branch            main       -> FETCH_HEAD
2026-10-01T12:36:49-10:00job:github_sync_all | ↑ [pacific] local is ahead of GitHub
2026-10-01T12:36:49-10:00job:github_sync_all | To github.com:RootRecord-Software-Solutions/RootRecord-Pacific-Solar-Server.git
2026-10-01T12:36:49-10:00job:github_sync_all | a051f77..5d0297e  HEAD -> main
2026-10-01T12:36:49-10:00job:github_sync_all | branch 'main' set up to track 'origin/main'.
2026-10-01T12:36:49-10:00job:github_sync_all | ↑ [pacific] 8 files → RootRecord-Software-Solutions/RootRecord-Pacific-Solar-Server (main)
2026-10-01T12:36:49-10:00job:github_sync_all | ↑ [database] committed 37 local file(s)
2026-10-01T12:36:49-10:00job:github_sync_all | ↓ [database] fetching origin/main
2026-10-01T12:36:49-10:00job:github_sync_all | From github.com:RootRecord-Software-Solutions/RootRecord-Database
2026-10-01T12:36:49-10:00job:github_sync_all | * branch              main       -> FETCH_HEAD
2026-10-01T12:36:49-10:00job:github_sync_all | ↑ [database] local is ahead of GitHub
2026-10-01T12:36:49-10:00job:github_sync_all | To github.com:RootRecord-Software-Solutions/RootRecord-Database.git
2026-10-01T12:36:49-10:00job:github_sync_all | 424ee177..5bda3082  HEAD -> main
2026-10-01T12:36:49-10:00job:github_sync_all | branch 'main' set up to track 'origin/main'.
2026-10-01T12:36:49-10:00job:github_sync_all | ↑ [database] 37 files → RootRecord-Software-Solutions/RootRecord-Database (main)
2026-10-01T12:36:49-10:00job:github_sync_all | — [library] no local changes
2026-10-01T12:36:49-10:00job:github_sync_all | ↓ [library] fetching origin/main
2026-10-01T12:36:49-10:00job:github_sync_all | From github.com:RootRecord-Software-Solutions/RootRecord-Library
2026-10-01T12:36:49-10:00job:github_sync_all | * branch            main       -> FETCH_HEAD
2026-10-01T12:36:49-10:00job:github_sync_all | — [library] local and GitHub already match
2026-10-01T12:36:49-10:00job:github_sync_all | — [library] nothing to push
2026-10-01T12:36:49-10:00job:github_sync_all | ↑ [website] committed 5 local file(s)
2026-10-01T12:36:49-10:00job:github_sync_all | ↓ [website] fetching origin/main
2026-10-01T12:36:49-10:00job:github_sync_all | From github.com:RootRecord-Software-Solutions/RootRecord-Website
2026-10-01T12:36:49-10:00job:github_sync_all | * branch            main       -> FETCH_HEAD
2026-10-01T12:36:49-10:00job:github_sync_all | ↑ [website] local is ahead of GitHub
2026-10-01T12:36:49-10:00job:github_sync_all | To github.com:RootRecord-Software-Solutions/RootRecord-Website.git
2026-10-01T12:36:49-10:00job:github_sync_all | ac04099..337a149  HEAD -> main
2026-10-01T12:36:49-10:00job:worklog_scan RUN  bash "/home/rootrecord/RootRecord-Ecosystem/1 - Servers/1 - RootRecord-Pacific-Solar-Server/Reports/scripts/worklog_once.sh"
2026-10-01T12:39:49-10:00job:worklog_scan TIMEOUT after 180s
2026-10-01T12:39:49-10:00job:security_camera_frame_grab RUN  bash "/home/rootrecord/RootRecord-Ecosystem/1 - Servers/1 - RootRecord-Pacific-Solar-Server/Security/Cameras/grab_all.sh"
2026-10-01T12:40:07-10:00job:security_camera_frame_grab | 12:39:49  📷  a-eyes  ch1 → ch1-20261001T223949Z.jpg  (528.7 KB, 4.36s)
2026-10-01T12:40:07-10:00job:security_camera_frame_grab | 12:39:53  📷  a-eyes  ch2 → ch2-20261001T223953Z.jpg  (130.0 KB, 4.35s)
2026-10-01T12:40:07-10:00job:security_camera_frame_grab | 12:39:58  📷  a-eyes  ch3 → ch3-20261001T223958Z.jpg  (420.9 KB, 4.28s)
2026-10-01T12:40:07-10:00job:security_camera_frame_grab | 12:40:02  📷  a-eyes  ch4 → ch4-20261001T224002Z.jpg  (127.7 KB, 4.46s)
2026-10-01T12:40:07-10:00job:status_snapshot RUN  nice -n 10 python3 "/home/rootrecord/RootRecord-Ecosystem/1 - Servers/1 - RootRecord-Pacific-Solar-Server/Website/scripts/live_data_pages.py"
2026-10-01T12:40:07-10:00job:status_snapshot | live-data 6 pages
2026-10-01T12:40:08-10:00ENERGY  status=live  B2=24.1%  B1=13.6%  solar=0 W  ac=0 W  usbc=55 W  src=/home/rootrecord/RootRecord-Ecosystem/2 - RootRecord-Database/Energy  LAP=61%/Charging/AC
2026-10-01T12:40:24-10:00  ▸  SUMMARY=river2pro soc=14.31% solar=165W ac_out=65W usbc=0W src=ble db=ok
2026-10-01T12:40:24-10:00job:sys_stats_cycle RUN  bash "/home/rootrecord/RootRecord-Ecosystem/1 - Servers/1 - RootRecord-Pacific-Solar-Server/System/scripts/sys-sample.sh"
2026-10-01T12:40:26-10:00job:sys_stats_cycle | SYSTEM  cpu=13%  load=1.61  mem=52%  src=sqlite
2026-10-01T12:40:26-10:00job:sys_stats_cycle | OK wrote /home/rootrecord/RootRecord-Ecosystem/2 - RootRecord-Database/System/samples/sys-20261001-124024.json
2026-10-01T12:41:36-10:00job:github_sync_all | ↑ [ecosystem] committed 45 local file(s)
2026-10-01T12:41:36-10:00job:github_sync_all | ↓ [ecosystem] fetching origin/main
2026-10-01T12:41:36-10:00job:github_sync_all | From github.com:RootRecord-Software-Solutions/RootRecord-Ecosystem
2026-10-01T12:41:36-10:00job:github_sync_all | * branch              main       -> FETCH_HEAD
2026-10-01T12:41:36-10:00job:github_sync_all | ↑ [ecosystem] local is ahead of GitHub
2026-10-01T12:41:36-10:00job:github_sync_all | To github.com:RootRecord-Software-Solutions/RootRecord-Ecosystem.git
2026-10-01T12:41:36-10:00job:github_sync_all | 223fc49b..f9d43a4e  HEAD -> main
2026-10-01T12:41:36-10:00job:github_sync_all | branch 'main' set up to track 'origin/main'.
2026-10-01T12:41:36-10:00job:github_sync_all | ↑ [ecosystem] 45 files → RootRecord-Software-Solutions/RootRecord-Ecosystem (main)
2026-10-01T12:41:36-10:00job:github_sync_all | ↑ [pacific] committed 3 local file(s)
2026-10-01T12:41:36-10:00job:github_sync_all | ↓ [pacific] fetching origin/main
2026-10-01T12:41:36-10:00job:github_sync_all | From github.com:RootRecord-Software-Solutions/RootRecord-Pacific-Solar-Server
2026-10-01T12:41:36-10:00job:github_sync_all | * branch            main       -> FETCH_HEAD
2026-10-01T12:41:36-10:00job:github_sync_all | ↑ [pacific] local is ahead of GitHub
2026-10-01T12:41:36-10:00job:github_sync_all | To github.com:RootRecord-Software-Solutions/RootRecord-Pacific-Solar-Server.git
2026-10-01T12:41:36-10:00job:github_sync_all | 5d0297e..92d9179  HEAD -> main
2026-10-01T12:41:36-10:00job:github_sync_all | branch 'main' set up to track 'origin/main'.
2026-10-01T12:41:36-10:00job:github_sync_all | ↑ [pacific] 3 files → RootRecord-Software-Solutions/RootRecord-Pacific-Solar-Server (main)
2026-10-01T12:41:36-10:00job:github_sync_all | ↑ [database] committed 18 local file(s)
2026-10-01T12:41:36-10:00job:github_sync_all | ↓ [database] fetching origin/main
2026-10-01T12:41:36-10:00job:github_sync_all | From github.com:RootRecord-Software-Solutions/RootRecord-Database
2026-10-01T12:41:36-10:00job:github_sync_all | * branch              main       -> FETCH_HEAD
2026-10-01T12:41:36-10:00job:github_sync_all | ↑ [database] local is ahead of GitHub
2026-10-01T12:41:36-10:00job:github_sync_all | To github.com:RootRecord-Software-Solutions/RootRecord-Database.git
2026-10-01T12:41:36-10:00job:github_sync_all | 5bda3082..62f28fa0  HEAD -> main
2026-10-01T12:41:36-10:00job:github_sync_all | branch 'main' set up to track 'origin/main'.
2026-10-01T12:41:36-10:00job:github_sync_all | ↑ [database] 18 files → RootRecord-Software-Solutions/RootRecord-Database (main)
2026-10-01T12:41:36-10:00job:github_sync_all | — [library] no local changes
2026-10-01T12:41:36-10:00job:github_sync_all | ↓ [library] fetching origin/main
2026-10-01T12:41:36-10:00job:github_sync_all | From github.com:RootRecord-Software-Solutions/RootRecord-Library
2026-10-01T12:41:36-10:00job:github_sync_all | * branch            main       -> FETCH_HEAD
2026-10-01T12:41:36-10:00job:github_sync_all | — [library] local and GitHub already match
2026-10-01T12:41:36-10:00job:github_sync_all | — [library] nothing to push
2026-10-01T12:41:36-10:00job:github_sync_all | ↑ [website] committed 2 local file(s)
2026-10-01T12:41:36-10:00job:github_sync_all | ↓ [website] fetching origin/main
2026-10-01T12:41:36-10:00job:github_sync_all | From github.com:RootRecord-Software-Solutions/RootRecord-Website
2026-10-01T12:41:36-10:00job:github_sync_all | * branch            main       -> FETCH_HEAD
2026-10-01T12:41:36-10:00job:github_sync_all | ↑ [website] local is ahead of GitHub
2026-10-01T12:41:36-10:00job:github_sync_all | To github.com:RootRecord-Software-Solutions/RootRecord-Website.git
2026-10-01T12:41:36-10:00job:github_sync_all | 337a149..61dcf93  HEAD -> main
2026-10-01T12:41:36-10:00job:security_camera_frame_grab RUN  bash "/home/rootrecord/RootRecord-Ecosystem/1 - Servers/1 - RootRecord-Pacific-Solar-Server/Security/Cameras/grab_all.sh"
2026-10-01T12:41:54-10:00job:security_camera_frame_grab | 12:41:36  📷  a-eyes  ch1 → ch1-20261001T224136Z.jpg  (515.7 KB, 4.38s)
2026-10-01T12:41:54-10:00job:security_camera_frame_grab | 12:41:40  📷  a-eyes  ch2 → ch2-20261001T224140Z.jpg  (130.8 KB, 4.43s)
2026-10-01T12:41:54-10:00job:security_camera_frame_grab | 12:41:45  📷  a-eyes  ch3 → ch3-20261001T224145Z.jpg  (422.0 KB, 4.67s)
2026-10-01T12:41:54-10:00job:security_camera_frame_grab | 12:41:50  📷  a-eyes  ch4 → ch4-20261001T224150Z.jpg  (135.7 KB, 4.48s)
2026-10-01T12:41:54-10:00job:service_supervisor RUN  bash "/home/rootrecord/RootRecord-Ecosystem/1 - Servers/1 - RootRecord-Pacific-Solar-Server/Automations/scripts/supervise-services.sh"
2026-10-01T12:41:54-10:00job:service_supervisor | [supervisor] weather alive pid=1988833 (act)
2026-10-01T12:41:54-10:00job:service_supervisor | [supervisor] relay alive pid=1988054 (act)
2026-10-01T12:41:54-10:00job:geology_collect RUN  nice -n 10 python3 "/home/rootrecord/RootRecord-Ecosystem/1 - Servers/1 - RootRecord-Pacific-Solar-Server/Geology/scripts/geology_collect.py" all
2026-10-01T12:42:08-10:00job:geology_collect | {"ok": true, "at": "2026-10-01T12:41:54-10:00", "what": "all", "dry_run": false, "sources": {"hawaii": {"ok": true, "count": 60, "new": 0, "new_m2": 0, "ms": 434}, "global": {"ok": true, "count": 37, "new": 0, "ms": 373}, "hvo_notices": {"ok": true, "count": 47, "new": 0, "ms": 4390}, "hvo_status": {"ok": true, "volcanoes": 8, "kilauea": "WATCH", "mauna_loa": "NORMAL", "ms": 7993}}}
2026-10-01T12:42:08-10:00job:system_net_sample RUN  nice -n 10 python3 "/home/rootrecord/RootRecord-Ecosystem/1 - Servers/1 - RootRecord-Pacific-Solar-Server/System/scripts/host_desks.py" net-sample
2026-10-01T12:42:08-10:00job:system_net_sample | {"ok": true, "file": "/home/rootrecord/RootRecord-Ecosystem/2 - RootRecord-Database/System/network/Daily/net-20261001.jsonl", "iface": "wlo1", "hour": {"seconds": 4201, "rx": 642786712, "tx": 255635442, "total": 898422154, "iface": "wlo1", "link": "wireless"}, "day": {"seconds": 76914, "rx": 2891152247, "tx": 2857374614, "total": 5748526861, "iface": "wlo1", "link": "wireless"}}
2026-10-01T12:42:08-10:00job:discord_report_relay RUN  nice -n 10 python3 "/home/rootrecord/RootRecord-Ecosystem/1 - Servers/1 - RootRecord-Pacific-Solar-Server/Communications/Discord/scripts/report_relay.py"
2026-10-01T12:42:09-10:00job:discord_report_relay | posted energy_report
2026-10-01T12:42:09-10:00ENERGY  status=live  B2=24.1%  B1=14.3%  solar=0 W  ac=0 W  usbc=55 W  src=/home/rootrecord/RootRecord-Ecosystem/2 - RootRecord-Database/Energy  LAP=63%/Charging/AC
2026-10-01T12:42:24-10:00  ▸  SUMMARY=river2pro soc=14.59% solar=158W ac_out=80W usbc=0W src=ble db=ok
2026-10-01T12:42:24-10:00job:sys_stats_cycle RUN  bash "/home/rootrecord/RootRecord-Ecosystem/1 - Servers/1 - RootRecord-Pacific-Solar-Server/System/scripts/sys-sample.sh"
2026-10-01T12:42:26-10:00job:sys_stats_cycle | SYSTEM  cpu=10%  load=1.36  mem=50%  src=sqlite
2026-10-01T12:42:26-10:00job:sys_stats_cycle | OK wrote /home/rootrecord/RootRecord-Ecosystem/2 - RootRecord-Database/System/samples/sys-20261001-124225.json
2026-10-01T12:43:29-10:00job:github_sync_all | ↑ [ecosystem] committed 11 local file(s)
2026-10-01T12:43:29-10:00job:github_sync_all | ↓ [ecosystem] fetching origin/main
2026-10-01T12:43:29-10:00job:github_sync_all | From github.com:RootRecord-Software-Solutions/RootRecord-Ecosystem
2026-10-01T12:43:29-10:00job:github_sync_all | * branch              main       -> FETCH_HEAD
2026-10-01T12:43:29-10:00job:github_sync_all | ↑ [ecosystem] local is ahead of GitHub
2026-10-01T12:43:29-10:00job:github_sync_all | To github.com:RootRecord-Software-Solutions/RootRecord-Ecosystem.git
2026-10-01T12:43:29-10:00job:github_sync_all | f9d43a4e..39b2fcb2  HEAD -> main
2026-10-01T12:43:29-10:00job:github_sync_all | branch 'main' set up to track 'origin/main'.
2026-10-01T12:43:29-10:00job:github_sync_all | ↑ [ecosystem] 11 files → RootRecord-Software-Solutions/RootRecord-Ecosystem (main)
2026-10-01T12:43:29-10:00job:github_sync_all | ↑ [pacific] committed 4 local file(s)
2026-10-01T12:43:29-10:00job:github_sync_all | ↓ [pacific] fetching origin/main
2026-10-01T12:43:29-10:00job:github_sync_all | From github.com:RootRecord-Software-Solutions/RootRecord-Pacific-Solar-Server
2026-10-01T12:43:29-10:00job:github_sync_all | * branch            main       -> FETCH_HEAD
2026-10-01T12:43:29-10:00job:github_sync_all | ↑ [pacific] local is ahead of GitHub
2026-10-01T12:43:29-10:00job:github_sync_all | To github.com:RootRecord-Software-Solutions/RootRecord-Pacific-Solar-Server.git
2026-10-01T12:43:29-10:00job:github_sync_all | 92d9179..3c1336f  HEAD -> main
2026-10-01T12:43:29-10:00job:github_sync_all | branch 'main' set up to track 'origin/main'.
2026-10-01T12:43:29-10:00job:github_sync_all | ↑ [pacific] 4 files → RootRecord-Software-Solutions/RootRecord-Pacific-Solar-Server (main)
2026-10-01T12:43:29-10:00job:github_sync_all | ↑ [database] committed 19 local file(s)
2026-10-01T12:43:29-10:00job:github_sync_all | ↓ [database] fetching origin/main
2026-10-01T12:43:29-10:00job:github_sync_all | From github.com:RootRecord-Software-Solutions/RootRecord-Database
2026-10-01T12:43:29-10:00job:github_sync_all | * branch              main       -> FETCH_HEAD
2026-10-01T12:43:29-10:00job:github_sync_all | ↑ [database] local is ahead of GitHub
2026-10-01T12:43:29-10:00job:github_sync_all | To github.com:RootRecord-Software-Solutions/RootRecord-Database.git
2026-10-01T12:43:29-10:00job:github_sync_all | 62f28fa0..d8dbc89f  HEAD -> main
2026-10-01T12:43:29-10:00job:github_sync_all | branch 'main' set up to track 'origin/main'.
2026-10-01T12:43:29-10:00job:github_sync_all | ↑ [database] 19 files → RootRecord-Software-Solutions/RootRecord-Database (main)
2026-10-01T12:43:29-10:00job:github_sync_all | — [library] no local changes
2026-10-01T12:43:29-10:00job:github_sync_all | ↓ [library] fetching origin/main
2026-10-01T12:43:29-10:00job:github_sync_all | From github.com:RootRecord-Software-Solutions/RootRecord-Library
2026-10-01T12:43:29-10:00job:github_sync_all | * branch            main       -> FETCH_HEAD
2026-10-01T12:43:29-10:00job:github_sync_all | — [library] local and GitHub already match
2026-10-01T12:43:29-10:00job:github_sync_all | — [library] nothing to push
2026-10-01T12:43:29-10:00job:github_sync_all | ↑ [website] committed 4 local file(s)
2026-10-01T12:43:29-10:00job:github_sync_all | ↓ [website] fetching origin/main
2026-10-01T12:43:29-10:00job:github_sync_all | From github.com:RootRecord-Software-Solutions/RootRecord-Website
2026-10-01T12:43:29-10:00job:github_sync_all | * branch            main       -> FETCH_HEAD
2026-10-01T12:43:29-10:00job:github_sync_all | ↑ [website] local is ahead of GitHub
2026-10-01T12:43:29-10:00job:github_sync_all | To github.com:RootRecord-Software-Solutions/RootRecord-Website.git
2026-10-01T12:43:29-10:00job:github_sync_all | 61dcf93..4ae1f76  HEAD -> main
2026-10-01T12:43:29-10:00job:worklog_scan RUN  bash "/home/rootrecord/RootRecord-Ecosystem/1 - Servers/1 - RootRecord-Pacific-Solar-Server/Reports/scripts/worklog_once.sh"
2026-10-01T12:46:29-10:00job:worklog_scan TIMEOUT after 180s
2026-10-01T12:46:29-10:00job:security_camera_frame_grab RUN  bash "/home/rootrecord/RootRecord-Ecosystem/1 - Servers/1 - RootRecord-Pacific-Solar-Server/Security/Cameras/grab_all.sh"
2026-10-01T12:46:47-10:00job:security_camera_frame_grab | 12:46:29  📷  a-eyes  ch1 → ch1-20261001T224629Z.jpg  (531.6 KB, 4.33s)
2026-10-01T12:46:47-10:00job:security_camera_frame_grab | 12:46:34  📷  a-eyes  ch2 → ch2-20261001T224634Z.jpg  (136.8 KB, 4.38s)
2026-10-01T12:46:47-10:00job:security_camera_frame_grab | 12:46:38  📷  a-eyes  ch3 → ch3-20261001T224638Z.jpg  (450.2 KB, 4.63s)
2026-10-01T12:46:47-10:00job:security_camera_frame_grab | 12:46:43  📷  a-eyes  ch4 → ch4-20261001T224643Z.jpg  (160.1 KB, 4.47s)
2026-10-01T12:46:47-10:00job:status_snapshot RUN  nice -n 10 python3 "/home/rootrecord/RootRecord-Ecosystem/1 - Servers/1 - RootRecord-Pacific-Solar-Server/Website/scripts/live_data_pages.py"
2026-10-01T12:46:47-10:00job:status_snapshot | live-data 6 pages
2026-10-01T12:46:47-10:00job:voice_nws_weather RUN  nice -n 10 python3 "/home/rootrecord/RootRecord-Ecosystem/1 - Servers/1 - RootRecord-Pacific-Solar-Server/Media/Voice/scripts/voice_reports.py" nws_weather
2026-10-01T12:48:26-10:00job:voice_nws_weather | {"ok": true, "report": "nws_weather", "md": "/home/rootrecord/RootRecord-Ecosystem/test-reports/Voice/nws_weather_current.md", "sentences": 7, "voice": {"ok": true, "mode": "stitch", "report": "nws_weather", "agent": "ava", "voice": "af_heart", "speed": 1.0, "wav": "/home/rootrecord/RootRecord-Ecosystem/2 - RootRecord-Database/Media/Audio/Voice/nws_weather_current.wav", "clips_used": 0, "live_sentences": 17, "model_loaded": true, "render_s": 23.46, "sample_rate": 24000, "channels": 1, "subtype": "PCM_16", "duration_s": 52.339, "peak_dbfs": -1.5, "rms_dbfs": -20.53, "lead_silence_ms": 113, "qc": "PASS", "wall_s": 23.54, "peak_rss_mb": 1869, "rc": 0}, "deliver": {"ok": true, "sent": true, "persona": "ava", "chat": "-1004367256267", "message_id": 2218, "transcript": false, "report": true, "photo": false, "plan": {"voice": true, "transcript": false, "report": true}}, "radio": {"ok": true, "report": "nws_weather", "file": "nws_weather_current.ogg", "bytes": 383050}}
2026-10-01T12:48:27-10:00ENERGY  status=live  B2=24.1%  B1=14.6%  solar=0 W  ac=0 W  usbc=55 W  src=/home/rootrecord/RootRecord-Ecosystem/2 - RootRecord-Database/Energy  LAP=67%/Charging/AC
2026-10-01T12:48:43-10:00  ▸  SUMMARY=river2pro soc=15.33% solar=149W ac_out=69W usbc=0W src=ble db=ok
2026-10-01T12:48:43-10:00job:sys_stats_cycle RUN  bash "/home/rootrecord/RootRecord-Ecosystem/1 - Servers/1 - RootRecord-Pacific-Solar-Server/System/scripts/sys-sample.sh"
2026-10-01T12:48:45-10:00job:sys_stats_cycle | SYSTEM  cpu=24%  load=2.69  mem=54%  src=sqlite
2026-10-01T12:48:45-10:00job:sys_stats_cycle | OK wrote /home/rootrecord/RootRecord-Ecosystem/2 - RootRecord-Database/System/samples/sys-20261001-124843.json
2026-10-01T12:49:58-10:00job:github_sync_all | ↑ [ecosystem] committed 17 local file(s)
2026-10-01T12:49:58-10:00job:github_sync_all | ↓ [ecosystem] fetching origin/main
2026-10-01T12:49:58-10:00job:github_sync_all | From github.com:RootRecord-Software-Solutions/RootRecord-Ecosystem
2026-10-01T12:49:58-10:00job:github_sync_all | * branch              main       -> FETCH_HEAD
2026-10-01T12:49:58-10:00job:github_sync_all | ↑ [ecosystem] local is ahead of GitHub
2026-10-01T12:49:58-10:00job:github_sync_all | To github.com:RootRecord-Software-Solutions/RootRecord-Ecosystem.git
2026-10-01T12:49:58-10:00job:github_sync_all | 39b2fcb2..bc1232a5  HEAD -> main
2026-10-01T12:49:58-10:00job:github_sync_all | branch 'main' set up to track 'origin/main'.
2026-10-01T12:49:58-10:00job:github_sync_all | ↑ [ecosystem] 17 files → RootRecord-Software-Solutions/RootRecord-Ecosystem (main)
2026-10-01T12:49:58-10:00job:github_sync_all | ↑ [pacific] committed 5 local file(s)
2026-10-01T12:49:58-10:00job:github_sync_all | ↓ [pacific] fetching origin/main
2026-10-01T12:49:58-10:00job:github_sync_all | From github.com:RootRecord-Software-Solutions/RootRecord-Pacific-Solar-Server
2026-10-01T12:49:58-10:00job:github_sync_all | * branch            main       -> FETCH_HEAD
2026-10-01T12:49:58-10:00job:github_sync_all | ↑ [pacific] local is ahead of GitHub
2026-10-01T12:49:58-10:00job:github_sync_all | To github.com:RootRecord-Software-Solutions/RootRecord-Pacific-Solar-Server.git
2026-10-01T12:49:58-10:00job:github_sync_all | 3c1336f..8dffe54  HEAD -> main
2026-10-01T12:49:58-10:00job:github_sync_all | branch 'main' set up to track 'origin/main'.
2026-10-01T12:49:58-10:00job:github_sync_all | ↑ [pacific] 5 files → RootRecord-Software-Solutions/RootRecord-Pacific-Solar-Server (main)
2026-10-01T12:49:58-10:00job:github_sync_all | ↑ [database] committed 20 local file(s)
2026-10-01T12:49:58-10:00job:github_sync_all | ↓ [database] fetching origin/main
2026-10-01T12:49:58-10:00job:github_sync_all | From github.com:RootRecord-Software-Solutions/RootRecord-Database
2026-10-01T12:49:58-10:00job:github_sync_all | * branch              main       -> FETCH_HEAD
2026-10-01T12:49:58-10:00job:github_sync_all | ↑ [database] local is ahead of GitHub
2026-10-01T12:49:58-10:00job:github_sync_all | To github.com:RootRecord-Software-Solutions/RootRecord-Database.git
2026-10-01T12:49:58-10:00job:github_sync_all | d8dbc89f..d0399a2c  HEAD -> main
2026-10-01T12:49:58-10:00job:github_sync_all | branch 'main' set up to track 'origin/main'.
2026-10-01T12:49:58-10:00job:github_sync_all | ↑ [database] 20 files → RootRecord-Software-Solutions/RootRecord-Database (main)
2026-10-01T12:49:58-10:00job:github_sync_all | — [library] no local changes
2026-10-01T12:49:58-10:00job:github_sync_all | ↓ [library] fetching origin/main
2026-10-01T12:49:58-10:00job:github_sync_all | From github.com:RootRecord-Software-Solutions/RootRecord-Library
2026-10-01T12:49:58-10:00job:github_sync_all | * branch            main       -> FETCH_HEAD
2026-10-01T12:49:58-10:00job:github_sync_all | — [library] local and GitHub already match
2026-10-01T12:49:58-10:00job:github_sync_all | — [library] nothing to push
2026-10-01T12:49:58-10:00job:github_sync_all | ↑ [website] committed 4 local file(s)
2026-10-01T12:49:58-10:00job:github_sync_all | ↓ [website] fetching origin/main
2026-10-01T12:49:58-10:00job:github_sync_all | From github.com:RootRecord-Software-Solutions/RootRecord-Website
2026-10-01T12:49:58-10:00job:github_sync_all | * branch            main       -> FETCH_HEAD
2026-10-01T12:49:58-10:00job:github_sync_all | ↑ [website] local is ahead of GitHub
2026-10-01T12:49:58-10:00job:github_sync_all | To github.com:RootRecord-Software-Solutions/RootRecord-Website.git
2026-10-01T12:49:58-10:00job:github_sync_all | 4ae1f76..eb564b0  HEAD -> main
2026-10-01T12:49:58-10:00job:worklog_scan RUN  bash "/home/rootrecord/RootRecord-Ecosystem/1 - Servers/1 - RootRecord-Pacific-Solar-Server/Reports/scripts/worklog_once.sh"
2026-10-01T12:52:58-10:00job:worklog_scan TIMEOUT after 180s
2026-10-01T12:52:58-10:00job:security_camera_frame_grab RUN  bash "/home/rootrecord/RootRecord-Ecosystem/1 - Servers/1 - RootRecord-Pacific-Solar-Server/Security/Cameras/grab_all.sh"
2026-10-01T12:53:15-10:00job:security_camera_frame_grab | 12:52:58  📷  a-eyes  ch1 → ch1-20261001T225258Z.jpg  (514.9 KB, 4.37s)
2026-10-01T12:53:15-10:00job:security_camera_frame_grab | 12:53:02  📷  a-eyes  ch2 → ch2-20261001T225302Z.jpg  (143.8 KB, 4.41s)
2026-10-01T12:53:15-10:00job:security_camera_frame_grab | 12:53:07  📷  a-eyes  ch3 → ch3-20261001T225307Z.jpg  (440.6 KB, 4.37s)
2026-10-01T12:53:15-10:00job:security_camera_frame_grab | 12:53:11  📷  a-eyes  ch4 → ch4-20261001T225311Z.jpg  (175.7 KB, 4.27s)
2026-10-01T12:53:15-10:00job:service_supervisor RUN  bash "/home/rootrecord/RootRecord-Ecosystem/1 - Servers/1 - RootRecord-Pacific-Solar-Server/Automations/scripts/supervise-services.sh"
2026-10-01T12:53:15-10:00job:service_supervisor | [supervisor] weather alive pid=1988833 (act)
2026-10-01T12:53:15-10:00job:service_supervisor | [supervisor] relay alive pid=1988054 (act)
2026-10-01T12:53:16-10:00job:geology_collect RUN  nice -n 10 python3 "/home/rootrecord/RootRecord-Ecosystem/1 - Servers/1 - RootRecord-Pacific-Solar-Server/Geology/scripts/geology_collect.py" all
2026-10-01T12:53:18-10:00job:geology_collect | {"ok": true, "at": "2026-10-01T12:53:16-10:00", "what": "all", "dry_run": false, "sources": {"hawaii": {"ok": true, "count": 60, "new": 0, "new_m2": 0, "ms": 531}, "global": {"ok": true, "count": 37, "new": 0, "ms": 280}, "hvo_notices": {"ok": true, "count": 47, "new": 0, "ms": 1110}, "hvo_status": {"ok": true, "volcanoes": 8, "kilauea": "WATCH", "mauna_loa": "NORMAL", "ms": 613}}}
2026-10-01T12:53:18-10:00job:status_snapshot RUN  nice -n 10 python3 "/home/rootrecord/RootRecord-Ecosystem/1 - Servers/1 - RootRecord-Pacific-Solar-Server/Website/scripts/live_data_pages.py"
2026-10-01T12:53:18-10:00job:status_snapshot | live-data 6 pages
2026-10-01T12:53:18-10:00job:system_net_sample RUN  nice -n 10 python3 "/home/rootrecord/RootRecord-Ecosystem/1 - Servers/1 - RootRecord-Pacific-Solar-Server/System/scripts/host_desks.py" net-sample
2026-10-01T12:53:19-10:00job:system_net_sample | {"ok": true, "file": "/home/rootrecord/RootRecord-Ecosystem/2 - RootRecord-Database/System/network/Daily/net-20261001.jsonl", "iface": "wlo1", "hour": {"seconds": 4243, "rx": 700257737, "tx": 187394879, "total": 887652616, "iface": "wlo1", "link": "wireless"}, "day": {"seconds": 77585, "rx": 3010614967, "tx": 2868709069, "total": 5879324036, "iface": "wlo1", "link": "wireless"}}
2026-10-01T12:53:19-10:00job:discord_report_relay RUN  nice -n 10 python3 "/home/rootrecord/RootRecord-Ecosystem/1 - Servers/1 - RootRecord-Pacific-Solar-Server/Communications/Discord/scripts/report_relay.py"
2026-10-01T12:53:19-10:00job:discord_report_relay | same
2026-10-01T12:53:20-10:00ENERGY  status=live  B2=24.1%  B1=15.3%  solar=0 W  ac=0 W  usbc=55 W  src=/home/rootrecord/RootRecord-Ecosystem/2 - RootRecord-Database/Energy  LAP=71%/Charging/AC
2026-10-01T12:53:36-10:00  ▸  SUMMARY=delta2 soc=19.64% solar=0W ac_out=0W usbc=55W src=ble db=ok
2026-10-01T12:53:36-10:00job:sys_stats_cycle RUN  bash "/home/rootrecord/RootRecord-Ecosystem/1 - Servers/1 - RootRecord-Pacific-Solar-Server/System/scripts/sys-sample.sh"
2026-10-01T12:53:38-10:00job:sys_stats_cycle | SYSTEM  cpu=23%  load=2.89  mem=59%  src=sqlite
2026-10-01T12:53:38-10:00job:sys_stats_cycle | OK wrote /home/rootrecord/RootRecord-Ecosystem/2 - RootRecord-Database/System/samples/sys-20261001-125336.json
2026-10-01T12:54:52-10:00job:github_sync_all | ↑ [ecosystem] committed 25 local file(s)
2026-10-01T12:54:52-10:00job:github_sync_all | ↓ [ecosystem] fetching origin/main
2026-10-01T12:54:52-10:00job:github_sync_all | From github.com:RootRecord-Software-Solutions/RootRecord-Ecosystem
2026-10-01T12:54:52-10:00job:github_sync_all | * branch              main       -> FETCH_HEAD
2026-10-01T12:54:52-10:00job:github_sync_all | ↑ [ecosystem] local is ahead of GitHub
2026-10-01T12:54:52-10:00job:github_sync_all | To github.com:RootRecord-Software-Solutions/RootRecord-Ecosystem.git
2026-10-01T12:54:52-10:00job:github_sync_all | bc1232a5..cc019a3a  HEAD -> main
2026-10-01T12:54:52-10:00job:github_sync_all | branch 'main' set up to track 'origin/main'.
2026-10-01T12:54:52-10:00job:github_sync_all | ↑ [ecosystem] 25 files → RootRecord-Software-Solutions/RootRecord-Ecosystem (main)
2026-10-01T12:54:52-10:00job:github_sync_all | ↑ [pacific] committed 6 local file(s)
2026-10-01T12:54:52-10:00job:github_sync_all | ↓ [pacific] fetching origin/main
2026-10-01T12:54:52-10:00job:github_sync_all | From github.com:RootRecord-Software-Solutions/RootRecord-Pacific-Solar-Server
2026-10-01T12:54:52-10:00job:github_sync_all | * branch            main       -> FETCH_HEAD
2026-10-01T12:54:52-10:00job:github_sync_all | ↑ [pacific] local is ahead of GitHub
2026-10-01T12:54:52-10:00job:github_sync_all | To github.com:RootRecord-Software-Solutions/RootRecord-Pacific-Solar-Server.git
2026-10-01T12:54:52-10:00job:github_sync_all | 8dffe54..d381e89  HEAD -> main
2026-10-01T12:54:52-10:00job:github_sync_all | branch 'main' set up to track 'origin/main'.
2026-10-01T12:54:52-10:00job:github_sync_all | ↑ [pacific] 6 files → RootRecord-Software-Solutions/RootRecord-Pacific-Solar-Server (main)
2026-10-01T12:54:52-10:00job:github_sync_all | ↑ [database] committed 25 local file(s)
2026-10-01T12:54:52-10:00job:github_sync_all | ↓ [database] fetching origin/main
2026-10-01T12:54:52-10:00job:github_sync_all | From github.com:RootRecord-Software-Solutions/RootRecord-Database
2026-10-01T12:54:52-10:00job:github_sync_all | * branch              main       -> FETCH_HEAD
2026-10-01T12:54:52-10:00job:github_sync_all | ↑ [database] local is ahead of GitHub
2026-10-01T12:54:52-10:00job:github_sync_all | To github.com:RootRecord-Software-Solutions/RootRecord-Database.git
2026-10-01T12:54:52-10:00job:github_sync_all | d0399a2c..3a1a3a95  HEAD -> main
2026-10-01T12:54:52-10:00job:github_sync_all | branch 'main' set up to track 'origin/main'.
2026-10-01T12:54:52-10:00job:github_sync_all | ↑ [database] 25 files → RootRecord-Software-Solutions/RootRecord-Database (main)
2026-10-01T12:54:52-10:00job:github_sync_all | — [library] no local changes
2026-10-01T12:54:52-10:00job:github_sync_all | ↓ [library] fetching origin/main
2026-10-01T12:54:52-10:00job:github_sync_all | From github.com:RootRecord-Software-Solutions/RootRecord-Library
2026-10-01T12:54:52-10:00job:github_sync_all | * branch            main       -> FETCH_HEAD
2026-10-01T12:54:52-10:00job:github_sync_all | — [library] local and GitHub already match
2026-10-01T12:54:52-10:00job:github_sync_all | — [library] nothing to push
2026-10-01T12:54:52-10:00job:github_sync_all | ↑ [website] committed 4 local file(s)
2026-10-01T12:54:52-10:00job:github_sync_all | ↓ [website] fetching origin/main
2026-10-01T12:54:52-10:00job:github_sync_all | From github.com:RootRecord-Software-Solutions/RootRecord-Website
2026-10-01T12:54:52-10:00job:github_sync_all | * branch            main       -> FETCH_HEAD
2026-10-01T12:54:52-10:00job:github_sync_all | ↑ [website] local is ahead of GitHub
2026-10-01T12:54:52-10:00job:github_sync_all | To github.com:RootRecord-Software-Solutions/RootRecord-Website.git
2026-10-01T12:54:52-10:00job:github_sync_all | eb564b0..71fe834  HEAD -> main
2026-10-01T12:54:52-10:00job:security_camera_frame_grab RUN  bash "/home/rootrecord/RootRecord-Ecosystem/1 - Servers/1 - RootRecord-Pacific-Solar-Server/Security/Cameras/grab_all.sh"
2026-10-01T12:55:10-10:00job:security_camera_frame_grab | 12:54:52  📷  a-eyes  ch1 → ch1-20261001T225452Z.jpg  (533.2 KB, 4.42s)
2026-10-01T12:55:10-10:00job:security_camera_frame_grab | 12:54:57  📷  a-eyes  ch2 → ch2-20261001T225457Z.jpg  (149.6 KB, 4.32s)
2026-10-01T12:55:10-10:00job:security_camera_frame_grab | 12:55:01  📷  a-eyes  ch3 → ch3-20261001T225501Z.jpg  (444.7 KB, 4.28s)
2026-10-01T12:55:10-10:00job:security_camera_frame_grab | 12:55:06  📷  a-eyes  ch4 → ch4-20261001T225506Z.jpg  (180.7 KB, 4.35s)
2026-10-01T12:55:10-10:00ENERGY  status=live  B2=19.6%  B1=15.3%  solar=0 W  ac=0 W  usbc=55 W  src=/home/rootrecord/RootRecord-Ecosystem/2 - RootRecord-Database/Energy  LAP=72%/Charging/AC
2026-10-01T12:55:26-10:00  ▸  SUMMARY=delta2 soc=19.44% solar=0W ac_out=0W usbc=54W src=ble db=ok
2026-10-01T12:55:26-10:00job:sys_stats_cycle RUN  bash "/home/rootrecord/RootRecord-Ecosystem/1 - Servers/1 - RootRecord-Pacific-Solar-Server/System/scripts/sys-sample.sh"
2026-10-01T12:55:28-10:00job:sys_stats_cycle | SYSTEM  cpu=46%  load=5.92  mem=59%  src=sqlite
2026-10-01T12:55:28-10:00job:sys_stats_cycle | OK wrote /home/rootrecord/RootRecord-Ecosystem/2 - RootRecord-Database/System/samples/sys-20261001-125527.json
2026-10-01T12:56:44-10:00job:github_sync_all | ↑ [ecosystem] committed 2 local file(s)
2026-10-01T12:56:44-10:00job:github_sync_all | ↓ [ecosystem] fetching origin/main
2026-10-01T12:56:44-10:00job:github_sync_all | From github.com:RootRecord-Software-Solutions/RootRecord-Ecosystem
2026-10-01T12:56:44-10:00job:github_sync_all | * branch              main       -> FETCH_HEAD
2026-10-01T12:56:44-10:00job:github_sync_all | ↑ [ecosystem] local is ahead of GitHub
2026-10-01T12:56:44-10:00job:github_sync_all | To github.com:RootRecord-Software-Solutions/RootRecord-Ecosystem.git
2026-10-01T12:56:44-10:00job:github_sync_all | cc019a3a..c05017ad  HEAD -> main
2026-10-01T12:56:44-10:00job:github_sync_all | branch 'main' set up to track 'origin/main'.
2026-10-01T12:56:44-10:00job:github_sync_all | ↑ [ecosystem] 2 files → RootRecord-Software-Solutions/RootRecord-Ecosystem (main)
2026-10-01T12:56:44-10:00job:github_sync_all | ↑ [pacific] committed 2 local file(s)
2026-10-01T12:56:44-10:00job:github_sync_all | ↓ [pacific] fetching origin/main
2026-10-01T12:56:44-10:00job:github_sync_all | From github.com:RootRecord-Software-Solutions/RootRecord-Pacific-Solar-Server
2026-10-01T12:56:44-10:00job:github_sync_all | * branch            main       -> FETCH_HEAD
2026-10-01T12:56:44-10:00job:github_sync_all | ↑ [pacific] local is ahead of GitHub
2026-10-01T12:56:44-10:00job:github_sync_all | To github.com:RootRecord-Software-Solutions/RootRecord-Pacific-Solar-Server.git
2026-10-01T12:56:44-10:00job:github_sync_all | d381e89..dbf3bc7  HEAD -> main
2026-10-01T12:56:44-10:00job:github_sync_all | branch 'main' set up to track 'origin/main'.
2026-10-01T12:56:44-10:00job:github_sync_all | ↑ [pacific] 2 files → RootRecord-Software-Solutions/RootRecord-Pacific-Solar-Server (main)
2026-10-01T12:56:44-10:00job:github_sync_all | ↑ [database] committed 13 local file(s)
2026-10-01T12:56:44-10:00job:github_sync_all | ↓ [database] fetching origin/main
2026-10-01T12:56:44-10:00job:github_sync_all | From github.com:RootRecord-Software-Solutions/RootRecord-Database
2026-10-01T12:56:44-10:00job:github_sync_all | * branch              main       -> FETCH_HEAD
2026-10-01T12:56:44-10:00job:github_sync_all | ↑ [database] local is ahead of GitHub
2026-10-01T12:56:44-10:00job:github_sync_all | To github.com:RootRecord-Software-Solutions/RootRecord-Database.git
2026-10-01T12:56:44-10:00job:github_sync_all | 3a1a3a95..c456f6af  HEAD -> main
2026-10-01T12:56:44-10:00job:github_sync_all | branch 'main' set up to track 'origin/main'.
2026-10-01T12:56:44-10:00job:github_sync_all | ↑ [database] 13 files → RootRecord-Software-Solutions/RootRecord-Database (main)
2026-10-01T12:56:44-10:00job:github_sync_all | — [library] no local changes
2026-10-01T12:56:44-10:00job:github_sync_all | ↓ [library] fetching origin/main
2026-10-01T12:56:44-10:00job:github_sync_all | From github.com:RootRecord-Software-Solutions/RootRecord-Library
2026-10-01T12:56:44-10:00job:github_sync_all | * branch            main       -> FETCH_HEAD
2026-10-01T12:56:44-10:00job:github_sync_all | — [library] local and GitHub already match
2026-10-01T12:56:44-10:00job:github_sync_all | — [library] nothing to push
2026-10-01T12:56:44-10:00job:github_sync_all | ↑ [website] committed 2 local file(s)
2026-10-01T12:56:44-10:00job:github_sync_all | ↓ [website] fetching origin/main
2026-10-01T12:56:44-10:00job:github_sync_all | From github.com:RootRecord-Software-Solutions/RootRecord-Website
2026-10-01T12:56:44-10:00job:github_sync_all | * branch            main       -> FETCH_HEAD
2026-10-01T12:56:44-10:00job:github_sync_all | ↑ [website] local is ahead of GitHub
2026-10-01T12:56:44-10:00job:github_sync_all | To github.com:RootRecord-Software-Solutions/RootRecord-Website.git
2026-10-01T12:56:44-10:00job:github_sync_all | 71fe834..6fa900e  HEAD -> main
2026-10-01T12:56:44-10:00job:worklog_scan RUN  bash "/home/rootrecord/RootRecord-Ecosystem/1 - Servers/1 - RootRecord-Pacific-Solar-Server/Reports/scripts/worklog_once.sh"
2026-10-01T12:59:44-10:00job:worklog_scan TIMEOUT after 180s
2026-10-01T12:59:44-10:00job:status_snapshot RUN  nice -n 10 python3 "/home/rootrecord/RootRecord-Ecosystem/1 - Servers/1 - RootRecord-Pacific-Solar-Server/Website/scripts/live_data_pages.py"
2026-10-01T12:59:44-10:00job:status_snapshot | live-data 6 pages
2026-10-01T12:59:45-10:00ENERGY  status=live  B2=19.4%  B1=15.3%  solar=0 W  ac=0 W  usbc=54 W  src=/home/rootrecord/RootRecord-Ecosystem/2 - RootRecord-Database/Energy  LAP=74%/Charging/AC
2026-10-01T13:00:01-10:00  ▸  SUMMARY=river2pro soc=16.77% solar=162W ac_out=80W usbc=0W src=ble db=ok
2026-10-01T13:00:01-10:00job:sys_stats_cycle RUN  bash "/home/rootrecord/RootRecord-Ecosystem/1 - Servers/1 - RootRecord-Pacific-Solar-Server/System/scripts/sys-sample.sh"
2026-10-01T13:00:03-10:00job:sys_stats_cycle | SYSTEM  cpu=16%  load=2.84  mem=56%  src=sqlite
2026-10-01T13:00:03-10:00job:sys_stats_cycle | OK wrote /home/rootrecord/RootRecord-Ecosystem/2 - RootRecord-Database/System/samples/sys-20261001-130001.json
2026-10-01T13:01:14-10:00job:github_sync_all | ↑ [ecosystem] committed 6 local file(s)
2026-10-01T13:01:14-10:00job:github_sync_all | ↓ [ecosystem] fetching origin/main
2026-10-01T13:01:14-10:00job:github_sync_all | From github.com:RootRecord-Software-Solutions/RootRecord-Ecosystem
2026-10-01T13:01:14-10:00job:github_sync_all | * branch              main       -> FETCH_HEAD
2026-10-01T13:01:14-10:00job:github_sync_all | ↑ [ecosystem] local is ahead of GitHub
2026-10-01T13:01:14-10:00job:github_sync_all | To github.com:RootRecord-Software-Solutions/RootRecord-Ecosystem.git
2026-10-01T13:01:14-10:00job:github_sync_all | c05017ad..27590719  HEAD -> main
2026-10-01T13:01:14-10:00job:github_sync_all | branch 'main' set up to track 'origin/main'.
2026-10-01T13:01:14-10:00job:github_sync_all | ↑ [ecosystem] 6 files → RootRecord-Software-Solutions/RootRecord-Ecosystem (main)
2026-10-01T13:01:14-10:00job:github_sync_all | ↑ [pacific] committed 1 local file(s)
2026-10-01T13:01:14-10:00job:github_sync_all | ↓ [pacific] fetching origin/main
2026-10-01T13:01:14-10:00job:github_sync_all | From github.com:RootRecord-Software-Solutions/RootRecord-Pacific-Solar-Server
2026-10-01T13:01:14-10:00job:github_sync_all | * branch            main       -> FETCH_HEAD
2026-10-01T13:01:14-10:00job:github_sync_all | ↑ [pacific] local is ahead of GitHub
2026-10-01T13:01:14-10:00job:github_sync_all | To github.com:RootRecord-Software-Solutions/RootRecord-Pacific-Solar-Server.git
2026-10-01T13:01:14-10:00job:github_sync_all | dbf3bc7..1f32e97  HEAD -> main
2026-10-01T13:01:14-10:00job:github_sync_all | branch 'main' set up to track 'origin/main'.
2026-10-01T13:01:14-10:00job:github_sync_all | ↑ [pacific] 1 files → RootRecord-Software-Solutions/RootRecord-Pacific-Solar-Server (main)
2026-10-01T13:01:14-10:00job:github_sync_all | ↑ [database] committed 20 local file(s)
2026-10-01T13:01:14-10:00job:github_sync_all | ↓ [database] fetching origin/main
2026-10-01T13:01:14-10:00job:github_sync_all | From github.com:RootRecord-Software-Solutions/RootRecord-Database
2026-10-01T13:01:14-10:00job:github_sync_all | * branch              main       -> FETCH_HEAD
2026-10-01T13:01:14-10:00job:github_sync_all | ↑ [database] local is ahead of GitHub
2026-10-01T13:01:14-10:00job:github_sync_all | To github.com:RootRecord-Software-Solutions/RootRecord-Database.git
2026-10-01T13:01:14-10:00job:github_sync_all | c456f6af..69e20589  HEAD -> main
2026-10-01T13:01:14-10:00job:github_sync_all | branch 'main' set up to track 'origin/main'.
2026-10-01T13:01:14-10:00job:github_sync_all | ↑ [database] 20 files → RootRecord-Software-Solutions/RootRecord-Database (main)
2026-10-01T13:01:14-10:00job:github_sync_all | — [library] no local changes
2026-10-01T13:01:14-10:00job:github_sync_all | ↓ [library] fetching origin/main
2026-10-01T13:01:14-10:00job:github_sync_all | From github.com:RootRecord-Software-Solutions/RootRecord-Library
2026-10-01T13:01:14-10:00job:github_sync_all | * branch            main       -> FETCH_HEAD
2026-10-01T13:01:14-10:00job:github_sync_all | — [library] local and GitHub already match
2026-10-01T13:01:14-10:00job:github_sync_all | — [library] nothing to push
2026-10-01T13:01:14-10:00job:github_sync_all | — [website] no local changes
2026-10-01T13:01:14-10:00job:github_sync_all | ↓ [website] fetching origin/main
2026-10-01T13:01:14-10:00job:github_sync_all | From github.com:RootRecord-Software-Solutions/RootRecord-Website
2026-10-01T13:01:14-10:00job:github_sync_all | * branch            main       -> FETCH_HEAD
2026-10-01T13:01:14-10:00job:github_sync_all | — [website] local and GitHub already match
2026-10-01T13:01:14-10:00job:github_sync_all | — [website] nothing to push
2026-10-01T13:01:14-10:00job:github_sync_all | — [website-personal] no local changes
2026-10-01T13:01:14-10:00job:security_camera_frame_grab RUN  bash "/home/rootrecord/RootRecord-Ecosystem/1 - Servers/1 - RootRecord-Pacific-Solar-Server/Security/Cameras/grab_all.sh"
2026-10-01T13:01:32-10:00job:security_camera_frame_grab | 13:01:14  📷  a-eyes  ch1 → ch1-20261001T230114Z.jpg  (529.2 KB, 4.24s)
2026-10-01T13:01:32-10:00job:security_camera_frame_grab | 13:01:19  📷  a-eyes  ch2 → ch2-20261001T230119Z.jpg  (149.2 KB, 4.45s)
2026-10-01T13:01:32-10:00job:security_camera_frame_grab | 13:01:23  📷  a-eyes  ch3 → ch3-20261001T230123Z.jpg  (464.3 KB, 4.40s)
2026-10-01T13:01:32-10:00job:security_camera_frame_grab | 13:01:27  📷  a-eyes  ch4 → ch4-20261001T230127Z.jpg  (192.2 KB, 4.45s)
2026-10-01T13:01:32-10:00job:service_supervisor RUN  bash "/home/rootrecord/RootRecord-Ecosystem/1 - Servers/1 - RootRecord-Pacific-Solar-Server/Automations/scripts/supervise-services.sh"
2026-10-01T13:01:32-10:00job:service_supervisor | [supervisor] weather alive pid=1988833 (act)
2026-10-01T13:01:32-10:00job:service_supervisor | [supervisor] relay alive pid=1988054 (act)
2026-10-01T13:01:32-10:00job:geology_collect RUN  nice -n 10 python3 "/home/rootrecord/RootRecord-Ecosystem/1 - Servers/1 - RootRecord-Pacific-Solar-Server/Geology/scripts/geology_collect.py" all
2026-10-01T13:01:54-10:00job:geology_collect | {"ok": true, "at": "2026-10-01T13:01:32-10:00", "what": "all", "dry_run": false, "sources": {"hawaii": {"ok": true, "count": 60, "new": 0, "new_m2": 0, "ms": 927}, "global": {"ok": true, "count": 37, "new": 0, "ms": 332}, "hvo_notices": {"ok": true, "count": 47, "new": 0, "ms": 9329}, "hvo_status": {"ok": true, "volcanoes": 8, "kilauea": "WATCH", "mauna_loa": "NORMAL", "ms": 10649}}}
2026-10-01T13:01:54-10:00job:system_net_sample RUN  nice -n 10 python3 "/home/rootrecord/RootRecord-Ecosystem/1 - Servers/1 - RootRecord-Pacific-Solar-Server/System/scripts/host_desks.py" net-sample
2026-10-01T13:01:54-10:00job:system_net_sample | {"ok": true, "file": "/home/rootrecord/RootRecord-Ecosystem/2 - RootRecord-Database/System/network/Daily/net-20261001.jsonl", "iface": "wlo1", "hour": {"seconds": 3680, "rx": 718074824, "tx": 165639061, "total": 883713885, "iface": "wlo1", "link": "wireless"}, "day": {"seconds": 78100, "rx": 3184370768, "tx": 2877630025, "total": 6062000793, "iface": "wlo1", "link": "wireless"}}
2026-10-01T13:01:54-10:00job:discord_report_relay RUN  nice -n 10 python3 "/home/rootrecord/RootRecord-Ecosystem/1 - Servers/1 - RootRecord-Pacific-Solar-Server/Communications/Discord/scripts/report_relay.py"
2026-10-01T13:01:54-10:00job:discord_report_relay | same
2026-10-01T13:01:54-10:00job:voice_system_perf RUN  nice -n 10 python3 "/home/rootrecord/RootRecord-Ecosystem/1 - Servers/1 - RootRecord-Pacific-Solar-Server/Media/Voice/scripts/system_perf.py"
2026-10-01T13:02:23-10:00job:voice_system_perf | {"ok": true, "report": "system_perf", "md": "/home/rootrecord/RootRecord-Ecosystem/test-reports/Voice/system_perf_current.md", "cpu_pct": 12.3, "mem_pct": 55.8, "voice_rc": 0, "voice": {"ok": true, "mode": "stitch", "report": "system_perf", "agent": "bruce", "voice": "am_echo", "speed": 1.0, "wav": "/home/rootrecord/RootRecord-Ecosystem/2 - RootRecord-Database/Media/Audio/Voice/system_perf_current.wav", "clips_used": 0, "live_sentences": 11, "model_loaded": true, "render_s": 14.82, "sample_rate": 24000, "channels": 1, "subtype": "PCM_16", "duration_s": 30.114, "peak_dbfs": -1.5, "rms_dbfs": -20.35, "lead_silence_ms": 113, "qc": "PASS", "wall_s": 14.88, "peak_rss_mb": 1578}, "deliver": {"ok": true, "sent": true, "persona": "bruce", "chat": "-1004367256267", "message_id": 2220, "transcript": false, "report": true, "photo": false, "plan": {"voice": true, "transcript": false, "report": true}}, "radio": {"ok": true, "report": "system_perf", "file": "system_perf_current.ogg", "bytes": 216604}}
2026-10-01T13:02:23-10:00job:voice_energy_report RUN  nice -n 10 python3 "/home/rootrecord/RootRecord-Ecosystem/1 - Servers/1 - RootRecord-Pacific-Solar-Server/Media/Voice/scripts/voice_reports.py" energy_report
2026-10-01T13:03:59-10:00job:voice_energy_report | {"ok": true, "report": "energy_report", "md": "/home/rootrecord/RootRecord-Ecosystem/test-reports/Voice/energy_report_current.md", "sentences": 6, "voice": {"ok": true, "mode": "stitch", "report": "energy_report", "agent": "carly", "voice": "af_nova", "speed": 1.0, "wav": "/home/rootrecord/RootRecord-Ecosystem/2 - RootRecord-Database/Media/Audio/Voice/energy_report_current.wav", "clips_used": 0, "live_sentences": 5, "model_loaded": true, "render_s": 15.84, "sample_rate": 24000, "channels": 1, "subtype": "PCM_16", "duration_s": 23.861, "peak_dbfs": -1.96, "rms_dbfs": -20.26, "lead_silence_ms": 111, "qc": "PASS", "wall_s": 16.01, "peak_rss_mb": 1480, "rc": 0}, "deliver": {"ok": true, "skipped": true, "detail": "blended into the hourly solar desk; the radio file is refreshed"}, "radio": {"ok": true, "report": "energy_report", "file": "energy_report_current.ogg", "bytes": 171301}}
2026-10-01T13:03:59-10:00job:voice_remaining_tasks RUN  nice -n 10 python3 "/home/rootrecord/RootRecord-Ecosystem/1 - Servers/1 - RootRecord-Pacific-Solar-Server/Media/Voice/scripts/voice_reports.py" remaining_tasks
2026-10-01T13:04:20-10:00job:voice_remaining_tasks | {"ok": true, "report": "remaining_tasks", "md": "/home/rootrecord/RootRecord-Ecosystem/test-reports/Voice/remaining_tasks_current.md", "sentences": 5, "voice": {"ok": true, "mode": "stitch", "report": "remaining_tasks", "agent": "bruce", "voice": "am_echo", "speed": 1.0, "wav": "/home/rootrecord/RootRecord-Ecosystem/2 - RootRecord-Database/Media/Audio/Voice/remaining_tasks_current.wav", "clips_used": 0, "live_sentences": 4, "model_loaded": true, "render_s": 9.04, "sample_rate": 24000, "channels": 1, "subtype": "PCM_16", "duration_s": 12.66, "peak_dbfs": -3.21, "rms_dbfs": -20.12, "lead_silence_ms": 115, "qc": "PASS", "wall_s": 9.09, "peak_rss_mb": 1357, "rc": 0}, "deliver": {"ok": true, "sent": true, "persona": "bruce", "chat": "-1004367256267", "message_id": 2222, "transcript": false, "report": true, "photo": false, "plan": {"voice": true, "transcript": false, "report": true}}, "radio": {"ok": true, "report": "remaining_tasks", "file": "remaining_tasks_current.ogg", "bytes": 94203}}
2026-10-01T13:04:20-10:00job:voice_earthquake_report RUN  nice -n 10 python3 "/home/rootrecord/RootRecord-Ecosystem/1 - Servers/1 - RootRecord-Pacific-Solar-Server/Media/Voice/scripts/voice_reports.py" earthquake_report
2026-10-01T13:04:49-10:00job:voice_earthquake_report | {"ok": true, "report": "earthquake_report", "md": "/home/rootrecord/RootRecord-Ecosystem/test-reports/Voice/earthquake_report_current.md", "sentences": 8, "voice": {"ok": true, "mode": "stitch", "report": "earthquake_report", "agent": "carly", "voice": "af_nova", "speed": 1.0, "wav": "/home/rootrecord/RootRecord-Ecosystem/2 - RootRecord-Database/Media/Audio/Voice/earthquake_report_current.wav", "clips_used": 0, "live_sentences": 7, "model_loaded": true, "render_s": 15.24, "sample_rate": 24000, "channels": 1, "subtype": "PCM_16", "duration_s": 28.051, "peak_dbfs": -2.59, "rms_dbfs": -20.42, "lead_silence_ms": 114, "qc": "PASS", "wall_s": 15.33, "peak_rss_mb": 1509, "rc": 0}, "deliver": {"ok": true, "sent": true, "persona": "carly", "chat": "-1004367256267", "message_id": 2224, "transcript": false, "report": true, "photo": false, "plan": {"voice": true, "transcript": false, "report": true}}, "radio": {"ok": true, "report": "earthquake_report", "file": "earthquake_report_current.ogg", "bytes": 200827}}
2026-10-01T13:04:49-10:00job:voice_kilauea_report RUN  nice -n 10 python3 "/home/rootrecord/RootRecord-Ecosystem/1 - Servers/1 - RootRecord-Pacific-Solar-Server/Media/Voice/scripts/voice_reports.py" kilauea_report
2026-10-01T13:06:20-10:00job:voice_kilauea_report | {"ok": true, "report": "kilauea_report", "md": "/home/rootrecord/RootRecord-Ecosystem/test-reports/Voice/kilauea_report_current.md", "sentences": 8, "voice": {"ok": true, "mode": "stitch", "report": "kilauea_report", "agent": "carly", "voice": "af_nova", "speed": 1.0, "wav": "/home/rootrecord/RootRecord-Ecosystem/2 - RootRecord-Database/Media/Audio/Voice/kilauea_report_current.wav", "clips_used": 0, "live_sentences": 8, "model_loaded": true, "render_s": 18.41, "sample_rate": 24000, "channels": 1, "subtype": "PCM_16", "duration_s": 34.984, "peak_dbfs": -1.5, "rms_dbfs": -20.51, "lead_silence_ms": 101, "qc": "PASS", "wall_s": 18.47, "peak_rss_mb": 1604, "rc": 0}, "deliver": {"ok": true, "sent": true, "persona": "carly", "chat": "-1004367256267", "message_id": 2226, "transcript": false, "report": true, "photo": false, "plan": {"voice": true, "transcript": false, "report": true}}, "radio": {"ok": true, "report": "kilauea_report", "file": "kilauea_report_current.ogg", "bytes": 254926}}
2026-10-01T13:06:20-10:00job:voice_solar_desk RUN  nice -n 10 python3 "/home/rootrecord/RootRecord-Ecosystem/1 - Servers/1 - RootRecord-Pacific-Solar-Server/Media/Voice/scripts/voice_reports.py" solar_desk
2026-10-01T13:06:53-10:00job:voice_solar_desk | {"ok": true, "report": "solar_desk", "md": "/home/rootrecord/RootRecord-Ecosystem/test-reports/Voice/solar_desk_current.md", "sentences": 7, "voice": {"ok": true, "mode": "stitch", "report": "solar_desk", "agent": "bruce", "voice": "am_echo", "speed": 1.0, "wav": "/home/rootrecord/RootRecord-Ecosystem/2 - RootRecord-Database/Media/Audio/Voice/solar_desk_current.wav", "clips_used": 0, "live_sentences": 5, "model_loaded": true, "render_s": 16.41, "sample_rate": 24000, "channels": 1, "subtype": "PCM_16", "duration_s": 27.701, "peak_dbfs": -1.87, "rms_dbfs": -20.18, "lead_silence_ms": 114, "qc": "PASS", "wall_s": 16.54, "peak_rss_mb": 1512, "rc": 0}, "deliver": {"ok": true, "sent": true, "persona": "bruce", "chat": "-1004367256267", "message_id": 2228, "transcript": false, "report": true, "photo": true, "plan": {"voice": true, "transcript": false, "report": true}}, "radio": {"ok": true, "report": "solar_desk", "file": "solar_desk_current.ogg", "bytes": 208484}}
2026-10-01T13:06:53-10:00job:voice_security_desk RUN  nice -n 10 python3 "/home/rootrecord/RootRecord-Ecosystem/1 - Servers/1 - RootRecord-Pacific-Solar-Server/Media/Voice/scripts/voice_reports.py" security_desk
2026-10-01T13:07:18-10:00job:voice_security_desk | {"ok": true, "report": "security_desk", "md": "/home/rootrecord/RootRecord-Ecosystem/test-reports/Voice/security_desk_current.md", "sentences": 7, "voice": {"ok": true, "mode": "stitch", "report": "security_desk", "agent": "carly", "voice": "af_nova", "speed": 1.0, "wav": "/home/rootrecord/RootRecord-Ecosystem/2 - RootRecord-Database/Media/Audio/Voice/security_desk_current.wav", "clips_used": 0, "live_sentences": 6, "model_loaded": true, "render_s": 12.04, "sample_rate": 24000, "channels": 1, "subtype": "PCM_16", "duration_s": 17.771, "peak_dbfs": -1.97, "rms_dbfs": -20.25, "lead_silence_ms": 110, "qc": "PASS", "wall_s": 12.15, "peak_rss_mb": 1392, "rc": 0}, "deliver": {"ok": true, "sent": true, "persona": "carly", "chat": "-1004367256267", "message_id": 2231, "transcript": false, "report": true, "photo": false, "plan": {"voice": true, "transcript": false, "report": true}}, "radio": {"ok": true, "report": "security_desk", "file": "security_desk_current.ogg", "bytes": 128435}}
2026-10-01T13:07:18-10:00job:voice_bandwidth_desk RUN  nice -n 10 python3 "/home/rootrecord/RootRecord-Ecosystem/1 - Servers/1 - RootRecord-Pacific-Solar-Server/Media/Voice/scripts/voice_reports.py" bandwidth_desk
2026-10-01T13:07:42-10:00job:voice_bandwidth_desk | {"ok": true, "report": "bandwidth_desk", "md": "/home/rootrecord/RootRecord-Ecosystem/test-reports/Voice/bandwidth_desk_current.md", "sentences": 5, "voice": {"ok": true, "mode": "stitch", "report": "bandwidth_desk", "agent": "carly", "voice": "af_nova", "speed": 1.0, "wav": "/home/rootrecord/RootRecord-Ecosystem/2 - RootRecord-Database/Media/Audio/Voice/bandwidth_desk_current.wav", "clips_used": 0, "live_sentences": 4, "model_loaded": true, "render_s": 11.77, "sample_rate": 24000, "channels": 1, "subtype": "PCM_16", "duration_s": 20.709, "peak_dbfs": -1.5, "rms_dbfs": -21.01, "lead_silence_ms": 115, "qc": "PASS", "wall_s": 11.87, "peak_rss_mb": 1469, "rc": 0}, "deliver": {"ok": true, "sent": true, "persona": "carly", "chat": "-1004367256267", "message_id": 2233, "transcript": false, "report": true, "photo": false, "plan": {"voice": true, "transcript": false, "report": true}}, "radio": {"ok": true, "report": "bandwidth_desk", "file": "bandwidth_desk_current.ogg", "bytes": 153811}}
2026-10-01T13:07:42-10:00job:voice_current_report RUN  nice -n 10 python3 "/home/rootrecord/RootRecord-Ecosystem/1 - Servers/1 - RootRecord-Pacific-Solar-Server/Media/Voice/scripts/voice_reports.py" current_report
2026-10-01T13:08:46-10:00job:voice_current_report | {"ok": true, "report": "current_report", "md": "/home/rootrecord/RootRecord-Ecosystem/2 - RootRecord-Database/Reports/current_report_current.md", "sentences": 21, "voice": {"ok": true, "mode": "stitch", "report": "current_report", "agent": "ava", "voice": "af_heart", "speed": 1.0, "wav": "/home/rootrecord/RootRecord-Ecosystem/2 - RootRecord-Database/Media/Audio/Voice/current_report_current.wav", "clips_used": 0, "live_sentences": 27, "model_loaded": true, "render_s": 44.13, "sample_rate": 24000, "channels": 1, "subtype": "PCM_16", "duration_s": 106.927, "peak_dbfs": -1.5, "rms_dbfs": -20.2, "lead_silence_ms": 114, "qc": "PASS", "wall_s": 44.22, "peak_rss_mb": 2136, "rc": 0}, "deliver": {"ok": true, "sent": true, "persona": "ava", "chat": "-1004367256267", "message_id": 2235, "transcript": false, "report": true, "photo": false, "plan": {"voice": true, "transcript": false, "report": true}}, "radio": {"ok": true, "report": "current_report", "file": "current_report_current.ogg", "bytes": 783951}}
2026-10-01T13:08:46-10:00job:voice_hurricane_desk RUN  nice -n 10 python3 "/home/rootrecord/RootRecord-Ecosystem/1 - Servers/1 - RootRecord-Pacific-Solar-Server/Media/Voice/scripts/voice_reports.py" hurricane_desk
2026-10-01T13:09:26-10:00job:voice_hurricane_desk | {"ok": true, "report": "hurricane_desk", "md": "/home/rootrecord/RootRecord-Ecosystem/test-reports/Voice/hurricane_desk_current.md", "sentences": 4, "voice": {"ok": true, "mode": "stitch", "report": "hurricane_desk", "agent": "carly", "voice": "af_nova", "speed": 1.0, "wav": "/home/rootrecord/RootRecord-Ecosystem/2 - RootRecord-Database/Media/Audio/Voice/hurricane_desk_current.wav", "clips_used": 0, "live_sentences": 9, "model_loaded": true, "render_s": 27.37, "sample_rate": 24000, "channels": 1, "subtype": "PCM_16", "duration_s": 33.2, "peak_dbfs": -1.5, "rms_dbfs": -20.57, "lead_silence_ms": 101, "qc": "PASS", "wall_s": 27.53, "peak_rss_mb": 1600, "rc": 0}, "deliver": {"ok": true, "sent": true, "persona": "carly", "chat": "-1004367256267", "message_id": 2237, "transcript": false, "report": true, "photo": false, "plan": {"voice": true, "transcript": false, "report": true}}, "radio": {"ok": true, "report": "hurricane_desk", "file": "hurricane_desk_current.ogg", "bytes": 235961}}
2026-10-01T13:09:26-10:00job:energy_sun_times RUN  python3 "/home/rootrecord/RootRecord-Ecosystem/1 - Servers/1 - RootRecord-Pacific-Solar-Server/Energy/scripts/sun_times.py"
2026-10-01T13:09:26-10:00job:energy_sun_times | {"ok": true, "date": "2026-10-01", "sunrise": "06:11", "sunset": "18:08", "sunrise_iso": "2026-10-01T06:11", "sunset_iso": "2026-10-01T18:08", "after_sunset": false, "before_sunrise": false, "source": "open-meteo", "now_hst": "13:09", "refreshed": false, "error": null}
2026-10-01T13:09:26-10:00job:energy_moon_phase RUN  python3 "/home/rootrecord/RootRecord-Ecosystem/1 - Servers/1 - RootRecord-Pacific-Solar-Server/Energy/scripts/moon_phase.py"
2026-10-01T13:09:28-10:00job:energy_moon_phase | {"ok": true, "date": "2026-10-01", "phase": 0.6887, "phase_name": "Waning Gibbous", "illumination": 69, "next_phase": "Last Quarter", "next_phase_date": "2026-10-03", "refreshed": true, "error": null}
2026-10-01T13:09:28-10:00job:automations_log_hourly_archive RUN  bash "/home/rootrecord/RootRecord-Ecosystem/1 - Servers/1 - RootRecord-Pacific-Solar-Server/Automations/scripts/archive_automations_log_hourly.sh"
